,Bone-Marrow_17,Bone-Marrow_1,unassigned,Bone-Marrow_10,Bone-Marrow_6,Bone-Marrow_13,Bone-Marrow_5,Bone-Marrow_4,Bone-Marrow_9,Bone-Marrow_8,Bone-Marrow_2,Bone-Marrow_7,Bone-Marrow_3,Bone-Marrow_11,Bone-Marrow_12,Bone-Marrow_16,Bone-Marrow_15,Bone-Marrow_14,Bone-Marrow_c-kit_8,Bone-Marrow_c-kit_10,Bone-Marrow_c-kit_3,Bone-Marrow_c-kit_16,Bone-Marrow_c-kit_6,Bone-Marrow_c-kit_12,Bone-Marrow_c-kit_5,Bone-Marrow_c-kit_9,Bone-Marrow_c-kit_19,Bone-Marrow_c-kit_11,Bone-Marrow_c-kit_1,Bone-Marrow_c-kit_7,Bone-Marrow_c-kit_17,Bone-Marrow_c-kit_2,Bone-Marrow_c-kit_15,Bone-Marrow_c-kit_18,Bone-Marrow_c-kit_14,Bone-Marrow_c-kit_13,Bone-Marrow_c-kit_4
1600010M07Rik,0,0,0,0,0,0,0,0,0,0,0,0,0,0,0,0,0,0,0,0,0,0,0,0,0,0,0,0,0,0,0,0,0,0,0,0,0
1700047M11Rik,0,0,0,0,0,0,0,0,0,0,0,0,0,0,0,0,0,0,0,0,0,0,0,0,0,0,0,0,0,0,0,0,0,0,0,0,0
A530064D06Rik,0,0,0,0,0,0,0,0,0,0,0,0,0,0,0,0,0,0,0,0,0,0,0,0,0,0,0,0,0,0,0,0,0,0,0,0,0
AA467197,0,0,0,0,0,0,0,0,0,0,0,0,0,0,0,0,0,0,0,0,0,0,0,0,0,0,0,0,0,0,0,0,0,0,0,0,0
Abi3,0,0,0,0,0,0,0,0,0,0,0,0,0,0,0,0,0,0,0,0,0,0,0,0,0,0,0,0,0,0,0,0,0,0,0,0,0
Acta2,0,0,0,0,0,0,0,0,0,0,0,0,0,0,0,0,0,0,0,0,0,0,0,0,0,0,0,0,0,0,0,0,0,0,0,0,0
Acvrl1,0,0,0,0,0,0,0,0,0,0,0,0,0,0,0,0,0,0,0,0,0,0,0,0,0,0,0,0,0,0,0,0,0,0,0,0,0
Adam19,0,0,0,0,0,0,0,0,0,0,0,0,0,0,0,0,0,0,0,0,0,0,0,0,0,0,0,0,0,0,0,0,0,0,0,0,0
Adam8,0,0,0,0,0,0,0,0,0,0,0,0,0,0,0,0,0,0,0,0,0,0,0,0,0,0,0,0,0,0,0,0,0,0,0,0,0
Adgre1,0,0,0,0,0,0,0,0,0,0,0,0,0,0,0,0,0,0,0,0,0,0,0,0,0,0,0,0,0,0,0,0,0,0,0,0,0
Adgre4,0,0,0,0,0,0,0,0,0,0,0,0,0,0,0,0,0,0,0,0,0,0,0,0,0,0,0,0,0,0,0,0,0,0,0,0,0
Adpgk,0,0,0,0,0,0,0,0,0,0,0,0,0,0,0,0,0,0,0.676178712687548,0,0,0,0.537038670944085,0,0,0,0,0,0,0,0,0,0,0,0,0,0
Ahnak,0,0,0,0,0,0,0,0,0,0,0,0,0,0,0,0,0,0,0,0,0,0,0,0,0,0,0,0,0,0,0,0,0,0,0,0,0
Aif1,0,0,0,0,0,0,0,0,0,0,0,0,0,0,0,0,0,0,0,0,0,0,0,0,0,0,0,0,0,0,0.56928645926626,0,0,0,0,0,0
Alas2,0,0,0,0,0,0,0,0,0,0,0,0,0,0,0,0,0,0,0,0,0,0,0,0,0,0,0,0,0,0,0,0,0,0,0,0,0
Alox15,0,0,0,0,0,0,0,0,0,0,0,0,0,0,0,0,0,0,0,0,0,0,0,0,0,0,0,0,0,0,0,0,0,0,0,0,0
Ankrd22,0,0,0,0,0,0,0,0,0,0,0,0,0,0,0,0,0,0,0,0,0,0,0,0,0,0,0,0,0,0,0,0,0,0,0,0,0
Ankrd33b,0,0,0,0,0,0,0,0,0,0,0,0,0,0,0,0,0,0,0,0,0,0,0,0,0,0,0,0,0,0,0,0,0,0,0,0,0
Anxa1,0.498521125118974,1.60928952282227,1.57709322848864,1.27453575523798,1.9680275810942,0,0,0,0,0,2.05233194941233,0,1.47421951151429,0,0,0.822953940416784,0.990594267830784,0,2.01009344819674,0,0,0,1.67040377145739,0.855988735125539,0,0,0,0,0,0.489790738590827,0,0,0,0,2.04603857076529,0,1.61651458698625
Anxa2,0,0,0,0,0,0,0.972376753677834,0,0,0,0,0,1.38324992624741,0,1.0843125868343,0,0,0,0.493783543506695,0,0,0,0,0,0,0,0,0,0,0,0,0,0,0,0,0,0
Apoe,0,0,0,0,0,0,0,0,0,0,0,0,0,0,0,1.90549314532244,0,0,0,0,0,0,0,0.773585148736265,0,0,0,0.633434357457329,0,0,3.14026329451015,0,0,0,0,0,0
Aqp1,0,0,0,0,0,0,0,0,1.07643629265649,0,0,0,0,0,0,0,0,0,0,0.8979848418152,0,1.1661462239996,0,0,0,0,0,0,0,0,0,0,0,0,0,0,0
Arg2,0,0,0,0,0,0,0,0,0,0,0,0,0,0,0,0,0,0,0,0,0,0,0,0,0,0,0,0,0,0,0,0,0,0,0,0,0
Arl5c,0,0,0,0,0,0,0,0,0,0,0,0,0,0,0,0,0,0,0,0,0,0,0,0,0,0,0,0,0,0,0,0,0,0,0,0,0
Asprv1,0,0,0,0,0,0,0,0,0,0,0,0,0,0,0,0,0,0,0,0,0,0,0,0,0,0,0,0,0,0,0,0,0,0,0,0,0
Atf3,0,0,0,0,0,0,0,0,0,0,0,0,0,0,0,0,0,0,0,0,0,0,0,0,0,0,0,0,0,0,0,0,0,0,0,0,0
Atp1b1,0,0,0,0,0,0,0,0,0,0,0,0,0,0,0,0,0,0,0,0,0,0,0,0,0,0,0,0,0,0,0,0,0,0,0,0,0
Atp5g1,1.19876649335871,0,0,0,0,0,0,0.985239317189068,1.29973601061306,0.943758901207973,0,0,0,0,0,0,0,0,0,1.63692183019228,1.02257717505718,1.58644712929925,0,0,1.20737414369304,0.909107826681708,0,1.00230430527632,0,1.27157266905956,0,0,0,0.866870206592123,0,0.571597189848622,0
Atpif1,1.42918599487583,0,0,0.630864409930128,0,0,0.854184785847604,1.30371667939285,2.57540196707786,1.24424525394756,0,0,0,0,0,0,0,0,0.602180057392784,2.24521582989814,1.28281848479401,2.24939165218443,0.877819593031611,1.0655111724793,1.33562248276636,1.23649120707392,0,1.5101344238153,1.42950419887772,1.44169441179621,0.9933297539003,0,0.937474529255017,1.1185101526927,0,0.703070317033985,0
AW112010,0,0,0,0,0,1.23266380194613,0,0,0,0,0,0,0,0,0,0,0,0,0,0,0,0,0,0,0,0,0,0,0,0,0,0,0,0,0,0,0
Axl,0,0,0,0,0,0,0,0,0,0,0,0,0,0,0,0,0,0,0,0,0,0,0,0,0,0,0,0,0,0,1.52008370451661,0,0,0,0,0,0
Bach2,0,0,0,0,0,0,0,0,0,0,0,0,0,0,0,0,0,0,0,0,0,0,0,0,0,0,0,0,0,0,0,0,0,0,0,0,0
Bfsp2,0,0,0,0,0,0,0,0,0,0,0,0,0,0,0,0,0,0,0,0,0,0,0,0,0,0,0,0,0,0,0,0,0,0,0,0,0
Blk,0,0,0,0,0,0,0,0,0,0,0,0,0,0,0,0,0,0,0,0,0,0,0,0,0,0,0,0,0,0,0,0,0,0,0,0,0
Blnk,0,0,0,0,0,0,0,0,0,0,0,0,0,0,0,0,0,0,0,0,0,0,0,0,0,0,0,0,0,0,0,0,0,0,0,0,0
Blvrb,0,0,0,0,0,0,0,0,2.22080697303476,0,0,0,0,0,0,0,0,0,0,1.29178076837474,0,1.93385889003054,0,0,0,0,0,0,0,0,0.532341418653409,0,0,0,0,0,0
Bmx,0,0,0,0,0,0,0,0,0,0,0,0,0,0,0,0,0,0,0,0,0,0,0,0,0,0,0,0,0,0,0,0,0,0,0,0,0
Bst1,0,0,0,0,0,0,0,0,0,0,0,0,0,0,0,0,0,0,0,0,0,0,0,0,0,0,0,0,0,0,0,0,0,0,0,0,0
Btg1,0,0,0,0,0,0,0,0,0,0,0,0,0,0,0,0,0,0,0,0,0,0,0,0,0,0,0,0,0,0,0,0,0,0,0,0,0
Btg2,0,0,0,0,0,0,0,0,0,0,0,0,0,0,0,0,0,0,0,0,0,0,0,0,0,0,0,0,0,0,0,0,0,0,0,0,0
C1qa,0,0,0,0,0,0,0,0,0,0,0,0,0,0,0,1.19738432108101,0,0,0,0,0,0,0,0,0,0,0,0,0,0,2.57720800485255,0,0,0,0,0,0
C1qb,0,0,0,0,0,0,0,0,0,0,0,0,0,0,0,1.30864293230132,0,0,0,0,0,0,0,0,0,0,0,0,0,0,2.62147341892879,0,0,0,0,0,0
C1qc,0,0,0,0,0,0,0,0,0,0,0,0,0,0,0,1.5589851991894,0,0,0,0,0,0,0,0,0,0,0,0,0,0,2.98473131535698,0,0,0,0,0,0
C5ar1,0,0,0,0,0,0,0,0,0,0,0,0,0,0,0,0,0,0,0,0,0,0,0,0,0,0,0,0,0,0,0,0,0,0,0,0,0
Calr,1.65577842578939,0,0,0,0,0,0,1.17942097138859,0,0,0,0,0,0,0,0,1.24186196748176,0,0,0.407102926009416,1.37674953140073,0,0,1.29358525335821,1.16667591260593,0.805339156277283,0,0.396228055179237,0,1.37524220875048,0.570371206694474,0,0,1.74367128061307,0,0,0
Camp,1.38831652691866,6.12557430470464,5.30812774965447,5.99474243164892,5.91046509522632,3.29948215693473,2.06155755213226,2.30641397437505,1.72205104950236,1.86211565042607,5.40748374215333,2.51928379544993,3.64011298750412,3.55009904194124,2.74314645221231,4.63055036196833,2.52899882578862,2.97172370450107,6.1984069834859,2.01618355806714,2.19999270492448,2.00063143638547,6.05096460947062,2.18358064174023,2.10527915266763,2.42744939702656,2.39693883105637,2.56460143693743,4.98014018061279,2.00262884416358,2.82751197131319,4.65386416955322,2.76327871835007,2.59068133877575,5.57349866335591,2.96722417684846,6.19272257809748
Capg,0,0,0,0,0,0,0,0,0,0,0,0,0,0,0,0,0,0,0,0,0,0,0,0,0,0,0,0,0,0,0,0,0,0,0,0,0
Car1,0,0,0,0,0,0,0,0,2.07177724791161,0,0,0,0,0,0,0,0,0,0,2.55334573216694,0,1.83571100641335,0,0,0,0,0,0,0,0,0,0,0,0,0,0,0
Car2,0,0,0,0,0,0,0,0,2.51287513020875,0,0,0,0,0,0,0,0,0,0,1.81148969984178,0,2.39536023663759,0,0,0,0,0,0,0,0,0,0,0,0,0,0,0
Ccl3,0,0,0,0,0,0,0,0,0,0,0,0,0,0,0,0,2.52521782406935,0,0,0,0,0,0,1.0189016915072,0,0,0,0,0,0,0,0,0,0,0,0,0
Ccl4,0,0,0,0,0,0,0,0,0,0,0,0,0,0,0,0,1.17519072050956,0,0,0,0,0,0,0,0,0,0,0,0,0,0,0,0,0,0,0,0
Ccl5,0,0,0,0,0,1.51281821822202,0,0,0,0,0,0,0,0,0,0,0,0,0,0,0,0,0,0,0,0,0,0,0,0,0,0,0,0,0,0,0
Ccl6,0,0,0,0,0,0,0,0,0,0,0,0,1.75368181456589,0,1.86141685117856,0,0,0,0,0,0,0,0,0,0,0,0,0,0,0,0,0,0,0,0,0,0
Ccl9,0.157179081037998,0,0,0,0,0,0,0,0,0,0,0,0,0,0,0,0,0,0,0,0,0,0,0,0,0,0,0,0,0,0,0,0,0,0,0,0
Ccr1,0,0,0,0,0,0,0,0,0,0,0,0,0,0,0,0,0,0,0,0,0,0,0,0,0,0,0,0,0,0,0,0,0,0,0,0,0
Ccr2,0,0,0,0,0,0,0,0,0,0,0,0,0,0,0,0,0,0,0,0,0,0,0,0,0,0,0,0,0,0,0,0,0,0,0,0,0
Ccr3,0,0,0,0,0,0,0,0,0,0,0,0,0,0,0,0,0,0,0,0,0,0,0,0,0,0,0,0,0,0,0,0,0,0,0,0,0
Ccr7,0,0,0,0,0,0,0,0,0,0,0,0,0,0,0,0,0,0,0,0,0,0,0,0,0,0,0,0,0,0,0,0,0,0,0,0,0
Ccr9,0,0,0,0,0,0,0,0,0,0,0,0,0,0,0,0,0,0,0,0,0,0,0,0,0,0,0,0,0,0,0,0,0,0,0,0,0
Cd163,0,0,0,0,0,0,0,0,0,0,0,0,0,0,0,0,0,0,0,0,0,0,0,0,0,0,0,0,0,0,0,0,0,0,0,0,0
Cd177,0,1.20156498492626,0,0.836730180453049,1.36871598009226,0,0,0,0,0,1.44129873196015,0,0,0,0,0,0,0,1.25299437724608,0,0,0,0.773501219998942,0,0,0,0,0,0,0,0,0,0,0,1.01835338842328,0,1.09547990900573
Cd19,0,0,0,0,0,0,0,0,0,0,0,0,0,0,0,0,0,0,0,0,0,0,0,0,0,0,0,0,0,0,0,0,0,0,0,0,0
Cd2,0,0,0,0,0,0,0,0,0,0,0,0,0,0,0,0,0,0,0,0,0,0,0,0,0,0,0,0,0,0,0,0,0,0,0,0,0
Cd200r3,0,0,0,0,0,0,0,0,0,0,0,0,0,0,0,0,0,0,0,0,0,0,0,0,0,0,0,0,0,0,0,0,0,0,0,0,0
Cd209a,0,0,0,0,0,0,0,0,0,0,0,0,0,0,0,0,0,0,0,0,0,0,0,0,0,0,0,0,0,0,0,0,0,0,0,0,0
Cd300lb,0,0,0,0,0,0,0,0,0,0,0,0,0,0,0,0,0,0,0,0,0,0,0,0,0,0,0,0,0,0,0,0,0,0,0,0,0
Cd300ld,0,0,0,0,0,0,0,0,0,0,0,0,0,0,0,0,0,0,0,0,0,0,0,0,0,0,0,0,0,0,0,0,0,0,0,0,0
Cd300lf,0,0,0,0,0,0,0,0,0,0,0,0,0,0,0,0,0,0,0,0,0,0,0,0,0,0,0,0,0,0,0,0,0,0,0,0,0
Cd33,0,0,0,0,0,0,0,0,0,0,0,0,0,0,0,0,0,0,0,0,0,0,0,0,0,0,0,0,0,0,0,0,0,0,0,0,0
Cd38,0,0,0,0,0,0,0,0,0,0,0,0,0,0,0,0,0,0,0,0,0,0,0,0,0,0,0,0,0,0,0,0,0,0,0,0,0
Cd3d,0,0,0,0,0,0,0,0,0,0,0,0,0,0,0,0,0,0,0,0,0,0,0,0,0,0,0,0,0,0,0,0,0,0,0,0,0
Cd3g,0,0,0,0,0,0,0,0,0,0,0,0,0,0,0,0,0,0,0,0,0,0,0,0,0,0,0,0,0,0,0,0,0,0,0,0,0
Cd52,0.63429713867025,1.5774549957785,1.7482053339356,1.47297109501706,1.85933001917248,2.23486224107182,1.66548904515601,0.587810819158717,0,0,2.27245832284662,0.618588716495506,2.43169724973397,2.01196966995816,2.27245685567287,1.48089107464996,1.23778080538226,1.46676326775195,1.88049607756037,0,0,0,1.51145240727059,0,0.892313555667452,0,1.59097999194646,0,0,0.562012971302176,0,0,1.89047495639115,0,2.20985633958484,0.811357998111003,1.51542271406708
Cd63,1.98491048108077,1.13833723882652,0,1.788323514007,1.21710053194375,0,0,2.13541777873974,0,0,0,0,0,0,0,1.46511159072748,2.78107964177492,0,1.09448448978604,0,1.80900701164123,0,1.61042550591028,2.32259615559523,0,0,0,0.52722124922758,1.51277290054549,1.77146807844814,1.2243958226633,1.49451161954365,0,2.42973575954238,1.15663095200008,0,1.20887047589075
Cd68,0,0,0,0,0,0,0,0,0,0,0,0,0,0,0,0,0,0,0,0,0,0,0,0,0,0,0,0,0,0,1.15901481157218,0,0,0,0,0,0
Cd7,0,0,0,0,0,0,0,0,0,0,0,0,0,0,0,0,0,0,0,0,0,0,0,0,0,0,0,0,0,0,0,0,0,0,0,0,0
Cd72,0,0,0,0,0,0,0,0,0,0,0,0,0,0,0,0,0,0,0,0,0,0,0,0,0,0,0,0,0,0,0,0,0,0,0,0,0
Cd74,0,0,0,0,0,0,0,0,0,0,0,0,0,2.88180511912471,0,0,0,1.84893940319729,0,0,0,0,0,0,0,0,0,0,0,0,0,0,4.35078852281028,0,0,0,0
Cd79a,0,0,0,0,0,0,0,0,0,0,0,1.33857558395229,0,1.23476970085165,0,0,0,0,0,0,0,0,0,0,0,0,0,0,0,0,0,0,0,0,0,1.00701591231054,0
Cd79b,0,0,0,0,0,0,0,0,0,0,0,1.13084077859865,0,1.31762099376625,0,0,0,0,0,0,0,0,0,0,0,0,0,0,0,0,0,0,0,0,0,0.287199921098741,0
Cd83,0,0,0,0,0,0,0,0,0,0,0,0,0,0,0,0,0,0,0,0,0,0,0,0,0,0,0,0,0,0,0,0,0,0,0,0,0
Cdc42ep2,0,0,0,0,0,0,0,0,0,0,0,0,0,0,0,0,0,0,0,0,0,0,0,0,0,0,0,0,0,0,0,0,0,0,0,0,0
Ceacam10,0,0,0,0,0,0,0,0,0,0,0,0,0,0,0,0,0,0,0,0,0,0,0,0,0,0,0,0,0,0,0,0,0,0,0,0,0
Cebpe,0.573464132888676,0.689499985138645,0,0.951119407479465,0,0,0,0,0,0,0,0,0,0,0,0,0,0,1.00506984736733,0,0,0,0.878029203523912,0,0,0,0,0,0,0.296542299238242,0,0,0,0,0,0,0
Cfp,0,0,0,0,0,0,0,0,0,0,0,0,0,0,0,0,0,0,0,0,0,0,0,0,0,0,0,0,0,0,1.83870833124244,0,0,0,0,0,0
Chchd10,0,0,0,0,0,0,0,0,0,0,0,1.64099291026082,0,0,0,0,0,0,0,0,0,0.0971860682040468,0,0,0,0,0,0,0,0,0,0,0,0,0,1.49839521006213,0
Chil1,0,0,0,0,0,0,0,0,0,0,0.793053906964706,0,0,0,0,0,0,0,0.856568853698313,0,0,0,0,0,0,0,0,0,0,0,0,0,0,0,0.626315532530925,0,0
Chil3,0.660478785323186,4.5125069568142,3.42518341581801,3.99808248612661,4.01555451172109,2.43697573372216,1.64455678077803,1.48846358275718,1.09681587514605,1.35139074674662,3.14310206624498,1.66345080186953,2.2658091565362,2.41803429657819,2.2510206003872,2.98881340080523,1.7897617182161,1.89237644192218,4.60459220499483,0.987238554529727,1.06019197374892,1.09581168010643,4.31413031572589,0.815478022449024,1.09547990900573,1.26366815338434,1.58766669568142,1.43892216545771,3.64514092673926,0.99682042055999,1.52275770856866,3.87471023284961,1.51497932105939,1.56299402651859,3.26380109916219,1.69675844989696,4.50207981291487
Chil5,0,0,0,0,0,0,0,0,0,0,0,0,0,0,0,0,0,0,0,0,0,0,0,0,0,0,0,0,0,0,0,0,0,0,0,0,0
Ckb,0,0,0,0,0,0,0,0,0,0,0,0,0,0,0,0,0,0,0,0,0,0,0,0,0,0,0,0,0,0,0,0,0,0,0,0,0
Cldn13,0,0,0,0,0,0,0,0,0,0,0,0,0,0,0,0,0,0,0,0,0,0.80542536999541,0,0,0,0,0,0,0,0,0,0,0,0,0,0,0
Clec4a1,0,0,0,0,0,0,0,0,0,0,0,0,0,0,0,0,0,0,0,0,0,0,0,0,0,0,0,0,0,0,0,0,0,0,0,0,0
Clec4a3,0,0,0,0,0,0,0,0,0,0,0,0,0,0,0,0,0,0,0,0,0,0,0,0,0,0,0,0,0,0,0,0,0,0,0,0,0
Clec4b1,0,0,0,0,0,0,0,0,0,0,0,0,0,0,0,0,0,0,0,0,0,0,0,0,0,0,0,0,0,0,0,0,0,0,0,0,0
Clec4d,0,0,0,0,0,0,0,0,0,0,0,0,0,0,0,0,0,0,0,0,0,0,0,0,0,0,0,0,0,0,0,0,0,0,0,0,0
Clec4e,0,0,0,0,0,0,0,0,0,0,0,0,0,0,0,0,0,0,0,0,0,0,0,0,0,0,0,0,0,0,0,0,0,0,0,0,0
Clec7a,0,0,0,0,0,0,0,0,0,0,0,0,0,0,0,0,0,0,0,0,0,0,0,0,0,0,0,0,0,0,0,0,0,0,0,0,0
Cmah,0,0,0,0,0,0,0,0,0,0,0,0,0,0,0,0,0,0,0,0,0,0,0,0,0,0,0,0,0,0,0,0,0,0,0,0,0
Cnp,0,0,0,0,0,0,0,0,0,0,0,0,0,0,0,0,0,0,0,0,0,0,0,0,0,0,0,0,0,0,0,0,0,0,0,0,0
Cox6a2,0,0,0,0,0,0,0,0,0,0,0,0,0,0,0,0,0,1.30644016393207,0,0,0,0,0,0,0,0,0,0,0,0,0,0,0,0,0,0,0
Cpa3,0,0,0,0,0,0,0,0,0,0,0,0,0,0,0,0,2.85637655389931,0,0,0,0,0,0,2.38188331684489,0,0,0,0,0,0,0,0,0,0,0,0,0
Cplx2,0,0,0,0,0,0,0,0,0,0,0,0,0,0,0,0,0,0,0,0,0,0,0,0,0,0,0,0,0,0,0,0,0,0,0,0,0
Crip1,0.305178337235788,0,0,0,0,0.951062206775302,2.39126318307131,0,0,0,0,1.7048709766802,0,0,2.29268395335974,0,1.569186738943,0,0,0.391779224420817,0,0,0,1.47238237356808,0,0.35678856786759,1.84072582589553,0.62778717900964,0,0,0,0,1.72933519072527,0,0,1.89857937409392,0
Crispld2,0,0,0,0,0,0,0,0,0,0,0,0,0,0,0,0,0,0,0,0,0,0,0,0,0,0,0,0,0,0,0,0,0,0,0,0,0
Csrp3,0,0,0,0,0,0,0,0,0,0,0,0,0,0,0,0,0,0,0,0,0,0,0,0,0,0,0,0,0,0,0,0,0,0,0,0,0
Cst7,1.28938024357473,0,0,0,0,0,0,1.05234821194919,0,0,0,0,0,0,0,0,0,0,0,0,0.97706083294632,0,0,0,0.392107777379628,0,0,0,0,1.1412216200553,0,0,0,0,0,0,0
Ctla2a,0,0,0,0,0,0,0,0,0,0,0,0,0,0,0,0,0,0,0,0,0,0,0,0,0,0,0,0.781833687740232,0,0,0,0,0,0,0,0,0
Ctse,0,0,0,0,0,0,0,0,1.05128313010697,0,0,0,0,0,0,0,0,0,0,0,0,0.983247300041578,0,0,0,0,0,0,0,0,0,0,0,0,0,0,0
Ctsg,2.98681440537866,0,0,0,0,0,0,2.89685795537386,0,1.26817188257147,0,0,0,0,0,0,1.98859411595989,0,0.629162848067003,0,2.88859048371833,0.33559326049257,0.793574544375629,1.9402776296519,2.2745439555039,1.15774853055495,0.668891579204575,0,2.04710163010927,3.21792954883401,0.860771157254147,1.73200301761529,0.748651490372986,1.8502450495445,0.655095023118963,0.611192960612581,0
Ctss,0,0,0,0,0,0,0,0,0,0,0,0,0,0,1.7409626183617,0,0,0,0,0,0,0,0,0,0,0,0.881185789104572,0,0,0,1.51410727538862,0,1.2538764828313,0,0,0,0
Ctsw,0,0,0,0,0,0,0,0,0,0,0,0,0,0,0,0,0,0,0,0,0,0,0,0,0,0,0,0,0,0,0,0,0,0,0,0,0
Cxcl10,0,0,0,0,0,0,0,0,0,0,0,0,0,0,0,0,0,0,0,0,0,0,0,0,0,0,0,0,0,0,0,0,0,0,0,0,0
Cxcl2,0,0,0,0,0,0,0,0,0,0,0,0,0,0,0,0,0,0,0,0,0,0,0,0,0,0,0,0,0,0,0,0,0,0,0,0,0
Cxcr2,0,0,0,0,0,0,0,0,0,0,0,0,0,0,0,0,0,0,0,0,0,0,0,0,0,0,0,0,0,0,0,0,0,0,0,0,0
Cybb,0.350489940555267,1.52141814188422,0,1.18253144703366,1.59989027141686,0,0,0,0,0,1.51941328597273,0,0,0,1.67700703248849,1.04808793992558,0,1.0941532445058,1.49644521132461,0,0,0,1.32205198165415,0,0,0,0,0,0,0,0,0,0,0,1.34674723599607,0,1.35035584432242
Cyp11a1,0,0,0,0,0,0,0,0,0,0,0,0,0,0,0,0,0,0,0,0,0,0,0,0,0,0,0,0,0,0,0,0,0,0,0,0,0
Cyp4f18,0,0,0,0,0,0,0,0,0,0,0,0,0,0,0,0,0,0,0,0,0,0,0,0,0,0,0,0,0,0,0,0,0,0,0,0,0
Dntt,0,0,0,0,0,0,0,0,0,0,0,0,0,0,0,0,0,0,0,0,0,0,0,0,0,0,0,0,0,0,0,0,0,0,0,0,0
Dusp1,0,0,0,0,0,0,0,0,0,0,0,0,0,0,0,0,0,0,0,0,0,0,0,0,0,0,0,0,0,0,0,0,0,0,0,0,0
Ear1,0,0,0,0,0,0,0,0,0,0,0,0,0,0,0,0,0,0,0,0,0,0,0,0,0,0,0,0,0,0,0,0,0,0.654833805447391,0,0,0
Ear2,0,0,0,0,0,0,0,0,0,0,0,0,0,0,0,0,0,0,0,0,0,0,0,0,0,0,0,0,0,0,0,0,0,0,0,0,0
Ebf1,0,0,0,0,0,0,0,0,0,0,0,0,0,0,0,0,0,0,0,0,0,0,0,0,0,0,0,0,0,0,0,0,0,0,0,0,0
Eef1a1,1.90938911904688,0,0,0.801141380105528,0,1.63823260686041,1.70458388911983,1.54627819382534,1.81855804391346,1.86351503733205,0,1.66141829956486,0,1.11234650240771,1.42833631019896,0.863834820561746,1.36560996628484,1.1967457185463,0,1.66712372052481,1.26187522288407,1.57641076033555,0.679634996287998,1.41334008948197,1.65100208853808,1.7369191673201,1.25608752978827,1.60138600811085,0,1.49451161954365,0,0,1.19355587761328,1.10044969177834,0,1.44998599093634,0
Eef1b2,1.32115362527057,0,0,0,0,0,0.891878901364585,1.06580286143384,1.35868384095883,1.40992630987194,0,0.983123631558178,0,0,0,0,0,0,0,1.54975225515254,1.24121360971171,1.52425217073603,0,1.04015328304681,1.43494246764451,1.43862641673212,0.884578708536501,1.33101026938828,0,1.34162727089918,0,0,1.10249790879746,1.30146390003239,0,0.886743668635256,0
Eef1g,0.89532113597406,0,0,0,0,0,0,0,1.24577186230347,1.12413093239222,0,0,0,0,0,0,0,0,0,1.42804466009114,0.778216845443526,1.30692260093192,0,0.464524673271434,1.06065835116416,1.18723031902513,0,1.09481594522734,0,0.909556508455336,0,0,0,0.655513695993377,0,0.684401390321867,0
Egr1,0,0,0,0,0,0,0,0,0,0,0,0,0,0,0,0,0,0,0,0,0,0,0,0,0,0,0,0,0,0,0,0,0,0,0,0,0
Elane,4.72339978466446,1.1496072615397,1.68870338229583,2.965186695345,1.31713139976543,1.40222112679095,1.80933447390721,5.17793744157273,0,1.6687619583859,1.34367036983496,1.13977847278237,1.51808012696194,1.37890902081865,1.46306573424874,1.28100592182072,1.26055490384696,1.53972198539586,1.76011984174409,1.3681837512925,4.87346128179083,1.30703876488753,2.4199746319674,1.97689024052655,3.55966423579695,2.00947095908842,1.99032907421015,1.78355251632636,3.83538113705823,4.68167603931151,2.33904817298001,3.95867635087881,2.19332733668365,2.6482555751513,2.05693836505742,1.97882165521957,2.06754039216842
Emb,0.364292232332764,0,0,0,0,0,0.928914691943903,0,0,0,0,0,0,0,0,0,0,0,0,0,0,0,0,0,1.0184026626924,0,0,0,0,0,0,0,0,0,0,0,0
Emilin2,0,0,0,0,0,0,0,0,0,0,0,0,0,0,0,0,0,0,0,0,0,0,0,0,0,0,0,0,0,0,0,0,0,0,0,0,0
Evi2a,0,0,0,0,0,0,0,0,0,0,0,0,0,0,0,0,0,0,0,0,0,0,0,0,0,0,0,0,0,0,0,0,0,0,0,0,0
F13a1,0,0,0,0,0,0,0.90373243154195,0,0,0,0,0,0,0,0,0,0,0,0,0,0,0,0,0,0.514564626330994,0,0,0,0,0,0,0,0,0,0,0,0
Fabp4,0,0,0,0,0,0,0,0,0,0,0,0,0,0,0,0,0,0,0,0,0,0,0,0,0,0,0,0,0,0,0,0,0,0,0,0,0
Fam129c,0,0,0,0,0,0,0,0,0,0,0,0,0,0,0,0,0,0,0,0,0,0,0,0,0,0,0,0,0,0,0,0,0,0,0,0,0
Fam132a,0,0,0,0,0,0,0,0,0.822918500329796,0,0,0,0,0,0,0,0,0,0,0.771727803881718,0,1.27750289887088,0,0,0,0,0,0,0,0,0,0,0,0,0,0,0
Fcer1a,0,0,0,0,0,0,0,0,0,0,0,0,0,0,0,0,2.50402815701898,0,0,0,0,0,0,0,0,0,0,0,0,0,0,0,0,0,0,0,0
Fcgr1,0,0,0,0,0,0,0,0,0,0,0,0,0,0,0,0,0,0,0,0,0,0,0,0,0,0,0,0,0,0,0,0,0,0,0,0,0
Fcgrt,0,0,0,0,0,0,0,0,0,0,0,0,0,0,0,0,0,0,0,0,0,0,0,0,0,0,0,0,0,0,0,0,0,0,0,0,0
Fcmr,0,0,0,0,0,0,0,0,0,0,0,0,0,0,0,0,0,0,0,0,0,0,0,0,0,0,0,0,0,0,0,0,0,0,0,0,0
Fcna,0,0,0,0,0,0,0,0,0,0,0,0,0,0,0,1.50115453967411,0,0,0,0,0,0,0,0,0,0,0,0,0,0,2.49683692556669,0,0,0,0,0,0
Fcrla,0,0,0,0,0,0,0,0,0,0,0,0,0,0,0,0,0,0,0,0,0,0,0,0,0,0,0,0,0,0,0,0,0,0,0,0,0
Fgr,0,0,0,0,0,0,0,0,0,0,0,0,0,0,0,0,0,0,0,0,0,0,0,0,0,0,0,0,0,0,0,0,0,0,0,0,0
Fn1,0,0,0,0,0,0,0,0,0,0,0,0,0,0,0,0,0,0,0,0,0,0,0,0,0,0,0,0,0,0,0,0,0,0,0,0,0
Fos,0,0,0,0,0,0,0.810277089711981,0,0,0,0,0,0,0,0.969794565200366,0,0,0,0,0,0,0,0,0,0,0,0,0,0,0,0,0,0,0,0,0,0
Fosb,0,0,0,0,0,0,0,0,0,0,0,0,0,0,0,0,0,0,0,0,0,0,0,0,0,0,0,0,0,0,0,0,0,0,0,0,0
Fosl2,0,0,0,0,0,0,0,0,0,0,0,0,0,0,0,0,0,0,0,0,0,0,0,0,0,0,0,0,0,0,0,0,0,0,0,0,0
Foxo1,0,0,0,0,0,0,0,0,0,0,0,0,0,0,0,0,0,0,0,0,0,0,0,0,0,0,0,0,0,0,0,0,0,0,0,0,0
Fpr1,0,0,0,0,0,0,0,0,0,0,0,0,0,0,0,0,0,0,0,0,0,0,0,0,0,0,0,0,0,0,0,0,0,0,0,0,0
Fpr2,0,0,0,0,0,0,0,0,0,0,0,0,0,0,0,0,0,0,0,0,0,0,0,0,0,0,0,0,0,0,0,0,0,0,0,0,0
Fyb,0,0,0,0,0,0,0,0,0,0,0,0,0,0,0,0,0,0,0,0,0,0,0,0,0,0,0,0,0,0,0,0,0,0,0,0,0
G0s2,0,0,0,0,0,0,0,0,0,0,0,0,0,0,0,0,0,0,0,0,0,0,0,0,0,0,0,0,0,0,0,0,0,0,0,0,0
Gadd45g,0,0,0,0,0,0,0,0,0,0,0,0,0,0,0,0,0,0,0,0,0,0,0,0,0,0,0,0,0,0,0,0,0,0,0,0,0
Gas5,1.06224290315276,0,0,0,0,0,0,0,1.13457053892821,1.20075845024424,0,0,0,0,0,0,0,0,0,1.65093521204044,0.759076369900229,1.36457816588646,0,0.932226481897616,1.1943516525237,1.44747388613046,0,1.31139779919215,0,0.991937974173877,0,0,0,0.699285464635466,0,0,0
Gata2,0,0,0,0,0,0,0,0,0,0,0,0,0,0,0,0,0,0,0,0,0,0,0,0.771124557182433,0,0,0,0,0,0,0,0,0,0,0,0,0
Ggt5,0,0,0,0,0,0,0,0,0,0,0,0,0,0,0,0,0,0,0,0,0,0,0,0,0,0,0,0,0,0,0,0,0,0,0,0,0
Gimap1,0,0,0,0,0,0,0,0,0,0,0,0,0,0,0,0,0,0,0,0,0,0,0,0,0,0,0,0,0,0,0,0,0,0,0,0,0
Gimap3,0,0,0,0,0,0,0,0,0,0,0,0,0,0,0,0,0,0,0,0,0,0,0,0,0,0,0,0,0,0,0,0,0,0,0,0,0
Gimap4,0,0,0,0,0,0,0,0,0,0,0,0,0,0,0,0,0,0,0,0,0,0,0,0,0,0,0,0,0,0,0,0,0,0,0,0,0
Gimap5,0,0,0,0,0,0,0,0,0,0,0,0,0,0,0,0,0,0,0,0,0,0,0,0,0,0,0,0,0,0,0,0,0,0,0,0,0
Gimap6,0,0,0,0,0,0,0,0,0,0,0,0,0,0,0,0,0,0,0,0,0,0,0,0,0,0,0,0,0,0,0,0,0,0,0,0,0
Glipr2,0,0,0,0,0,0,0,0,0,0,0,0,0,0,0,0,0,0,0,0,0,0,0,0,0,0,0,0,0,0,0,0,0,0,0,0,0
Gm11714,0,0,0,0,0,0,0,0,0,0,0,0,0,0,0,0,0,0,0,0,0,0,0,0,0,0,0,0,0,0,0,0,0,0,0,0,0
Gm16556,0,0,0,0,0,0,0,0,0,0,0,0,0,0,0,0,0,0,0,0,0,0,0,0,0,0,0,0,0,0,0,0,0,0,0,0,0
Gm26740,0,0,0,0,0,0,0,0,0,0,0,0,0,0,0,0,0,0,0,0,0,0,0,0,0,0,0,0,0,0,0,0,0,0,0,0,0
Gm43291,0,0,0,0,0,0,0,0,0,0,0,0,0,0,0,0,0,0,0,0,0,0,0,0,0,0,0,0,0,0,0,0,0,0,0,0,0
Gm44292,0,0,0,0,0,0,0,0,0,0,0,0,0,0,0,0,0,0,0,0,0,0,0,0,0,0,0,0,0,0,0,0,0,0,0,0,0
Gm5150,0,0,0,0,0,0,0,0,0,0,0,0,0,0,0,0,0,0,0,0,0,0,0,0,0,0,0,0,0,0,0,0,0,0,0,0,0
Gm5483,0,0,0,0,0,0,0,0,0,0,0,0,0,0,0,0,0,0,0,0,0,0,0,0,0,0,0,0,0,0,0,0,0,0,0,0,0
Gm8113,0,0,0,0,0,0,0,0,0,0,0,0,0,0,0,0,0,0,0,0,0,0,0,0,0,0,0,0,0,0,0,0,0,0,0,0,0
Gm8369,0,0,0,0,0,0,0,0,0,0,0,0,0,0,0,0,0,0,0,0,0,0,0,0,0,0,0,0,0,0,0,0,0,0,0,0,0
Gngt2,0,0,0,0,0,0,0,0,0,0,0,0,0,0,0,0,0,0,0,0,0,0,0,0,0,0,0,0,0,0,0,0,0,0,0,0,0
Grap,0,0,0,0,0,0,0,0,0,0,0,0,0,0,0,0,0,0,0,0,0,0,0,0,0,0,0,0,0,0,0,0,0,0,0,0,0
Grina,0,0,0,0,0,0,0,0,0,0,0,0,0,0,0,0,0,0,0,0,0,0,0,0,0,0,0,0,0,0,0,0,0,0,0,0,0
Gsn,0,0,0,0,0,0,0,0,0,0,0,0,0,0,0,0,0,0,0,0,0,0,0,0,0,0,0,0,0,0,0,0,0,0,0,0,0
Gstm1,1.39197870801184,0,0,0,0,0,0,1.65013534404841,0,0,0,0,0,0,0,0,0,0,0,0,1.59542144829238,0,0,0,0.803522113668429,0,0,0,0,1.6184278508124,0,0,0,0,0,0,0
Gypa,0,0,0,0,0,0,0,0,0,0,0,0,0,0,0,0,0,0,0,0,0,0,0,0,0,0,0,0,0,0,0,0,0,0,0,0,0
Gzma,0,0,0,0,0,0,0,0,0,0,0,0,0,0,0,0,0,0,0,0,0,0,0,0,0,0,0,0,0,0,0,0,0,0,0,0,0
Gzmb,0,0,0,0,0,0,0,0,0,0,0,0,0,0,0,0,0,0,0,0,0,0,0,0,0,0,0,0,0,0,0,0,0,0,0,0,0
H2-Aa,0,0,0,0,0,0,0,0,0,0,0,0,0,0,0,0,0,0,0,0,0,0,0,0,0,0,0,0,0,0,0,0,3.37288658956025,0,0,0,0
H2-Ab1,0,0,0,0,0,0,0,0,0,0,0,0,0,0.988174734520971,0,0,0,0,0,0,0,0,0,0,0,0,0,0,0,0,0,0,3.38507701207766,0,0,0,0
H2-DMb2,0,0,0,0,0,0,0,0,0,0,0,0,0,0,0,0,0,0,0,0,0,0,0,0,0,0,0,0,0,0,0,0,0,0,0,0,0
H2-Eb1,0,0,0,0,0,0,0,0,0,0,0,0,0,0,0,0,0,0,0,0,0,0,0,0,0,0,0,0,0,0,0,0,2.95437614252918,0,0,0,0
H2-Ob,0,0,0,0,0,0,0,0,0,0,0,0,0,0,0,0,0,0,0,0,0,0,0,0,0,0,0,0,0,0,0,0,0,0,0,0,0
H2-Q10,0,0,0,0,0,0,0,0,0,0,0,0,0,0,0,0,0,0,0,0,0,0,0,0,0,0,0,0,0,0,0,0,0,0,0,0,0
Hacd4,0,0,0,0,0,0,0,0,0,0,0,0,0,0,0,0,0,0,0,0,0,0,0,0,0,0,0,0,0,0,0,0,0,0,0,0,0
Hba-a1,0,0,0,0,0,0,0,0,3.58945866016343,0,0,0,0,0,0,0,0,0,0,0,0,2.04632544738848,0,0,0,0,0,0,0,0,0,0,0,0,0,0,0
Hba-a2,0,0,0,0,0,0,0,0,1.44076528503552,0,0,0,0,0,0,0,0,0,0,0,0,0.681688644027372,0,0,0,0,0,0,0,0,0,0,0,0,0,0,0
Hbb-bs,0,0,0,0,0,0,0,0,3.69315176773772,0,0,0,0,0,0,0,0,0,0,0,0,1.26824236173522,0,0,0,0,0,0,0,0,0,0,0,0,0,0,0
Hbb-bt,0,0,0,0,0,0,0,0,3.36213500356137,0,0,0,0,0,0,0,0,0,0,0,0,1.47016913673311,0,0,0,0,0,0,0,0,0,0,0,0,0,0,0
Hcar2,0,0,0,0,0,0,0,0,0,0,0,0,0,0,0,0,0,0,0,0,0,0,0,0,0,0,0,0,0,0,0,0,0,0,0,0,0
Hes1,0,0,0,0,0,0,0,0,0,0,0,0,0,0,0,0,0,0,0,0,0,0,0,0,0,0,0,0,0,0,0,0,0,0,0,0,0
Hist3h2ba,0,0,0,0,0,0,0,0,0,0,0,0,0,0,0,0,0,0,0,0,0,0,0,0,0,0,0,0,0,0,0,0,0,0,0,0,0
Hmox1,0,0,0,0,0,0,0,0,0,0,0,0,0,0,0,1.07788420145652,0,0,0,0,0,0,0,0,0,0,0,0,0,0,2.22831414882425,0,0,0,0,0,0
Hpgd,0,0,0,0,0,0,0,0,0,0,0,0,0,0,0,0,0,0,0,0,0,0,0,0,0,0,0,0,0,0,0,0,0,0,0,0,0
Hsp90ab1,1.23565557923982,0,0,0,0,0,0,0.896459598901007,0.745640950041361,1.26817188257147,0,0,0,0,0,0,0,0,0,1.43419646826151,1.11166136688865,1.25508246839477,0,0.558411338961051,1.3549223108857,1.3947881258419,0,1.26366747573713,0,1.15774840409486,0.569018635168955,0,0,1.0710981175325,0,0.864312081405326,0
I830127L07Rik,0.375109417426306,1.60438673667755,1.69546884329041,1.11647599621966,1.87143558975878,0,1.47421951151429,0,0,0,2.06954737135224,0,1.52342813506604,0,1.40203181200554,0.718475880730719,0,0,1.76351334173741,0,0,0,1.07657241111246,0,0.285214618176945,0,0,0,1.16412384450021,0,0,0,0,0,1.6025122459423,0,1.35868297408541
Id2,0,0,0,0,0,0,0,0,0,0,0,0,0,0,0,0,0,0,0,0,0,0,0,0,0,0,0,0,0,0,0.647616996227761,0,0,0,0,0,0
Id3,0,0,0,0,0,0,0,0,0,0,0,0,0,0,0,0,0,0,0,0,0,0,0,0,0,0,0,0,0,0,0,0,0,0,0,0,0
Ier3,0,0,0,0,0,0,0,0,0,0,0,0,0,0,0,0,1.37675043846191,0,0,0,0,0,0,1.67535804359538,0,0,0,0,0,0,0,0,0,0,0,0,0
Ier5,0,0,0,0,0,0,0,0,0,0,0,0,0,0,0,0,0,0,0,0,0,0,0,0,0,0,0,0,0,0,0,0,0,0,0,0,0
Ifi204,0,0,0,0,0,0,0,0,0,0,0,0,0,0,0,0,0,0,0,0,0,0,0,0,0,0,0,0,0,0,0,0,0,0,0,0,0
Ifi207,0,0,0,0,0,0,0,0,0,0,0,0,0,0,0,0,0,0,0,0,0,0,0,0,0,0,0,0,0,0,0,0,0,0,0,0,0
Ifi27l2a,0,0,0,0,0,0,0,0,0,0,0,0,0,0,1.09151082309762,0,0,0,0,0,0,0,0,0,0,0,0,0,0,0,0,0,0,0,0,0,0
Ifi30,0,0,0,0,0,0,0,0,0,0,0,0,0,0,0,0,0,0,0,0,0,0,0,0,0,0,0,0,0,0,0,0,0,0,0,0,0
Ifit1bl2,0,0,0,0,0,0,0,0,0,0,0,0,0,0,0,0,0,0,0,0,0,0,0,0,0,0,0,0,0,0,0,0,0,0,0,0,0
Ifit3,0,0,0,0,0,0,0,0,0,0,0,0,0,0,0,0,0,0,0,0,0,0,0,0,0,0,0,0,0,0,0,0,0,0,0,0,0
Ifitm1,0,0,0,0,0,0,0,0,0,0,0,0,0,0,0,0,1.42518178110378,0,0,0,0,0,0,1.25682401473316,0,0,0,0,0,0,0,0,0,0,0,0,0
Ifitm10,0,0,0,0,0,0,0,0,0,0,0,0,0,0,0,0,0,0,0,0,0,0,0,0,0,0,0,0,0,0,0,0,0,0,0,0,0
Ifitm3,0.566912793823688,1.16262171054222,1.65495005678941,0.939881316646579,1.59839760603879,1.25084217244332,2.11902077968142,0,0.723775836241344,1.22713000752213,1.84483261454641,0,1.76661110445625,1.38652494732511,3.29052460956737,1.4718000551242,0.333726647038229,1.35139074674662,1.01008804025606,0,0,0,0,0,0.566777463301467,0.807359549984999,1.59097999194646,1.10485837958425,0,0,0,0,1.20378671883703,0,1.34623316679624,0,0
Ifitm6,0.66765369303887,1.96624759398487,2.47405550280607,1.43419646826151,2.8734909116526,1.7722201963069,1.26817188257147,0.640116893929189,0,0.787491604923649,3.10466504980185,1.19915222312041,2.56609732568808,1.79892152212496,2.07490741634882,1.90801720508255,1.46953052396383,1.70918248058381,1.91033634634749,0,0,0,0.885431152351195,0,0,0,0,0,1.16412384450021,0,0,0,0,0,2.55610304397207,0,1.40259278607292
Igha,0,0,0,0,0,0,0,0,0,0,0,0,0,0,0,0,0,0,0,0,0,0,0,0,0,0,0,0,0,0,0,0,0,0,0,0,0
Ighd,0,0,0,0,0,0,0,0,0,0,0,0,0,0,0,0,0,0,0,0,0,0,0,0,0,0,0,0,0,0,0,0,0,0,0,0,0
Ighg2b,0,0,0,0,0,0,0,0,0,0,0,0,0,0,0,0,0,0,0,0,0,0,0,0,0,0,0,0,0,0,0,0,0,0,0,0,0
Ighm,0,0,0,0,0,0,0.40240639197115,0,0,0,0,2.51856837735067,0,2.29837969084634,0,0,0,1.57252274856404,0,0,0,0,0,0,0,0,0,0,0,0,0,0,0,0,0,1.77199138188677,0
Igkc,0.744984941044389,0.957597875983741,0,0.820722574282529,1.31959130086656,1.42838677605026,1.07978339204364,0.630567053699536,0.855661709740158,0.799408679112705,1.4521031690367,1.80966267209262,1.59839760603879,3.37114049785946,1.54940400361122,1.4780203479437,1.30164858595026,1.71787982509928,0,0,0,0,0,0,0,0,0,0,0,0,0,1.60363578154689,0,0,0,0,0
Iglc1,0,0,0,0,0,0,0,0,0,0,0,0,0,0,0,0,0,0,0,0,0,0,0,0,0,0,0,0,0,0,0,0,0,0,0,0,0
Iglc2,0,0,0,0,0,0,0,0,0,0,0,0,0,0,0,0,0,0,0,0,0,0,0,0,0,0,0,0,0,0,0,0,0,0,0,0,0
Iglc3,0,0,0,0,0,0,0,0,0,0,0,0,0,0,0,0,0,0,0,0,0,0,0,0,0,0,0,0,0,0,0,0,0,0,0,0,0
Igll1,0,0,0,0,0,0,0,0,0,0,0,0,0,0,0,0,0,0,0,0,0,0,0,0,0,0,0,0,0,0,0,0,0,0,0,1.38226327636492,0
Iglv1,0,0,0,0,0,0,0,0,0,0,0,0,0,0,0,0,0,0,0,0,0,0,0,0,0,0,0,0,0,0,0,0,0,0,0,0,0
Il18,0,0,0,0,0,0,0,0,0,0,0,0,0,0,0,0,0,0,0,0,0,0,0,0,0,0,0,0,0,0,0,0,0,0,0,0,0
Il1b,0,0,0,0,0,0,0,0,0,0,0,0,0,0,0,0,0,0,0,0,0,0,0,0,0,0,0,0,0,0,0,0,0,0,0,0,0
Il1f9,0,0,0,0,0,0,0,0,0,0,0,0,0,0,0,0,0,0,0,0,0,0,0,0,0,0,0,0,0,0,0,0,0,0,0,0,0
Il1rn,0,0,0,0,0,0,0,0,0,0,0,0,0,0,0,0,0,0,0,0,0,0,0,0,0,0,0,0,0,0,0,0,0,0,0,0,0
Il2rb,0,0,0,0,0,0,0,0,0,0,0,0,0,0,0,0,0,0,0,0,0,0,0,0,0,0,0,0,0,0,0,0,0,0,0,0,0
Il6,0,0,0,0,0,0,0,0,0,0,0,0,0,0,0,0,0,0,0,0,0,0,0,0,0,0,0,0,0,0,0,0,0,0,0,0,0
Il7r,0,0,0,0,0,0,0,0,0,0,0,0,0,0,0,0,0,0,0,0,0,0,0,0,0,0,0,0,0,0,0,0,0,0,0,0,0
Irf4,0,0,0,0,0,0,0,0,0,0,0,0,0,0,0,0,0,0,0,0,0,0,0,0,0,0,0,0,0,0,0,0,0,0,0,0,0
Irf5,0,0,0,0,0,0,0,0,0,0,0,0,0,0,0,0,0,0,0,0,0,0,0,0,0,0,0,0,0,0,0,0,0,0,0,0,0
Irf7,0,0,0,0,0,0,0,0,0,0,0,0,0,0,0,0,0,0,0,0,0,0,0,0,0,0,0,0,0,0,0,0,0,0,0,0,0
Irf8,0,0,0,0,0,0,0,0,0,0,0,0,0,0,0,0,0,1.78545747664793,0,0,0,0,0,0,0.569494186491617,0,0,0,0,0,0,0,0,0,0,0,0
Isg15,0,0,0,0,0,0,0,0,0,0,0,0,0,0,0,0,0,0,0,0,0,0,0,0,0,0,0,0,0,0,0,0,0,0,0,0,0
Isg20,0,0,0,0,0,0,0,0,0.773988544765714,0,0,0,0,0,0,0,0,0,0,0,0,0.682126095416548,0,0,0,0,0,0,0,0,0,0,0,0,0,0,0
Itga2b,0,0,0,0,0,0,0,0,0,0,0,0,0,0,0,0,0,0,0,0,0,0,0,0,0,0,0,0,0,0,0,0,0,0,0,0,0
Itgad,0,0,0,0,0,0,0,0,0,0,0,0,0,0,0,0,0,0,0,0,0,0,0,0,0,0,0,0,0,0,0,0,0,0,0,0,0
Itgb2,0,0,0,0,0,0,0,0,0,0,0,0,0,0,0,0,0,0,0.447993708766282,0,0,0,0,0,0,0,0,0,0,0,0,0,0,0,0,0,0
Itgb2l,0,0,0,0,0,0,0,0,0,0,0,0,0,0,0,0,0,0,0,0,0,0,0,0,0,0,0,0,0,0,0,0,0,0,0,0,0
Itgb7,0,0,0,0,0,0,0,0,0,0,0,0,0,0,0,0,0,0,0,0,0,0,0,0,0,0,0,0,0,0,0,0,0,0,0,0,0
Jaml,0,0,0,0,0,0,0,0,0,0,0,0,0,0,0,0,0,0,0,0,0,0,0,0,0,0,0,0,0,0,0,0,0,0,0,0,0
Jchain,0,0,0,0,0,0,0,0,0,0,0,0,0,0,0,0,0,0,0,0,0,0,0,0,0,0,0,0,0,0,0,0,0,0,0,0,0
Jun,0,0,0,0,0,0,0,0,0,0,0,0,0,0,0,0,0,0,0,0,0,0,0,0,0,0,0,0,0,0,0,0,0,0,0,0,0
Junb,0,0,0,0,0,0,0,0,0,0,0,0,0,0,0,0,0,0,0,0,0,0,0,0,0,0,0,0,0,0,0,0,0,0,0,0,0
Kdm7a,0,0,0,0,0,0,0,0,0,0,0,0,0,0,0,0,0,0,0,0,0,0,0,0,0,0,0,0,0,0,0,0,0,0,0,0,0
Klf1,0,0,0,0,0,0,0,0,0.733553374640795,0,0,0,0,0,0,0,0,0,0,0.450893637058333,0,0.611494372209116,0,0,0,0,0,0,0,0,0,0,0,0,0,0,0
Klf2,0,0,0,0,0,0,0,0,0,0,0,0,0,0,0,0,0,0,0,0,0,0,0,0,0,0,0,0,0,0,0,0,0,0,0,0,0
Klra17,0,0,0,0,0,0,0,0,0,0,0,0,0,0,0,0,0,0,0,0,0,0,0,0,0,0,0,0,0,0,0,0,0,0,0,0,0
Klra2,0,0,0,0,0,0,0,0,0,0,0,0,0,0,0,0,0,0,0,0,0,0,0,0,0,0,0,0,0,0,0,0,0,0,0,0,0
Klra4,0,0,0,0,0,0,0,0,0,0,0,0,0,0,0,0,0,0,0,0,0,0,0,0,0,0,0,0,0,0,0,0,0,0,0,0,0
Klra7,0,0,0,0,0,0,0,0,0,0,0,0,0,0,0,0,0,0,0,0,0,0,0,0,0,0,0,0,0,0,0,0,0,0,0,0,0
Klra8,0,0,0,0,0,0,0,0,0,0,0,0,0,0,0,0,0,0,0,0,0,0,0,0,0,0,0,0,0,0,0,0,0,0,0,0,0
Klrb1c,0,0,0,0,0,0,0,0,0,0,0,0,0,0,0,0,0,0,0,0,0,0,0,0,0,0,0,0,0,0,0,0,0,0,0,0,0
Klrd1,0,0,0,0,0,0,0,0,0,0,0,0,0,0,0,0,0,0,0,0,0,0,0,0,0,0,0,0,0,0,0,0,0,0,0,0,0
L1cam,0,0,0,0,0,0,0,0,0,0,0,0,0,0,0,0,0,0,0,0,0,0,0,0,0,0,0,0,0,0,0,0,0,0,0,0,0
Lat,0,0,0,0,0,0,0,0,0,0,0,0,0,0,0,0,0,0,0,0,0,0,0,0,0,0,0,0,0,0,0,0,0,0,0,0,0
Lat2,0,0,0,0,0,0,0,0,0,0,0,0,0,0,0,0,0,0,0,0,0,0,0,0,0,0,0,0,0,0,0,0,0,0,0,0,0
Lck,0,0,0,0,0,0,0,0,0,0,0,0,0,0,0,0,0,0,0,0,0,0,0,0,0,0,0,0,0,0,0,0,0,0,0,0,0
Lcn2,1.49603786127344,4.81130301948701,4.72891175703496,3.89575948071588,5.07535200587125,3.49798434167813,2.32165418597978,2.10960342723794,1.88696642432512,2.26912717266918,5.05130315744548,2.62263502890315,4.38885933097721,3.85358158794149,3.11857739877477,4.20135575394418,2.86553543747321,3.17401900307744,4.76698052693335,1.12483230532577,0.930330085627371,1.24146797901858,4.29750876712659,1.33104986361561,1.31835733521812,1.54075376813988,1.76475098349585,1.6836685313775,4.08476700520317,1.10189263837019,1.6482801965823,3.95184577603352,1.66712372052481,1.82397589432506,4.77509705654092,2.099920272959,4.57124843963009
Lgals1,0.437568609189678,0,0,0,0,0,1.71438906802077,0,0,0,0,0,0,0,0,0,1.24359626007318,1.73378668479939,0,0,0,0,0,1.48239790169934,1.76847563064144,0,1.26008836535695,0,0,0.675933204478494,0.830201860384082,0,0,1.01406983432353,0,0,0
Lgals3,0,0,0,0,0.859167533321034,0,1.74276699662406,0,0,0,1.49386859740205,0,1.44129766927812,0,1.97579726483657,0.963848043045194,0,0,0.57602372526286,0,0,0,0,0,0,0,1.27180007826425,0,0,0,0,0,0.766298580585744,0,0.994916460143285,0,0
Lgmn,0,0,0,0,0,0,0,0,0,0,0,0,0,0,0,0,0,0,0,0,0,0,0,0,0,0,0,0,0,0,0,0,0,0,0,0,0
Lilr4b,0,0,0,0,0,0,0,0,0,0,0,0,0,0,0,0,0,0,0,0,0,0,0,0,0,0,0,0,0,0,0,0,0,0,0,0,0
Lilra6,0,0,0,0,0,0,0,0,0,0,0,0,0,0,0,0,0,0,0,0,0,0,0,0,0,0,0,0,0,0,0,0,0,0,0,0,0
Lilrb4a,0,0,0,0,0,0,0,0,0,0,0,0,0,0,0,0,0,0,0,0,0,0,0,0,0,0,0,0,0,0,0,0,0,0,0,0,0
Lpl,0,0,0,0,0,0,0,0,0,0,0,0,0,0,0,0,0,0,0,0,0,0,0,0,0,0,0,0,0,0,0.953283828361549,0,0,0,0,0,0
Lrg1,0,0,0,0,0,0,0,0,0,0,1.33832218759796,0,1.23905772691768,0,0,0,0,0,0.891013609871669,0,0,0,0.59755907476367,0,0,0,0,0,0,0,0,0,0,0,0.830356062554568,0,0
Lsp1,0,0,0,0,0,0,0,0,0,0,0,0,0,0,1.04013584352628,0,0,0.729514621765533,0,0,0,0,0,0,0,0,0,0,0,0,0,0,0,0,0,0,0
Ltb,0,0,0,0,0,0,0,0,0,0,0,0,0,0,0,0,0,0,0,0,0,0,0,0,0,0,0,0,0,0,0,0,0,0,0,0,0
Ltf,0.887481114077257,3.77758247229299,3.47764947710876,2.48484512586611,4.19313837505619,2.26829985397652,1.2407817966499,1.03909435557357,1.01686099081772,1.26817188257147,4.09135315622111,1.55640488262721,2.50086357610672,2.43761097219447,1.7391624138667,2.87725138834315,1.55645186236579,1.79892152212496,3.78906813374436,0,0,0.344382020268829,2.93069316951437,0,0.280403627606675,0,0,0,2.34881137091769,0,0,2.96736356952909,0,0.642019839107884,3.70636691231542,0.719619894406945,3.55568739823382
Ly6a,0,0,0,0,0,0,0,0,0,0,0,0,0,0,0,0,0,0,0,0,0,0,0,0,0,0,0,0,0,0,0,0,0,0,0,0,0
Ly6d,0,0,0,0,0,0,0,0,0,0,0,0,0,1.17401897107784,0,0,0,1.52746621001174,0,0,0,0,0,0,0,0,0,0,0,0,0,0,0,0,0,0,0
Ly6e,1.60415227974431,0,0,0,0,1.59618300002866,2.46771848093104,1.09914419258722,0.935578739749664,1.77786494639596,0,1.67909171024096,0,1.69546884329041,2.39820455393652,1.38346597137093,2.52273579557914,2.50086357610672,0,0.986037598380681,1.10756907116558,0.829399394274445,0,2.41658450575158,2.12289114111432,1.48831798849226,2.23967676818356,1.00285614682078,0.893180094540618,1.23905772691768,1.71178185160332,1.40992630987194,1.89047495639115,1.61684229402049,0,1.87410426735541,0
Ly6g,0,0,0,0,0,0,0,0,0,0,1.28235550443589,0,0,0,0,0,0,0,0.501165517475661,0,0,0,0,0,0,0,0,0,0,0,0,0,0,0,0.976805258109396,0,0
Ly6g5b,0,0,0,0,0,0,0,0,0,0,0,0,0,0,0,0,0,0,0,0,0,0,0,0,0,0,0,0,0,0,0,0,0,0,0,0,0
Lyz2,2.00647202255944,5.01956978182453,5.10749863902758,4.66942012979989,5.56371903793004,4.31013130638441,5.06389497419832,2.81489772204249,2.52430185394174,2.98325635804534,5.37840087417447,3.40594110967762,4.98217220727699,4.37588926384451,6.22203351948524,4.88905137816475,3.67656837766564,4.14686972117166,4.66054732012472,1.19474996052933,1.4236852947364,1.2756389425905,4.57936645003532,1.47297224135931,1.94884935491758,1.72270672567926,4.24668369192922,1.71613246690027,3.92488519302132,1.28127600737023,3.08516716991129,4.24578485957095,3.36743855009447,1.89259505856405,4.97606618796829,1.9138261825949,4.69448440012038
Maf,0,0,0,0,0,0,0,0,0,0,0,0,0,0,0,0,0,0,0,0,0,0,0,0,0,0,0,0,0,0,0,0,0,0,0,0,0
Mafb,0,0,0,0,0,0,0,0,0,0,0,0,0,0,0,0,0,0,0,0,0,0,0,0,0,0,0,0,0,0,0,0,0,0,0,0,0
Mapk13,0,0,0,0,0,0,0,0,0,0,0,0,0,0,0,0,0,0,0,0,0,0,0,0,0,0,0,0,0,0,0,0,0,0,0,0,0
Marcks,0,0,0,0,0,0,0,0,0,0,0,0,0,0,0,0,0,0,0,0,0,0,0,0,0,0,0,0,0,0,0,0,0,0,0,0,0
Mcemp1,0,0,0,0,0,0,0,0,0,0,0.938676900993736,0,1.07401797125867,0,0,0,0,0,0.693569033400112,0,0,0,0.527666365503019,0,0,0,0,0,0,0,0,0,0,0,0,0,0
Mcpt8,0,0,0,0,0,0,0,0,0,0,0,0,0,0,0,0,4.61322102505637,0,0,0,0,0,0,3.7045384766224,0,0,0,0,0,0,0,0,0,0,0,0,0
Mcub,0,0,0,0,0,0,0,0,0,0,0,0,0,0,0,0,0,0,0,0,0,0,0,0,0,0,0,0,0,0,0,0,0,0,0,0,0
Mif,1.15724813656912,0,0,0,0,0,0,0,0,1.2288190475122,0,0,0,0,0,0,0,0,0,1.28840431500761,0.872819698948633,0.837114525778151,0,0,1.33301948291511,1.24294421589186,0,1.14777241598548,0,1.24407159382058,0,0,0,0.203815792036303,0,0.822833743698971,0
Mirt1,0,0,0,0,0,0,0,0,0,0,0,0,0,0,0,0,0,0,0,0,0,0,0,0,0,0,0,0,0,0,0,0,0,0,0,0,0
Mirt2,0,0,0,0,0,0,0,0,0,0,0,0,0,0,0,0,0,0,0,0,0,0,0,0,0,0,0,0,0,0,0,0,0,0,0,0,0
Mmp8,0,0,0,0,0,0,0,0,0,0,2.84975864151339,0,2.81888454407252,0.603346654336246,0,0.350973717527843,0,0,0,0,0,0,0,0,0,0,0,0,0,0,0,0,0,0,2.22625052474213,0,0
Mmp9,0,0,0,0,0,0,0,0,0,0,1.25608902391394,0,1.34111758744567,0,0,0,0,0,0,0,0,0,0,0,0,0,0,0,0,0,0,0,0,0,1.15330728866225,0,0
Mpeg1,0,0,0,0,0,0,0,0,0,0,0,0,0,0,0,0,0,1.14850517030699,0,0,0,0,0,0,0,0,0,0,0,0,0.931774898472459,0,1.00299420596093,0,0,0,0
Mpo,3.93169358297747,0,1.51277290054549,1.52881743390406,1.20480897369697,1.07116178333209,1.53652396755186,4.0242660145687,0,2.17286523577351,1.27866301656002,0.622662121507331,1.46676326775195,1.19834740536052,1.02836104214438,1.01456998250776,1.78450499648715,0.876564092914692,1.33933695657802,1.24772929509171,4.14812326318334,1.24219076374847,1.70952848982066,2.61702574241033,3.4120598118981,2.27290888108655,2.00428210262596,1.46707231083371,3.13739461429552,3.85566661714749,1.85207313974962,4.16023285407386,1.77409581333215,3.03770096690685,1.66472663777767,1.61805119498629,1.89673982773869
Mrc1,0,0,0,0,0,0,0,0,0,0,0,0,0,0,0,0,0,0,0,0,0,0,0,0,0,0,0,0,0,0,0.290008472735753,0,0,0,0,0,0
Ms4a1,0,0,0,0,0,0,0,0,0,0,0,0,0,0,0,0,0,0,0,0,0,0,0,0,0,0,0,0,0,0,0,0,0,0,0,0,0
Ms4a2,0,0,0,0,0,0,0,0,0,0,0,0,0,0,0,0,1.284709793713,0,0,0,0,0,0,0.86890691295474,0,0,0,0,0,0,0,0,0,0,0,0,0
Ms4a3,2.23178759601566,0,0,1.09283036082904,0,0,0,2.11034941182929,0,0,0,0,0,0,0,0,0,0,0.633219382912232,0,2.08573356115785,0,1.00729373734671,1.13870975739052,0.954761822933863,0,0,0,1.56205000558308,2.2407512524524,0,1.47421951151429,0,1.40983193482779,0,0,0
Ms4a4b,0,0,0,0,0,1.56347475454283,0,0,0,0,0,0,0,0,0,0,0,0,0,0,0,0,0,0,0,0,0,0,0,0,0,0,0,0,0,0,0
Ms4a4c,0,0,0,0,0,0,0,0,0,0,0,0,0,0,0,0,0,0,0,0,0,0,0,0,0,0,0,0,0,0,0,0,0,0,0,0,0
Ms4a6c,0,0,0,0,0,0,1.53629609310835,0,0,0,0,0,0,0,1.32502371811883,0,0,0,0,0,0,0,0,0,0.829671913840026,0,0.884578708536501,0,0,0,0,0,0,0,0,0,0
Ms4a7,0,0,0,0,0,0,0,0,0,0,0,0,0,0,0,0,0,0,0,0,0,0,0,0,0,0,0,0,0,0,0,0,0,0,0,0,0
Ms4a8a,0,0,0,0,0,0,0,0,0,0,0,0,0,0,0,0,0,0,0,0,0,0,0,0,0,0,0,0,0,0,0,0,0,0,0,0,0
mt-Cytb,2.36259012185305,1.00757316590776,0,1.49322557526046,0,1.69057324107725,1.97220240192177,2.25224637319622,2.15065159623639,2.27356935482272,0,2.22371099097746,0,1.69546884329041,1.37782836660361,1.1148105148494,1.72138647869079,2.01259597817026,1.20358433189659,2.69583706350469,2.49080485522752,2.45950011301075,1.74231550989709,2.19286771049067,2.6366028939969,2.61307261900369,2.12306684156666,2.57814354958632,1.75185205570652,2.60266714544702,2.40743429531785,1.64535152657313,1.92736599426216,2.35684695817825,1.00592056758512,2.46830103125667,1.2605347433357
mt-Nd1,2.3794864604762,0.954349332696897,0,1.36183412974489,0,1.76754778138876,1.99768791968706,2.14620375535832,2.30066821875839,2.21739278816134,0,2.16462849046266,0,1.58363764414953,1.53288681639415,1.48314060471764,1.48641073008193,1.81657263818543,1.1801969705693,2.7683487809619,2.42224318114514,2.75675305626164,1.69802146861328,2.15652745374797,2.61778346329168,2.44887829466381,2.22846841238271,2.53731475617849,2.14773014306569,2.5521080319978,2.48029872597836,1.74276699662406,1.98206425942266,2.57661720580334,1.21463207822855,2.54132510691306,1.20196796611027
mt-Nd2,1.18572960610412,0,0,0,0,0.993560231363748,0.880341747501836,0.986037598380681,1.1899285974652,1.04492490135706,0,1.11659088041635,0,0,0,0,0,1.35139074674662,0.689967236747153,1.92755506400377,1.48768041531894,1.81119533033639,0.972894904445587,1.48895622225687,1.71656905853132,1.7976064061,1.55569886254836,1.80966206990271,1.58656563090251,1.68590211844171,1.85515697667418,0,1.48683128478862,1.82521271803264,0,1.62677745423327,0
mt-Nd4,2.07732545805339,0.81331360035983,0,1.1872297691437,0,1.56774480826956,1.64535110195729,1.78038796729498,1.76038339469338,1.74941901782679,0,1.7010104855259,0,1.31030609887763,1.46183771041957,1.4780203479437,1.55291116232406,1.83868532164902,1.21132598186613,2.36377587136111,2.18493604256937,2.26836582924994,1.67369817442877,1.97881489186912,2.27957150296397,2.27797666064606,1.79698410154798,2.24776551803064,1.79505137389353,2.25081682768343,2.42856878222209,1.6622303313443,1.84893940319729,2.5114513273514,1.19045107759577,2.13326996116864,1.2068313285973
Mt1,0.885086927975627,0,0,0,0,0,0,0.806739589588747,0,0,0,0,0,0,0,0,0,0,0,1.55079803852654,1.07147617551294,0.807717723229865,0,0,0.308481330214464,0,0,0,0,1.18292147439541,0.819611839081313,0,0,0,0,0,0
Mxd1,0,0,0,0,0,0,0,0,0,0,0,0,0,0,0,0,0,0,0,0,0,0,0,0,0,0,0,0,0,0,0,0,0,0,0,0,0
Myl4,0,0,0,0,0,0,0,0,0,0,0,0,0,0,0,0,0,0,0,0,0,0,0,0,0,0,0,0,0,0,0,0,0,0,0,0,0
Mzb1,0,0,0,0,0,0,0,0,0,0,0,0,0,0,0,0,0,0,0,0,0,0,0,0,0,0,0,0,0,0,0,0,0,0,0,0,0
Nfkbiz,0,0,0,0,0,0,0,0,0,0,0,0,0,0,0,0,0,0,0,0,0,0,0,0,0,0,0,0,0,0,0,0,0,0,0,0,0
Ngp,1.7061007493148,6.66412261706345,6.24482270781322,6.13690154669134,6.6387648474187,4.10700453723895,2.64218667111557,2.6018921929441,2.3124797603301,2.59340237541639,6.38050868539666,2.9351800324114,4.67487925395198,4.32746631290122,3.40022796250521,5.38162645736742,3.2857874517129,3.63549000726554,6.26039444507422,1.78307699005148,1.98222555420187,1.83764091900126,6.03388241424443,1.79537323503143,1.89201518399909,2.28111307863783,2.31683739872456,2.46590879361847,4.77249996861379,1.63854753857264,2.37282837868216,5.17627432209189,2.2542869723839,2.64728000499928,6.02542817393524,2.86873525726298,6.40952078328633
Nkg7,2.01969503627559,0,0,0.736170826229334,0,1.29357498612,0,2.08675691047091,0,0,0,0,0,0,0,0,0,0,0,0,1.76568049439608,0,0.671787162291007,1.09003781742569,0.575315243106172,0,0,0.604713493506008,1.2959332554474,1.89783336168704,0,0,0,1.39981771561883,0,0,0
Npm1,1.1206532455712,0,0,0,0,0,0,0.604811510019646,1.05036790074242,1.37459729849073,0,0,0,0,0,0,0,0,0,2.03501935730989,0.995187396955566,1.536150373588,0,0.646397265830103,1.38804682077018,1.41448165206378,0,1.36078200312008,0,1.22070066475954,0,0,0,0.825680439582154,0,0.898002801696945,0
Nr4a1,0,0,0,0,0,0,0,0,0,0,0,0,0,0,0,0,0,0,0,0,0,0,0,0,0,0,0,0,0,0,0,0,0,0,0,0,0
Nupr1,0,0,0,0,0,0,0,0,0,0,0,0,0,0,0,0,0,0,0,0,0,0,0,0,0,0,0,0,0,0,0,0,0,0,0,0,0
Oas2,0,0,0,0,0,0,0,0,0,0,0,0,0,0,0,0,0,0,0,0,0,0,0,0,0,0,0,0,0,0,0,0,0,0,0,0,0
Oas3,0,0,0,0,0,0,0,0,0,0,0,0,0,0,0,0,0,0,0,0,0,0,0,0,0,0,0,0,0,0,0,0,0,0,0,0,0
Oasl2,0,0,0,0,0,0,0,0,0,0,0,0,0,0,0,0,0,0,0,0,0,0,0,0,0,0,0,0,0,0,0,0,0,0,0,0,0
Orm1,0,0,0,0,0,0,0,0,0,0,0,0,0,0,0,0,0,0,0,0,0,0,0,0,0,0,0,0,0,0,0,0,0,0,0,0,0
Osgin1,0,0,0,0,0,0,0,0,0,0,0,0,0,0,0,0,0,0,0,0,0,0,0,0,0,0,0,0,0,0,0,0,0,0,0,0,0
Osm,0,0,0,0,0,0,0,0,0,0,0,0,0,0,0,0,0,0,0,0,0,0,0,0,0,0,0,0,0,0,0,0,0,0,0,0,0
P2ry13,0,0,0,0,0,0,0,0,0,0,0,0,0,0,0,0,0,0,0,0,0,0,0,0,0,0,0,0,0,0,0,0,0,0,0,0,0
Pabpc1,1.27630567454585,0,0,0,0,0,0.689200376881733,0.920562011975611,0.90593454063924,1.08691860002772,0,0.891238915325313,0,0,0,0,0,0,0,1.36447210204562,1.46061191931721,1.02656987188565,0.53997862276337,1.32951324300259,1.44268733235581,1.48492488248579,1.31419654743662,1.31419654743662,0,1.27453575523798,0,0,1.20968741699983,1.47172611415987,0,1.08077973633921,0
Padi4,0,0,0,0,0,0,0,0,0,0,0,0,0,0,0,0,0,0,0,0,0,0,0,0,0,0,0,0,0,0,0,0,0,0,0,0,0
Pafah1b3,0,0,0,0,0,0,0,0,0,0,0,0,0,0,0,0,0,0,0,0,0,0,0,0,0,0,0,0,0,0,0,0,0,0,0,0,0
Pax5,0,0,0,0,0,0,0,0,0,0,0,0,0,0,0,0,0,0,0,0,0,0,0,0,0,0,0,0,0,0,0,0,0,0,0,0,0
Pbxip1,0,0,0,0,0,0,0,0,0,0,0,0,0,0,0,0,0,0,0,0,0,0,0,0,0,0,0,0,0,0,0,0,0,0,0,0,0
Pdlim7,0,0,0,0,0,0,0,0,0,0,0,0,0,0,0,0,0,0,0,0,0,0,0,0,0,0,0,0,0,0,0,0,0,0,0,0,0
Pf4,0,0,0,0,0,0,0,0,0,0,0,0,0,0,0,0,0,0,0,0,0,0,0,0,0,0,0,1.66712372052481,0,0,0,0,0,0,0,0,0
Pglyrp1,1.00472177321752,2.02946620382678,1.74457556460208,2.1017607234785,2.1289761186241,1.38931954338932,0,1.38325361373923,0,0,2.14627291998831,0,1.86141685117856,1.53561291270167,0.666259523126533,1.51688247601989,1.24338003436035,1.18487569170749,1.96505763766967,0,0.958599856523212,0,1.96387262679781,0,0,0,0,0,1.63196194092442,0.891878901364585,0,1.66712372052481,0,0.755303751522043,2.00511080549867,0,1.75689435364384
Phf1,0,0,0,0,0,0,0,0,0,0,0,0,0,0,0,0,0,0,0,0,0,0,0,0,0,0,0,0,0,0,0,0,0,0,0,0,0
Phf11b,0,0,0,0,0,0,0,0,0,0,0,0,0,0,0,0,0,0,0,0,0,0,0,0,0,0,0,0,0,0,0,0,0,0,0,0,0
Phlda1,0,0,0,0,0,0,0,0,0,0,0,0,0,0,0,0,0,0,0,0,0,0,0,0,0,0,0,0,0,0,0,0,0,0,0,0,0
Pid1,0,0,0,0,0,0,0,0,0,0,0,0,0,0,0,0,0,0,0,0,0,0,0,0,0,0,0,0,0,0,0,0,0,0,0,0,0
Pilra,0,0,0,0,0,0,0,0,0,0,0,0,0,0,0,0,0,0,0,0,0,0,0,0,0,0,0,0,0,0,0,0,0,0,0,0,0
Pim1,0,0,0,0,0,0,0,0,0,0,0,0,0,0,0,0,0,0,0,0,0,0,0,0,0,0,0,0,0,0,0,0,0,0,0,0,0
Pirb,0,0,0,0,0,0,0,0,0,0,0,0,0,0,0,0,0,0,0,0,0,0,0,0,0,0,0,0,0,0,0,0,0,0,0,0,0
Pla2g7,0,0,0,0,0,0,0,0,0,0,0,0,0,0,0,0,0,0,0,0,0,0,0,0,0,0,0,0,0,0,0,0,0,0,0,0,0
Plac8,2.67655012613246,0,0,0.950131142158674,0,0,1.86667240734609,2.50767398493227,0,2.17536696566517,0,0,0,0,1.74276699662406,0,2.13137472419038,1.77034457928166,1.01346257404982,0.487755334908003,2.80847342126502,0.329760097551388,1.14704064478032,2.74481841638206,2.90998359920088,2.20120473999255,2.10407389937791,0.976015883205634,2.17737326111835,2.99859660205381,1.08693339167143,1.75919688109656,1.56774337994507,2.54499930735893,1.08528922748967,1.29735705744487,0
Plaur,0,0,0,0,0,0,0,0,0,0,0,0,0,0,0,0,0,0,0,0,0,0,0,0,0,0,0,0,0,0,0,0,0,0,0,0,0
Plbd1,0,0,0,0,0,0,0,0,0,0,0,0,0,0,0,0,0,0,0,0,0,0,0,0,0,0,0,0,0,0,0,0,0,0,0,0,0
Pld3,0,0,0,0,0,0,0,0,0,0,0,0,0,0,0,0,0,0,0,0,0,0,0,0,0,0,0,0,0,0,1.39675503722848,0,0,0,0,0,0
Pld4,0,0,0,0,0,0,0,0,0,0,0,0,0,0,0,0,0,0,0,0,0,0,0,0,0,0,0,0,0,0,0,0,0,0,0,0,0
Plek,0,0,0,0,0,0,0,0,0,0,0,0,0,0,0,0,0,0,0,0,0,0,0,0,0,0,0,0,0,0,0,0,0,0,0,0,0
Pltp,0,0,0,0,0,0,0,0,0,0,0,0,0,0,0,0,0,0,0,0,0,0,0,0,0,0,0,0,0,0,0,0,0,0,0,0,0
Plxnb2,0,0,0,0,0,0,0,0,0,0,0,0,0,0,0,0,0,0,0,0,0,0,0,0,0,0,0,0,0,0,0,0,0,0,0,0,0
Pou2af1,0,0,0,0,0,0,0,0,0,0,0,0,0,0,0,0,0,0,0,0,0,0,0,0,0,0,0,0,0,0,0,0,0,0,0,0,0
Ppia,1.74058673327142,0,0,1.08301447851807,0,0,1.45816700922039,1.46738404044452,0.988045118711258,1.46183771041957,0,1.58510163752602,0,0,0,0,0,0,1.0534174451821,1.70422578446649,1.49451161954365,1.45755965324896,1.21792749424753,1.33910948162392,1.66794283945535,1.54558527177783,1.25299437724608,1.58461231977445,0,1.68144150902167,0.225446818529167,0,1.17787219834952,0.930214587139115,0,1.55569920997261,0
Prdx2,0.366233155824207,0,0,0,0,0,0,0,2.20995150240264,0,0,0,0,0,0,0,0,0,0,1.04552677080472,0,1.84379686199641,0,0,0,0,0,0,0,0,0,0,0,0,0,0,0
Prg2,0,0,0,0,0,0,0,0,0,0,0,0,0,0,0,0,0,0,0,0,0,0,0,0,0,0,0,0,0,0,0,0,0,6.27650256941713,0,0,0
Prg3,0,0,0,0,0,0,0,0,0,0,0,0,0,0,0,0,0,0,0,0,0,0,0,0,0,0,0,0,0,0,0,0,0,2.13264684983486,0,0,0
Prr13,0,0,0,0,0,0,0,0,0,0,0,0,1.30740436295856,0,0,0,0,0,0,0,0,0,0,0,0,0,0,0,0,0,0,0,0,0,0,0,0
Prss34,0,0,0,0,0,0,0,0,0,0,0,0,0,0,0,0,5.99619190984802,0,0,0,0,0,0,4.35436712112299,0,0,0,0,0,0,0,0,0,0,0,0,0
Prtn3,3.2537421043692,0,0,1.11440723546385,0,0,1.04915323669741,3.16252103930672,0,1.26366747573713,0,0,0,0,0,0,0,0,0,0,3.32593156651702,0,1.07433658275351,0.872021160682365,2.56748832670296,1.29830551781341,0.869930099300519,0,1.65736866504578,3.15498312463974,0,1.60138600811085,0,0.97140377406676,0,0,0
Psap,0.362723408025664,0,0,0,0,0,1.79312332040304,0,0,0,0,0,0,0,2.19103123360063,1.35159674844507,0,1.83124705772946,0,0,0,0,0,0,0.388403855015777,0,1.58876944132938,0,0,0,1.85515697667418,0,1.68033044974451,0,0,0,0
Ptma,2.12338526806311,1.12343780504473,0,1.2288190475122,0,0,1.83259440313256,1.7527669351362,1.75371611356956,1.947453179821,0,2.52851195501111,0,0.857366589706075,0,0,1.50273350431564,1.33452923386885,1.21792749424753,2.21682100758319,2.22144613139717,2.16773375658663,1.55289424698316,2.05376401564949,2.28293818570057,2.1713674600789,2.02521766790584,2.26647182977915,1.54801270838947,2.11949188737722,1.36915147546261,1.78545747664793,1.73736636727744,1.80909849452155,0,2.51495179274022,1.32304097582075
Ptprcap,0,0,0,0,0,0,0,0,0,0,0,1.41964265130152,0,0,0,0,0,0,0,0,0,0,0,0,0,0,0,0,0,0,0,0,0,0,0,0.963431232648136,0
R3hdm4,0,0,0,0,0,0,0,0,0,0,0,0,0,0,0,0,0,0,0,0,0,0,0,0,0,0,0,0,0,0,0,0,0,0,0,0,0
Rack1,1.42984786018495,0,0,0,0,0,1.14049860441721,1.34777621658647,1.7048709766802,1.62265466621279,0,1.06455064057673,0,0,0,0,1.22474287917336,0,0,1.93020650600396,1.51896861594741,1.86679026827071,0.70354141800616,1.36139553760074,1.61580160794238,1.59678427064955,1.00506984736733,1.60138600811085,1.27180007826425,1.53917272066123,0.819686359143052,1.33201690035122,1.23562478659775,1.81336317651101,0,1.2997337748041,0
Rasgrp4,0,0,0,0,0,0,0,0,0,0,0,0,0,0,0,0,0,0,0,0,0,0,0,0,0,0,0,0,0,0,0,0,0,0,0,0,0
Retnlg,1.2163364885416,2.041257650814,2.61201561338204,1.93821120612067,2.65434365685184,2.78169400638037,2.09807200020651,1.65394402215508,1.78832665092703,2.07490741634882,4.37692256596335,2.42031753856556,5.71393527985652,3.20176896229574,2.78186459634163,2.32737964854571,2.55944368841405,2.97172370450107,0,0,0,0,0,0,0,0,0,0,0,0,0,0,0,0,3.29587701079054,0,0
Rgs1,0,0,0,0,0,0,0,0,0,0,0,0,0,0,0,0,0,0,0,0,0,0,0,0,0,0,0,0,0,0,0,0,0,0,0,0,0
Rgs2,0,0,0,0,0,0,0,0,0,0,0,0,0,0,0,0,0,0,0,0,0,0,0,0.744598117282453,0,0,0,0,0,0,0,0,0,0,0,0,0
Rhd,0,0,0,0,0,0,0,0,0.908342197308372,0,0,0,0,0,0,0,0,0,0,0,0,0.699974411788369,0,0,0,0,0,0,0,0,0,0,0,0,0,0,0
Rhoc,0,0,0,0,0,0,0,0,0,0,0,0,0,0,0,0,0,0,0,0,0,0,0,0,0,0,0,0,0,0,0,0,0,0,0,0,0
Rnase12,0,0,0,0,0,0,0,0,0,0,0,0,0,0,0,0,0,0,0,0,0,0,0,0,0,0,0,0,0,0,0,0,0,0,0,0,0
Rnase6,0,0,0,0,0,0,0,0,0,0,0,0,0,0,0,0,0,0,0,0,0,0,0,0,0,0,0,0,0,0,0,0,0,0,0,0,0
RP24-338A5.4,0,0,0,0,0,0,0,0,0,0,0,0,0,0,0,0,0,0,0,0,0,0,0,0,0,0,0,0,0,0,0,0,0,0,0,0,0
Rpl10,2.35353521739674,0,0,1.24947909522414,0,1.74687190497627,2.20025002550182,2.17174175139167,2.25551487512408,2.38337206584077,0,1.77739408830178,0,1.45938835441681,1.762895250626,0.733908947881349,2.34342332171548,1.97699890902126,1.07657241111246,2.42386676531197,2.14578769643433,2.39590263936835,1.37782836660361,2.36796294352006,2.53291057606146,2.4004235506039,2.10848540973211,2.13268792035807,2.41223606001313,2.49171514725655,1.69102249230044,1.77456611320135,2.21034159164155,2.23900912217711,1.23820772131029,2.14264263051871,0
Rpl11,2.14341237646338,0,0,1.15144606039268,0,1.84893940319729,1.94108850385721,2.14264031902145,2.4548118420017,2.47864580276381,0,1.9225623675607,0,1.3681837512925,1.60138600811085,0.708428453186098,1.69851076109949,1.68033044974451,1.10485837958425,2.68493746971227,2.41642025644457,2.65306722192857,1.39423195910346,2.13146952045018,2.53851619153823,2.60011107204581,1.82054835623031,2.54169039639405,1.83868532164902,2.45197026818712,1.69674705506871,1.7892811614153,2.02691444025958,2.24776551803064,1.04715285652538,2.24855060630952,1.11440723546385
Rpl12,1.44309289294165,0,0,0,0,0.607500629591562,0.883303211343151,1.18370248043987,1.47641562853481,1.56205000558308,0,0.265627422150415,0,0,0,0,0,0,0,1.88971065164953,1.54801270838947,1.77846891416433,0.597368094321727,1.30840743193835,1.62613123590867,1.66537394864097,0.572148802177953,1.64720782317464,1.06705816497496,1.67520040263376,0.992508583231963,0,1.03010952119707,1.8248859814549,0,1.3416274784536,0
Rpl14,2.41585591048404,0,0,1.27912316248663,0,1.75368181456589,1.89807672449022,2.21206034394386,2.73502278377332,2.59340237541639,0,1.82705115729953,0,1.51409591137067,1.52477156868752,0.875137212454602,1.83275602069136,1.67369817442877,0.969794565200366,2.88892843983745,2.29866537165831,2.7526978893289,1.38361299556567,2.2943891080195,2.53775185029778,2.61821635846734,1.85307743178027,2.65027371208736,2.23325558241994,2.44682017631468,1.6620350855766,2.21582123501515,2.02521766790584,2.42000516468196,1.18526749007985,2.14155363349619,0.938439796175122
Rpl15,1.34611364203432,0,0,0,0,0,1.14049860441721,1.21358702625462,1.45664350823943,1.52949402521689,0,1.16487876392989,0,0,0,0,1.04591343916476,0,0,1.40992630987194,0.922367976680366,1.46268976126011,0.616488667950611,0.932937160509534,1.32909162318847,1.40653124673697,0.520779023097747,1.45088519128953,0,1.36447210204562,0,0,1.00065256324989,0.959607572150184,0,1.24193514362962,0
Rpl17,1.60967145377728,0,0,0,0,1.08665627160494,1.32403155329589,1.48144281458157,1.76801032776513,1.69972797676755,0,1.30069341431413,0,0,1.04312362275988,0,1.28241959459249,0,0.702743504850933,2.10778741470953,1.70039265041061,1.99679776473193,0.986037598380681,1.63432752411866,1.84396715152653,1.93775187019055,1.20886989188081,1.92982721738809,1.46183771041957,1.83868532164902,1.12172446596493,0,1.59393793557598,1.84774294859142,0,1.55103709932925,0
Rpl18,1.92922275135687,0,0,1.06019197374892,0,1.5706086078207,1.69887424573362,1.87803375617968,2.0997300912209,2.12848991133788,0,1.68199949056101,0,1.03069372533345,1.45330369644773,0.82556416188083,1.60148462792771,1.3132216236331,0.881608435905928,2.34291862793581,1.92340530995389,2.28688092598856,1.13618065655023,1.81657263818543,2.14022616752812,2.12851060498666,1.84072582589553,2.18417696587946,1.63352463146161,2.08247188502255,1.33936120070369,1.60891112338622,1.75827500476172,2.03416360852233,0,1.88743096807401,0
Rpl19,1.77159525363208,0,0,0.688435251954373,0,1.35347935101381,1.41333909658103,1.37621102086047,1.6085454366455,1.53561291270167,0,1.56989050614196,0,0,1.23306328812436,0,0,0.894049735142716,0.609646785416393,1.80671851263223,1.51409591137067,1.85754936707277,0.941331539366579,1.54127012214212,1.77247381617599,1.71339497356965,1.45694787725671,1.73093478404535,1.35659088005511,1.6622303313443,0.963661913192694,1.43478560603293,1.57060717018663,1.43265134645787,0,1.53220727264325,0
Rpl22,1.11369800440739,0,0,0,0,0,0.671060876612229,0.783157600421311,1.30934955266421,1.12976777478939,0,0,0,0,0,0,0,0,0,1.87777103654933,1.5931973163295,1.76992898381709,0.561507296532235,1.26322313554658,1.60739987469379,1.61031723959586,1.07020998865119,1.59430852924073,0,1.54940400361122,0.947861843789444,0,1.36606015834882,1.42664602503057,0,1.29854866801893,0
Rpl23,1.86319664582236,0,0,1.03657398365214,0,1.53266015547758,1.54109702407664,1.62400470067427,1.99820231554477,1.80281051762243,0,1.52544717253889,0,0.707020502730687,1.2912167167926,0,1.30403798979189,1.15737566750242,0.897107287229327,2.38075576358409,2.01834322349829,2.24632243841127,1.18919905846142,2.00640967213598,2.13268810186884,2.28406320685206,1.74276699662406,2.3046844774262,1.7892811614153,2.12582854570268,1.54316766314408,1.68618224407829,1.82855907541467,1.94432697320415,0.941820108927276,1.85342504522726,0
Rpl23a,1.74619049304466,0,0,0.850634177388145,0,1.40774029354909,1.43419646826151,1.43626304020845,1.69802194469677,1.63823260686041,0,1.53834962622933,0,0,1.28096798576209,0,1.12932639374545,0,0.688945142764678,2.11526074580962,1.807698498068,1.90910316097158,1.07721300825104,1.76276287688654,1.93362780217485,2.00087571278765,1.65414501245224,1.97579726483657,1.33604346595918,1.97339901521884,0.957069689760355,0,1.70101036573841,1.71395395837326,0,1.62697099718424,0
Rpl24,0.386765591655785,0,0,0,0,0,0,0,0,0,0,0,0,0,0,0,0,0,0,0,0,0,0,0,0,0,0,0,0,0,0,0,0,0,0,0,0
Rpl26,2.05697784763755,0,0,1.06894692631143,0,1.64934232958815,1.80476213060407,1.93267607092622,2.38303351440795,2.2111224251644,0,1.80769909782336,0,1.32800977728415,1.59542144829238,0.357454735658255,1.55329820249553,1.61957820841734,0.920977500903611,2.57874958260608,2.25551478620054,2.50655956613364,1.23776800588262,2.08914621403572,2.36004143940828,2.45980271970775,1.83259440313256,2.43800647591493,1.73022344574508,2.27825615207267,1.71963913539964,1.64376373048826,2.13728983737728,2.03480722643956,0.983914797127241,1.97100745774535,0
Rpl27,1.24851978825081,0,0,0,0,0,0,0.976799450445712,1.13189881201892,1.09680910297209,0,0,0,0,0,0,0,0,0.567636888594732,1.95445133721239,1.6622303313443,1.85443400424741,0.844009646431252,1.42360572120043,1.65484933134658,1.68283309113765,1.2187580436783,1.71613246690027,0,1.74276699662406,0.884188784842896,0,1.34213736946152,1.35920903280122,0,1.39010495575069,0
Rpl27a,1.27979462796685,0,0,0,0,1.01065031082423,1.00065256324989,1.04284422808863,1.34392854866431,1.37728872193169,0,1.09815272840737,0,0,0,0,0,0,0,1.76959646802422,1.33201365996776,1.72679193938021,0.6703361877686,1.3335236147521,1.6244552744657,1.65656188308618,1.37459729849073,1.52477156868752,0,1.54968259113927,0.8199866619709,0,1.33050918036945,1.37091281434955,0,1.27499291957933,0
Rpl28,1.4274090324305,0,0,0,0,0.320196367312937,1.29878085944235,1.33218485371847,1.49677717608487,1.48429020238685,0,1.32907345054838,0,0,0,0,1.02095250480899,0,0.826604868601793,1.92227710335203,1.76042773661503,1.87059876103435,1.01856861544205,1.64138964257315,1.86719998686094,1.80892520453908,1.25299437724608,1.83775951129698,1.60891112338622,1.83887061042779,1.09914419258722,1.58803409059498,1.39423195910346,1.6729076481574,0,1.64880375343229,0
Rpl3,2.04979416139398,0,0,1.08107340296198,0,1.58729986074874,1.7482053339356,1.8746194542009,2.23456734607228,2.21896699560823,0,1.7005845783097,0,1.20723834307058,1.2912167167926,0,1.28241959459249,1.41906686502352,0.682876782751233,2.33574164916375,1.94051226105318,2.23618302738634,1.01346257404982,1.81459455240975,2.15281625905336,2.31909682550367,1.62729361356887,2.21346886541117,1.57060717018663,2.04060832770787,0.96181017363141,1.75919688109656,1.62497048625877,1.78641224779109,0,1.73356353400985,0
Rpl30,1.69443632718993,0,0,0.93127616285275,0,1.63587861916101,1.51808012696194,1.58717713665469,1.81855804391346,1.75368181456589,0,1.56917527506585,0,0.964163516626526,1.29688097607717,0,1.28302456524367,1.46676326775195,0.756905864820199,2.06712734466192,1.82956602274453,2.00788902765069,1.02739233463028,1.81843382209651,1.971953968099,2.05763156559706,1.64933547605639,2.01410096058896,1.63823260686041,1.99850945077896,1.44309794777252,1.44308514038521,1.80476213060407,1.79217556024111,0,1.75185205570652,0
Rpl31,1.66525565593188,0,0,1.00230430527632,0,1.17594238855809,1.39756328084139,1.55851774271284,1.87729158784154,1.64297068019849,0,1.47297224135931,0,0.836730180453049,0,0,1.284709793713,1.62574404825616,0.853393128357028,2.20956141316373,1.93134539679017,2.18418476870124,1.19488279224524,1.79779354716017,2.01301377887066,2.0449322928001,1.6836685313775,2.01092682454109,1.70401100209387,1.99522799915025,1.4277739643326,1.65093521204044,1.60891112338622,2.0223814282661,0.857567459609513,1.6512033634247,0
Rpl32,2.96728893030666,1.25564465791519,1.73378668479939,1.91553951132325,1.31762275028451,2.61397394324161,2.73651909855601,2.79755523301212,3.01042523061283,3.06359333194033,1.27682945886231,2.67551032113818,1.36606015834882,2.02648993823513,2.15799640192702,1.45827768182822,2.16994993978708,1.97579726483657,1.72402697266773,3.38398061185277,3.18781081508937,3.26606629173876,2.20110827694029,3.08891844430071,3.33440622254387,3.44560280456656,2.99826087611869,3.40976448242233,3.20176896229574,3.27517401530784,2.3626452621141,2.93306523985308,2.87509003803112,3.132662365382,1.75185419109637,3.0150846538811,1.62962449596814
Rpl34,1.8265538406959,0,0,0.966203307266913,0,1.34345977861395,1.41676975563763,1.52781362884451,1.77834088054654,1.6825542015874,0,1.4955908420686,0,0.851420574536378,1.30068669016585,1.1148105148494,1.12128185122094,1.30933732660783,0.924228711098676,2.16144427883681,1.8891194151087,2.12725694255821,1.15999014443698,1.79795751419238,2.03802437959239,2.04449951410849,1.73557446281836,2.05680042345543,1.69887424573362,2.08410123236516,1.48938661039693,1.26411791153061,1.80476213060407,1.85671696931155,0.865038023792634,1.72823547601643,0
Rpl35,1.51454274693054,0,0,0.787827037960131,0,1.22670866929053,1.34111758744567,1.28166236685769,1.6937737177494,1.5466241441477,0,1.29192738552579,0,0.966203307266913,0.968252069294517,0,0.438073207470003,0,0.716287830923487,2.00192126924256,1.45088519128953,1.93024303071466,0.993289216839401,1.57147136984306,1.76388885135202,1.84174864526801,1.2187580436783,1.80281051762243,1.74457556460208,1.84592867659974,0.957111430438585,1.58803409059498,1.40992630987194,1.56598501367509,0,1.56347051096259,0
Rpl35a,1.43185754146274,0,0,0,0,1.10633779968331,1.22966541671071,1.23627577792012,1.37972533432258,1.42717048125768,0,1.2154430202092,0,0,0,0,0,0,0.792893909324983,1.75139528394283,1.55359436248988,1.74427390334974,1.01856861544205,1.4345254039519,1.75173784609092,1.6878623829756,1.52208728207128,1.6853431045012,1.43067415314106,1.76940955107401,1.03155007905283,0,1.48429020238685,1.57348390857388,0,1.482240585815,0
Rpl36,1.68600754125107,0,0,0,0,1.62577007467088,1.39091768921733,1.48556074358774,1.88547181440177,1.79698410154798,0,1.58072150233046,0,0.804279733924012,1.30355665244379,0.357454735658255,1.23350207406943,1.2187580436783,0.866651736934622,2.4819635577988,1.947453179821,2.37288929193603,1.09814210458381,1.79713106282097,2.22574607329292,2.38063135214553,1.73557446281836,2.32150786755036,1.76475098349585,2.16659093060895,1.43390542287582,1.71091408945634,1.73022344574508,1.9236046346413,0.856990651568336,1.80534875845314,0
Rpl36a,1.53782139213167,0,0,0,0,0.810687609068246,1.15812139360748,1.37674953140073,1.64020323331766,1.59616434428779,0,1.21606346740823,0,0,0,0,0,0,0.479414337520438,2.12611331801402,1.8543229392049,2.13904171381977,0.972376753677834,1.64455847628335,1.987890003588,2.10444473323214,1.58766669568142,1.9996917700758,1.61042550591028,2.03750850136052,1.07657599499271,0,1.31713062007898,1.78864362663729,0,1.67577823621685,0
Rpl36al,1.41884983452338,0,0,0,0,0,0.768524646382178,1.05112913320555,0.869526111362207,0.762199276352704,0,0,0,0,0,0,0,0,0,1.39202055982568,1.24511432695177,1.28328842396109,0.592633495000822,1.02047786137069,1.32900833218093,1.11269040089092,0,1.06392568246117,0,1.41676975563763,0,0,0.759076369900229,1.21732524340492,0,0.908543312762243,0
Rpl37,1.87478598716948,0,0,1.02430520717964,0,1.75689435364384,1.61651458698625,1.78450499648715,2.06917886313907,1.92340530995389,0,1.70143878717602,0,1.33000849483997,1.59989027141686,1.11077040878114,1.4413497431163,1.53972198539586,1.15551576892096,2.60967057706654,2.24382799968832,2.55260164103031,1.44090116291139,2.21060194228846,2.44356012154876,2.53536775581086,2.0866417021669,2.44058109549599,2.28928276529812,2.428753559389,1.60101650022136,1.77881060778473,2.13240107404284,2.27725799527918,1.27362873481133,2.00294794898392,1.0561787286837
Rpl37a,1.9510950864427,0,0,1.13332106512959,0,1.67702341171003,1.5101344238153,1.72889157223835,1.84098128964083,1.75276640026076,0,1.54282980777481,0,1.21626998523351,1.44967920430553,0.34181468299089,1.54876580082725,1.50488743474687,1.14777241598548,2.60266714544702,2.41031086153122,2.53219389652756,1.60138600811085,2.32151071668073,2.35437445394406,2.43346768799703,2.10848540973211,2.46263705660891,1.84482225935232,2.50720157383469,1.71421654230048,1.72844795375143,2.1511394161662,2.35684695817825,1.19894924223233,2.06078498883996,1.0978086421299
Rpl38,1.78279627657596,0,0,0,0,1.18488443197499,1.0994785057863,1.26726827104498,1.56965384949234,1.45573095208111,0,1.27508528482706,0,0,0,0,1.16374998738895,0,0.936994701775541,2.41900398802185,2.08755076781693,2.27609169947462,1.27111811011595,2.12753852519511,2.21831076200806,2.21229498788926,1.65253838680807,2.32826164812795,1.78545747664793,2.28959146311041,1.57564688639423,1.51079341554294,1.75827500476172,2.22875035366875,0.822048114315241,1.82455371582249,0
Rpl39,1.50041359135451,0,0,0,0,1.1220487332113,1.37567251032022,1.37513490440548,1.65535757043209,1.64933547605639,0,1.52075413101399,0,0,0,0,1.25992430620117,0,0.769802637771882,2.35849176650918,2.18341851341172,2.23967676818356,1.15292245843228,2.18129860698293,2.29538520143025,2.3676117169125,1.73557446281836,2.36153678404663,1.71438906802077,2.31683739872456,1.50201926425652,0,1.85515433291078,2.26168117369629,0.250515871054381,2.00947454844144,0
Rpl4,2.21333775439486,0,0,1.21792749424753,0,1.73067829263063,1.96743260101647,1.99277506173242,2.33566137050216,2.38337206584077,0,1.86688376398806,0,1.39036695891959,1.54385517394559,1.16288850700491,1.56135031630037,1.57492444360368,1.27682507293545,2.61201561338204,2.21896699560823,2.58737259949689,1.55499666916337,2.14754875570426,2.58019373897451,2.60733083426532,1.95328096922882,2.57965930189811,2.51500235441887,2.52789821772628,1.68954624812201,2.35970862935657,2.09211002159836,2.30365340496316,1.23777574875077,2.33269357046947,1.2351972437247
Rpl5,1.18656164339995,0,0,0,0,0,0.637547240159626,1.22063211504941,1.44667613328611,1.37999149895421,0,0.660610830349659,0,0,0,0,0,0,0,1.63144177758636,1.25741813915099,1.51830217833499,0.549964291816341,1.08158504236979,1.38816895614278,1.34829112797703,0.870341691966142,1.47547022749786,0,1.36566277232912,0.751067315087981,0,1.03010952119707,1.37750698111177,0,1.04433276918363,0
Rpl6,1.78206468246912,0,0,0.918669646005394,0,1.13083703453086,1.4179173062568,1.48365669975872,1.80802649326972,1.723145803899,0,1.53085212514911,0,0,0,0,1.0272667061465,1.0941532445058,0.586131467329557,1.85307743178027,1.58072150233046,1.84917961012695,0.875937729739331,1.45755744323855,1.70058266346626,1.70840453500513,1.2782028706334,1.68033044974451,1.16487876392989,1.67322666284233,1.00087811208612,1.40766489100307,1.20723834307058,1.50832685516325,0,1.35273805546717,0
Rpl9,1.59001240705849,0,0,0,0,1.14676443909973,0.603151903162476,1.14467429886118,1.35113191489862,1.36447210204562,0,0.99466399414076,0,0,0,0,0,0,0.737634281345047,1.82654893442997,1.59616434428779,1.77450425259176,1.00285614682078,1.45452610025496,1.60382318153885,1.78747324643093,1.46306573424874,1.74699353363682,0,1.73808428797601,0.774323952022892,0,1.35554742224945,1.55212515849779,0,1.46475808276371,0
Rplp0,2.33680105859934,0,0,1.29878085944235,0,1.74911595078123,2.08914386241739,2.18240821295604,2.73784210034186,2.47590278661171,0,2.02648993823513,0,1.28840431500761,1.6920785922084,0,1.67206537650665,1.58950554097187,0.969794565200366,2.84607445039581,2.49666024042402,2.90276799620161,1.43125990670056,2.29268547512319,2.65125999649007,2.56297205210763,2.23967676818356,2.49946051769266,1.76104388880771,2.5390141625112,1.52075413101399,1.79892152212496,1.91676051043829,2.35824967181068,0.821104385961952,2.28674019513101,0.936275976234784
Rplp1,2.3349795824223,0,0,1.2547599086769,0,2.10233737326493,2.11996324101024,2.12723459041182,2.83132564547049,2.50932310260628,0,1.87764641549591,0,1.45209335323233,1.62419773617736,1.46432407126153,1.80933474136632,1.67369817442877,1.07593261038893,3.12071236649623,2.65124837342163,3.19072393844713,1.5611055121936,2.59571079326794,2.83253467653526,2.88575576552974,2.53078634204004,2.72226863731416,2.44555110782267,2.73425630995604,2.33094345498013,1.83461963141752,2.50932310260628,2.8779261044382,1.1387959568771,2.49039654282551,1.1051965635353
Rplp2,2.0176596566626,0,0,1.08953776123135,0,1.55155424269857,1.67866691466849,1.66223209370559,2.14397041513812,1.83461963141752,0,1.73826439057207,0,0,1.34623316679624,0,1.08780934385325,1.3132216236331,0.934603168460412,2.57240397821522,2.37814644226694,2.53427143427651,1.45816700922039,2.16253250946574,2.44277906014391,2.41812049886949,1.93706302220075,2.37889125218143,1.75002656762685,2.44422334102133,1.55792273619908,1.56346909644283,1.92793333088456,2.50283753388254,0.887857310267913,2.2256000220141,0
Rps10,1.17197354854535,0,0,0,0,0,0,0.944005537576638,1.146676229713,1.12483230532577,0,0.257883526184954,0,0,0,0,0,0,0,1.723145803899,1.48239057540611,1.69377707244196,0.810632734911436,1.34898011820399,1.51814672749916,1.48175971023246,1.17895588845775,1.59097999194646,0,1.53220694345149,0,0,1.17942097138859,1.45227770140033,0,1.23250251761279,0
Rps12,2.09001223266325,0,0,1.06894692631143,0,1.41906787191816,1.64138795883412,1.81459272739023,2.18209507226693,2.00759810558816,0,1.58363764414953,0,0,0.824757369311835,0,1.28811048514042,1.07849659798253,0.844783490443908,2.63707278144591,2.47316725118647,2.56623627681161,1.3117621311445,2.21190687084789,2.42983248491591,2.39662392683217,1.91044221070298,2.29837969084634,1.85411522279904,2.40494022746606,1.72498176541956,1.75002656762685,1.85515433291078,2.42137317134343,0.915969092465583,1.89237715442196,0
Rps13,2.0398741514094,0,0,1.06894692631143,0,1.65093693143223,1.70918248058381,1.7409626183617,1.87010667902549,2.03544801638805,0,1.72687317631886,0,1.23476970085165,1.48175853978139,0,1.5207605427255,1.42600670623006,0.969794565200366,2.28828472190085,1.89346496338982,2.1642260915978,1.20317977379896,1.78976056243474,2.09770396580776,2.13902158708742,1.8145921190516,2.07490741634882,1.69887424573362,2.09428383691392,1.38365662492852,1.49773760391584,1.69716964365991,1.84688863027893,0.834770429877872,1.93077595139706,0
Rps15a,2.2102552770977,0.628902363952266,0.958655127396245,1.24251096436229,0.853314204716363,2.31074207386268,1.98951528374786,2.06155755213226,2.33837936739554,2.4199746319674,0,2.08120667022759,0,1.5770928637645,1.63980860494781,1.30788703245601,1.72227817568968,1.77975626917351,1.2912167167926,2.70755336526415,2.51215874594105,2.61684844580305,1.61080459244294,2.46331589173014,2.67533204997117,2.78887169503134,2.45154807010078,2.75290716893256,2.57738650998498,2.61436596430496,1.83870833124244,2.26746816460269,2.29581240190721,2.47693106603547,1.35664607077274,2.43268091329791,1.25564465791519
Rps16,1.98665223512963,0,0,1.00230430527632,0,1.60139987550942,1.68702138365538,1.65454731780045,1.98850106303768,1.95784146845077,0,1.76661110445625,0,1.03069372533345,1.33000849483997,0,1.34674723599607,1.35139074674662,0.860170751157131,2.15652270956595,1.81064566117074,2.15984193763164,1.20075845024424,1.78429364443753,2.12662220606167,2.09929990284428,1.80086365449122,2.13268792035807,1.63196194092442,2.11732682497735,1.23691749750954,1.25035660480171,1.71787982509928,1.77692154004254,0,1.83242672123012,0
Rps17,2.0008732511671,0,0,1.01856861544205,0,1.16330170760406,1.53424854156577,1.68088597938309,1.9846487074517,1.91330562305845,0,1.53629908389755,0,0,0,0.756124513406316,1.0859939907886,0.897545843145849,0.790521081677125,2.27568285854558,1.98026901910829,2.2209392506027,1.20561144532664,1.64854074220433,2.07106395531597,2.05083372796787,1.46676326775195,2.15652270956595,1.59989027141686,2.1399567450062,1.29310552602502,0,1.36183412974489,1.84405361540936,0,1.66713975193329,0
Rps18,1.78888223127283,0,0,0.630864409930128,0,1.42021843757953,1.28746974646906,1.43087006634642,1.82254606871418,1.6622303313443,0,1.39092144755286,0,0,0,0,0,0,0.616488667950611,2.39357152354734,1.86491681442611,2.34956934344648,1.04552677080472,1.64495478985937,2.09692240889243,2.16391502284394,1.46965317465335,2.25826855580627,1.39534049810874,2.10996073561769,0.913610457649452,0,1.492583455458,1.73140959995176,0,1.6786742204943,0
Rps19,2.58931792038416,0,0,1.52881743390406,0,2.03674376418224,2.16639244715404,2.18741444763657,2.44422356224516,2.50508448728642,0,2.22608431960649,0,1.48049622333432,1.6687619583859,1.11077040878114,1.90143799427641,1.44667371108795,1.07529360453338,2.73982762985928,2.57360964879742,2.65465715391884,1.68422631146532,2.5453654133903,2.76282729246853,2.84195239976139,2.40838941531433,2.76735098319424,1.92002522470916,2.71102155665208,1.60551763454886,1.81064566117074,2.2842036471316,2.46205004849401,1.20318897203473,2.60459669913854,1.10182553650777
Rps2,2.65649450538863,0,0,1.32403155329589,0,1.75094357425075,1.91330562305845,2.18362106116569,2.92832728755009,2.46771848093104,0,1.84636391428432,0,1.097475179676,1.46183771041957,0.963848043045194,1.53426970964996,1.37245228319119,0.729801464925562,2.76192472566619,2.33091737705044,2.97292220052898,1.21269504491662,1.80346290469455,2.50676646740076,2.45432075864573,1.73557446281836,2.43366457686185,1.75735421064201,2.38862574288109,1.50293280347238,1.81064566117074,1.70058266346626,1.99656296519316,0,2.01264015670436,0
Rps20,1.80271833518672,0,0,1.08301447851807,0,1.49332298726413,1.6687619583859,1.60664581199131,1.87835491014606,1.98061396654374,0,1.74186480749288,0,1.24947909522414,0.667453294076458,1.15884117638305,1.34419529584505,1.39312531473506,1.00175309491419,2.48139633534891,2.04319989844214,2.25430969363277,1.35035584432242,1.99953944338514,2.34550597379412,2.43761119087616,1.79312332040304,2.30641120136115,2.33625087275907,2.31218953314822,1.6812007783623,1.70058266346626,1.82579641856786,2.37876885236694,1.04312398199921,2.12991899243804,0
Rps21,1.44022765401591,0,0,0.608455360527412,0,1.362888003932,1.28746974646906,1.30435729109979,1.712948479782,1.56063373464383,0,1.47359530326567,0,0,0,0.708428453186098,0.438073207470003,0,0.809566759091486,2.3344697638885,2.08755076781693,2.30970247802754,1.13260852922615,1.96779379211221,2.18106049593769,2.18950366056377,1.85100579591736,2.14831368533581,1.72667652628008,2.16639244715404,1.59248161847065,1.56631577444183,1.87090119100754,2.04710173730456,0.750779957409587,1.80437295196232,0
Rps23,2.01997855559405,0,0,0.947179068260268,0,1.71876743595989,1.67535079009081,1.77347036154736,2.10222288210078,1.94861554322531,0,1.59393945088559,0,0.964163516626526,1.43655511452099,0.822619778471941,1.35191927511324,1.34418192559918,0.773662853532132,2.39649249441999,2.09080500314113,2.41146766849599,1.2175126687742,1.94571281275047,2.29567007258379,2.27747341007785,1.79892152212496,2.14481802412992,1.62729361356887,2.34605310921907,1.19375503130507,1.27636721024492,1.87292716034466,2.1149772587278,0.301381391607559,1.85069582423725,0
Rps24,2.06945392913332,0,0,1.18487569170749,0,1.84283591745641,1.78291854463093,1.81228826845288,1.98598471220317,2.30987401785323,0,1.81016109918668,0,1.51409591137067,1.55219482188851,1.1028499854564,1.49583032210137,1.54109702407664,1.05833536532994,2.54608489229259,2.37489455860296,2.38671736618868,1.5373221102048,2.46162409103559,2.47527264803639,2.68443426197447,2.27412609427641,2.64057674720936,1.82654893442997,2.43695214916396,1.66385968825016,1.73736636727744,2.2542869723839,2.58067303574629,1.06148825013884,2.34917271521874,1.09019627786419
Rps25,1.84403712894674,0,0,1.01856861544205,0,1.13982458700324,1.48175853978139,1.58656563090251,1.73916709152074,1.79312332040304,0,1.43893167499766,0,0.787827037960131,1.12028973735866,0,1.18323526303407,0.749862727072657,0.811701595391086,2.1942857312478,2.00759810558816,2.14120836221993,1.19727911120288,1.71222137702531,2.16391502284394,2.02432826285784,1.65253838680807,1.98910867633993,1.57492444360368,2.18759773939906,1.33002139010287,0,1.65736866504578,1.71048681069012,0,1.68325150321081,0
Rps26,2.56574541396795,0,0,1.29027779660264,0,1.74911595078123,2.28083257031865,2.2641559469344,2.87309635971191,2.62738884744048,0,2.36828194216756,0,1.53972198539586,1.69038911394819,1.37875698808094,1.76382311706093,1.75919688109656,1.17401897107784,3.11336349650735,2.7448573009001,3.14335508231379,1.60213503141674,2.59377144166971,2.98934506872589,3.00005266604358,2.40264746398163,2.93137791298459,2.22529052228362,2.78858711991217,1.75025721416455,1.77597813368912,2.47282583347826,2.72812161989204,1.28841082648027,2.62200617003669,1.17671356496444
Rps27,2.09109367385196,0,0,1.2279739120628,0,2.8517101739533,1.80711036302054,1.75094357425075,2.23357565378445,2.15505138928942,0,2.41336084343265,0.984972626525905,2.11058264978108,1.97459730154865,1.20685415703759,1.81064807482428,2.35606260267012,1.45451622727542,2.81541075003435,2.62858087355262,2.75382142292859,1.75919688109656,2.94260542368413,2.7953665507336,3.07028406008813,2.7351985548681,2.90699024531244,2.17286523577351,2.73699970207073,2.01510573038756,1.7074547726545,2.8556378473173,2.55204880012246,1.62963433985888,2.82212368400905,1.36236106683845
Rps28,1.08975910473184,0,0,0,0,0,0,0.779200419645244,0.947076604718541,0.882454984697821,0,0,0,0,0,0,0,0,0.59755907476367,2.11198352945089,1.91107767834995,2.01221457246185,1.13118627806138,1.83902533429586,2.15262890605513,2.17762466427615,1.81261646663406,2.10918394677562,1.4179173062568,2.14191518886088,1.17096860703217,0,1.80587947799089,1.91178981233744,0,1.7722201963069,0
Rps29,2.61948370991209,0.780186687242311,0,1.58803409059498,0,2.23514403426279,2.15505138928942,2.13685770111099,2.44333917116685,2.25483247003419,0,2.25757755416178,0,1.5691738420973,1.80281051762243,1.50694010154728,1.67370540197294,1.71613246690027,1.723145803899,3.26555249877092,3.30640836262524,3.24088786646514,2.33294571049514,2.98834713001634,3.32609268001117,3.2751656985744,3.07943996263619,3.25500925475312,2.44754608537609,3.32788257708812,2.59571108046216,1.71091408945634,3.19045657445498,3.20973144814129,1.48492724095961,2.90935893903951,1.60739987469379
Rps3,2.24865131637469,0.796602528426078,0,1.28281848479401,0,1.82856157958704,1.81855804391346,2.02521766790584,2.29895130893193,2.33625087275907,0,1.80769909782336,0,1.35763606248237,1.47297109501706,0.863834820561746,1.66386499415512,1.61651458698625,1.11097711612429,2.54388527850355,2.25069458522235,2.4505465691184,1.46153105358118,2.19486156318364,2.43629398117151,2.54419926724254,1.84811430925872,2.4450529876142,1.72490914805924,2.37443088647911,1.59839760603879,1.66630638284041,1.98206425942266,2.0909687546563,0.976545321276291,2.1689762822174,1.11647599621966
Rps3a1,2.50356142528819,0,0,1.35035584432242,0,1.85412115874272,2.05539580654084,2.3180028894965,2.62184772332611,2.59571079326794,0,2.36428590654037,0,1.63980860494781,1.62265466621279,1.50494799375164,1.80283189228124,1.79892152212496,0.93388816969031,2.52107164831984,2.36336838116287,2.52358161753396,1.34623316679624,2.23967676818356,2.51375730872088,2.66190698607202,1.75919688109656,2.57965930189811,1.73200301761529,2.42134657753728,1.44428569968273,1.77975626917351,1.97820223805478,2.3606227067016,0.779250935406261,2.26128099181316,0.825382010440276
Rps4x,1.77677514869572,0,0,0.836730180453049,0,1.21552866258882,1.48429020238685,1.50097939678095,1.86428823512593,1.83461963141752,0,1.45816811583676,0,0,1.02836104214438,0,1.13054388614108,1.3452067083885,0.594329157908011,2.12848991133788,1.72094727358715,2.0500422892476,0.947179068260268,1.69506422205685,1.95938456164397,2.11128281717427,1.51674951676348,2.04971242415287,1.43419646826151,1.88602933187085,1.05571678803367,0,1.57040223321228,1.9420623656652,0,1.67369998130654,0
Rps5,2.07087556281893,0,0,0.99791220154462,0,1.56774480826956,1.83057422474411,1.82134625428476,2.20154804909293,2.26085385488961,0,1.70831862661915,0,1.06267806350324,1.40427764506274,0,1.48117646931959,1.35346566237033,0.787156464448117,2.51357955209652,2.09449005136957,2.45934225442725,1.0826904595103,1.99953944338514,2.31442766202795,2.32256648051129,1.7816521198429,2.29952292701753,1.58803409059498,2.16837921710904,1.46398829141944,1.55851494540317,1.69972797676755,2.04710173730456,0,1.87582701026314,0
Rps6,1.4290462072265,0,0,0,0,0.784998225845063,0.960110606775443,1.12641863998395,1.34264809176613,1.37782836660361,0,1.07401797125867,0,0,0,0,0,0,0,1.04372332868526,0.666259523126533,1.07430127203106,0,0.174886877834269,1.15812139360748,1.21979825718703,0,1.18097404799461,0,1.2154430202092,0,0,0,0.691224407573425,0,0.838824487652924,0
Rps7,2.02156515668032,0,0,1.11647599621966,0,1.71357840299644,1.69377183074314,1.81039968800367,2.11308736367219,2.09945349417693,0,1.625280609773,0,1.16412384450021,1.31419654743662,0,1.36560996628484,1.1967457185463,1.01515865708713,2.56161619056526,2.08937167941839,2.43545399424438,1.40954820810067,2.19716816300007,2.38455803078552,2.58174713038894,1.93706302220075,2.53078634204004,2.18039092830211,2.43091141044283,1.21445393187947,1.39202055982568,1.96466245135433,2.09671913746929,1.15924810547039,2.10049161377801,0
Rps8,2.25312086634467,0,0,1.14073950256657,0,1.47487941403053,1.72667652628008,2.01972591899453,2.3633691486376,2.24398210188245,0,1.7400625161142,0,1.20561144532664,1.12203231312915,0.848320189166321,1.45945938943618,1.49709095233638,0.871578880893864,2.45758133228817,2.10333303451916,2.40254642796027,1.12835300393212,1.82554635781401,2.18646994775714,2.2379602461426,1.77034457928166,2.26912717266918,1.73378668479939,2.15431661665499,1.46384716278549,1.76475098349585,1.68618177998513,2.16099398092321,0.728628869356115,1.79136133280818,0
Rpsa,2.43529408271037,1.02142885870124,0,1.62884644328951,0,2.0056453377564,2.13469838844812,2.2850482868134,2.62969471271441,2.55567166749455,0,2.10941694319432,0,1.4779785852742,1.60188527130155,1.12124016370739,1.7897617182161,1.63118183321316,1.01572533207102,2.57823821871833,2.40838941531433,2.63636264716964,1.57384268537188,2.15408244960317,2.44783735477644,2.51452530085223,1.85932402014691,2.48566202648788,1.86246527344285,2.34633123140818,1.53152904359842,2.35879626764492,1.9125623157311,2.34630556171451,1.16601320914146,2.14082908081798,1.20439445591518
Rsad2,0,0,0,0,0,0,0,0,0,0,0,0,0,0,0,0,0,0,0,0,0,0,0,0,0,0,0,0,0,0,0,0,0,0,0,0,0
Rsph1,0,0,0,0,0,0,0,0,0,0,0,0,0,0,0,0,0,0,0,0,0,0,0,0,0,0,0,0,0,0,0,0,0,0,0,0,0
Rtp4,0,0,0,0,0,0,0,0,0,0,0,0,0,0,0,0,0,0,0,0,0,0,0,0,0,0,0,0,0,0,0,0,0,0,0,0,0
S100a10,0,0,0,0,0,0,1.02719882126217,0,0,0,0,0,0,0,0,0,0,0,0,0,0,0,0,0,0,0,0,0,0,0,0,0,0,0,0,0,0
S100a11,1.1172722583478,1.17671356496444,1.50915140123904,1.4110619288448,1.50131604403038,1.28614988239866,0.825864849584015,1.2547599086769,0,0,1.95269658937828,0,2.54388527850355,1.16866889281423,0,0.918046867752678,0,0,1.53493039586834,0,1.6084070261403,0,1.65898571648604,0.638166690371579,0.815195959431607,0,0.667692570929989,0,0,1.5369799381333,0,0,0,1.09316589612678,2.30944293122958,0,1.40427861613725
S100a4,0,0,0,0,0,0,0,0,0,0,0,0,0,0,1.53629609310835,0,0,0,0,0,0,0,0,0,0,0,0,0,0,0,0,0,0,0,0,0,0
S100a6,0.406557815831424,0,1.19479053526793,0,1.35398567344919,1.35868297408541,1.67204917252227,0,0,0,2.24290391688162,0,3.00950620746756,1.2229288496722,2.36153678404663,1.1028499854564,0,1.62111482729679,0,0,0,0,0,0,0,0,0.667692570929989,0,0,0,0,0,0,0,2.20567323621,0,0
Samhd1,0,0,0,0,0,0,0,0,0,0,0,0,0,0,0,0,0,0,0,0,0,0,0,0,0,0,0,0,0,0,0,0,0,0,0,0,0
Sdc3,0,0,0,0,0,0,0,0,0,0,0,0,0,0,0,0,0,0,0,0,0,0,0,0,0,0,0,0,0,0,0.716694317922753,0,0,0,0,0,0
Sdc4,0,0,0,0,0,0,0,0,0,0,0,0,0,0,0,0,0,0,0,0,0,0,0,0,0,0,0,0,0,0,0,0,0,0,0,0,0
Selenop,0,0,0,0,0,0,0,0,0,0,0,0,0,0,0,1.44854458733905,0,0,0,0,0,0,0,0,0,0,0,0,0,0,2.2592594124268,0,0,0,0,0,0
Serbp1,1.44925997936185,0,0,0,0,0,0,1.08806865700369,1.28934685802746,1.1656347158372,0,0.68209084280341,0,0,0,0,0,0,0,1.4983842554953,1.23676685646054,1.44670627708853,0.478559470436184,0.875108147893013,1.21640874014789,1.12535919757071,0,1.19117525933775,0,1.12553459799158,0,0,0,0.668235002979796,0,0.642201253937588,0
Serpinb1a,1.44937877564843,1.43478560603293,0,1.8891194151087,1.33402612013583,0,0,1.65314070933299,0,0,0.99247923534671,0,0,0,0,0,0,0,1.33402530586247,0,1.39867753502479,0,1.66385791962576,0,0.482183131059249,0,0,0,0,1.2293831563856,0,0,0,0,1.22126234281781,0,1.33503356953644
Sh3bp5,0,0,0,0,0,0,0,0,0,0,0,0,0,0,0,0,0,0,0,0,0,0,0,0,0,0,0,0,0,0,0,0,0,0,0,0,0
Shisa5,0,0,0,0,0,1.13368724255381,0,0,0,0,0,0,0,0,0,0,0,0,0,0,0,0,0,0,0,0,0,0,0,0,0,0,0,0,0,0,0
Siglech,0,0,0,0,0,0,0,0,0,0,0,0,0,0,0,0,0,1.79119992242521,0,0,0,0,0,0,0,0,0,0,0,0,0,0,0,0,0,0,0
Sirpb1b,0,0,0,0,0,0,0,0,0,0,0,0,0,0,0,0,0,0,0,0,0,0,0,0,0,0,0,0,0,0,0,0,0,0,0,0,0
Sirpb1c,0,0,0,0,0,0,0,0,0,0,0,0,0,0,0,0,0,0,0,0,0,0,0,0,0,0,0,0,0,0,0,0,0,0,0,0,0
Skap1,0,0,0,0,0,0,0,0,0,0,0,0,0,0,0,0,0,0,0,0,0,0,0,0,0,0,0,0,0,0,0,0,0,0,0,0,0
Slamf6,0,0,0,0,0,0,0,0,0,0,0,0,0,0,0,0,0,0,0,0,0,0,0,0,0,0,0,0,0,0,0,0,0,0,0,0,0
Slamf7,0,0,0,0,0,0,0,0,0,0,0,0,0,0,0,0,0,0,0,0,0,0,0,0,0,0,0,0,0,0,0,0,0,0,0,0,0
Slc11a1,0,0,0,0,0,0,0,0,0,0,0,0,0,0,0,0,0,0,0,0,0,0,0,0,0,0,0,0,0,0,0,0,0,0,0,0,0
Slc15a3,0,0,0,0,0,0,0,0,0,0,0,0,0,0,0,0,0,0,0,0,0,0,0,0,0,0,0,0,0,0,0,0,0,0,0,0,0
Slc16a3,0,0,0,0,0,0,0,0,0,0,0,0,0,0,0,0,0,0,0,0,0,0,0,0,0,0,0,0,0,0,0,0,0,0,0,0,0
Slc25a5,1.97178463154447,0,0,1.09283036082904,0,0.937035661873555,1.78545747664793,1.77128127349273,1.91689037037373,1.86351503733205,0,1.65254011224634,0,0,1.55219482188851,0.376454212223093,1.21173650439235,1.15737566750242,0.835592572651069,2.29866537165831,1.98545781709638,2.14494599595576,1.13689792619938,1.56465481779763,2.25170040662763,1.9028147136086,1.79312332040304,2.02394724766351,1.54523830221152,2.01301376771625,1.5274714197451,1.56134187011346,1.5065228478498,1.53906255930284,0.714142003773709,1.64900295182149,0
Slc2a3,0,0,0,0,0,0,0,0,0,0,0,0,0,0,0,0,0,0,0,0,0,0,0,0,0,0,0,0,0,0,0,0,0,0,0,0,0
Slc2a6,0,0,0,0,0,0,0,0,0,0,0,0,0,0,0,0,0,0,0,0,0,0,0,0,0,0,0,0,0,0,0,0,0,0,0,0,0
Slc4a1,0,0,0,0,0,0,0,0,0,0,0,0,0,0,0,0,0,0,0,0,0,0,0,0,0,0,0,0,0,0,0,0,0,0,0,0,0
Slfn1,0,0,0,0,0,0,0,0,0,0,0,0,0,0,0,0,0,0,0,0,0,0,0,0,0,0,0,0,0,0,0,0,0,0,0,0,0
Slfn2,0,0,0,0,0,0,0,0,0,0,0,0,0,0,0,0,0,0,0,0,0,0,0,0,0,0,0,0,0,0,0,0,0,0,0,0,0
Slfn4,0,0,0,0,0,0,0,0,0,0,0,0,0,0,0,0,0,0,0,0,0,0,0,0,0,0,0,0,0,0,0,0,0,0,0,0,0
Slfn5,0,0,0,0,0,0,0,0,0,0,0,0,0,0,0,0,0,0,0,0,0,0,0,0,0,0,0,0,0,0,0,0,0,0,0,0,0
Slpi,0.425768192647275,0,0,0,0,0,1.09814210458381,0,0,0,1.5281418219579,0,1.95914896631387,0.988174734520971,0,0.925577384364277,0,0,0.623488273076034,0,0,0,0,0,0.787827184436772,0,0,0,0,0,0,0,0,0,1.17444141834429,0,0
Snn,0,0,0,0,0,0,0,0,0,0,0,0,0,0,0,0,0,0,0,0,0,0,0,0,0,0,0,0,0,0,0,0,0,0,0,0,0
Spib,0,0,0,0,0,0,0,0,0,0,0,0,0,0,0,0,0,0,0,0,0,0,0,0,0,0,0,0,0,0,0,0,0,0,0,0,0
Srgn,2.70890157704093,0,0,0.984972626525905,0,1.07431777970685,0.866243730045253,2.95672589346858,0,1.59839760603879,0,1.0522013239863,1.71264961375029,1.15218376157665,0,0,2.67679266559355,0.876564092914692,0.517189067472906,0.960110606775443,2.89143254847944,0.616001119555385,0.899965833460518,2.88257273882608,1.63248265418239,1.69926012167487,1.40766097427435,1.68478450234129,1.79312332040304,2.93822220040588,1.00400012090034,1.72667652628008,1.32403155329589,2.47986895732895,0.970579744969729,1.31224901343221,0
St3gal5,0,0,0,0,0,0,0,0,0,0,0,0,0,0,0,0,0,0,0,0,0,0,0,0,0,0,0,0,0,0,0,0,0,0,0,0,0
Stfa2l1,0,0,0,0,0,0,0,0,0,0,0,0,0,0,0,0,0,0,0,0,0,0,0,0,0,0,0,0,0,0,0,0,0,0,0,0,0
Stk17b,0,0,0,0,0,0,0,0,0,0,0,0,0,0,0,0,0,0,0,0,0,0,0,0,0,0,0,0,0,0,0,0,0,0,0,0,0
Tarm1,0,0,0,0,0,0,0,0,0,0,0,0,0,0,0,0,0,0,0,0,0,0,0,0,0,0,0,0,0,0,0,0,0,0,0,0,0
Tgfbi,0,0,0,0,0,0,0,0,0,0,0,0,0,0,0,0,0,0,0,0,0,0,0,0,0,0,0,0,0,0,0,0,0,0,0,0,0
Thbs1,0,0,0,0,0,0,0,0,0,0,0,0,0,0,0,0,0,0,0,0,0,0,0,0,0,0,0,0,0,0,0,0,0,0,0,0,0
Thy1,0,0,0,0,0,0,0,0,0,0,0,0,0,0,0,0,0,0,0,0,0,0,0,0,0,0,0,0,0,0,0,0,0,0,0,0,0
Timp2,0,0,0,0,0,0,0,0,0,0,0,0,0,0,0,0,0,0,0,0,0,0,0,0,0,0,0,0,0,0,0,0,0,0,0,0,0
Tlr13,0,0,0,0,0,0,0,0,0,0,0,0,0,0,0,0,0,0,0,0,0,0,0,0,0,0,0,0,0,0,0,0,0,0,0,0,0
Tmcc1,0,0,0,0,0,0,0,0,0,0,0,0,0,0,0,0,0,0,0,0,0,0,0,0,0,0,0,0,0,0,0,0,0,0,0,0,0
Tmem154,0,0,0,0,0,0,0,0,0,0,0,0,0,0,0,0,0,0,0,0,0,0,0,0,0,0,0,0,0,0,0,0,0,0,0,0,0
Tmem71,0,0,0,0,0,0,0,0,0,0,0,0,0,0,0,0,0,0,0,0,0,0,0,0,0,0,0,0,0,0,0,0,0,0,0,0,0
Tmsb10,0.472504201566736,0,0,0,0,2.26360423451141,2.32561321876161,0,0,1.14158348950753,0,1.70918248058381,0,1.35450568452806,2.25920784572693,0,1.28944478039962,1.3452067083885,0,0,0,0,0,1.07823792839811,1.23611408669055,1.17248511359532,1.84072582589553,0.788498783285992,0,0,0,0,1.64217889784934,0,0,1.27363360563473,0
Tnfaip3,0,0,0,0,0,0,0,0,0,0,0,0,0,0,0,0,0,0,0,0,0,0,0,0,0,0,0,0,0,0,0,0,0,0,0,0,0
Tnfrsf13c,0,0,0,0,0,0,0,0,0,0,0,0,0,0,0,0,0,0,0,0,0,0,0,0,0,0,0,0,0,0,0,0,0,0,0,0,0
Tpd52,0,0,0,0,0,0,0,0,0,0,0,0,0,0,0,0,0,0,0,0,0,0,0,0,0,0,0,0,0,0,0,0,0,0,0,0,0
Tpm4,0,0,0,0,0,0,0,0,0,0,0,0,0,0,0,0,0,0,0,0,0,0,0,0,0,0,0,0,0,0,0,0,0,0,0,0,0
Trac,0,0,0,0,0,0,0,0,0,0,0,0,0,0,0,0,0,0,0,0,0,0,0,0,0,0,0,0,0,0,0,0,0,0,0,0,0
Trbc1,0,0,0,0,0,0,0,0,0,0,0,0,0,0,0,0,0,0,0,0,0,0,0,0,0,0,0,0,0,0,0,0,0,0,0,0,0
Trbc2,0,0,0,0,0,0,0,0,0,0,0,0,0,0,0,0,0,0,0,0,0,0,0,0,0,0,0,0,0,0,0,0,0,0,0,0,0
Trem1,0,0,0,0,0,0,0,0,0,0,0,0,0,0,0,0,0,0,0,0,0,0,0,0,0,0,0,0,0,0,0,0,0,0,0,0,0
Trib1,0,0,0,0,0,0,0,0,0,0,0,0,0,0,0,0,0,0,0,0,0,0,0,0,0,0,0,0,0,0,0,0,0,0,0,0,0
Trim30b,0,0,0,0,0,0,0,0,0,0,0,0,0,0,0,0,0,0,0,0,0,0,0,0,0,0,0,0,0,0,0,0,0,0,0,0,0
Trp53i11,0,0,0,0,0,0,0,0,0,0,0,0,0,0,0,0,0,0,0,0,0,0,0,0,0,0,0,0,0,0,0,0,0,0,0,0,0
Trp53inp1,0,0,0,0,0,0,0,0,0,0,0,0,0,0,0,0,0,0,0,0,0,0,0,0,0,0,0,0,0,0,0,0,0,0,0,0,0
Trpm2,0,0,0,0,0,0,0,0,0,0,0,0,0,0,0,0,0,0,0,0,0,0,0,0,0,0,0,0,0,0,0,0,0,0,0,0,0
Tuba1b,1.53259617522243,1.09581252409971,0,0.921440511047657,0,0,1.42717048125768,0.97706083294632,1.72052080747975,1.34794766629154,0,1.68451691602017,0,0,0,0,0,0,1.01346257404982,1.56286056876547,0.973413628526414,1.59330356682981,1.08107340296198,0.225122971235725,1.329308284381,1.25786384274724,1.2782028706334,1.16261709421265,0,0.99654786320721,0,0,0,0,0,1.53603720770649,0.915002073281687
Ube2c,0.271604826718493,0,0,0,0,0,0,0,0,0,0,0,0,0,0,0,0,0,1.04794150101854,0,0,0.537197061771318,0,0,0,0,0,0,0,0,0,0,0,0,0,0,0
Upb1,0,0,0,0,0,0,0,0,0,0,0,0,0,0,0,0,0,0,0,0,0,0,0,0,0,0,0,0,0,0,0,0,0,0,0,0,0
Vpreb3,0,0,0,0,0,0,0,0,0,0,0,1.85100841748878,0,0,0,0,0,0,0,0,0,0,0,0,0,0,0,0,0,0,0,0,0,0,0,1.58623258265294,0
Vsir,0,0,0,0,0,0,0,0,0,0,0,0,0,0,0,0,0,0,0,0,0,0,0,0,0,0,0,0,0,0,0,0,0,0,0,0,0
Wfdc17,0,0,0,0,0,0,0,0,0,0,0,0,0,0,1.33000849483997,0,0,0,0,0,0,0,0,0,0,0,0,0,0,0,0,0,0,0,0,0,0
Wfdc21,0.813148895192451,3.0596554789654,2.76057584952885,2.7654486689919,3.25443378486307,1.72054878375086,0,1.64165380464492,0,0,3.26145147169822,0.853214299005502,2.65678866135643,1.84482225935232,1.28096798576209,2.29055596488456,0,1.4983842554953,3.4531227236771,0,1.52387565914052,0.330717506679762,3.25828725422101,0,0,0,0,0,2.46975829768265,1.32073577873525,0.96545754215942,1.80378632411325,0,0.766780166573608,3.43531809174199,0.999829517449458,3.18847187698986
Xcl1,0,0,0,0,0,0,0,0,0,0,0,0,0,0,0,0,0,0,0,0,0,0,0,0,0,0,0,0,0,0,0,0,0,0,0,0,0
Ypel3,0,0,0,0,0,0,0,0,0,0,0,0,0,0,0,0,0,0,0,0,0,0,0,0,0,0,0,0,0,0,0,0,0,0,0,0,0
Zbp1,0,0,0,0,0,0,0,0,0,0,0,0,0,0,0,0,0,0,0,0,0,0,0,0,0,0,0,0,0,0,0,0,0,0,0,0,0
Zfp36,0,0,0,0,0,0,0,0,0,0,0,0,0,0,0.698256625802598,0,0,0,0,0,0,0,0,0,0,0,0,0,0,0,0,0,0.723966840215495,0,0,0,0
Zfp36l1,0,0,0,0,0,0,0,0,0,0,0,0,0,0,0,0,0,0,0,0,0,0,0,0,0,0,0,0,0,0,0,0,0,0,0,0,0
