,Fetal_Lung_7,unassigned,Fetal_Lung_1,Fetal_Lung_5,Fetal_Lung_2,Fetal_Lung_6,Fetal_Lung_9,Fetal_Lung_10,Fetal_Lung_11,Fetal_Lung_3,Fetal_Lung_13,Fetal_Lung_4,Fetal_Lung_8,Fetal_Lung_12
1810022K09Rik,0,0,0,0,0,0,0,0.666784942358714,0,0,0,0,0,0
1810058I24Rik,0,0,0,0,0,0,0,0,0,0,0,0,0,0
2010107E04Rik,0.823697421590834,0,1.0621123323487,0.773017019259771,0.993052346562698,0.86955642965932,1.01357511392155,1.17217168330312,0.94343167129878,1.04093180424093,0.830139651039306,1.13059985142198,0.995386244991465,1.06051790046941
2410015M20Rik,0,0,0,0,0,0,0,0,0,0,0,0,0,0
2700060E02Rik,0,0,0,0,0,0,0,0,0,0,0,0,0,0
Acta2,0,0,0,0,0,0,0,0,0,0,0,2.36915196920419,0,0
Actb,0.729152802439786,0,1.09673767784837,0.76707058521285,1.1341559403964,0,1.0725902034769,0.547143688163647,1.71053132638556,0.991509383592113,0.896926580799491,1.32423883931343,1.73042436804541,1.11709360294322
Actg1,0,0,0,0,0,0,0,0,0,0,0.642169374987239,0.595979961397168,0.811866848124351,0
Actg2,0,0,0,0,0,0,0,0,0,0,0,0.921216082104118,0,0
Adh1,0,0,0,0,0,0,0,0,0,0,0,0,0,0.922928400653571
Adh5,0,0,0,0,0,0,0,0,0,0,0,0,0,0
Akr1a1,0.612378994756346,0,0.418094327054227,0,0.807740745817873,0,0,0,1.10991963761462,0.513936701570252,1.00479150473685,0.828737535881148,0.924907575794594,0.877825169796608
Alas2,0,1.02129740199134,0,0.85309740958559,0,0.880810378334373,0,0,0,0,0,0,0,0
Anapc11,0,0,0,0,0,0,0,0,0,0,0,0,0,0
Anapc13,0,0,0,0,0,0,0,0,0,0,0,0,0,0
Ankfy1,0,0,0,0,0,0,0,0,0,0,0,0,0,0
Anp32b,0,0,0,0,0,0.559559290664641,0,0.61439318185723,0,0,0,0,0,0
Anxa5,0,0,0,0,0,0,0,0,0,0,0,0,0,0
Anxa6,0,0,0,0,0,0,0,0,0,0,0,0,0,0
Apoe,0,0,0,0,0,0,0,0,3.19772765168996,0,0,0,1.3190626197425,0
Aprt,0,0,0,0,0,0,0.645667065573871,0.254262638877639,0,0,1.11654087921388,0,0.880215579617579,0
Arf4,0,0,0,0,0,0,0,0,0,0,0,0,0,0
Arhgdia,0,0,0,0,0,0,0,0,0,0,0,0,0,0
Arl6ip1,0,0,0,0,0,0,0,0,0,0,0,0,0,0
Arpc1b,0,0,0,0,0,0,0.97560387184904,0,1.16679960690776,0,0,0,1.48253391815685,0
Arpc2,0,0,0,0,0,0,0.57726504070329,0,0.874586453539528,0,0,0,1.00242629313513,0
Arpp19,0,0,0,0,0,0,0,0,0,0,0,0,0,0
Atox1,0,0,0,0,0,0,0,0,0,0.971894584308268,0,0,0,0
Atp5a1,0.599743908559616,0,0.869796048162449,0,0.897085318003189,0,0.797286855887373,0.96383624533489,0.740163596172018,0.940471008654285,0.692910068783306,0.909473315598778,0.927554963217476,0.936515757020578
Atp5b,0.76616404934674,0,0.897085318003189,0.744618778167643,0.876904514825017,0.868139022610978,0.864542107131633,0.992023150714501,0.898686063266505,1.04008020297877,0.959993362382523,0.987674295736678,0.9554132218986,0.892207985024399
Atp5c1,0,0,0,0,0,0,0.775793482935347,0.831653204581385,0.729774140875265,0.639343792739711,0,0.800748382306002,0.768025933897585,0
Atp5d,0,0,0,0,0,0.272772843018809,0.785674083040366,0.81813440686918,0.675952107905717,0.825276046904134,1.01742974327925,0,0.755391413757191,0
Atp5e,0.591610241512306,0,0,0,0,0.643439666192765,0.623031454917629,0,0.510246671687583,0.773478349380059,0.653645280288944,0.473474572757232,0,0
Atp5f1,0.491264410259441,0,0.906259082693992,0,0.809763936396817,0.832738737801951,0.916282305372608,0.952359216996572,0.802355427181819,0.813841682503029,0.677677127346294,0.847770525898904,0.884743489308333,0.987032414672232
Atp5g1,0.763008368011209,0,1.17107944002413,0.717877903885534,0.988438353894611,0.714886375478118,1.0725902034769,1.4037739030627,0.971952878015292,0.893345094233733,1.03987519280148,0.922549628414244,1.06495883626266,1.03345866914641
Atp5g3,0,0,0,0,0,0,0,0.676238766838852,0,0,0.617538017998617,0,0,0
Atp5h,0.58033445132054,0,0,0,0,0.629359631912235,0,0.672980094180562,0.511477687280369,0.458875872397568,0.573124649769763,0.674913129549023,0.574614260613957,0.841984792645368
Atp5j,0.664406950333838,0,1.06359605697793,0.703513374462138,0.944631598979705,0.717667721765752,0.970419049947198,1.04093180424093,0.884990346636744,1.03080757671112,1.00518580443202,1.11758991926818,0.941862080924297,1.08386445132954
Atp5j2,0.995376171570878,0,1.06092846280224,0.690088574228982,1.01357511392155,0.909308948017595,0.911080592087752,0.960940183674394,0.926203367925346,1.03668827901779,1.04192793638858,1.06072077381074,1.0090111283102,1.07538511054393
Atp5k,0.814354366561319,0,1.09446106408141,0.699543109483446,1.03289982804908,0.855077766386834,1.08174489036865,1.1230513246422,0.849178697870737,1.02499598145899,0.978225198538345,1.0845440798908,0.954597345128349,0.885668461143774
Atp5o,0.80597894329839,0,0.960940183674394,0.651142701921318,0.932940952184428,0.683830046511478,0.668151589655686,0.887794694834458,0.77304830992707,0.789025177657573,1.01640963282812,0.989204874112012,0.765045471767195,0.920319936262459
Atxn10,0,0,0,0,0,0,0,0,0,0,0,0,0,0
B2m,0,0,0,0,0,0,0.883526644410141,0,1.48889065071057,0,0,0,1.27232645814649,0
Banf1,0,0,0,0,0,0,0.391065675994415,0.730587647043274,0,0,0,0,0,0
Bex3,0,0,0.629181067284669,0.443123157313277,0.635300723972134,0,0,0,0,0.848606343663315,0,0,0,0
Birc5,0,0,0,0,0,0.558185832366757,0,0.478918698799275,0,0,0,0,0,0
Blvrb,0,0,0,0,0,1.56105867636637,0,1.07668967900224,0,0,0,0,0,0
Bpgm,0,0,0,0,0,0,0,0,0,0,0,0,0,0
Brk1,0,0,0,0,0,0,0,0,0,0,0,0,0,0
Bsg,0,0,0,0,0,0.583681944853953,0,0,0,0,0,0,0,0
Btf3,0,0,0,0,0,0,0.562639876194879,0.644392259064851,0,0.567267063794431,0,0,0,0
Bzw2,0,0,0,0,0,0,0,0,0,0,0,0,0,0
C1qb,0,0,0,0,0,0,0,0,1.67119176219569,0,0,0,0,0
Cald1,0,0,0,0,0,0,0,0,0,0,0,0,0,0
Calm1,1.05651339577565,0,1.34548848330123,0.922208107978676,1.29620074447421,0.712520229269346,1.44518889963889,1.05563498311474,1.57295477284487,1.84615743824717,1.59457332669916,1.5656150410157,2.01582391518378,1.24472059418983
Calm2,0,0,0,0,0,0,0,0,0.4353825834474,0,0,0,0,0
Calr,0,0,0,0,0,0,0.323923626223437,0,0,0,0,0,0,0
Capzb,0,0,0,0,0,0,0,0,0,0,0,0,0.50119156766167,0
Car2,0,0,0,0,0,1.86841785735549,0,1.22166260164644,0,0,0,0,0,0
Ccnb1,0,0,0,0,0,0,0,0,0,0,0,0,0,0
Ccnd2,0,0,0,0,0,0,0,0,0,0,0,0,0,0
Cct3,0,0,0,0,0,0,0,0,0,0,0,0,0,0
Cct5,0,0,0,0,0,0,0,0,0,0,0,0,0,0
Cct6a,0,0,0,0,0,0,0,0,0,0,0,0,0,0
Cct7,0,0,0,0,0,0,0,0.61439318185723,0,0,0,0,0,0
Cct8,0,0,0,0,0,0,0.562639876194879,0.859353110815245,0,0,0,0,0,0
Cd24a,0,0,0,0,0,1.7485382369211,0,0.711593418941148,0,0.677175726755489,0,0,0,0
Cd52,0,0,0,0,0,0,0,0,0,0,0,0,1.39738556269217,0
Cd63,0.646626540761351,0,0.955201841049798,0.628273432716492,1.00241598746931,0,0.540159422806308,0,0.778139767973905,0.608673701784149,0.767110156350484,1.01438276731861,0,0.885668461143774
Cdc42,0,0,0,0,0,0,0.628676497258189,0,0.863725648362698,0,0.47425698749371,0,0.98958782569312,0
Cdk4,0.971894584308268,0,1.21356646071854,0.827390574569384,1.18098761247762,0,0.818998537040255,0.906259082693992,0.630027549931379,1.32957104330983,1.01082087726449,1.15760543035271,0.426844797719118,1.29767794636155
Cdkn1c,0,0,0,0,0.516158454981343,0,0,0,0,0,1.1830196550357,0,0,0
Cenpa,0,0,0,0,0,0,0,0,0,0,0,0,0,0
Cfdp1,0,0,0,0,0,0,0,0,0,0,0,0,0,0
Cfl1,1.32885709008194,0,1.71878515647406,1.20057768567173,1.61710176502535,1.2056922130019,1.94927943833051,1.47540866974133,2.16095173992608,1.63389928482423,1.54439938283007,2.04541379467839,2.2343486045224,1.42209983996488
Chchd2,1.30163783510412,0,1.48934291436387,1.08731663755027,1.39897530506782,1.18825457760026,1.41429362123601,1.76650255566543,1.32049794281232,1.56850389468138,1.52172977352055,1.43039646326334,1.22368568030087,1.43125515011248
Cks1b,0,0,0,0,0,0,0,0,0,0,0,0,0,0
Clic1,0,0,0,0,0,0,0.691921823240684,0,0.991206547089454,0,0.5812482331352,0,0.971526574351313,0
Clta,0,0,0,0,0,0,0,0,1.29081186369087,0,0,0,0.84861239003196,0
Cnbp,0,0,0.650817992628139,0.443123157313277,0,0,0.834340344498288,0.879300690789318,0,0.789506298465332,0.685927184502007,0,0,0.987031096020768
Cnn2,0,0,0,0,0,0,0,0,0,0,0,0.829528922306825,0,0
Cnpy2,0,0,0,0,0,0,0,0,0,0,0,0,0,0
Col1a1,0,0,0,0,0,0,0,0,0,0,0,0,0,0
Col1a2,0,0,0,0,0.985387020842384,0,0,0,0,0,1.0219229991236,0.729570624963084,0,0
Col3a1,0,0,0,0,0,0,0,0,0,0,0.830139651039306,0,0,0
Cops9,0,0,0,0,0,0,0.483674299914817,0.254262638877639,0,0,0,0,0,0
Coro1a,0,0,0,0,0,0,0.690454431682738,0,0.712269362389035,0,0,0,1.27623698526935,0
Cotl1,0,0,0,0,0,0,0,0,1.02747898220412,0,0,0,1.02632749756891,0
Cox20,0,0,0,0,0,0,0,0.371367190959027,0,0,0,0,0,0
Cox4i1,0.970419049947198,0,1.25186586743143,0.868622829074561,1.24313474052181,1.10358091424837,1.2449947988521,1.37858289109571,1.32697357838917,1.16890137847704,1.2723222139836,1.24437412338305,1.42526280516964,1.29901033291503
Cox5a,0.514944188596383,0,0.837588565968699,0.572722114907923,0,0.256266447004937,0.877502296104261,1.00084264999948,0.979342664753591,0.960940183674394,0.609916789261606,0.861115218193985,0.980847125612311,1.00260217131284
Cox5b,0,0,0,0,0,0.537404004752809,0.580849238804486,0.879300690789318,0,0,0.924785472336851,0,0.763021610146202,0
Cox6a1,0.763008368011209,0,0.942546550256545,0.76707058521285,0.800245260863719,0.974117223688922,0.911080592087752,1.1230513246422,0.923878284867101,0.97411663648611,1.04192793638858,1.07418181913777,1.00522869808988,1.10879520489547
Cox6b1,0.951651297690565,0,1.18656900154766,0.849724543685388,1.12105678594897,1.03715146764026,1.26328494664992,1.36483513418027,1.22938327657073,1.19220638138077,1.21193833761102,1.20365739268596,1.26425078264545,1.2155086082078
Cox7a2,0.850284781333269,0,1.08638384409169,0.879300690789318,0.960940183674394,0.859936350445897,0.831117909404784,1.20742295991002,0.748006591207895,1.07623256380382,0.994248129642194,1.05410943536639,1.02177663197958,1.11084688758749
Cox7a2l,0,0,0,0,0,0,0,0,0,0,0,0,0,0
Cox7b,0.918906250086199,0,1.13517690697457,0.803226268910329,1.03331934116003,0.874542132547525,1.13876555760883,1.29081186369087,1.02747898220412,1.03415943396977,0.995427170681963,1.08174489036865,1.13140177982163,1.0259219923435
Cox7c,0.599743908559616,0,0.930233584605329,0.644710480693581,0.799750630844254,0.79778955702433,0.873928153744768,1.06092846280224,0.723891952046753,0.968948156005051,1.08500466725239,0.849726061592222,0.731446612970413,1.05106080285797
Cox8a,0.732440943929274,0,1.02499598145899,0.76707058521285,0.902122861391391,0.828718605190873,1.05039636499091,1.17217168330312,1.02445096895881,0.846934708134493,0.977891738924893,0.938404907163626,0.980658617994647,0.937572746387094
Cst3,0,0,0,0,0,0,0,0,1.38792236215668,0,0,0.512409876007635,1.5966446640314,0
Ctsb,0,0,0,0,0,0,0,0,1.85306638759788,0,0,0,0.693770044127747,0
Ctsl,0,0,0,0,0,0,0,0,0.979342664753591,0,0,0,0.418246493531733,0
Ctss,0,0,0,0,0,0,0,0,1.02747898220412,0,0,0,1.20846790413316,0
Cyb5a,0,0,0,0,0,0,0,0,0,0,0,0,0,0
Cyba,0,0,0,0,0,0,0,0,1.01519646031243,0,0,0,1.17960262698619,0
Dad1,0,0,0,0,0,0,0.448098981448916,0.61439318185723,0,0,0.861862535853931,0.556506708056419,0,0
Dbi,0,0,0,0,0,0,0.79047034633064,0.530121782742679,0.807993158106426,0.782824840972093,0.618137527929889,0.576142100706235,0.962751637475694,0.359534439197408
Dcakd,0,0,0,0,0,0,0,0,0,0,0,0,0,0
Dcn,0,0,0,0,0,0,0,0,0,0,0,0,0,0
Dctpp1,0,0,0,0,0,0,0,0,0,0,0,0,0,0
Ddah2,0,0,0,0,0,0,0,0,0,0,0,0,0,0
Ddx39b,0,0,0,0,0,0,0,0,0,0,0,0,0,0
Ddx5,0,0,0,0,0,0,0.514540715144996,0,0,0,0.556046542010607,0,0,0
Dlk1,0,0,0,0,1.00241598746931,0,0,0,0,0,0.909146113606211,0,0,0
Dnaja1,0,0,0,0,0,0,0,0,0,0,0,0,0,0
Dut,0,0,0,0,0,0,0,0.858780510874799,0,0,0,0,0,0
Dynll1,0.68357003760083,0,1.05300887197606,0.654079981878119,1.03668827901779,0.732030406752497,0.755894287899682,0.859353110815245,0,0.858208695844418,0.976001380441753,1.16512315768625,0.680000503830777,1.12106049747473
Dynlrb1,0,0,0,0,0,0,0,0,0,0,0,0,0,0
Eef1a1,0.806230146498879,0,1.13619980749115,0.77765583331643,1.17217168330312,0.820625303730174,1.14134352151724,1.09247713250972,1.02458779985041,1.1311045870668,0.994248129642194,1.03125515266294,1.00561979359739,1.13013798617319
Eef1b2,1.01600008556885,0,1.3693848911837,0.971156235655855,1.3840100091979,0.932263092835974,1.34695579835551,1.48570293092956,1.20800588785822,1.42085229380404,1.34576745833191,1.30678424711175,1.24811999540724,1.32042093604941
Eef1g,0.854510916302523,0,1.19107438369286,0.755234292787089,1.14237814742076,0.838960702245437,1.09357838569301,1.2406638164562,0.723891952046753,1.17546134298409,1.10876523124278,1.06404221487138,0.948849913673067,1.26463533088059
Eef2,0,0,0,0,0,0,0,0.622289843282588,0,0,0,0,0,0
Eif2s2,0,0,0,0,0,0.653132443070963,0.483674299914817,0.973374781857949,0.518074170576224,0.680713001156033,0,0,0.64091670392772,0.838089281585042
Eif3e,0,0,0,0,0,0,0,0,0,0,0,0,0,0
Eif3f,0,0,0,0,0,0,0,0,0,0,0,0,0,0
Eif3h,0,0,0,0,0,0,0,0,0,0,0,0,0,0
Eif3k,0,0,0,0,0.64630639373233,0.658752424419981,0.747190192143345,0.906259082693992,0.4409526780938,0.628273432716492,0.786400756531163,0.829797635571162,0.772558781231246,0.359534439197408
Eif4a1,0,0,0,0,0,0,0,0,0,0,0,0,0,0
Eif5a,0.85422782947325,0,1.14134352151724,0.649522441909645,0.956629757992231,0.906915710238932,1.2406638164562,1.37550217004305,0.743149576283045,1.13722464770418,0.920952061968945,0.989204874112012,0.984649126573711,1.19448178885368
Emp3,0,0,0,0,0,0,0,0,0,0,0,0,0.724945259973763,0
Eno1,0,0,0,0,0,0,0,0,0,0,0,0,0,0
Erh,0,0,0,0,0,0,0,0,0,0,0,0,0,0
Erp29,0,0,0,0,0,0,0,0,0.706566496306017,0,0,0,0.907965795791789,0
Fau,0.914324486202738,0,1.12605714635152,0.729972008072268,1.0071670220044,0.919938333977819,1.22846378771575,1.05257251238978,1.15966205041246,1.12205312469813,0.968214442117318,0.988247109017781,1.34549019381267,1.1175862454441
Fcer1g,0,0,0,0,0,0,0,0,1.82035123115242,0,0,0,1.33856534413755,0
Fech,0,0,0,0,0,0.845283268017818,0,0,0,0,0,0,0,0
Fis1,0,0,0,0,0,0,0,0,0,0,0,0,0,0
Fkbp1a,0,0,0,0,0,0,0,0,0,0,0,0,0.570484719318731,0
Fkbp3,0.397667485755987,0,0.885960334206526,0.564092813183054,0.809763936396817,0,0.623031454917629,0.587626714355158,0,0.880805167766264,0.671948347861833,0,0,0.865486521013759
Fstl1,0,0,0,0,0,0,0,0,0,0,0,0.859083311748603,0,0
Fth1,2.31203649298161,2.25092508035018,1.29755547077874,1.73351756605895,1.37858289109571,2.83424658273065,1.29653914316048,2.30154090344997,2.48404761218288,1.36081805978064,1.53072847113192,1.28018182066651,1.99133430438974,1.25344284229457
Fundc2,0,0,0,0,0,0,0,0,0,0,0,0,0,0
Fus,0,0,0,0,0,0,0,0,0,0,0,0,0,0
Gabarap,0.314671207204364,0,0,0,0,0,0,0,0.951477244244617,0,0.735857156438003,0.398596581990951,0.884814682289493,0
Gapdh,1.01721710693298,0,1.15494940179825,0.873335377961046,1.0725902034769,0.740385098291038,1.24107491320879,1.14862758090308,1.387143776488,1.63778444210828,1.2681664357303,1.16944535954893,1.58976445417195,1.14604511262207
Gas5,0.866286143069887,0,1.14341474807346,0.725894669175552,1.1341559403964,0.529081578323439,1.00478566336261,1.1311045870668,0,1.01519042071568,0.598258912294371,0.85197350789081,0.718900960974016,1.1651315893184
Glrx3,0,0,0,0,0,0,0,0,0,0,0,0,0,0
Glrx5,0,0,0,0,0,1.16116977852145,0,1.00084264999948,0,0,0,0,0,0
Gm10736,0,0,0,0,0,0.6278312492403,0.420093110545645,0.576502821780108,0,0.660370296582673,0.48306687232789,0,0,0
Gnas,0,0,0,0,0,0,0,0,0,0.556194352318573,0.581934534603943,0,0,0
Gng5,0,0,0,0,0,0,0.678939671970973,0,0,0.598372580179513,0.910435137107478,0,0.560122542030802,0
Gpx1,0.713545227607006,1.37320177935426,0,1.3462217124041,0,2.8829880179538,1.70843176504015,2.09502757279999,1.32398588779728,0,0.715594005770812,0.780864022929217,1.80030988904995,0
Gpx3,0,0,0,0,0,0,0,0,0,0,0,0,0,0
Gpx8,0,0,0,0,0,0,0,0,0,0,0,0,0,0
Gtf2h5,0,0,0,0,0,0,0,0,0,0,0,0,0,0
Gyg,0,0,0,0,0.681781534733282,0,0,0,0,0,0,0,0,0
Gypa,0,0,0,0,0,0.974117223688922,0,0,0,0,0,0,0,0
H19,0,0,0,0,0,0,0,0,0,0.9502387248539,1.29283642065443,1.04803393547959,0,0
H2afv,0,0,0,0,0,0,0,0,0,0,0,0,0,0
H2afz,0.933620343649372,0,1.40538132986331,0.944631598979705,1.18098761247762,0.816954904053681,1.14549389736085,1.20442405160388,0.748006591207895,1.25312381582004,0.979797294775233,1.18770207996667,1.02632749756891,1.31266098812334
H3f3a,0,0,0,0,0,0.600339113149777,0,0,0,0,0,0,0,0
H3f3b,0.946726222488071,0,1.23331315390956,0.835961212118553,1.21297851642046,0.834433815782541,1.25061059811961,1.05563498311474,0.848615791156457,1.47848064709786,1.27199651774989,1.17546242829754,0.917619899072111,1.14304608060088
Hba-a2,5.06865753411746,6.80899155599587,2.32705202268783,5.97439077680877,2.5140682288416,5.27307566111017,2.0017350120772,2.23768533326428,2.35076408777897,2.15809920568752,2.42139197042683,2.33278899645689,2.03614876566665,2.78804377400332
Hba-x,4.56546780700063,1.87000780512692,1.21297851642046,1.10151264606805,1.29282708756074,1.2406638164562,1.01009356809068,0.713153992411675,1.15685570023936,1.02789322003629,1.25894116348263,1.21596103428764,0.973375367620769,1.43501216837971
Hbb-bh1,0,0,0,0,0,0,0,0,0,0,0,0,0,0
Hbb-bt,4.51941650900256,7.17380836447632,2.81014581385959,6.39062951312503,3.05237064529475,6.09478034996173,2.44915568273279,2.65177645825293,2.67230546120173,2.61825684043251,3.01003951548182,2.80947248879198,2.4922105333538,3.22432490858658
Hint1,1.22365465654632,0,1.46955927310903,1.03500095203128,1.38635001328731,1.0714576964767,1.2736228756279,1.08359548783159,1.23272034592308,1.4118509262116,1.1592421268876,1.28150834831174,1.44733263917394,1.47087000032863
Hjurp,0,0,0,0,0,0,0,0,0,0,0,0,0,0
Hmbs,0,0,0,0,0,1.2941836672348,0,0.607542748374175,0,0,0,0,0,0
Hmgb1,0,0,0,0,0,0,0,0,0,0,0,0,0,0
Hmgn1,0.95877994921264,0,1.24561613181317,0.782509564761679,1.19675719632659,0,0,0.61439318185723,0.529796564626857,1.48449389623908,1.27199651774989,1.27037615356105,0,1.30576160527306
Hmgn2,0,0,0,0,0,0,0,0,0,0,0,0,0,0
Hnrnpa2b1,0,0,0,0,0,0,0,0,0,0,0,0,0,0
Hnrnpab,0,0,0,0,0,0,0,0,0,0,0,0,0,0
Hnrnpc,0,0,0,0,0,0,0,0,0,0.491999840908924,0,0,0,0
Hnrnpdl,0,0,0,0,0,0,0,0,0,0,0,0,0,0
Hnrnpk,0,0,0,0,0,0,0,0.387618901652564,0,0.677527768721633,0,0,0,0
Hnrnpm,0,0,0,0,0,0,0,0,0,0.629181067284669,0,0,0,0
Hsbp1,0,0,0,0,0,0,0,0,0,0,0,0,0,0
Hsd3b6,0,0,0,0,0,0,0,0,0,0,0,0,0,0
Hsp90ab1,0.713545227607006,0,0.986910237578745,0.628273432716492,0.929559280437165,0,0.874521759275612,0.952359216996572,0.772093833008919,1.09483981190888,0.755567390919624,0.938764376503699,0.693402799409319,0.926880152684564
Hsp90b1,0,0,0,0,0,0,0,0,0,0,0,0,0,0
Hspa5,0,0,0,0,0,0,0,0,0,0,0.618137527929889,0,0,0
Hspa8,1.29891322081764,0,1.62663230917321,1.07806346497876,1.41838511116137,1.00123694642955,1.5339403263739,1.91570340335477,1.53651340871588,1.70024852570618,1.41430631161094,1.31824532558225,1.72087311272248,1.48888822226581
Hspe1,0.944980036145115,0,1.25628046735173,0.811033720414361,1.00876112919284,0.536529216569161,1.09483981190888,1.59028601707426,0.821083180638648,1.23453184463481,1.02789758687718,0.995407022164447,0.947082832558077,1.1651315893184
Id2,0,0,0,0,0,0,0,0,0,0,0,0,0,0
Id3,0,0,0,0,0.944631598979705,0,0,0,0,0,1.02420515755782,0,0,0
Idh2,0,0,0,0,0,0,0,0,0,0,0,0,0,0
Ier3ip1,0,0,0,0,0,0,0,0,0,0,0,0,0,0
Ifitm2,0,0,0,0,0,0,0,0,0,0,0,0,0,0
Ifitm3,0,0,0,0,0,0,0,0,0,0,0,0,1.97762593081643,0
Ift20,0,0,0,0,0,0,0,0,0,0,0,0,0,0
Igfbp4,0,0,0,0,0,0,0,0,0,0,0,0,0,0
Itm2a,0,0,0,0,0,0,0,0,0,0,0,0,0,0
Itm2b,0,0,0,0,0,0,0.483674299914817,0,1.3079842698234,0,0,0,0.562109675907483,0
Krtcap2,0,0,0,0,0,0,0.615260528066951,0,0,0.567267063794431,0.81772194640975,0,0,0
Laptm4a,0,0,0,0,0,0,0,0,0,0,0.617538017998617,0,0,0
Ldha,0.900226953229145,0,1.21769902409344,0.824749148372909,1.06181610625422,0.541506435952941,1.25501578151486,1.21651525449011,0.857376969557593,1.29755547077874,0.893736738952578,1.15654157941173,1.34111377980396,1.24692553802854
Lgals1,0.944980036145115,0,1.2106327548451,0.852533353269762,1.2710215523393,0.909632148592792,1.17436262809537,1.39342139944501,1.51015745855463,0,1.4697913085053,1.46075617033384,1.21860137978152,1.1175862454441
Lsm6,0,0,0,0,0,0,0,0,0,0.481901892584555,0,0,0,0
Ly6e,0,0,0,0,0,0,0.429121384846237,0,0,0,0,0,1.43293135467683,0
Lyz2,0,0,0,0,0,0,0,0,1.1953976307916,0,0,0,2.69715223154251,0
Maged1,0,0,0,0,0,0,0,0,0,0,0,0,0,0
Maged2,0,0,0,0,0.784721977478741,0,0,0,0,0,0,0,0,0
Marcksl1,0,0,0,0,0,0,0,0,0,0.468514339316701,0,0,0,0
Mdk,0,0,0.867452865348191,0.555017107504963,1.00320458685964,0,0,0,0,0.984627242193932,0.998105599700801,0.924535161076333,0,1.03779416883938
Meg3,0,0,0,0,1.03164341627009,0,0,0,0,0,0.599332638221687,0,0,0
Mfap2,0,0,0,0,0,0,0,0,0,0,0,0,0,0
Mfap4,0,0,0,0,0,0,0,0,0,0,0,0,0,0
Mgp,0,0,0,0,1.06448837276483,0,0,0,0,0,0.986153516604369,1.73139985311806,0,0.899437643461105
Mif,1.30163783510412,0,1.80778776057655,1.08731663755027,1.3716720098347,0.594641637300768,1.30781304629628,1.29260284260574,0.958815659821711,1.87303408369914,1.52062107328405,1.48570293092956,1.20644590726458,1.6091931249753
Minos1,0.662382365873143,0,0.980093996090596,0.487258891184162,0.793863601537914,0.700673266967439,1.00241598746931,1.01600008556885,0.482328574282022,0.868037441162688,0.984247960754029,1.13671417018502,0.885655475360145,0.754904746817823
Mkrn1,0,0,0,0,0,0,0,0,0,0,0,0,0,0
Mmp2,0,0,0,0,0,0,0,0,0,0,0,0,0,0
Morf4l2,0,0,0,0,0,0,0,0,0,0,0,0,0,0
Mrfap1,0,0,0,0,0,0,0,0,0,0,0,0,0,0
Mrpl13,0,0,0,0,0,0,0,0,0,0,0,0,0,0
Mrpl18,0,0,0,0,0,0,0,0.522733559806263,0,0,0,0,0,0
Mrpl42,0,0,0,0,0,0,0,0,0,0,0,0,0,0
Mrpl52,0,0,0,0,0,0,0,0.78519773454686,0,0,0,0,0,0
Mrps14,0,0,0,0,0,0,0,0.568744338951278,0,0,0,0,0,0
mt-Co1,1.13466618230213,0,1.42664525686025,1.09200587763054,1.44861668083191,1.16351018255642,1.33820297033809,1.34207803020933,1.34887336992419,1.26714069095975,1.43109425528139,1.38478906595259,1.24251896991963,1.38324882119171
mt-Cytb,1.98840481678716,0,2.41131656317894,1.76225853458455,2.4548861228413,1.58383415154967,2.189241775071,2.15010802845149,2.25326704959028,2.14139785210744,2.27127402986167,2.45364202303483,2.05771203819621,2.4354702557042
mt-Nd1,2.34744374383658,0.956629757992231,2.84506253710787,2.2156437886239,2.75883361218342,2.07130144108457,2.3931519778831,2.59527347397504,2.70950672777789,2.65534372059855,2.49732403730998,2.66836407974632,2.24883158253069,2.77202036888948
mt-Nd2,1.45033718216953,0,1.87912798536736,1.35583224986384,1.91612959940378,1.2287940812775,1.41838511116137,1.5326441544548,1.70453602886357,1.56782310840146,1.94311904729541,1.8587397250948,1.41023555340716,1.77299521314795
mt-Nd3,0,0,0,0,0,0,0,0,0,0,0,0,0,0
mt-Nd4,1.45422454083027,0,1.90081705627572,1.3561302931937,1.94651278616928,1.34046247733674,1.59592433882826,1.629775022047,1.761539801169,1.6445572484999,1.92721298747455,1.92295175144571,1.72192083430317,1.88732773998547
mt-Nd5,0.599743908559616,0,0.811288167772544,0.512133228367103,0.863962367609217,0,0.603617772568686,0,0,0.639343792739711,0.787393161973317,0.703534339855738,0,0
mt-Rnr1,0,0,0,0,0,0,0,0,0,0,0,0,0,0
mt-Rnr2,0.951651297690565,1.12455236060833,1.19904640015076,1.36786469031573,1.28281746199064,0.667309618126355,0.514540715144996,0,0,0.703133275128669,0.647395525389111,1.309885375442,0,1.13007885816566
Mt1,0,0,0,0,0,2.30466667037336,0,2.01851118095542,0.892323168004177,0,0,0,0,0
Mt2,0,0,0,0,0,1.66851375971608,0,1.33965330663116,0,0,0,0,0,0
Myl12a,0,0,0,0,0,0,0,0,0,0,0,0,0,0
Myl6,0,0,0,0,0,0,0,0,0,0,0.781947066125194,1.02872571593715,0.520248313839506,0
Myl9,0,0,0,0,0,0,0,0,0,0,0,1.29623840891155,0,0
Mylk,0,0,0,0,0,0,0,0,0,0,0,1.25403694557416,0,0
Naa38,0,0,0,0,0,0,0,0,0,0,0,0,0,0
Naca,0.947426569844673,0,1.22425361562841,0.799750630844254,1.14237814742076,0.768664046122191,1.02789322003629,1.25312381582004,0.75872550906932,1.22605422579487,1.11112244708235,1.15389068218722,1.00877164753676,1.34549532538023
Nap1l1,0,0,0,0,0,0,0,0,0,0,0,0,0,0
Nasp,0,0,0,0,0,0,0,0.371367190959027,0,0,0,0,0,0
Ncl,0,0,0,0,0,0,0,0.916936838658314,0,0,0,0,0,0
Ndufa11,0,0,0,0,0,0,0,0,0,0,0,0.667156105673205,0,0
Ndufa12,0,0,0,0,0,0,0,0.590010277290032,0,0.625866026428922,0.264846956999572,0,0,0
Ndufa13,0,0,0,0,0,0,0,0,0,0,0.735018938259109,0,0,0
Ndufa2,0.586048489169966,0,0.906578876527959,0.687538592020693,0.898967577543135,0.70587142493781,0.691921823240684,0.676238766838852,0.7025681383099,0.803725319753603,1.10573164365221,0.845573837122367,0.711833828179407,0.917640808509858
Ndufa3,0.68357003760083,0,0.55128359182816,0.554782263660667,0.606978869399468,0.576260502374565,0.691921823240684,0.711593418941148,0.85423747686466,0.600845570500568,0.800170576132251,0.838412052515009,0.878102602807168,0
Ndufa4,0.632531976720999,0,0.981600255134026,0.534439235110414,0.965291074930172,0.751083854046695,0.876904514825017,0.947426569844673,0.829846918725924,0.987673681759481,1.01628792629113,0.985007131518158,0.832726279339387,0.939194884773178
Ndufa5,0.280623429369345,0,0.820558703771393,0.560954333014253,0.870383882837277,0.674203897489355,0.526507023620793,0.97560387184904,0.647051647616926,0.609524724942069,0.979797294775233,0.733477634553752,0,0
Ndufa6,0,0,0,0,0,0,0.679293584656677,0.647267803193081,0,0,0,0,0,0
Ndufa7,0,0,0,0,0,0,0,0,0,0.496459543464551,0,0,0,0
Ndufb2,0,0,0,0,0,0,0,0.470356697695885,0,0,0,0,0,0
Ndufb5,0,0,0,0,0,0,0,0,0,0,0,0,0,0
Ndufb6,0,0,0,0,0,0,0.540159422806308,0.617585651846296,0,0,0.264846956999572,0,0.522869512257748,0
Ndufb8,0,0,0,0,0,0,0.639970450018269,0.642173617566442,0.799032432111115,0.556194352318573,0,0,0.843132991854492,0
Ndufb9,0.464217010712858,0,0.716690948672237,0,0.747190192143345,0.770032120625466,0,1.05563498311474,0,0.628273432716492,0.588482824403163,0.845687312189267,0.864832377769531,0
Ndufc1,0,0,0,0,0,0.565453777859262,0.529693913999144,0.64375677287072,0,0,0,0.667156105673205,0.513255387110835,0
Ndufc2,0,0,0,0,0,0,0,0,0,0,0,0,0,0
Ndufs6,0,0,0,0,0,0,0,0,0,0,0,0,0,0
Ndufv2,0,0,0,0,0,0,0,0,0,0,0,0,0,0
Ndufv3,0,0,0,0,0,0,0,0,0,0,0,0,0,0
Nedd8,0,0,0.746760363132151,0.495710598583322,0.699355188506885,0,0.483674299914817,0.905620193452706,0.685007078376697,0.788064736525184,0.695334465605875,0.852254006984739,0.69804307855276,0.357950933952433
Nhp2,0,0,0,0,0,0,0,1.00162867627287,0,0,0,0,0,0
Nme1,0.45855614764557,0,0.843060440607547,0,0,0.123802895857056,0.668151589655686,1.01966027961586,0,0.893345094233733,0,0,0.24290931886042,0.732485549121891
Nnat,0,0,0,0,0,0,0,0,0,0.695990124564105,0,1.02089738839932,0,0
Nop10,0,0,0,0,0,0,0,0.876904514825017,0,0,0,0,0,0
Npc2,0,0,0,0,0,0,0,0,0.799032432111115,1.12006230295719,0.264846956999572,0,0.830077981187791,0
Npm1,1.07349837452181,0,1.45900653046282,0.959498907862363,1.36332575148942,0.695083494492604,1.46577147924939,2.02939085379101,1.03123396947997,1.58713366075601,1.31092505264304,1.23943743929361,1.1957114526872,1.39574019552026
Nrep,0.687175875373758,0,1.11807888260555,0.690088574228982,1.157072989874,0,0,0,0,0.556194352318573,0.952016165079495,1.46250581020486,0,1.12617109164168
Olfml3,0,0,0,0,0,0,0,0,0,0,0,0,0,0
Ostc,0,0,0,0,0,0,0,0,0,0,0,0,0,0
P4hb,0,0,0,0,0,0,0,0,0,0,0.658395877116172,0.626473470498071,0,0
Pabpc1,0,0,0,0.486537688509077,0,0.494628857383287,0.747190192143345,0.578284515340028,0,0,0,0,0.501107170028007,0
Park7,0,0,0,0,0,0,0,0.678939671970973,0,0,0,0,0,0
Pclaf,0,0,0,0,0,0,0,0,0,0,0,0,0,0
Pcna,0,0,0,0,0,0,0,0.411054587759248,0,0,0,0,0,0
Pdap1,0,0,0,0,0,0,0,0,0,0,0,0,0,0
Pdcd5,0,0,0,0,0,0,0,0,0,0,0,0,0,0
Pdia6,0,0,0,0,0,0,0,0,0,0.754575475324985,0.79754192808781,0.817036333521068,0,0
Pebp1,0,0,0.632225850879777,0,0,0,0,0.432076568994494,0,0.772556252198606,0.808035877125528,0.486106287061802,0,0
Pf4,0,0,0,0,0,0,0,0,2.56445652336677,0,0,0,0,0
Pfdn5,0,0,0,0,0,0,0,0,0,0,0,0,0,0
Phf5a,0,0,0,0,0,0,0,0.578284515340028,0,0,0,0,0,0
Phlda1,0,0,0,0,0,0,0,0,0,0,0,0,0,0
Pkm,0,0,0,0,0,0,0.588286854477572,0,0,1.12706284589454,0.801237666305873,0.675086207558049,1.03796205104846,0
Pnpo,0,0,0,0,0,0.765738930161836,0,0,0,0,0,0,0,0
Pomp,0,0,0,0,0,0,0.379263548470817,0.615260528066951,0.645416645663333,0.588419062987566,0,0,0.849168473164358,0
Ppdpf,0,0,0,0,0,0,0,0,0,0,0,0,0,0
Ppia,0.45855614764557,0,0.9656554942625,0.60726067606077,0.873928153744768,0,0.873335377961046,0.83380148980144,0.551747498619554,1.02830850499017,0.939002062122261,0.952035799722944,0.781929109730265,0.802633101067225
Ppic,0,0,0,0,0,0,0,0,0,0,0,0,0,0
Ppp1ca,0,0,0,0,0,0,0.678939671970973,0,0,0.458875872397568,0,0,0.553653509546172,0
Ppp1r14a,0,0,0,0,0,0,0,0,0,0,0,0,0,0
Prdx1,0.798763249480559,0,0.92353573047604,0.565675428595014,0.878100917973205,0,0.514540715144996,0.520867257754508,1.05007391696994,1.05915781855029,0.995821470377124,0.801497913946009,0.975232947429588,0.885668461143774
Prdx2,1.06717473325626,1.25375413408559,1.0600423683068,1.18806679177154,1.0055781470745,2.33534101827603,0,1.76716775664519,0,1.16457077116332,0.994248129642194,1.14186674988679,0,0
Prdx4,0,0,0,0,0,0,0,0,0,0,0,0,0,0
Prdx6,0,0,0,0,0,0,0,0.939781262546498,0,0,0,0,0,0
Prelid1,0,0,0,0,0,0,0,0,0,0,0,0,0,0
Prmt1,0,0,0,0,0,0,0,0,0,0,0,0,0,0
Psma1,0,0,0,0,0,0.591654483617361,0.526507023620793,0.726503302684189,0.734520094689465,0.784721977478741,0,0,0.691004009230166,0
Psma2,0,0,0,0,0,0,0,0,0,0,0,0,0,0
Psma3,0,0,0,0,0,0,0,0,0,0,0,0,0,0
Psma6,0,0,0,0,0,0,0,0,0,0,0,0,0,0
Psma7,0,0,0,0,0,0,0.833263349918061,0.789988020970904,0,0.916936838658314,0.801237666305873,0.579148645521322,0.881432424515771,0
Psmb1,0,0,0,0,0,0,0,0.522733559806263,0,0,0.647395525389111,0,0,0
Psmb2,0,0,0,0,0,0,0,0,0,0,0,0,0,0
Psmb3,0,0,0,0,0,0,0,0,0,0,0,0,0,0
Psmb4,0,0,0,0,0,0,0,0,0,0,0,0,0,0
Psmb6,0,0,0.828983789933632,0.544192673237544,0.657044340450622,0,0,0.578284515340028,0,0.856497943661275,0.79754192808781,0.748513507919763,0.513255387110835,0
Ptma,1.30027400532894,0,1.82537168554523,1.24251603093647,1.6160100037349,1.16863031990445,1.66012164065167,1.68414081383735,1.19504663199636,1.95428223367929,1.50780973005339,1.70086143927653,1.33243673799142,1.68226474071155
Ptms,0,0,0,0,0,0,0,0,0,0,0,0,0,0
Ptn,0,0,0,0,0,0,0,0,0,0,0,0,0,0
Rack1,0.778122852575789,0,1.22936996310935,0.801236405688812,1.12605714635152,0.913024545750263,1.26328494664992,1.58191013200969,1.23828592419612,1.21533391859911,1.01280209483687,1.06944826402164,1.19496367224304,1.19061142823245
Raly,0,0,0,0,0,0,0,0,0,0,0,0,0,0
Ran,0,0,0.93158523348752,0,0,0.58422760205442,0.743552686731954,1.06404201939099,0,0.903073910526476,0.599332638221687,0,0.690637558169621,0
Ranbp1,0,0,0,0,0,0,0,0.831117909404784,0,0.827390574569384,0,0,0.441953971273248,0
Rbbp4,0,0,0,0,0,0,0,0,0,0,0,0,0,0
Rbp1,0,0,0.611234037256256,0,0.932262582923838,0,0,0,0,0,0,0,0,1.00545493470236
Rbx1,0,0,0,0,0,0,0.540604572503673,0.692842175211714,0,0.634067135061524,0,0,0.767544562249141,0
Rcn1,0,0,0,0,0,0,0,0,0,0,0,0,0,0
Rcn3,0,0,0,0,0,0,0,0,0,0,0,0,0,0
Rhoc,0,0,0,0,0,0,0,0,0,0,0,0,0,0
Romo1,0,0,0,0,0,0,0,0,0,0,0,0,0,0
Rpl10,1.57672421604434,0,2.04845083322035,1.53849585580423,2.01959306555004,1.54637733499196,2.0167110193937,2.06539433294575,2.01300920086179,2.05569048578578,1.93731064849256,2.10889342974439,1.9919211748671,2.11097646418278
Rpl10a,0.646626540761351,0,1.00241598746931,0.600569770297961,0.930908901502988,0.722066821810617,1.00202217105155,1.09247713250972,0.915686985334489,1.02789322003629,0,0.850565280427198,0.89443604251465,1.06493688178786
Rpl11,1.82334595613978,0,2.26205075932852,1.77273304295396,2.13316068561978,1.77094837838408,2.11959625325368,2.32993888602046,1.8977967592728,2.30051809284789,2.15951329997885,2.07719429160112,2.16006813656601,2.21029760147104
Rpl12,1.18488874580344,0,1.49117018881176,1.08731663755027,1.40860811856039,1.17272103405975,1.5339403263739,1.81024287092408,1.30989162013073,1.54736560936176,1.3489942546073,1.32673481709352,1.47023481435661,1.38971446870377
Rpl13,2.49146491449845,1.16944535954893,2.89930307496971,2.27720569142065,2.88199786618013,2.55263514579849,2.83618059517944,2.99303424188338,2.43920608866158,2.81500766783832,2.61168778364661,2.72955999428732,2.7973642465119,2.91663462957519
Rpl13a,0,0,0,0,0,0,0,0.413763714534024,0,0,0,0,0,0
Rpl14,1.92040351367851,0,2.18663008401114,1.67149655083029,2.14936242966461,1.86879506162725,2.27447349573369,2.51712054331088,1.92685976410229,2.29725243618786,1.94074488162164,1.99685856897178,2.11422796938665,2.07390506436588
Rpl15,0.85422782947325,0,1.06448837276483,0.643968459983492,1.01357511392155,0.679305615757778,1.01084133496861,1.03373920964374,0.75872550906932,1.08731663755027,0.954688122887677,0.990745350228655,0.833468852157093,0.951651842419398
Rpl17,1.40457712080535,0,1.54373853594319,1.06404201939099,1.45033718216953,1.29125927755182,1.60303441452002,1.81118013073643,1.24055457239203,1.58608592471696,1.36332754086803,1.38478906595259,1.48661654738808,1.47715989801846
Rpl18,1.44604419792525,0,1.92308580111204,1.21239117465734,1.78807187133534,1.37550401486357,1.87607540751495,1.99617526684129,1.43417358125067,1.86097996098048,1.55291897319258,1.75440596720268,1.77813794606542,1.88142804546493
Rpl18a,2.20595592582061,1.09673767784837,2.643295046927,2.00865605665894,2.54815892557822,2.13208757004302,2.59953496375639,2.5258189960186,2.44182280725382,2.63793341283402,2.34809332312169,2.41775801454423,2.59951603367321,2.72756833579318
Rpl19,1.04349535856939,0,1.28947209683465,0.85422782947325,1.19790064244084,0.939094650817538,1.24561613181317,1.309885375442,1.08872930103815,1.23514214816178,0.994248129642194,1.16134493689546,1.15601042567092,1.28747130705788
Rpl21,1.59557065562722,0,1.95931461834473,1.39421190613376,1.8930057312153,1.6925600546784,1.86247708740695,2.04782949964002,1.4203994508425,1.89612146449853,1.70152796193054,1.83811876239868,1.79876721688124,1.88142804546493
Rpl22,0.944980036145115,0,1.2736228756279,0.934982202750854,1.23209701124941,1.00053476843214,1.19561605446144,1.48570293092956,1.04314798207673,1.30209312362742,1.0239674854303,1.23209701124941,1.18265647925811,1.2684665134211
Rpl22l1,0.284546089531436,0,0.970419049947198,0.64154256935998,0.92353573047604,0.628056354625337,0.690454431682738,0.887794694834458,0,0.906259082693992,0.955201841049798,0.816244947095391,0.835150059829652,0.951651842419398
Rpl23,1.75593518843085,0,2.05118991772482,1.5233818479334,1.99715150722416,1.68483896110294,1.99891152191048,2.15809920568752,1.84059558258656,1.9831990758052,1.87406539377882,1.82227588116948,2.00253001250388,2.09344669276285
Rpl23a,1.33820297033809,0,1.57672421604434,1.06538225453877,1.45379149769841,1.25754820420966,1.4118509262116,1.56037698759971,1.19270815353757,1.58713366075601,1.1992250678613,1.39979661799853,1.39978486168961,1.37550865952322
Rpl24,0,0,0,0,0,0,0,0,0,0,0,0,0,0
Rpl26,1.55936760674916,0,2.07623120072132,1.55685040164651,2.02999926998189,1.68394373289402,2.1742173631465,2.23768533326428,1.95657461988188,2.04225714545161,1.95130539993933,1.98262279195694,1.98354626160793,2.06539637122632
Rpl27,0.907219163935341,0,1.23453184463481,0.861363415818427,1.13211978614156,0.826335047634653,1.18265620237121,1.37935539071675,0.861752944938454,1.29620074447421,1.20563319083947,1.15178341879216,1.23514502901999,1.24570043900556
Rpl27a,0.933620343649372,0,1.17162529326455,0.682495790743112,1.11315243106044,0.901349780171598,1.27297148316047,1.36483513418027,0.81336270229009,1.23088340824067,0.982357602270889,1.10683372646655,1.19542688478517,1.15602659940004
Rpl28,1.10730046345605,0,1.35434413819155,0.984627242193932,1.38635001328731,1.08848756966171,1.38478906595259,1.56799324421212,1.28026849439376,1.35583224986384,1.38360063870954,1.28480944798418,1.26395385359888,1.27427533341211
Rpl29,0.732440943929274,0,1.00162867627287,0.628575681881719,0.916936838658314,0.71811685279913,0.772556252198606,0.902756664199365,0.686935154093125,0.986910237578745,0.969685338886587,0.892728845397137,0.804311720148288,0.837190149675782
Rpl3,1.29081186369087,0,1.58295181459376,1.08918726477546,1.56240005106678,1.32470866358061,1.5881829190944,1.8130579389631,1.33820339010925,1.56850389468138,1.44102030398329,1.41049919842591,1.53459201220862,1.41964647290305
Rpl30,1.40645515404432,0,1.87273056763389,1.42085229380404,1.76916673695299,1.41443705548165,1.84762764244588,1.92793558676254,1.58766286223266,1.89067657645347,1.68184242967112,1.62835953545465,1.82049858035043,1.75540038890089
Rpl31,1.46955927310903,0,1.88065851623736,1.44405020369371,1.81024287092408,1.56223222213623,1.84762764244588,2.04782949964002,1.52229529675835,1.88065851623736,1.69937141795663,1.68175551858622,1.62867452858387,1.93959135043233
Rpl32,2.28698430872003,1.18825457760026,2.63697886998123,2.04411067811375,2.50345703556877,2.25286748735368,2.74733249059685,2.77715991364591,2.41775456738545,2.66894816721243,2.28637479177581,2.44109359109326,2.62417773683844,2.61713353933313
Rpl34,1.34475610945304,0,1.7180350377403,1.17877053848214,1.63404833739832,1.25746481594856,1.59663222291947,1.66564175083208,1.3469712506138,1.65983223124366,1.47079270017459,1.60679699118871,1.56820628321104,1.46470226118742
Rpl35,1.00162867627287,0,1.23697690413042,0.859353110815245,1.20887972290194,0.959860066443517,1.17877053848214,1.36031770884923,1.01510794919559,1.22007389618576,1.04068050487945,1.11315243106044,1.06942600579632,1.28019915423871
Rpl35a,1.07440815527846,0,1.27232079927048,0.939781262546498,1.19334065425431,1.02665015536805,1.30027400532894,1.36031770884923,1.1979052656485,1.27232079927048,1.11776277704215,1.17441564638292,1.25484366909439,1.22786328115158
Rpl36,1.23758977479977,0,1.49117018881176,1.03331934116003,1.42997849296858,1.27167647186282,1.65200292805818,1.75113899437561,1.47668933375567,1.58295181459376,1.56697758149218,1.33387372168055,1.52148023758811,1.56429811140477
Rpl36a,1.23514214816178,0,1.50877585210764,1.05915781855029,1.44690059271103,1.3071238245634,1.68621561339691,1.73394264076051,1.26565220130447,1.3499007426703,1.26081607522945,1.31965135185316,1.34475653628553,1.66452050598349
Rpl36al,0,0,0.739529832856118,0,0,0.170223061442213,0.845269832364902,1.21947925906175,0.807993158106426,0.812307597790891,0,0,0.980093996090596,0
Rpl37,1.57672421604434,0,1.92955841053462,1.3462217124041,1.85948556349456,1.57621231760129,1.90364716892599,2.08980272408554,1.48389558041353,1.8767285815771,1.71135265650162,1.73394264076051,1.90003593760193,1.9322812721164
Rpl37a,1.49852832859889,0,1.8272829067442,1.34110701353707,1.82584906717959,1.33183925893003,1.87607540751495,1.97665004956496,1.54743515668095,1.79562389758891,1.70386127927308,1.71177415268756,1.80025686992644,1.77321654153917
Rpl39,1.87658338709197,1.019252235877,2.23266962823585,1.76783351999648,2.13864382269997,1.89612292908514,2.1774393688464,2.06628179776049,1.86608159517426,2.08137697462226,2.08704117726191,2.04442656214059,2.0348895697901,2.25891968218705
Rpl4,1.52363748436498,0,1.87379336336234,1.31265941569807,1.7758668323048,1.55135006501221,1.92276347416856,2.04782949964002,1.46031790788301,1.93936145959264,1.68715159881251,1.72129186004709,1.89800028285152,1.89378393452747
Rpl5,0.933620343649372,0,1.22007389618576,0.835961212118553,1.13619980749115,0.900549670177656,1.24686077462595,1.29417430116054,1.00597894880888,1.20829657172394,1.03987519280148,1.05743087642703,1.14636325281382,1.25691518411719
Rpl6,0.972634098755428,0,1.29891322081764,0.949534066136448,1.28813529038806,1.10285777353832,1.3693848911837,1.41838511116137,0.991668571239858,1.26972512509665,1.06363432034068,1.23149020974504,1.26115377748615,1.33606757343498
Rpl7,1.36483513418027,0,1.7455084429788,1.28414253002607,1.78171987812303,1.44433960960279,1.67306555198179,1.83087866877825,1.38948520482424,1.84615743824717,1.67057862686673,1.60572366902517,1.5601245529387,1.79571012923615
Rpl7a,0,0,0,0,0,0,0,0.764132338971185,0,0,0,0,0,0
Rpl8,1.63815909134356,0,2.06286360594736,1.56037698759971,1.97459227131709,1.84545010100572,2.05719578763379,2.37355185570665,1.68115893494135,2.05719578763379,1.76520183971002,1.94101281977437,1.96720696353281,2.07217833373836
Rpl9,0.850284781333269,0,1.14549389736085,0.759879170945665,1.11364302565554,0.88627430253276,1.1341559403964,1.20946346984024,0.939301410021528,1.18098761247762,0.931852193067507,1.08506301026589,0.978602063491533,1.0767002724369
Rplp0,1.56240005106678,0,1.7705022128293,1.31614466652583,1.67977044871268,1.83814481221507,1.79355714095691,2.13452836797585,1.32049794281232,1.71131667767993,1.62368995913521,1.60072962669691,1.74335468909592,1.59822247002994
Rplp1,2.28028884062746,1.19962043849316,2.57638361005335,2.00994381124945,2.43638154230289,2.44097608510066,2.59986633213159,2.97768665569455,2.28234990851586,2.47374043734802,2.26695931088496,2.38758849706571,2.4650321651105,2.5107772536104
Rplp2,1.50596596162064,0,1.7731799666449,1.23636467684565,1.74637204265103,1.52204194683482,1.80371254915981,1.84176268199291,1.43081496200668,1.80185648282188,1.60207678481613,1.66623629141376,1.80185648282188,1.75598901947391
Rps10,0.914976131340442,0,1.18656900154766,0.791436810253173,1.14393379078211,0.921877310642386,1.13722464770418,1.25564778613328,0.990452215308714,1.20249761681105,0.978225198538345,1.0024185638628,1.15257784221974,1.30576160527306
Rps11,1.65291977627819,0,1.99891152191048,1.46514223814379,1.84176268199291,1.42706112403353,1.93854018003468,2.13795661724417,1.9666394477315,2.03671989347611,1.62038765141137,1.81237826391419,2.00632617593722,1.9797615495704
Rps12,1.79355714095691,0,2.06476097313492,1.54612701407732,2.01851118095542,1.82657361921531,2.26519747292837,2.53407438541727,1.96579406701061,2.03488187901455,1.71414210388046,1.97505062040249,2.13591027964012,1.88529011044758
Rps13,1.73970404456679,0,2.11022090165256,1.48425234586,2.00421313894616,1.5685155711103,2.02031506853337,2.26772240369132,1.63149801969536,2.0496948164872,1.80139327270846,1.86333661459594,1.96805402100902,2.04970272885475
Rps15,1.26200523564589,0,1.62038683155294,1.18806679177154,1.5326441544548,1.27009546290027,1.39738361488045,1.51348448353577,1.19533980663334,1.47489802041349,1.52031944754995,1.45770024309779,1.50690139461803,1.46256284365242
Rps15a,2.18911724121097,1.14758101709642,2.50345703556877,1.98608726790363,2.51298034159321,2.12907099404192,2.4884890481721,2.58288329640909,2.18229362335742,2.40948494606475,2.299707706036,2.424608009795,2.30191320288044,2.44393203271153
Rps16,1.05651339577565,0,1.33747906228149,0.966385189671862,1.29484903121913,1.17823104060806,1.40645515404432,1.40538132986331,1.20453709986875,1.32957104330983,1.06495883626266,1.27623555580788,1.29421963454092,1.25471024027848
Rps17,1.32885709008194,0,1.77385082682872,1.19220638138077,1.64380165658727,1.31127100287554,1.60196346060008,1.90870230437744,1.28552324986186,1.70432920593544,1.53072847113192,1.59292370961356,1.42567867234292,1.63371713536386
Rps18,0.996931678797351,0,1.26200523564589,0.85422782947325,1.2418979744568,1.07351849634493,1.32790642729807,1.50409902513745,0.892725293712335,1.25438445235113,1.00518580443202,1.0723638628798,1.15389476486677,1.29623840891155
Rps19,1.65062976467548,0,1.95094376706539,1.44262956126351,1.92631588393524,1.68844115752505,1.90553925984401,1.87836378205061,1.54726756069224,1.9757348719594,1.79441533631188,1.82251386840667,1.90738295494073,2.03149235426966
Rps2,1.45639395573277,0.356186416853509,1.8837281055625,1.52876995242467,1.70147044388863,1.86811584459562,1.92631588393524,2.13179506239541,1.44977892514516,1.97630674355473,1.7389895397538,1.71569498607051,1.82299026434119,1.70774265990546
Rps20,1.70147044388863,0,1.95261136193461,1.54736560936176,1.95763385101499,1.65560046317493,2.04689832036931,2.21756783936816,1.81610417570103,1.96099870602803,1.92127920359207,1.90475073972878,1.94950151513956,2.07739049664554
Rps21,1.57569150771828,0,1.9063288987007,1.40538132986331,1.81588290470585,1.57230310411014,1.90553925984401,2.07430918044724,1.67309868462554,1.93118436531026,2.00421334029982,1.79355832928835,1.79081007522273,1.93256906719843
Rps23,1.21121829484073,0,1.47133418960643,0.984627242193932,1.41920647721255,1.15680715608673,1.49392026278927,1.68414081383735,1.26843710858105,1.48389018041229,1.13211978614156,1.32992925250177,1.49579001819793,1.43251548750355
Rps24,1.84273724585633,0,2.18663008401114,1.73521926397721,2.16197000178134,1.91570730223957,2.22508822127056,2.30363083567789,2.01732738849205,2.27152247194603,1.93772128827154,2.11892359431897,2.01911289113646,2.20492118195068
Rps25,1.19790064244084,0,1.54439661997038,0.999274439195752,1.43388860774094,1.23657225160063,1.65291977627819,1.65464190719002,1.33893823172831,1.47311376546446,1.31602950578795,1.40217831746557,1.56805903338504,1.44518889963889
Rps26,2.58723932366427,1.2481080606765,3.08559006481594,2.43244063123329,3.01607018276622,2.59321101756767,2.8405990146766,3.00861587282869,2.54910562329346,2.93718605876158,2.83933095634337,2.85892640034225,2.79210787727564,3.08454626091453
Rps27,1.83159974239385,0,2.18663008401114,1.78898346052517,2.19317320626327,1.78221769525557,2.189241775071,2.20983749166543,1.7424953701258,2.32503635368918,2.06770115088372,2.1630309694399,2.10428623298707,2.17636426942736
Rps27a,1.68016671350522,0,2.01491457091869,1.40699272977662,1.95651517869451,1.67992020590533,2.01761063523215,2.08882645440696,1.69600393937374,2.0509405580483,1.79224034054241,1.86322701923556,2.0535349624772,1.97154527882889
Rps27l,0.585524322070084,0,1.07531955021176,0.67682405712159,0.83976853007021,0.79778955702433,1.0725902034769,1.29484903121913,0.945226284860383,1.08825110953443,0.917251265919558,0.969347955427392,1.10079411618991,0.951298970925236
Rps28,1.26200523564589,0,1.46778899635922,0.97560387184904,1.44348158355279,1.13624733238792,1.49631260248136,1.54242420608776,1.40780192296258,1.5634137402974,1.43615055560652,1.41106339156269,1.39539959972169,1.30232127804628
Rps29,1.8992489145159,0.938748735016258,2.25267304628345,1.78171987812303,2.17368145800295,2.04349587474962,2.33592047679855,2.32993888602046,2.38168467198903,2.35780300317899,2.06723159441604,2.34294636063493,2.33401844274348,2.36186187822059
Rps3,1.52973649656164,0,1.92469929204042,1.28580297141972,1.83208081508447,1.59599522039842,2.00746905267418,2.13247761694516,1.63038465223337,1.95428223367929,1.65126501026938,1.69782607390858,1.80814078643183,1.9411665715277
Rps3a1,1.35881902191138,0,1.76252311585713,1.19447720953129,1.70884323170412,1.51285938231993,1.71920220494588,1.95763385101499,1.48163830074354,1.81588290470585,1.47079270017459,1.48934291436387,1.72655246333909,1.63816676572535
Rps4x,1.2048101220612,0,1.59239524758789,1.03500095203128,1.5962781945467,1.21474446356362,1.58923370333037,1.81024287092408,1.33604620537856,1.48389018041229,1.40739932179519,1.4889416504885,1.44348376306672,1.64615751253874
Rps5,1.61929017496954,0,2.02514375051994,1.44861668083191,1.97630674355473,1.702542809049,2.01761063523215,2.23343115795521,1.74810211477606,1.93844897595881,1.65008483660011,1.72003697965727,2.02684041964339,2.06740715373684
Rps6,0,0,0,0,0,0,0.429121384846237,0.642173617566442,0,0,0,0,0.216677833542931,0
Rps7,1.24437412338305,0,1.59451063976181,1.11511753557918,1.55735313035956,1.29282746088125,1.57672421604434,1.58853301078418,1.48571799536834,1.66060423824427,1.47545198886494,1.45552534875952,1.47611631266553,1.39848400112854
Rps8,1.71753536418609,0,2.1427780007566,1.64986798722435,2.02574921764107,1.77237586800886,2.152498047635,2.37779487381509,1.86956170542375,2.11022090165256,1.91427608137065,1.94817620667911,2.0321707933853,2.1648528465384
Rps9,1.92955841053462,0,2.34401511072109,1.66564175083208,2.21308455428166,1.88296534512677,2.42423393802743,2.37443429861897,2.03029372977494,2.27948854408975,2.019152682669,2.11022188782487,2.31889133305902,2.26846166036482
S100a11,0,0,0,0,0,0,0,0,0,0,0,0,0,0
S100a8,0,0,0,0,0,0,0,0,0,0,0,0,0,0
S100a9,0,0,0,0,0,0,0,0,0,0,0,0,0,0
Sec61b,0.33844043293985,0,0,0,0,0,0.893345094233733,0,0,0.677880183622145,0.614208732702995,0.825540534798586,0.780823832588655,0
Sec61g,0,0,0,0,0,0,0,0,0,0,0,0,0,0
Sec62,0,0,0,0,0,0,0,0,0,0,0,0,0,0
Selenof,0,0,0,0,0,0,0,0,0,0,0,0,0,0
Selenoh,0.709265578944868,0,1.00676931379297,0.599743908559616,0.787585413902915,0,0.822648445924249,0.578284515340028,0,1.03164341627009,0.853476413415118,0.941508779455415,0.690637558169621,1.0495472256379
Selenow,0.573725382490669,0,0,0,0,0,0,0,0,0,0,0,0,0
Sem1,0,0,0,0,0,0,0.691921823240684,0.409904435829138,0,0.523150131163264,0,0.627144985432639,0.84693508367519,0
Serbp1,0.734926998392531,0,1.03164341627009,0.560954333014253,0.870383882837277,0.79265447082127,1.01519042071568,1.31754431017408,0.775208230526837,1.13671198477481,0.889443213961247,0.842825867595457,0.822917375337763,1.19905103811695
Serf1,0,0,0,0,0,0,0,0,0,0,0,0,0,0
Serf2,0,0,0,0,0,0,0,0,0,0,0,0,0,0
Serpine2,0,0,0,0,0,0,0,0,0,0,0,0,0,0
Serpinh1,0,0,0,0,0.807740745817873,0,0,0,0,0,1.01945727812049,0.805614963095807,0,0
Sftpc,0,0,0,0,0,0,0,0,0,1.08638384409169,0,0,0,0
Sh3bgrl3,0,0,0,0,0,0,0.932262582923838,0,0.992420501476888,0,0,0,1.31134760661409,0
Skp1a,0,0,0,0,0,0,0,0,0,0,0,0,0,0
Slc25a3,0.646626540761351,0,0.819517915353048,0.628575681881719,0.846934708134493,0,0.893345094233733,1.1230513246422,0.85423747686466,1.0707786727477,0.997802687949503,0.973931979782749,0.90519525667952,0.865181669879735
Slc25a39,0,0,0,0,0,0,0,0,0,0,0,0,0,0
Slc25a4,0.762559726350934,0,1.14134352151724,0.69561826501481,1.09578788398843,0,0.344889797117123,0,0,0.812818299430061,1.01857008472534,1.13645735198865,0,0.949534606981546
Slc25a5,0.995764575197338,0,1.43165143104478,0.911080592087752,1.01762345555379,1.13929582752401,1.8130579389631,1.94540864629283,1.60260294168807,1.36181994755578,1.0896561863993,1.17108051196197,1.82062729512554,1.23514246825632
Slirp,0,0,0,0,0,0,0,0.763457550156758,0,0,0,0,0,0
Smdt1,0,0,0,0,0,0,0,0,0,0,0,0,0,0
Snca,0,0,0,0,0,0,0,0,0,0,0,0,0,0
Snhg3,0,0,0,0,0,0,0,0.726503302684189,0,0,0,0,0,0
Snrpa1,0,0,0,0,0,0,0,0,0,0,0,0,0,0
Snrpb,0,0,0,0,0,0,0,0.627971478655841,0,0.521073959151906,0,0,0,0
Snrpd1,0.596735358740268,0,0.755014556275478,0,0,0,0.562639876194879,0.824485958153362,0,0.856497943661275,0.579208304150855,0,0.201445501116249,0.739904570845773
Snrpd2,0,0,0,0,0,0,0,0.642173617566442,0,0,0,0,0,0
Snrpd3,0.881106700261332,0,1.13313690202232,0.732440943929274,0.991509383592113,0.674379360874614,1.00320458685964,1.08825110953443,0.735568615568859,1.09200587763054,0.944305875827845,1.0066097913805,0.921480081170595,1.23697819090082
Snrpe,0,0,0.897085318003189,0,0.66305583093337,0.52379049138635,0.645667065573871,0.905620193452706,0,0.998492248180733,0,0,0,0.950594853052882
Snrpf,0,0,0,0,0,0,0.668151589655686,0.83380148980144,0,0.73326771773014,0,0,0,0
Snrpg,0.907860386083801,0,1.1063314022417,0.672632846043742,0.995376171570878,0.750360870007725,1.1295853700822,1.35881902191138,0.617043037375977,1.21474416082799,0.958382837753538,1.00838197139859,0.951301147251439,0.900666661748586
Snx3,0,0,0,0,0,0,0,0,0.805483507364101,0,0,0,0,0
Sod1,0,0,0,0,0,0,0,0.61439318185723,0,0,0,0,0,0
Son,0,0,0,0,0.884437660801445,0,0,0,0,0,0.611956718245951,0.244535688302862,0,0
Sparc,0.834340344498288,0,0,0.729972008072268,1.29755547077874,0,0,0,0,1.12807043415416,2.18853118642305,1.07486546916282,0,0
Sparcl1,0,0,0,0,0,0,0,0,0,0,0,0,0,0
Srm,0,0,0,0,0,0,0,0,0,0,0,0,0,0
Srsf2,0,0,0,0,0,0,0,0,0,0,0,0,0,0
Srsf3,0.980846525227651,0,1.20249761681105,0.861363415818427,1.13211978614156,0.758782892164002,0.916282305372608,1.167815547005,0.75689244098274,1.26972512509665,0.940471533102267,1.17436695590142,0.962751637475694,1.15602659940004
Srsf6,0,0,0,0,0,0,0,0,0,0,0,0,0,0
Srsf7,0,0,0,0,0,0,0,0.622289843282588,0,0,0,0,0,0
Ssr2,0,0,0,0,0,0,0,0,0,0,0,0,0,0
Stfa1,0,0,0,0,0,0,0,0,0,0,0,0,0,0
Stmn1,0.514944188596383,0,0.893966228598433,0.443123157313277,0.751951917806783,0,0.691921823240684,0.254262638877639,0,1.10827130656119,0.783697423755253,0.856785016168974,0,0.764600231712184
Stub1,0,0,0,0,0,0,0,0,0,0,0,0,0,0
Sub1,0.721462968880092,0,1.10055416940281,0.638094212416528,1.08359548783159,0,1.01357511392155,0.973374781857949,0.81336270229009,0.986910237578745,1.04368324195456,0.977101165136743,0.991902282675273,1.03668899732481
Swi5,0.830049440293365,0,1.1311045870668,0.758546109629988,1.07440815527846,0.553280411746597,1.0725902034769,0.921214977772454,0.595147634039911,1.12807043415416,1.0958188770456,1.16403838827028,0.822917375337763,1.17601178574191
Tagln2,0,0,0,0,0,0,0.588286854477572,0,0,0,0,0,0.841455685497722,0
Taldo1,0,0,0,0,0,0,0,0,0,0,0,0,0.673060632949089,0
Tbca,0,0,0,0,0,0,0,0,0,0,0,0,0,0
Tbcb,0,0,0,0,0,0,0,0,0,0,0,0,0,0
Tceal9,0.732440943929274,0,0.893966228598433,0.604175330310821,1.04607212076697,0,0,0,0,1.27232079927048,1.13835046797746,1.00399447772613,0,0.951298970925236
Tcp1,0,0,0,0,0,0,0,0,0,0,0,0,0,0
Tecr,0,0,0,0,0,0,0,0,0,0.745687998936493,0,0,0,0
Tgfbi,0,0,0,0,0,0,0,0,0,0,0,1.11315243106044,0,0
Timm8b,0,0,0,0,0,0,0,0.523150131163264,0,0,0,0,0,0
Tma7,0,0,0,0,0,0,0,0,0,0,0,0,0,0
Tmem14c,0,0,0,0,0,1.26331947570744,0,1.29755547077874,0,0,0,0,0,0
Tmem167,0,0,0,0,0,0,0,0,0,0,0,0,0,0
Tmem176b,0,0,0,0,0,0,0,0,0,0,0,0,0,0
Tmem256,0,0,0,0,0,0,0,0,0,0,0,0,0,0
Tmem258,0,0,0,0,0,0,0,0.641857935808087,0,0,0,0.458325403864877,0,0
Tmsb10,1.18265620237121,0,1.42498492482085,1.00478566336261,1.42997849296858,0,0.79047034633064,0,0.468870775499361,1.20249761681105,1.49674323181662,1.53152181835484,1.08409428650095,1.44604474617496
Tmsb4x,1.00876112919284,0,1.01478609180233,0.954347209184886,1.1063314022417,0.426570366033587,2.87468200094983,0,4.61241057032774,2.77985179589049,2.50895015863465,1.42085280960767,4.42669474419875,1.24826854014035
Tomm7,0,0,0,0,0,0,0,0.371367190959027,0,0,0,0,0,0
Tpi1,0,0,0,0,0,0,0,0.522733559806263,0,0,0,0,0,0
Tpm1,0,0,0,0,0,0,0,0,0,0,0.604913937974353,1.11364325261405,0,0
Tpm4,0,0,0,0,0,0,0,0,0,0,0,0.736177468272055,0,0
Tpt1,1.11119457872133,0,1.29620074447421,0.89583499077407,1.31265941569807,0.939094650817538,1.29148286052821,1.16134493689546,1.22695859347382,1.28947209683465,1.1476060756651,1.22546119322539,1.17933084081024,1.30576160527306
Tra2b,0,0,0,0,0,0,0,0,0,0,0,0,0,0
Tsc22d1,0,0,0,0,0,0,0,0,0,0,0,0,0,0
Tspan3,0,0,0,0,0,0,0,0,0,0,0.599332638221687,0,0,0
Tuba1a,0,0,0,0,0,0,0,0,0,0,0,0.657048578216888,0,0
Tuba1b,0.95877994921264,0,1.26456741988843,0.76707058521285,1.17877053848214,0.916309444437118,0.834340344498288,1.1667318396451,1.09389688080948,1.3071238245634,0.971909156983179,1.03880714925512,1.09026816959527,1.30645433194656
Tuba1c,0,0,0,0,0,0,0,0,0,0,0,0,0,0
Tubb4b,0,0,0,0,0,0.995007104001028,0.420093110545645,1.09106464404583,0,0,0,0,0,0
Tubb5,0.912375292099317,0,1.21337041227728,0.827390574569384,1.17766529140254,0.85366377477495,0.525243097089784,0.921214977772454,0.551747498619554,1.25564778613328,0.938358493601268,1.13262834408194,0.685406006313776,1.10175117715099
Txn1,0.662382365873143,0,0.941853650031525,0.323131773672218,0.758989931470979,0.609592282729027,0.691921823240684,0.848048378127301,0,1.02006866369994,0.804340138907465,0.855935465146384,0.885655475360145,1.04998491014298
Tyms,0,0,0,0,0,0,0,0,0,0,0,0,0,0
Tyrobp,0,0,0,0,0,0,0.545550667591377,0,1.57281518148914,0,0,0,1.85757013028428,0
Ubc,0,0,0,0,0,0,0,0,0.821083180638648,0,0,0,0,0
Ube2c,0,0,0,0,0,0.616600452940099,0,0,0,0,0,0,0,0
Ube2d3,0,0,0,0,0,0,0,0,0,0,0,0,0,0
Ube2l6,0,0,0,0,0,0,0,0,0,0,0,0,0,0
Ubl5,0,0,0,0,0,0.630283911855545,0.526507023620793,0.672980094180562,0.562244008573096,0.699355188506885,0.591209054856251,0.52856293186654,0.764137836763044,0
Ucp2,0,0,0,0,0,0.655229927569335,0,0,0,0,0,0,0.556620314979795,0
Uqcr10,0,0,0.503111628966783,0,0,0.559559290664641,0.420093110545645,0.840315345170385,0.655973659341835,0,0.81946117631293,0,0.482907917892208,0
Uqcr11,0,0,0,0,0,0,0.323923626223437,0.641857935808087,0,0,0,0,0,0
Uqcrb,0,0,0.820037970477538,0.443123157313277,0.71276319469424,0.683646721937816,0.893034860881387,0.96383624533489,0.878280192784519,0.859926497328185,0.929955540598472,0.892728845397137,0.980847125612311,0
Uqcrh,0.514944188596383,0,0.774865728672687,0,0.676297249479793,0.807869337398601,0.562639876194879,0.945328739590331,0,0.671247493894465,0.869040600832059,0.750491739676597,0.520050513018201,0.885054828233314
Uqcrq,0,0,0,0,0,0.526296027795374,0.429121384846237,0.750213218115633,0,0,0.291199585011035,0,0.570484719318731,0
Urod,0,0,0,0,0,0.856785016168974,0,0,0,0,0,0,0,0
Usmg5,0.696362389592484,0,0.902756664199365,0.562639876194879,0.909789682127204,0.734929160996277,0.909467544822493,1.08498779083476,0.595147634039911,0.955915246908952,0.928722054515322,0.868454539051095,0.774866863275584,0.885054828233314
Vcp,0,0,0,0,0,0,0,0,0,0,0,0,0,0
Wfdc2,0,0,0,0,0,0,0,0,0,0.924201024931963,0,0,0,0
Ybx1,0,0,0,0,0,0,0,0.532920059557094,0,0,0,0,0,0
Ywhab,0,0,0.786867549179942,0,0.764357539902584,0,0.747190192143345,0,0.770472987291642,0.639343792739711,0.596606407768599,0.91989436069071,0.830077981187791,0.357950933952433
Ywhae,0,0,0,0,0,0,0,0,0,0.556194352318573,0,0,0,0
Ywhaq,0,0,0,0,0,0,0,0,0,0,0,0,0,0
Zfas1,0,0,0,0,0,0,0,0.622289843282588,0,0,0,0,0,0
