,Fetal_Brain_12,Fetal_Brain_4,Fetal_Brain_18,Fetal_Brain_16,Fetal_Brain_17,Fetal_Brain_15,Fetal_Brain_5,Fetal_Brain_13,Fetal_Brain_8,Fetal_Brain_9,Fetal_Brain_14,Fetal_Brain_1,Fetal_Brain_10,unassigned,Fetal_Brain_2,Fetal_Brain_3,Fetal_Brain_6,Fetal_Brain_7,Fetal_Brain_11
1110004F10Rik,0,0,0,0,0,0,0,0,0,0,0,0,0,0,0,0,0,0,0
1810058I24Rik,0,0,0,0,0,0,0,0.589060044928879,0,0,0,0,0,0,0,0,0,0,0
2410015M20Rik,0,0,0,0,0,0,0,0,0,0,0,0,0,0,0,0,0,0,0
2900011O08Rik,0,0,0,0,0,0,0,0,0,0,0,0,0,0,0,0,0,0,0
6330403K07Rik,0,0,0,1.00409891814364,0,0,0,0,0,0,0,0,0.73835574769293,0,0.876600986815337,0.724986498016222,0,0,0.955575661714825
Abracl,0,0,0,0,0,0,0,0,0,0,0,0,0,0,0,0,0,0,0
Acd,0,0,0,0,0,0,0,0,0,0,0,0,0,0,0,0,0,0,0
Actb,0,0,1.31134037038449,0,0,1.5270238583017,0,0.989246705688112,0,0.786594134767543,0,0,1.03334660836223,0,1.27205478792216,1.41602775142574,1.15596421684627,1.0978912116057,1.30850315261324
Actg1,0,0,0.491545300961878,0.885965237267265,0,0.475921639128268,0,0,0,0,0,0,0,0,1.00658628980473,1.03148047071565,0.255749906181038,0,1.02456372639178
Adrm1,0,0,0,0,0,0,0,0,0,0,0,0,0,0,0,0,0,0,0
Alas2,0,0,0,0,0,0,0,0,0,0,1.21498703216237,0,0,0.941147881441146,0,0,0,0,0
Aldoa,0,0,0,0,0,0,0,0,0,0,0,0,0,0,0,0,0,0,0
Anapc13,0,0,0,0,0.721855779155026,0,0,0,0,0,0,0,0,0,0,0,0,0,0
Ap1s1,0,0,0,0,0,0,0,0,0,0,0,0,0,0,0,0,0,0,0
Ap2m1,0,0,0,0.796207745792936,0,0,0,0,0,0,0,0,0,0,0,0,0,0,0
Ap3s1,0,0,0,0,0,0,0,0,0,0,0,0,0,0,0,0,0,0,0
Apoe,0,0,3.51513566628348,0,0,3.05678213485133,0,0,0,0,0,0,0,0,0,0,0,0,0
Arf5,0,0,0,0,0,0,0,0,0,0,0,0,0,0,0,0,0,0,0
Arl3,0,0,0,0,0,0,0,0,0,0,0,0,0,0,0,0,0,0,0
Arl4a,0,0,0,0,0,0,0,0,0,0,0,0,0,0,0,0,0,0,0
Arl6ip1,0,0,0.494785418453734,0,0.822576636847657,0,0,0,1.01819488990255,0,0,0,0,0,0,0,1.03662253414147,0,0
Arpc1b,0,0,1.13046538513938,0,0,1.20718192605079,0,0,0,0,0,0,0,0,0,0,0,0,0
Arpc2,0,0,1.13951433400615,0.695415190105708,0,1.0273187085992,0,0,0,0,0,0,0,0,0,0,0,0,0
Arpc5,0,0,0.660913589376787,0,0,0.397068763292084,0,0,0,0,0,0,0,0,0,0,0,0,0
Arpc5l,0,0,0,0,0,0,0,0,0,0,0,0,0,0,0,0,0,0,0
Arpp19,0,0,0,0,0,0,0,0,0.736392316715081,0,0,0,0,0,0,0,0,0,0
Arxes2,0,0,0,0,0,0,0,0,0,0,0,0,0,0,0,0,0,0,0
Atat1,0,0,0,0,0,0,0,0,0,0,0,0,0,0,0,0,0,0,0
Atp5l,0,0,0,0,0,0,0,0,0,0,0,0,0,0,0,0,0,0,0
Atp6v0e,0,0,0,0,0,0,0,0,0,0,0,0,0,0,0,0,0,0,0
Atp6v1g1,0,0,0,0.630804193032704,0,0,0.643823045953793,0,0,0.92917764350782,0,0,0,0,0,0,0,0,0
Atxn7l3b,0,0.580911400078636,0,1.13477742874648,0,0,1.05965754917005,0,0.732243815309503,1.07313787615336,0,1.12114205953831,1.07563978806179,0,0.944229087722563,0.744850252942058,0,0,0.927163635584741
B2m,0,0,1.09226097835805,0,0,1.28004461756729,0,0,0,0,0,0,0,0,0,0,0,0,0
Banf1,0,0,0,0,0,0,0,0,0.80162054273685,0,0,0,0,0,0,0,0,0,0
Bax,0,0,0,0,0,0,0,0,0,0,0,0,0,0,0,0,0,0,0
BC031181,0,0,0,0,0,0,0,0,0,0,0,0,0,0,0,0,0,0,0
Bcas2,0,0,0,0,0,0,0,0,0,0,0,0,0,0,0,0,0,0,0
Birc5,0,0,0,0,0,0,0,0,0,0,0,0,0,0,0,0,0.692632259992589,0,0
Blvrb,0,0,0.206617865674153,0,0,0,0,0,0,0,0.72274712774192,0,0,0,0,0,0,0,0
Bnip3l,0,0,0,0,0,0,0,0,0,0,0,0,0,0,0,0,0,0,0
Bpgm,0,0,0,0,0,0,0,0,0,0,0.652399556481147,0,0,0,0,0,0,0,0
Bsg,0,0,0,0,0.686342077811096,0.397068763292084,0,0.785680531539414,0,0,0,0,0,0,0,0,0,0,0
Btg2,0,0,0,0,0,0,0,0,0,0,0,0,0,0,0,0,0,0,0
Bub3,0,0,0,0,0,0,0,0,0.970060821144645,0,0,0,0,0,0,0,0,0,0
Bzw2,0,0,0,0,0,0,0,0,0,0,0,0,0,0,0,0,0,0,0
C1d,0,0,0,0,0,0,0,0,0,0,0,0,0,0,0,0,0,0,0
C1qa,0,0,0.950421167075881,0,0,1.52542077279678,0,0,0,0,0,0,0,0,0,0,0,0,0
C1qb,0,0,1.77174221738823,0,0,2.05457917058366,0,0,0,0,0,0,0,0,0,0,0,0,0
C1qc,0,0,1.87120990542709,0,0,1.9428591129048,0,0,0,0,0,0,0,0,0,0,0,0,0
Cadm1,0,0,0,0,0,0,0,0,0,0,0,0,0,0,0,0,0,0,0
Calb1,0,0,0,0,0,0,0,0,0,0,0,0,0,0,0,0,0,0,0
Calb2,0,0,0,0,0,0,0,0,0,0,0,0,0,0,0,0,0,0,0
Calm2,0,1.29037460872599,1.21348568142558,1.76659071562339,1.20075821126952,1.03661456326642,1.48902920459379,1.0910563590652,1.88874555344965,2.22134241965622,0,1.93829013609675,1.63049550569046,0,1.08276842912486,1.20526501324136,1.0489657189743,0.871322928598128,0.987547126602897
Carhsp1,0,0,0,0,0,0,0,0,0,0,0,0,0,0,0,0,0,0,0
Cbx1,0,0,0,0,0,0,0,0,0,0,0,0,0,0,0,0,0,0,0
Ccdc124,0,0,0,0,0,0,0,0,0,0,0,0,0,0,0,0,0,0,0
Ccdc34,0,0,0,0,0,0,0,0,0,0,0,0,0,0,0,0,0,0,0
Ccl27a,0,0,0,0,0,0,0,0,0,0,0,0,0,0,0,0,0,0,0
Ccnb1,0,0,0,0,0,0,0,0,0.999863290526612,0,0,0,0,0,0,0,0.758127031894921,0,0
Ccnb2,0,0,0,0,0,0,0,0,0,0,0,0,0,0,0,0,0,0,0
Ccnd2,0,0,0,0,0,0,0,0,0,0,0,0,0,0,0,0,0,0,0
Cd24a,0,0,0,0,0,0,0,0,0,0,0.599243589914123,0,0,0,1.24869545109504,1.10535467769926,0,0,1.56043832813964
Cd63,0,0,1.10712573844591,0,0.903962490360022,1.07259191606458,0,1.29186484682143,0,0,0,0,0,0,0,0,0,0,0
Cd81,0,0,0,0,0,0,0,0,0,0,0,0,0,0,0,0,0,0,0
Cdc123,0,0,0,0,0,0,0,0,0,0,0,0,0,0,0,0,0,0,0
Cdc20,0,0,0,0,0,0,0,0,0,0,0,0,0,0,0,0,0,0,0
Cdca8,0,0,0,0,0,0,0,0,0.936564741584524,0,0,0,0,0,0,0,0.247925994164891,0,0
Cdk1,0,0,0,0,0,0,0,0,0,0,0,0,0,0,0,0,0,0,0
Cdkn1c,0,0,0,0.191309211891216,0,0,0.432986327018371,1.41341749683046,0,0,0,0,0.690054759236445,0,0,0,0,0,0
Celf2,0,0,0,0,0,0,0,0,0,0,0,0,0,0,0,0,0,0,0
Cenpa,0,0,0,0,0,0,0,0,0.896955967745221,0,0,0,0,0,0,0,0.695915163699212,0,0
Cetn3,0,0,0,0,0,0,0,0,0,0,0,0,0,0,0,0,0,0,0
Chchd2,0,0.839203229348891,0.6984406574589,0.998314271833273,1.10911736942693,0.916863372096504,0.922351769736544,0.943842631445663,0.845304467359332,1.06184161557711,0.673731613985004,0.847153909962333,1.08225506118542,0,1.52116458701151,1.75153671477313,1.45817470052187,1.48852767041867,1.57402879813838
Chd3,0,0,0,0,0,0,0,0,0,0,0,0,0,0,0,0,0,0,0
Ciapin1,0,0,0,0,0,0,0,0,0,0,0,0,0,0,0,0,0,0,0
Cirbp,0,0,0,0,0,0,0,0,0,0,0,0,0,0,0,0,0,0,0
Cisd1,0,0,0,0,0,0,0,0,0,0,0,0,0,0,0,0,0,0,0
Ckb,0,0,0,0,0,0,0,0,0,0,0,0,0,0,0,0,0.661653178505434,0.867103224755414,0
Cks1b,0,0,0,0,0,0,0,0,0.854007025008594,0,0,0,0,0,0,0,0,0,0
Clic1,0,0,1.04830132267971,0,0,0.785415957497123,0,0,0,0,0,0,0,0,0,0,0,0,0
Cnn3,0,0.742477756171292,0,0,0,0,0,0,0,0,0,0,0,0,0,0,0,0,0
Coa3,0,0,0,0,0,0,0,0,0,0,0,0,0,0,0,0,0,0,0
Cope,0,0,0,0,0,0,0,0,0,0,0,0,0,0,0,0,0,0,0
Cops6,0,0,0,0,0,0,0,0,0,0,0,0,0,0,0,0,0,0,0
Cotl1,0,0,0.63134975923165,0,0,0.586714705710808,0,0,0,0,0,0,0,0,0,0,0,0,0
Cpe,0,0,0,0.84328158787258,0,0,0,0,0,0,0,0,0,0,0,0,0,0,0
Crip2,0,0,0,0.799439331757333,0.563184652023482,0,0,0,0,0.416890706151222,0,0,0,0,0,0,0,0,0
Crmp1,0,0,0,0.746600231404047,0,0,0,0,0,0.911459745792327,0,0,0,0,0.87958950734029,0.882268197630201,0,0,0.908220925938534
Cst3,0,0,1.63187814670242,0,0.951631211098892,1.93283975600051,0,0,0,0,0,0,0,0,0,0,0,0,0
Ctsb,0,0,2.81719744153696,0,0,2.74502752056868,0,0,0,0,0,0,0,0,0,0,0,0,0
Ctsc,0,0,1.38260694557961,0,0,0,0,0,0,0,0,0,0,0,0,0,0,0,0
Ctsd,0,0,0.991970668858574,0,0,2.00328375188781,0,0,0,0,0,0,0,0,0,0,0,0,0
Ctss,0,0,0,0,0,1.87342662577996,0,0,0,0,0,0,0,0,0,0,0,0,0
Ctxn1,0,0,0,0,0,0,0,0,0,0,0,0,0,0,0,0,0,0,0
Cuedc2,0,0,0,0,0,0,0,0,0,0,0,0,0,0,0,0,0,0,0
Cyba,0,0,1.15017022330542,0,0,1.07562380335804,0,0,0,0,0,0,0,0,0,0,0,0,0
Cycs,0,0,0,0,0,0,0,0,0,0,0,0,0,0,0,0,0,0,0
Cyth2,0,0,0,0.750608813337839,0,0,0,0,0,0,0,0,0,0,0,0,0,0,0
D8Ertd738e,0,0,0,0,0,0,0,0,0,0,0,0,0,0,0,0,0,0,0
Dazap2,0,0,0,0,0,0,0,0,0,0,0,0,0,0,0,0,0,0,0
Dbi,0,1.19442892241664,0.481082178406459,0,0,0,0,0,0.807175576964014,0,0,0,0,0,0,0,1.09013938419057,1.12391351121979,0
Dbn1,0,0,0,0,0,0,0,0,0,0,0,0,0,0,0,0,0,0,0
Dcn,0,0,0,0,0,0,0,1.20331900480416,0,0,0,0,0,0,0,0,0,0,0
Dctn3,0,0,0,0,0,0,0,0,0,0,0,0,0,0,0,0,0,0,0
Dctpp1,0,0,0,0,0,0,0,0,0,0,0,0,0,0,0,0,0,0,0
Ddah2,0,0,0,0,0,0,0,0,0,0,0,0,0,0,0,0,0.719659672186271,0,0.696947887826874
Ddx39,0,0,0,0,0,0,0,0,0,0,0,0,0,0,0,0,0,0,0
Dek,0,0,0,0,0,0,0,0,0,0,0,0,0,0,0,0,0,0,0
Dlgap4,0,0,0,0,0,0,0,0,0,0,0,0,0,0,0,0,0,0,0
Dlk1,0,0,0,0,0,0,0,0,0,0,0,0,0,0,0,0,0,0,0
Dlx1,0,0,0,0,0,0,0,0,0,0,0,0,0,0,0,0,0,0,0
Dlx6os1,0,0,0,0,0,0,0,0,0,0,0,0,0,0,0,0,0,0,0
Dnajb6,0,0,0,0,0,0,0,0,0,0,0,0,0,0,0,0,0,0,0
Dnajc8,0,0,0,0,0,0,0,0,0,0,0,0,0,0,0,0,0,0,0
Dnajc9,0,0,0,0,0,0,0,0,0,0,0,0,0,0,0,0,0,0,0
Dpy30,0,0,0,0,0,0,0,0,0,0,0,0,0,0,0,0,0,0,0
Dpysl3,0,0,0,0,0,0,0,0,0,0,0,0,0,0,0,0,0,0,0.79451514023099
Dusp1,0,0,0,0,0,0,0,0,0,0,0,0,0,0,0,0,0,0,0
Dut,0,0,0,0,0,0,0,0,0,0,0,0,0,0,0,0,0,0,0
Dync1i2,0,0,0,0,0,0,0,0,0,0,0,0,0,0,0,0,0,0,0
Dynll1,0,0,0,0,0.933912604391057,0,0,0,0,0,0,0,0,0,0.98206532484982,1.04681818530278,1.03334134881796,0.915091679973554,1.0227356061896
Ebf1,0,0,0,0,0,0,0,0,0,0,0,0,0,0,0,0,0,0,0
Eef1a1,0,0,0,0,0,0.50973646461199,0,0,0,0,0,0,0,0,0.888090816802706,0.999138692603081,0.927909154629323,1.00526114778761,1.01639033502261
Eef1b2,0,0,0,0,0,0,0,0,0,0,0,0,0,0,0.6035492644042,0.731790494041671,0.905887947868822,0.880254465658987,0.887332999014123
Eif2s1,0,0,0,0,0,0,0,0,0,0,0,0,0,0,0,0,0,0,0
Eif2s2,0,0.84715808161515,0.42100585649058,0,0,0,0,0,0.403682005845851,0,0,0,0,0,0,0,0.771654218740752,0,0
Eif5,0,0,0,0,0,0,0,0,0,0,0,0,0,0,0,0,0,0,0
Elavl3,0,0,0,0,0,0,0,0,0,0,0,0,0.839386217649605,0,0.800520482619598,0.656237009299004,0,0,0.804944112219604
Elavl4,0,0,0,0,0,0,0,0,0,0,0,0,0,0,0,0,0,0,0
Eloc,0,0,0,0,0,0,0,0,0,0,0,0,0,0,0,0,0,0,0
Eno1,0,0.468715629873943,0,0,0,0,0,0,0,0,0,0,0,0,0,0,0,0,0
Eny2,0,0,0,0,0,0,0,0,0,0,0,0,0,0,0,0,0,0,0
Erh,0,1.19569369076936,0,0.936216143058854,0,0,1.15068373428175,0,1.1518527123118,1.11838548765781,0,1.02091426762985,0,0,0,0,0,0,0
Ewsr1,0,0,0,0.191309211891216,0,0,0,0,0,0,0,0,0,0,0,0,0,0,0
Fabp5,0,0,0,0,0,0,0,0,0,0,0,0,0,0,0.593612388494047,0.90010186550076,0,0,0.852752530706608
Fabp7,0,0.876157691278864,0,0,0,0,0,0,0,0,0,0,0,0,0,0,0.539518604404999,0,0
Fam195b,0,0,0,0,0,0,0,0,0,0,0,0,0,0,0,0,0,0,0
Fam96b,0,0,0,0,0,0,0,0,0,0,0,0,0,0,0,0,0,0,0
Fcer1g,0,0,1.93963436105131,0,0,1.36968893530919,0,0,0,0,0,0,0,0,0,0,0,0,0
Fdft1,0,0,0,0,0,0,0,0,0,0,0,0,0,0,0,0,0,0,0
Fdps,0,0,0,0,0,0,0,0,0,0,0,0,0,0,0,0,0,0,0
Fech,0,0,0,0,0,0,0,0,0,0,0.969244148970933,0,0,0,0,0,0,0,0
Fez1,0,0,0,0.897023228609833,0,0,0,0,0,0,0,0,0,0,0,0,0,0,0
Fscn1,0,0,0,0,0,0,0,0,0,0,0,0,0,0,0,0,0,0,0
Fth1,3.6009105476478,0.648405375389177,1.75640234219919,0,1.06162620007348,1.81800955352622,0,1.06558652078708,0,0.580947637699271,1.94837461022407,0,0.911916229975388,3.09499268101059,0.988821431428783,1.05696360317793,0.938532931732687,1.06261435423804,1.02548034191617
Ftl1-ps1,0,0,0,0,0,0,0,0,0,0,0,0,0,0,0,0,0,0,0
Fxyd6,0,0,0,0,0,0,0,0,0,0,0,0,0,0,0,0,0,0,0
Gabarapl2,0,0,0,0,0,0,0,0,0,0,0,0,0,0,0,0,0,0,0
Gadd45g,0,0,0,0,0,0,1.08174169324598,0,0,0,0,0,0,0,0,0,0,0,0
Gap43,0,0,0,1.37820970202699,0,0,0,0,0,1.15273492990478,0,1.24869381314419,0,0,0.910904469573116,0,0,0,0.854635697578961
Gapdh,0.667601633493634,0.876594787294344,0.991970668858574,0,0.873949384317372,1.19440633671439,0,0.624343835892169,0.716993196403828,0,0,0,0,0,1.00219714200299,1.03194568960127,1.54217581962463,1.30853384807561,1.01639033502261
Gdi1,0,0,0,0.893514332552852,0,0,0,0,0,1.00228605270531,0,1.01639033502261,0.873299282143354,0,0,0,0,0,0
Gipc1,0,0,0,0,0,0,0,0,0,0,0,0,0,0,0,0,0,0,0
Glrx5,0,0,0,0,0,0,0,0,0,0,0,0,0,0,0,0,0,0,0
Gm10269,0,0,0,0,0,0,0,0,0,0,0,0,0,0,0,0,0,0,0
Gm15427,0,0,0,0,0,0,0,0,0,0,0,0,0,0,0,0,0,0,0
Gm17750,0,0,0,0,0,0,0,0,0,0,0,0,0,0,0,0,0,0,0
Gm1821,0,0.799561645353739,0,1.34321268499524,0,0,1.16607810647449,0,1.24454454434352,1.27785435714164,0,1.29786268270156,1.03614582770926,0,0,0,0,0,0
Gm2000,0,0.959159062077075,0,0.776730689625844,0,0,0.961957770051799,0,0.820257027154587,0.895252889199226,0,0,0,0,0,0,0,0,0
Gm2694,0,0,0,0,0,0,0,0,0,0,0,0,0,0,0,0,0,0,0
Gm8186,0,0,0,0,0,0,0,0,0,0,0,0,0,0,0,0,0,0,0
Gm8797,0,0,0,1.11838548765781,0,0,0.988396157169453,0,1.1123699162248,1.00661205293839,0,1.12614053313876,0,0,0,0,0,0,0
Gnas,0,0,0,0,0,0,0,0,0,0,0,0,0,0,0,0,0,0,0
Gnb2,0,0,0,0,0,0,0,0,0,0,0,0,0,0,0,0,0,0,0
Gng2,0,0,0,0,0,0,0,0,0,0,0,0,0,0,0,0,0,0,0
Gng3,0,0,0,0.988619332462674,0,0,0,0,0,0,0,0,0,0,0.524316563241318,0,0,0,0
Gng5,0,0,0.759220584406214,0,0.980809026902887,0.784887356728047,0,0.813378083310813,0,0,0,0,0,0,0,0,0,0,0
Gpm6a,0,0,0,0,0,0,0,0,0,0,0,0,0,0,0,0,0,0,0
Gpm6b,0,0,0,0,0,0,0,0,0,0,0,0,0,0,0,0,0,0,0
Gpx1,1.08586091310368,0,0.924936952147134,0,0,1.34481754420004,0,0,0,0,1.89911780396303,0,0,0.819980666691373,0,0,0,0,0
Grcc10,0,0,0,0,0,0,0,0,0,0,0,0,0,0,0,0,0,0,0
Grpel1,0,0,0,0,0,0,0,0,0,0,0,0,0,0,0,0,0,0,0
Gstm5,0,0,0,0,0,0,0,0,0,0,0,0,0,0,0,0,0,0,0
H1f0,0,1.07158624131186,0,0,0,0,1.11454942269011,0,1.61278135430022,0,0,0,0,0,0,0,0,0,0
H2afj,0,0,0,0,0,0,0,0,0,0,0,0,0,0,0,0,0,0,0
H2afv,0,1.79856267220239,0,1.00046364632918,0.951631211098892,0,1.33995890685091,0.879252589313302,2.26931788184607,0.885976178743844,0,0.930900555110956,0.94293358797217,0,0,0,1.15454133321982,0.968431744455801,0
H2afx,0,0,0,0,0,0,0,0,0.770376768871439,0,0,0,0,0,0,0,0,0,0
H2afz,0,1.9096283124997,0.817457468963524,1.11293657739445,0.572196925058193,1.00218999818444,1.13118604817846,0.855265323390146,2.16543452634792,0.975820669803297,0,0.940764031875541,1.0080788361819,0,0,0,1.46416835503833,1.09158112754285,0
H3f3a,0,0,0,0,0.477841625178842,0,0,0,0,0,0,0,0,0,0.931277371788697,0.965992377886026,0.770888638297785,0.765850146675723,0.978306783488603
Hba-a1,6.72672047374566,2.00066803894878,1.71623304475049,1.90801096807506,1.67176493591277,1.68493826694885,2.02049547749668,1.98383985181314,1.83821665911211,1.82513419868163,6.74619359482417,2.07212852994645,2.19948424812845,7.20704316689816,2.05319260409405,1.98753619702331,1.95795852332609,1.97017175402457,2.07283778142854
Hba-a2,6.0912017037203,1.38682901545117,1.46798857535303,1.40532611551601,1.24179458271978,1.07562380335804,1.43362812729041,1.7051371353912,1.46808541338067,1.37308903505675,6.47620583972826,1.61519771269839,1.72250058860218,6.66917156844713,1.59964110164208,1.57557481995034,1.34114606729894,1.62477800203927,1.50439166199914
Hba-x,6.00360058648078,1.77291129180304,1.61827192612386,1.75892539871858,1.31466750101594,1.33674064422962,2.01849204486236,1.39030975197533,1.76468662124309,1.79959114343611,1.54380725024499,1.9623220244912,1.91614597414087,5.70509331616427,1.33394140816041,1.42759225013918,1.20048638472147,1.30316021372716,1.32560581736853
Hbb-bh0,0,0,0,0,0,0,0,0,0,0,0,0,0,0,0,0,0,0,0
Hbb-bh1,1.08431236332883,0,0,0,0,0,0,0,0,0,0,0,0,0,0,0,0,0,0
Hbb-bs,4.22953355140457,1.32562386286879,1.21749135595635,1.32170132064702,1.44239243755895,1.29685892196193,1.53401329589188,1.50335676638206,1.282488132322,1.26845407192771,6.98165589375661,1.3816371129667,1.8575702333211,5.47478244694072,2.22815673976331,2.07568160000943,1.9530064825584,1.98193101157941,2.23327731598865
Hbb-bt,4.67753464567637,0.641074976749285,0.731376879917437,0,0.832587211752742,0.790742372913324,0,0.957958640802298,0,0,6.39391348185915,0.878586063589483,1.1451657009554,5.61924252629671,1.42344598930338,1.30316021372716,1.08277761736554,1.21763661456679,1.41522938987269
Hes6,0,0,0,0,0,0,0,0,0,0,0,0,0,0,0,0,0,0,0
Hexb,0,0,0,0,0,1.55448027706034,0,0,0,0,0,0,0,0,0,0,0,0,0
Higd1a,0,0,0,0,0,0,0,0,0,0,0,0,0,0,0,0,0,0,0
Hist3h2a,0,0,0,0,0,0,0,0,0,0,0,0,0,0,0,0,0,0,0
Hist3h2ba,0,0,0,1.2059278094167,0,0,0,0,0,0,0,0.970060821144645,1.01419038181744,0,1.33235278134171,1.1397019822334,0.698194185824996,0.832289320227915,1.67569287235225
Hmgb1,0,0,0,0,0,0,0,0,0,0,0,0,0,0,0,0,0,0,0
Hmgb2,0,0,0,0,0,0,0,0,0,0,0,0,0,0,0,0,0,0,0
Hmgb3,0,0.741767332973325,0,0.799439331757333,0,0,0,0,1.12224880140728,0,0,0,0.698994277861418,0,0,0,0,0,0
Hmgn2,0,2.07461346161735,0.71879996089558,0.981251622088735,0.721855779155026,0,1.27422042459741,0,2.5988549910081,0.975820669803297,0,0.933912604391057,0.737022082548263,0,0,0,1.00134465988841,0.803182891409936,0
Hmgn3,0,0,0,0,0,0,0,0,0,0,0,0,0,0,0,0,0,0,0
Hnrnpa1,0,0,0,0,0,0,0,0,0,0,0,0,0,0,0,0,0,0,0
Hnrnph3,0,0,0,0,0,0,0,0,0,0,0,0,0,0,0,0,0,0,0
Hsd3b6,0.907508311420768,0,0,0,0,0,0,0,0,0,0,0,0,0,0,0,0,0,0
Hsp90ab1,0,0,0,0,0,0.402860332863232,0,0,0,0,0,0,0,0,0.936184910857264,1.06807768584459,0.893210402114168,1.01549386578512,1.00746649600503
Hspa5,0,0,0,0,0,0,0,0,0,0,0,0,0,0,0,0,0,0,0
Hspe1,0,0,0,0,0,0.528651255644527,0,0,0,0,0,0,0,0,0,0,0.772927872396887,0.847472357128457,0
Hypk,0,0,0,0,0,0,0,0,0,0,0,0,0,0,0,0,0,0,0
Id2,0,0,0,0,0,0,0,0,0,0,0,0,0,0,0,0,0,0,0
Id3,0,0,0,0,0,0,0,0,0,0,0,0,0,0,0,0,0,0,0
Idh1,0,0,0,0,0,0,0,0,0,0,0,0,0,0,0,0,0,0,0
Ier2,0,0,0.333648944874221,0,0,0.486878789511208,0,0,0,0,0,0,0,0,0,0,0,0,0
Igfbp2,0,0,0,0,1.39030975197533,0,0,1.05137514349041,0,0,0,0,0,0,0,0,0,0,0
Igfbpl1,0,0,0,0.960195408143905,0,0,1.11893543592903,0,0,1.1577671313927,0,0,0,0,0.598273731113371,0.97006153564117,0,0,1.1541981851585
Ina,0,0,0,0,0,0,0,0,0,0,0,0,0,0,0,0,0,0,0
Ip6k2,0,0,0,0,0,0,0,0,0,0,0,0,0,0,0,0,0,0,0
Isca2,0,0,0,0,0,0,0,0,0,0,0,0,0,0,0,0,0,0,0
Isl1,0,0,0,0,0,0,0,0,0,0,0,0,0,0,0,0,0,0,0
Itm2b,0,0,2.10095568376601,0,0,1.51587884080382,0,1.02091426762985,0,0,0,0,0,0,0,0,0,0,0
Klc1,0,0,0,0,0,0,0,0,0,0,0,0,0,0,0,0,0,0,0
Klhdc2,0,0,0,0,0,0,0,0,0,0,0,0,0,0,0,0,0,0,0
Kpna2,0,0,0,0,0,0,0,0,0.922720079269048,0,0,0,0,0,0,0,0,0,0
Lamtor2,0,0,0,0,0,0,0,0,0,0,0,0,0,0,0,0,0,0,0
Laptm4a,0,0,0.624519548006209,0,0,0,0,1.1881250433937,0,0,0,0,0,0,0,0,0,0,0
Ldha,0,0,0.481082178406459,0,0,0.955575661714825,0,0,0,0,0,0,0,0,0,0,0,0,0
Ldhb,0,0,0,0.779962275590241,0.477841625178842,0,0.812243088597882,0,0,0.728236057083834,0,0,0,0,0,0,0,0,0
Lgals1,0,0,1.15017022330542,0,0,0,0,1.03380744300573,0,0,0,0,0,0,0,0,0,0,0
Lgmn,0,0,1.07041661499064,0,0,1.73547542341263,0,0,0,0,0,0,0,0,0,0,0,0,0
Lhx1os,0,0,0,0,0,0,0,0,0,0,0,0,0.99481275806841,0,0,0,0,0,0
Lhx2,0,0,0,0,0,0,0,0,0,0,0,0,0,0,0,0,0,0,0
Lhx9,0,0,0,0,0,0,0,0,0,0,0,0,0,0,0,0,0,0,0
Lsm6,0,0,0,0,0,0,0,0,0,0,0,0,0,0,0,0,0,0,0
Lsm7,0,0.843184062824635,0,0.893514332552852,0,0,0,0,0.732243815309503,0,0,0,0,0,0,0,0,0,0
Ly6h,0,0,0,0,0,0,0,0,0,0,0,0,0,0,0,0,0,0,0
Lypla2,0,0,0,0,0,0,0,0,0,0,0,0,0,0,0,0,0,0,0
Lyz2,0,0,1.15526643294005,0,0,0.573867008266061,0,0,0,0,0,0,0,0,0,0,0,0,0
Maf1,0,0,0,0,0,0,0,0,0,0,0,0,0,0,0,0,0,0,0
Maged1,0,0,0,0,0,0,0,0,0,0,0,0,0,0,0,0,0,0,0
Maged2,0,0,0,0,0,0,0,0.708749771538461,0,0,0,0,0,0,0,0,0,0,0
Mageh1,0,0,0,0,0,0,0,0,0,0,0,0,0,0,0,0,0,0,0
Malat1,0,0,0,0,0,0,0,0,0,0,0,0,0,0,0,0,0,0,0
Map1b,0,0,0,0,0,0,0,0,0,0,0,0,0,0,0,0,0,0,0
Map1lc3b,0.501100803135175,0,0,0.913901126137898,0,0,0.943071027380248,0,0,1.06065618905029,0,1.11128351272898,1.05234275492689,0,0.524316563241318,0.734835586765805,0,0,0.751539817327014
Mapt,0,0,0,0,0,0,0,0,0,0,0,0,0,0,0.986281128567726,0,0,0,0
Mdh2,0,0,0,0.84328158787258,0,0,0,0,0.642415862944444,0.92917764350782,0,0.825495165901037,0,0,0,0,0,0,0
Mdk,0,1.17029754138381,0,0,0.774980616448866,0,0.900795620969454,0.911082981508594,0.879920158286374,0,0,0,0,0,0,0,0,0,0
Mea1,0,0,0,0,0,0,0,0,0,0,0,0,0,0,0,0,0,0,0
Med10,0,0,0,0,0,0,0,0,0,0,0,0,0,0,0,0,0,0,0
Med28,0,0,0,0.84328158787258,0,0,0,0,0,0,0,0,0,0,0,0,0,0,0
Meg3,0,0,0,0.281323842174906,0,0,0,1.0004439137393,0,0,0,1.08379720681681,0,0,1.08741435890426,0,0,0,0
Mfap2,0,0,0,0,0,0,0,0,0,0,0,0,0,0,0,0,0,0,0
Mien1,0,0,0,0,0,0,0,0,0,0,0,0,0,0,0,0,0,0,0
Mir124-2hg,0,0,0,0,0,0,0,0,0,0,0,0,0,0,0,0,0,0,0
Mkrn1,0,0,0,0,0,0,0,0,0,0,0.8404129736721,0,0,0,0,0,0,0,0
Mlf2,0,0,0,0,0,0,0,0,0,0,0,0,0,0,0,0,0,0,0
Mllt11,0,0,0,1.21302613024902,0,0,0,0,0,1.24557921700231,0,1.23092241216499,1.01190876037456,0,0.906199078381662,0.863538720802644,0,0,0.846536504915786
Morf4l1,0,0,0,0,0,0,0,0,0,0,0,0,0,0,0,0,0,0,0
Mrpl23,0,0,0,0,0,0,0,0,0,0,0,0,0,0,0,0,0,0,0
Mrpl34,0,0,0,0,0,0,0,0,0,0,0,0,0,0,0,0,0,0,0
Mrpl42,0,0.551533233648882,0,0,0,0,0,0,0,0,0,0,0,0,0,0,0,0,0
Mrps12,0,0,0,0,0,0,0,0,0,0,0,0,0,0,0,0,0,0,0
Mrps14,0,0,0,0,0,0,0,0,0,0,0,0,0,0,0,0,0,0,0
Mrps18c,0,0,0,0,0,0,0,0,0,0,0,0,0,0,0,0,0,0,0
Mrps21,0,0,0,0,0,0,0,0,0,0,0,0,0,0,0,0,0,0,0
Mrps33,0,0,0,0,0,0,0,0,0,0,0,0,0,0,0,0,0,0,0
mt-Nd1,1.14719173314745,1.30051121172038,2.02687804532953,1.4496959879422,1.9437758743045,2.00393947279758,1.62494354034322,1.89046529133404,1.40265031567816,1.38249971655706,1.362402988269,1.35962280018484,1.53185609432165,0,2.35164907319827,2.37949651059978,2.38576077453579,2.49110789779535,2.43481930943141
mt-Rnr1,0,0,0,0,0,0,0,0,0,0,0,0,0,0,0,0,0,0,0
Mt1,0,0,0.700445312612894,0,0,0.556284012000979,0,0,0,0,0,0,0,0,0,0,0,0,0
Myl6,0,0,0.672682337365911,0,0,0,0,0.493989493088852,0,0,0,0,0,0,0,0,0,0,0
Naa35,0,0,0,0,0,0,0,0,0,0,0,0,0,0,0,0,0,0,0
Nap1l4,0,0,0,0,0,0,0,0,0,0,0,0,0,0,0,0,0,0,0
Ndn,0,0,0,0,0,0,0,0,0,0,0,0.81508669306677,0,0,1.14084759803541,0,0,0,0
Ndufa1,0,0,0,0,0.395350667552214,0,0,0,0,0,0,0,0,0,0,0,0,0,0
Ndufa8,0,0,0,0,0,0,0,0,0,0,0,0,0,0,0,0,0,0,0
Ndufab1,0,0,0,0,0,0,0,0,0,0,0,0,0,0,0,0,0,0,0
Ndufb10,0,0,0,0,0,0,0,0,0,0,0,0,0,0,0,0,0,0,0
Ndufb4,0,0,0,0,0,0,0,0,0,0,0,0,0,0,0,0,0,0,0
Ndufb7,0,0,0,0,0,0,0,0,0.403682005845851,0,0,0,0,0,0,0,0,0,0
Ndufs5,0,0,0,0,0,0,0,0,0,0,0,0,0,0,0,0,0,0,0
Neurod6,0,0,0,0,0,0,0,0,0,1.22292417586464,0,0,0,0,0,1.17822007674854,0,0,0
Nhlh2,0,0,0,0,0,0,0,0,0,0,0,0,0,0,0,0,0,0,0
Npm1,0,1.04995063174439,0.739221281582851,0,0,0,0,0,0,0,0,0,0,0,0,0.774684642676818,0.968836525444947,1.00490110125849,0
Npy,0,0,0,0,0,0,0,0,0,0,0,0,0,0,0,0,0,0,0
Nrep,0,0,0,0.935841205727188,0.653124767144246,0,0.582655594871969,0.87329111475471,0,1.26487925954437,0,1.15537469688222,1.07259290591381,0,1.1311907631394,1.2839514634964,0,0.776796919449739,1.14603268269899
Nsfl1c,0,0,0,0,0,0,0,0,0,0,0,0,0,0,0,0,0,0,0
Nsg1,0,0,0,0,0,0,0,0,0,0.613112691580913,0,0,0,0,0.929402677060765,0.850255352581313,0,0,0.724536583671737
Nsg2,0,0,0,0,0,0,0,0,0,0,0,0,0,0,0.94733125760611,0.864826127790412,0,0,0.809982822997798
Nudc,0,0,0,0,0,0,0,0,0,0,0,0,0,0,0,0,0,0,0
Nxf1,0,0,0,0,0,0,0,0,0,0,0,0,0,0,0,0,0,0,0
Ostc,0,0,0,0,0,0,0,0,0,0,0,0,0,0,0,0,0,0,0
Otub1,0,0,0,0,0,0,0,0,0,0,0,0,0,0,0,0,0,0,0
Pafah1b2,0,0,0,0,0,0,0,0,0,0,0,0,0,0,0,0,0,0,0
Pafah1b3,0,0,0,0,0,0,0,0,0,0,0,0,0,0,0.827559542123539,0,0,0,0.760343732162736
Paip2,0,0,0,0.870521535949175,0,0,0,0,0,0,0,0,0,0,0,0,0,0,0
Pantr1,0,1.05528423567565,0,0.693939155456228,0,0,1.01459242625259,0,1.14142101107862,0,0,0,0,0,0,0,0.83681848434413,0.924570025544281,0.610106670263141
Pax6,0,0,0,0,0,0,0,0,0,0,0,0,0,0,0,0,0,0,0
Pbk,0,0,0,0,0,0,0,0,0,0,0,0,0,0,0,0,0,0,0
Pcbp2,0,0,0,0,0,0,0,0,0,0,0,0,0,0,0,0,0,0,0
Pclaf,0,0,0,0,0,0,0,0,0,0,0,0,0,0,0,0,0,0,0
Pcna,0,0,0,0,0,0,0,0,0,0,0,0,0,0,0,0,0,0,0
Pcp4,0,0,0,0,0,0,0,0,0,0,0,0,0,0,0,0,0,0,0
Pcsk1n,0,0,0,0,0,0,0,0,0,0,0,0,0,0,0.603393604581115,0,0,0,0
Pdcl3,0,0,0,0,0,0,0,0,0,0,0,0,0,0,0,0,0,0,0
Pdhb,0,0,0,0,0,0,0,0,0,0,0,0,0,0,0,0,0,0,0
Pdia6,0,0,0,0,0.841630382259486,0,0,0,0,0,0,0,0,0,0,0,0,0,0
Pdlim7,0,0,0,0,0,0,0,0,0,0,0,0,0,0,0,0,0,0,0
Pea15a,0,0.487144084906196,0,0,0,0,0,0,0,0,0,0,0,0,0,0,0,0,0
Peli1,0,0,0,0,0,0,0,0,0,0,0,0,0,0,0,0,0,0,0
Pet100,0,0,0,0,0,0,0,0,0,0,0,0,0,0,0,0,0,0,0
Pf4,0,0,2.98607115009876,0,0,0,0,0,0,0,0,0,0,0,0,0,0,0,0
Pfdn1,0,0,0,0,0,0,0,0,0,0,0,0,0,0,0,0,0,0,0
Pfdn2,0,0,0,0,0,0,0,0,0,0,0,0,0,0,0,0,0,0,0
Pfdn4,0,0,0,0,0,0,0,0,0,0,0,0,0,0,0,0,0,0,0
Pfn1,0,0.754830210302186,1.12446627230632,0,0,0.914686865246221,0,0,0,0,0,0,0,0,0,0,0,0,0
Pfn2,0,0,0,0,0,0,0,0,0,0,0,0,0,0,0,0,0,0,0
Pgrmc1,0,0,0,0,0,0,0,0,0,0,0,0,0,0,0,0,0,0,0
Phpt1,0,0,0,0,0,0,0,0,0,0,0,0,0,0,0,0,0,0,0
Pin1,0,0,0,0,0,0,0,0,0,0,0,0,0,0,0,0,0,0,0
Pja1,0,0,0,0,0,0,0,0,0,0,0,0,0,0,0,0,0,0,0
Polr3k,0,0,0,0,0,0,0,0,0,0,0,0,0,0,0,0,0,0,0
Pou3f3,0,0,0,0,0,0,0,0,0,0,0,0,0,0,0,0,0,0,0
Ppia,0,0.992268112546308,0.807321062472209,0,0,0.402860332863232,0,0,0.977198924162697,0,0,0,0,0,0,0,0.819455815614509,0,0
Ppp1ca,0,0.802756934944408,0.672682337365911,0.524312687225543,0,0.790742372913324,0,0,0,0,0,0,0,0,0,0,0,0,0
Ppp1r1a,0,0,0,0,0,0,0,0,0,0,0,0,0,0,0,0,0,0,0
Prdx1,0,0.987146043505727,1.09956523925367,0,0,1.07259191606458,0,0.493989493088852,0.896261475319039,0,0,0,0,0,0,0,0,0,0
Prkar1a,0,0,0,0,0,0,0,0,0,0,0,0,0,0,0,0,0,0,0
Prmt1,0,1.16849033823113,0,1.24530262140855,0,0,1.15068373428175,0,1.09314914600528,1.31622612427639,0,1.20718192605079,0.958522115332912,0,0,0,0,0,0
Prmt2,0,0,0,0,0,0,0,0,0,0,0,0,0,0,0,0,0,0,0
Prr13,0,0,0,0,0,0,0,0,0,0,0,0,0,0,0,0,0,0,0
Psip1,0,0,0,0,0,0,0,0,0,0,0,0,0,0,0,0,0,0,0
Psma3,0,0,0,0,0,0,0,0,0,0,0,0,0,0,0,0,0,0,0
Psmb3,0,0,0,0,0,0,0,0,0,0,0,0,0,0,0,0,0,0,0
Psmc1,0,0,0,0,0,0,0,0,0,0,0,0,0,0,0,0,0,0,0
Psmc4,0,0,0,0.524312687225543,0,0,0,0,0,0,0,0,0,0,0,0,0,0,0
Psmd11,0,0,0,0,0,0,0,0,0,0,0,0,0,0,0,0,0,0,0
Psmd12,0,0,0,0,0,0,0,0,0,0,0,0,0,0,0,0,0,0,0
Psmd4,0,0,0,0,0,0,0,0,0,0,0,0,0,0,0,0,0,0,0
Ptms,0,0,0,0,0,0,0,0,0,0,0,0,0,0,0,0,0,0,0
Ptn,0,0,0,0,0,0,0,0.636504427689454,0,0,0,0,0,0,0,0,0,0,0
Puf60,0,0,0,0,0,0,0,0,0,0,0,0,0,0,0,0,0,0,0
Rab11b,0,0,0,0,0,0,0,0,0,0,0,0,0,0,0,0,0,0,0
Rab3a,0,0,0,0,0,0,0,0,0,0,0,0,0,0,0,0,0,0,0
Rab6a,0,0,0,0,0,0,0,0,0,0,0,0,0,0,0,0,0,0,0
Rack1,0,0,0,0,0,0.55186386349127,0,0,0,0,0,0,0,0,0,0.728854853159419,0.767087197276435,0.86515119871771,0
Raly,0,0,0,0,0,0,0,0,0,0,0,0,0,0,0,0,0,0,0
Ran,0,1.03334134881796,0,0,0,0,0,0,1.04513214284686,0,0,0,0,0,0,0,0.962361154709276,0.857679025928903,0
Ranbp1,0,1.54326486491402,0.818012420023784,0.792125436631354,0,0,1.09595264591383,0,1.37991652616625,0,0,0,0,0,0,0,0.768602235959578,0.778084470631447,0
Rbm39,0,0,0,0,0,0,0,0,0,0,0,0,0,0,0,0,0,0,0
Rbp1,0,0,0,0,0,0,0,0,0,0,0,0,0,0,0,0,0,0,0
Rfc2,0,0,0,0,0,0,0,0,0,0,0,0,0,0,0,0,0,0,0
Rnd3,0,0,0,0,0,0,0,0,0,0,0,0,0,0,0,0,0,0,0
Rnf187,0,0,0,0,0,0,0,0,0,0,0,0,0,0,0,0,0,0,0
Rnf5,0,0,0,0,0,0,0,0,0,0,0,0,0,0,0,0,0,0,0
Rpl10,0,0,1.0106448348937,0,0,1.03661456326642,0,0.953204935839403,0,0,0,0,0,0,1.13627960224988,1.32326347522848,1.21962019938685,1.2421401370089,1.28963086291153
Rpl11,0.612327430659611,0,1.06409995747086,0,0.91832033360516,1.0227356061896,0,0.957958640802298,0,0,0.481141730972934,0,0,0,1.33553818654603,1.49564892594493,1.5563415753168,1.77806576747917,1.54710237320121
Rpl12,0,0,0,0,0,0.402860332863232,0,0,0,0,0,0,0,0,0,0,0,0.765850146675723,0
Rpl18,0,0,1.00236862897317,0,0.653124767144246,1.07259191606458,0,0.964373908994058,0,0,0,0,0,0,1.00923819772608,1.11894567073825,1.2518334574673,1.19948212987521,1.11783553938659
Rpl21,0,0.793992421878688,0.680151423469923,0,0.477841625178842,1.02243157987565,0,0.822576636847657,0,0,0.607588590849905,0,0,0,1.04132859301917,1.07310218495859,1.32636382798753,1.24489011062072,1.05671882944234
Rpl22,0,0,0,0,0,0,0,0,0,0,0,0,0,0,0,0,0.885299104686505,0.927908535142041,0
Rpl26,0,0.797797229122667,0.942216623886291,0,1.08482803268092,1.16248716028764,0,0.989246705688112,0,0,0,0,0.69780654886046,0,1.14314611149283,1.5096020843357,1.46908609386912,1.50241692533019,1.28371361950695
Rpl27a,0,0,0,0,0,0,0,0,0,0,0,0,0,0,0,0,0.727238082429137,0.755916852366927,0
Rpl3,0,0,0.820111129577587,0,0,0.926419971819514,0,0.813946802404244,0,0,0,0,0,0,0.861955200232054,0.970471302663972,1.06213897006555,1.10213841753597,0.890060618484578
Rpl30,0,0,0.643118507220774,0,0.572196925058193,1.07562380335804,0,0,0,0,0,0,0,0,1.06360636043028,1.12912633977914,1.10054168763522,1.17760570275227,1.14603268269899
Rpl31,0,0,0.683922710003956,0,0.686342077811096,0.91180140938536,0,1.04800388693997,0,0,0,0,0,0,1.03032080203144,1.10430871470406,1.33883112258762,1.18439512433096,1.07663842038159
Rpl32,1.07259191606458,1.12226717481047,1.446371216441,0.897731817299747,1.14027418499221,1.46612404652192,1.1334437811987,1.25427209218493,1.06459354865824,0.998053399414523,0.83557932921302,0.749611626309847,1.16730121504413,0,1.59726699847777,1.74074778688581,1.90879926072597,1.88048582644752,1.70377377766517
Rpl36a,0,0,0,0,0,0.754938673313612,0,0.619089285201664,0,0,0,0,0,0,0.61585892876473,0.960754574431248,0.874944998972595,0.984166848505354,0
Rpl39,0.884622565058548,0,0.206617865674153,0,0.653124767144246,0.774980616448866,0,0.619089285201664,0,0,0,0,0,0,1.06460224216174,1.14142586833754,1.33679222212109,1.31168637720474,1.14603268269899
Rpl7,0,0,0.666952347567483,0,0,0.687549011386648,0,0.953204935839403,0,0,0,0,0,0,1.11400398658619,1.13798778651142,1.07740226751662,1.24352885646006,1.13571100637465
Rpl8,0,0,0.666952347567483,0,0,0.777044906826831,0,0.624343835892169,0,0,0,0,0,0,1.13684939644304,1.18470005686484,1.38900154106076,1.62128989544543,1.35879111609313
Rpl9,0,0,0,0,0,0,0,0,0,0,0,0,0,0,0,0,0.655370198792414,0.806267849132658,0
Rplp1,1.16728029001141,0,1.21590199641082,0,0.799420422502347,1.1334437811987,0,1.05089214990772,0,0,0,0,0,0,1.17029754138381,1.50490988626258,1.54930854735014,1.60498314055879,1.15773531349589
Rplp2,0,0,0.783736556717087,0,0.967208695011208,1.00218999818444,0,1.0004439137393,0,0,0,0,0,0,0.858780370150052,1.01686601654286,1.07008117096768,1.14661220792322,1.02091426762985
Rprm,0,0,0,0,0,0,0,0,0,0,0,0,0,0,0,0,0,0,0
Rps10,0,0,0,0,0,0,0,0,0,0,0,0,0,0,0,0.630382944190428,0.725665362398144,0.851503707186559,0
Rps12,0,0,0.667663244654991,0,0,0.860975221814701,0,0.547768177765747,0,0,0,0,0,0,0.934294486993517,1.02433744844472,1.12226717481047,1.22857881742068,0.955575661714825
Rps13,0.63444434523877,0,0.804927325163685,0,0.778600530638647,0.957162946912691,0,0.812243088597882,0,0,0,0,0,0,1.12447033834846,1.19948356154398,1.38643483595169,1.56381266964912,1.30850315261324
Rps15a,1.11019933283802,0,0.836521467331286,0,0.91832033360516,0.955575661714825,0,1.0994782801947,0,0,0.838593634591276,0,0,0,1.5097634667963,1.67525593036535,1.80810100358655,1.82751999130538,1.57631917595399
Rps17,0,0,0.613962903358742,0,0.785415957497123,0.571642416864256,0,0.953204935839403,0,0,0,0,0,0,0.996538451290738,1.0356770921521,1.19157328266574,1.12280562103416,0.994382111402876
Rps18,0,1.07512946390078,0.807580985777748,0,0,1.00262751008663,0.927163635584741,1.00306541942534,0.986699609781857,0.897420655217446,0,0,0,0,0,0.831297882275775,0.866772144121702,0.990989876477529,0
Rps2,0.660468108065268,0,0.563061664593159,0,0,0.978306783488603,0,0.619089285201664,0,0,0.787537676204769,0,0,0,0.659359296837611,0.981646806324833,1.15537596098441,1.2822881126221,0.91978208897292
Rps20,0,0,0.206617865674153,0,0.749131158080822,0.784887356728047,0,0.813946802404244,0,0,0,0,0,0,0.935806831030659,1.00924550547498,1.15833502355764,1.12447380582082,1.0227356061896
Rps21,0,0,0.645604188887097,0,0.749131158080822,0.718753653415041,0,0.911082981508594,0,0,0,0,0,0,1.10857749241462,1.13798778651142,1.18626665221693,1.24043884748784,1.11564254006921
Rps24,0.913963733692638,0,0.951438232418888,0,0.75057445565531,1.17211526980062,0,1.0963041430167,0,0,0.667981429209947,0,0,0,1.15832737451405,1.22438245030533,1.57861780311601,1.65689753965191,1.41522938987269
Rps25,0,0,0.206617865674153,0,0,0.426296885636308,0,0,0,0,0,0,0,0,0.740625856288039,0.99827194696455,0.985012103081247,1.04656618766419,0.910365722157505
Rps26,1.01101639519366,0.710355032642542,1.08639076910264,0.646759627078085,1.05089214990772,1.42436459706437,0.877920578600338,1.60677516048253,0.803278801313672,0.766267839711668,0.816802687418195,0,1.05526170927625,0,1.81212310427279,1.97904670186515,2.24303824901493,2.2973265321237,1.99577843534466
Rps27a,0,0,0.944697911252798,0,0.799420422502347,1.03943762527722,0,0.897651571828171,0,0,0,0,0,0,1.0004439137393,1.07511749387384,1.29040388611053,1.37096535915664,1.02456372639178
Rps4x,0,0,0,0,0,0,0,0,0,0,0,0,0,0,0,0.94577885553866,0.973753766772075,1.0356770921521,0.760343732162736
Rps5,0.698609280573001,0,0.63134975923165,0,0,0.717432485073434,0,0.87526899598835,0,0,0,0,0,0,1.00614216134684,1.1397019822334,1.26630747071026,1.3596315453399,1.10911736942693
Rps8,0,0.742494890620671,0.913022529760944,0,0.653124767144246,1.09314914600528,0,1.00968213667064,0,0,0,0,0,0,1.08949461118726,1.17607565910243,1.18720831475246,1.35094540560796,1.14603268269899
Rps9,0.865470818737069,0.998707283032143,1.26609755881822,0,1.10107258327001,1.39645067463123,0.724536583671737,1.29037460872599,0.957958640802298,0,0,0.625339165312612,0.77342904905935,0,1.34400567696484,1.66917564685494,1.77693703209572,1.83399844000071,1.65753549537454
Rpsa,0.808857523691761,0,0.78637261408553,0,0,0.916863372096504,0,0,0,0,0.74769352399432,0,0,0,1.09788907483335,1.18470005686484,1.57861780311601,1.61641066940686,1.11564254006921
Rrm2,0,0,0,0,0,0,0,0,0,0,0,0,0,0,0,0,0,0,0
Rtf1,0,0,0,0,0,0,0,0,0,0,0,0,0,0,0,0,0,0,0
Rtn1,1.00218999818444,0.829627877191938,0,1.70224382708665,0,0.571642416864256,1.18563201262637,0.591424472912246,0.736392316715081,1.80441840385282,0.916863372096504,1.76174531776966,1.73269510584828,0,2.38781344935769,2.16543992011353,0.972932075600221,1.04275356662244,2.25103900618246
Sae1,0,0,0,0,0,0,0,0,0,0,0,0,0,0,0,0,0,0,0
Sap18,0,0,0,0,0,0,0,0,0,0,0,0,0,0,0,0,0,0,0
Sarnp,0,0,0,0,0,0,0,0,0,0,0,0,0,0,0,0,0,0,0
Scg5,0,0,0,0,0,0,0,0,0,0,0,0,0,0,0,0,0,0,0
Sdcbp,0,0,0.8281488265151,0,0,0,0,0,0,0,0,0,0,0,0,0,0,0,0
Sdhb,0,0,0.202115832322192,0,0,0,0,0,0,0,0,0,0,0,0,0,0,0,0
Sec11a,0,0,0,0,0,0,0,0,0,0,0,0,0,0,0,0,0,0,0
Sec61g,0,0,0,0,0,0,0,0,0,0,0,0,0,0,0,0,0,0,0
Selenof,0,0,0.201841002922926,0,0,0,0,0,0,0,0,0,0,0,0,0,0,0,0
Selenoh,0,0,0,0,0,0,0,0,0,0,0,0,0,0,0,0,1.06361117551098,0,0
Selenok,0,0,0,0.849974020740401,0,0,0.69488243957155,0,0,0.910014660077879,0,0.857793403746438,0.91297312720405,0,0,0,0,0,0
Selenop,0,0,1.62772173177882,0,0,0.790742372913324,0,0,0,0,0,0,0,0,0,0,0,0,0
Selenos,0,0,0,0,0,0,0,0,0,0,0,0,0,0,0,0,0,0,0
Serf2,0,0.672188623961354,0.225808942068195,0,0,0.555498784638785,0,0,0.680766319966104,0,0,0,0,0,0,0,0,0,0
Serp1,0,0,0.929432567135027,0,0,0,0,0,0,0,0,0,0,0,0,0,0,0,0
Serpinh1,0,0,0,0,0.785415957497123,0,0,1.34319380972965,0,0,0,0,0,0,0,0,0,0,0
Sfr1,0,0,0,0,0,0,0,0,0,0,0,0,0,0,0,0,0,0,0
Sfxn1,0,0,0,0,0,0,0,0,0,0,0,0,0,0,0,0,0,0,0
Skp1a,0,0.727238942676013,0,0.71767993610334,0,0,0.53366410341806,0,0.807175576964014,0.990955434834549,0,0,0,0,0,0,0,0,0
Slc25a39,0,0,0,0,0,0,0,0,0,0,0,0,0,0,0,0,0,0,0
Slc25a5,0,1.25359224400416,1.3417887779151,0,0.947720348134364,1.36968893530919,1.09314914600528,0.751056819312914,0.939997627586349,0,0,0,0.958756395138149,0,1.02548034191617,1.02502203415397,1.49823300216661,1.61661230966622,1.03755380567218
Smarcb1,0,0,0,0,0,0,0,0,0,0,0,0,0,0,0,0,0,0,0
Smarce1,0,0,0,0,0,0,0,0,0,0,0,0,0,0,0,0,0,0,0
Snca,0,0,0,0,0,0,0,0,0,0,1.11673790987279,0,0,0,0,0,0,0,0
Snrnp27,0,0,0,0,0,0,0,0,0,0,0,0,0,0,0,0,0,0,0
Snrpb,0,0,0,0,0,0,0,0,0,0,0,0,0,0,0,0,0,0,0
Snrpc,0,0,0,0,0,0,0,0,0,0,0,0,0,0,0,0,0,0,0
Snrpf,0,0,0,0,0,0,0,0,0,0,0,0,0,0,0,0,0.534859498297921,0,0
Snrpn,0,0,0,1.08109217836549,0,0,0,0,0,0.845737616942488,0,1.02182409165608,0,0,0,0,0,0,0
Snx3,0,0,1.1212489015484,0,0,0,0,0,0,0,0,0,0,0,0,0,0,0,0
Sox11,0,0,0,0,0,0,0,0,0,0,0,0,0,0,0,0,0,0,0
Sox4,0,0,0,0,0,0,0,0,0,0,0,0,0,0,0,0,0,0,0
Sparc,0,0,0,0,0,0.397068763292084,0,1.15537469688222,0,0,0,0,0,0,0,0,0,0,0
Spc25,0,0,0,0,0,0,0,0,0,0,0,0,0,0,0,0,0,0,0
Spcs2,0,0,0.726341069208529,0.350768116550681,0,0.556284012000979,0,0,0,0,0,0,0,0,0,0,0,0,0
Sra1,0,0,0,0,0,0,0,0,0,0,0,0,0,0,0,0,0,0,0
Srsf10,0,0,0,0,0,0,0,0,0,0,0,0,0,0,0,0,0,0,0
Srsf3,0,0,0,0,0,0,0,0,0.590535560482748,0,0,0,0,0,0.983325342856389,0.959154928285752,1.35588893259405,1.08079918178829,0.984166099965999
Srsf5,0,0,0,0,0,0,0,0,0,0,0,0,0,0,0,0,0,0,0
Srsf7,0,1.06608979792089,0,0.560757209871154,0,0,0,0,1.04322675129432,0.189721010640178,0,0,0,0,0,0,0.662903091134659,0,0
Ssna1,0,0,0,0,0,0,0,0,0,0,0,0,0,0,0,0,0,0,0
Sst,0,0,0,0,0,0,0,0,0,0,0,0,0,0,0,0,0,0,0
Stmn2,0,0,0,0,0,0,0,0,0,0.382412654980298,0,0.7891366902722,0.959556909021879,0,1.78106296684173,1.31574349646077,0,0,1.78558872160421
Stmn3,0,0,0,0,0,0,0,0,0,0,0,0,0.832885542020776,0,1.27458289346504,1.07058056655913,0,0,1.13571100637465
Stmn4,0,0,0,0.811160281280505,0,0,0,0,0,0,0,0,0,0,0,0,0,0,0
Stub1,0,0,0,0,0,0,0,0,0,0,0,0,0,0,0,0,0,0,0
Sumo1,0,0,0,0,0,0,0,0,0,0,0,0,0,0,0,0,0,0,0
Svbp,0,0,0,0,0,0,0,0,0,0,0,0,0,0,0,0,0,0,0
Syt11,0,0,0,0,0,0,0,0,0,0,0,0,0,0,0,0,0,0,0
Tagln3,0,0,0,1.12391581909732,0,0,1.07969432162741,0,0,1.11838548765781,0,1.0910563590652,1.0164734189606,0,0.824909759593825,0.894876366202093,0,0,1.03380744300573
Tbcc,0,0,0,0,0,0,0,0,0,0,0,0,0,0,0,0,0,0,0
Tecr,0,1.01417883321978,0.42764994499112,1.11838548765781,0.705336410222332,0,1.12558283678735,0.87329111475471,0.912521008734989,1.15478896496823,0,1.22289974017539,1.09525035960241,0,0.952418073469147,0.794579109470809,0.773696215047172,0,0.833781412302444
Tfap2b,0,0,0,0,0,0,0,0,0,0,0,0,0,0,0,0,0,0,0
Thoc7,0,0,0,0,0,0,0,0,0,0,0,0,0,0,0,0,0,0,0
Timm13,0,0,0,0,0,0,0,0,0,0,0,0,0,0,0,0,0,0,0
Tiprl,0,0,0,0,0,0,0,0,0,0,0,0,0,0,0,0,0,0,0
Tm2d2,0,0,0,0,0,0,0,0,0,0,0,0,0,0,0,0,0,0,0
Tmbim6,0,0,0,0,0,0,0,0,0,0,0,0,0,0,0,0,0,0,0
Tmed10,0,0,0,0,0,0,0,0,0,0,0,0,0,0,0,0,0,0,0
Tmed2,0,0,0,0,0,0,0,0,0,0,0,0,0,0,0,0,0,0,0
Tmed9,0,0,0,0,0,0,0,0,0,0,0,0,0,0,0,0,0,0,0
Tmem59,0,0,0,0,0,0,0,0,0,0,0,0,0,0,0,0,0,0,0
Tmsb4x,1.69564431985386,2.04696890542119,3.98096065666092,2.22670260488394,1.2763978747945,4.28390463462895,2.51510020342079,2.23099617610943,2.24040991488034,2.88076860561225,1.75153671477313,2.37653001906209,2.42445147239012,0.986711686381102,3.08380728800845,3.67831793777269,2.86773402801284,3.00104094802012,3.21170302096993
Tmx1,0,0,0,0,0,0,0,0,0,0,0,0,0,0,0,0,0,0,0
Tonsl,0,0,0,0,0,0,0,0,0,0,0,0,0,0,0,0,0,0,0
Tpgs2,0,0,0,0,0,0,0,0,0,0,0,0,0,0,0,0,0,0,0
Tra2b,0,0,0,0,0,0,0,0,0,0,0,0,0,0,0,0,0,0,0
Trappc4,0,0,0,0,0,0,0,0,0,0,0,0,0,0,0,0,0,0,0
Trim35,0,0,0,0,0,0,0,0,0,0,0,0,0,0,0,0,0,0,0
Trp53i11,0,0,0,0,0,0,0,0,0,0,0,0,0,0,0,0,0,0,0
Tsc22d1,0,0,0,1.12059211866816,0,0,0.53366410341806,1.0004439137393,0,0.999793173982714,0,1.03943762527722,0.867103224755414,0,0,0,0,0,0
Tsen34,0,0,0,0,0,0,0,0,0,0,0,0,0,0,0,0,0,0,0
Tsg101,0,0,0,0.191309211891216,0,0,0,0,0,0.622883251896284,0,0,0,0,0,0,0,0,0
Tspan13,0,0,0,0.71767993610334,0,0,0,0,0,0,0,0,0,0,0,0,0,0,0
Ttc3,0,0,0,0,0,0,0,0,0,0,0,0,0,0,0,0,0,0,0
Ttc9b,0,0,0,0,0,0,0,0,0,0,0,0,0,0,0,0,0,0,0
Ttr,0,0,0,0,5.71920842494311,0,0,0,0,0,0,0,0,0,0,0,0,0,0
Tuba1b,0,0.814144542683992,0.767870723829947,0,0.75057445565531,0.556284012000979,0,0.55032073742443,1.02091426762985,0,0,0,0,0,0,0,1.37351207299296,0.953599379103115,0
Tubb2a,0,0,0,0,0,0,0,0,0,0,0,0,0,0,1.05917251475791,0,0,0,0.618763855768077
Tubb2b,0.892117712593267,0,0,1.11293657739445,0,0,0,0,0,1.07311606453535,0.778081281075149,1.13457620335536,1.17336388291627,0,2.27992744505811,2.11665632103368,1.29974932534525,1.21831640048091,1.99577843534466
Tubb3,0,0,0,1.36485738945582,0,0,0.927163635584741,0,0,1.12485735638325,0,1.23633315063216,1.34403089613241,0,1.76763896392946,1.63980831768884,0.771400519179826,0.938851888803704,2.01915934431543
Tubb4b,0,0,0,0,0,0,0,0,0,0,0,0,0,0,0,0,0.916911666789129,0,0
Tubb5,0.68116152663016,1.03334134881796,0.624519548006209,1.2059278094167,0,0.57108899634578,0.992664163980986,0.964373908994058,1.08534421567223,1.18255886053482,0.875930343019307,1.1831500006802,1.21697343637762,0,2.00459966614337,1.95808498878202,1.80124908528088,1.55098370236167,1.84687792622056
Txn2,0,0,0,0,0,0,0,0,0,0,0,0,0,0,0,0,0,0,0
Txnl4a,0,0,0,0,0,0,0,0,0,0,0,0,0,0,0,0,0,0,0
Tyrobp,0,0,1.44259762627418,0,0,1.63731001441578,0,0,0,0,0,0,0,0,0,0,0,0,0
U2af1,0,0,0,0,0,0,0,0,0,0,0,0,0,0,0,0,0,0,0
Ube2c,0,0,0,0,0,0,0,0,0.723864478581998,0,0,0,0,0,0,0,1.05477005779639,0,0
Ube2d2a,0,0,0,0,0,0,0,0,0,0,0,0,0,0,0,0,0,0,0
Ube2e3,0,0,0,0,0,0,0,0,0,0,0,0,0,0,0,0,0,0,0
Ube2l6,0,0,0,0,0,0,0,0,0,0,0.467286526778177,0,0,0,0,0,0,0,0
Uchl1,0,0,0,0,0,0,0,0,0,0,0,0,0,0,0.983749833234322,1.02594121749549,0,0,0.784359484426333
Uchl3,0,0,0,0.765996089458038,0,0,0,0,0,0,0,0,0,0,0,0,0,0,0
Uqcc2,0,0,0,0.749360604858408,0,0,0,0,0,0,0,0,0,0,0,0,0,0,0
Uqcrb,0,0,0,0,0,0,0,0,0,0,0,0,0,0,0,0,0.676427724471511,0,0
Uqcrc1,0,0,0,0,0,0,0,0,0,0,0,0,0,0,0,0,0,0,0
Vbp1,0,0,0,0,0,0,0,0,0,0,0,0,0,0,0,0,0,0,0
Vdac3,0,0,0,0,0,0,0,0,0,0,0,0,0,0,0,0,0,0,0
Vps29,0,0,0.201841002922926,0,0,0,0,0,0,0,0,0,0,0,0,0,0,0,0
Vps72,0,0,0,0,0,0,0,0,0,0,0,0,0,0,0,0,0,0,0
Vta1,0,0,0,0,0,0,0,0,0,0,0,0,0,0,0,0,0,0,0
Vti1b,0,0,0,0,0,0,0,0,0,0,0,0,0,0,0,0,0,0,0
Wdr61,0,0,0,0,0,0,0,0,0,0,0,0,0,0,0,0,0,0,0
Ybx1,0,1.01101966164077,0.435655312657396,0.273124055743997,0,0,0,0,0.96842890191896,0.942771907744974,0,0,0,0,0,0,0,0,0
Ypel3,0,0,0,0,0,0,0,0,0,0,0,0,0,0,0,0,0,0,0
Ywhah,0,0,0,0,0,0,0,0,0,0,0,0,0,0,0,0,0,0,0
Zc2hc1a,0,0,0,0,0,0,0,0,0,0,0,0,0,0,0,0,0,0,0
Zcrb1,0,0,0,0,0,0,0,0,0,0,0,0,0,0,0,0,0,0,0
Zfp422,0,0,0,0,0,0,0,0,0,0,0,0,0,0,0,0,0,0,0
Zfp706,0,0.722544381468153,0,0.703012267750841,0,0,0,0,0,0,0,0,0,0,0,0,0,0,0
Zwint,0,0,0,0,0,0,0,0,0,0,0,0,0,0,0,0,0,0,0
