,Fetal_Stomache_5,Fetal_Stomache_7,Fetal_Stomache_13,Fetal_Stomache_17,Fetal_Stomache_11,Fetal_Stomache_9,Fetal_Stomache_8,Fetal_Stomache_4,Fetal_Stomache_6,Fetal_Stomache_14,Fetal_Stomache_16,Fetal_Stomache_19,Fetal_Stomache_12,Fetal_Stomache_1,Fetal_Stomache_18,Fetal_Stomache_20,Fetal_Stomache_10,unassigned,Fetal_Stomache_2,Fetal_Stomache_3,Fetal_Stomache_21,Fetal_Stomache_15
1810022K09Rik,0,0,0,0,0,0,0,0,0,0,0,0,0,0,0,0,0,0,0,0,0,0
1810058I24Rik,0,0,0,0,0,0,0,0,0,0,0,0,0,0,0,0,0,0,0,0,0,0
2010107E04Rik,0,0,0.779380780981205,0.74754681605502,0,0.614475526128081,0.938267791561156,0.741402590206902,0.95948506540129,0.730466162864117,0.761635707594239,0,0.97818279093319,0,0,0,0,0,0,0.708729482919681,0.415769561635558,0.601883544411795
2410015M20Rik,0,0,0,0,0,0,0,0,0,0,0,0,0,0,0,0,0,0,0,0,0,0
Acta2,0,0,0,0,0,0,0,0,0,0,0,0,0,0,0,0,0,0,0,0,0,2.4739494377063
Actb,0,0,0,1.78114993153294,1.36520821530529,1.06687045855322,0.60596422956911,0.877253604034467,0.588338765390167,0.814974871629491,1.23073621016046,1.16490079756129,0,1.13808935920089,1.00525151505845,1.03417402111171,1.08148187943851,0,0.89206947257677,1.12683082086646,0.762131229056552,1.20721875245025
Actg1,0,0,0,0,0,0,0,0,0,0,0,0,0,0,0,0,0,0,0,0,0,0
Actg2,0,0,0,0,0,0,0,0,0,0,0,0,0,0,0,0,0,0,0,0,0,1.2554110859318
Agr2,0,0,0,0,0,0,0,0,0,0,0,0,0,0,0,0,0,0,0,0,0,0
Akr1a1,0,0,0,0.820992491468686,0.937670838368458,0.769138464355921,0.626541311524295,0.748979528313086,0,0.644218671380291,0,0,0.621621818062535,0,0.912048688510684,0.606275194219832,0,0,0,0,0.415769561635558,0
Alad,0,0,0.908832839959334,0,0,0,0,0,0.535148621891477,0,0,0,0,0,0,0,0,0,0,0,0,0
Alas2,0,1.20035198502753,0,0,0,0,0,0,0,0,0,0,0,0,0,0,0,0,0,0,0,0
Ambp,0,0,0,0,0,0,0.805141783608716,0,0,0,0,0,0.984642409171232,0,0,0,0,0,0,0,1.75170792829225,0
Anapc11,0,0,0,0,0,0,0,0,0,0,0,0,0,0,0,0,0,0,0,0,0,0
Anapc13,0,0,0,0,0,0,0,0,0,0,0,0,0.664031441179841,0,0,0,0,0,0,0,0,0
Anp32b,0,0,0.756716506935839,0,0,0,0,0,0,0,0,0,0,0,0,0,0,0,0,0,0,0
Anxa2,0,0,0,0,0,0,0,0,0,0,0,0,0,0,0,0,0,0,0,0,0,0
Anxa5,0,0,0,0,0,0,0,0,0,0,0,0,0,0,0,0,0,0,0,0,0,0
Apoe,0,0,0,0.752827690468054,2.97442624568494,0,0,0,0,0,0,0,0,0,0,0,0,0,0,0,2.24078260956321,0
Aprt,0,0,0,0.678865185447869,0,0,0,0,0,0,0,0.91746101355883,0,0,0,0,0,0,0,0,0.415769561635558,0
Arf4,0,0,0,0,0,0,0,0,0,0,0,0,0,0,0,0,0,0,0,0,0,0
Arf5,0,0,0,0,0,0,0,0,0,0,0,0,0,0,0,0,0,0,0,0,0,0
Arl6ip1,0,0,0,0,0,0,0,0,0,0,0,0,0,0,0,0,0,0,0,0,0,0
Arpc1b,0,0,0,1.24294047186052,0.886455052075676,0,0,0,0,0,1.01143358029676,1.10180498221391,0,0,0,0,0,0,0,0,0,0
Arpc2,0,0,0,1.00349962108358,0.641527643010641,0,0,0,0,0,0.761635707594239,0.699450964893575,0,0,0,0,0,0,0,0,0,0
Arpp19,0,0,0,0,0,0,0.619634773641467,0,0,0,0,0,0.495208058458538,0,0,0,0,0,0,0,0,0
Atox1,0,0,0,0.515476490803231,0,0,0,0,0,0,0,0,0,0,0,0,0,0,0,0,0.551704745856052,0
Atp5a1,0,0,0,0.662443344712603,0,0.742341128785867,0.825639675698002,0.812422217299713,0.765878915200521,0,0.849711111072474,0,0.916745015293741,0.675805520372067,0,0,0,0,0,0.722238402613263,0.875272461794395,0
Atp5b,0,0,0.819839076461452,0.656537350759112,0.503594926938761,0.796362897128655,1.07825505549806,1.06687045855322,0.961473979251293,0.828140215733811,1.0043747735223,0,1.01077154002921,0.497719249187798,0.901769675853788,0.8417310793375,0,0,0,0,1.10393479394959,0.89146283217052
Atp5c1,0,0,0,0,0,0,0.669218189872057,0.504088475502392,0.687191290433782,0,0.611295046354466,0,0.739069517003483,0,0,0,0,0,0,0,1.01054558824489,0
Atp5d,0,0,0,0,0,0,0.60596422956911,0,0.422571652987448,0,0,0,0.587504180158022,0,0,0,0,0,0,0,0,0
Atp5e,0,0,0,0,0,0,0,0,0,0,0,0,0,0,0,0,0,0,0,0,0,0
Atp5f1,0,0,0.627874611053575,0.755253394878019,0,0,0.755253394878019,0,0.68658884812431,0,0.952952284970363,0,0.567996325425876,0,0,0,0,0,0,0,0.738136715698548,0
Atp5g1,0,0,0.991411866253767,0.85407287526076,0.810312185307736,0.745882383928421,1.155425015443,0.85848097125043,1.30145758778311,0.845484651550583,1.00349962108358,0,1.12990502654289,0.898628229781902,1.01949921880791,0,0.915649691933299,0,0,0.792583546676266,1.62666461172354,0.928502802517633
Atp5g3,0,0,0,0,0,0,0,0,0,0,0,0,0,0,0,0,0,0,0,0,0,0
Atp5h,0,0,0.601032445624296,0,0,0,0.690416808214868,0,0.520032676771208,0.686823521162762,0.500053222594943,0.663002579614373,0.701834574593999,0,0.699035095481016,0,0,0,0,0,0,0
Atp5j,0,0,0.836896427840407,0.868086477871483,0.868104400176547,0.930725630144174,0.994834520632547,1.04073368647133,0.976929796865023,0.914951894252903,0.96327715557525,0.570583196592938,1.1501661668797,0.916013610028278,0.85095264550148,1.03185212303972,0.862320674871395,0,0,0.860384526943672,1.22406516122194,0.867130982250106
Atp5j2,0,0,0.650019835620931,0.83152521864838,0.921111680919292,0.885946486234349,0.972196580488774,0.827983592893976,0.764125254503042,0.722019760840913,0.887977827290339,0,0.966708415036055,0.919644579073246,0.902470887922381,0.91746101355883,0.952561259200708,0,0,0,0.949821374898597,0.766578915047098
Atp5k,0,0,0.886622534164244,0.722460597643604,0,0.889337400766911,0.910259209432561,0.69490396001232,1.0320851797594,0.657925711477246,0.827396332834495,0,0.968132436307186,0.72294240542686,0.749458347572694,0,0.809625678227106,0,0.748501334139351,0.880576130565883,1.0718619443996,0.863522813145259
Atp5o,0,0,0.617366819996421,0.678865185447869,0,0.742341128785867,0.827396332834495,0.816398708947378,0.749302148975017,0,0.704481040677775,0,0.959898987154514,0.866792971867982,0.757695140548692,0,0.775604075515318,0,0,0,0.551704745856052,0.691792533570165
Atp6v1f,0,0,0,0,0,0,0,0,0,0,0,0,0,0,0,0,0,0,0,0,0,0
Atpif1,0.942470327654356,1.09237759850277,2.00984324053449,1.13865724191008,1.28115455619648,1.2753301220677,1.25400647043939,1.37236306990867,1.94013309214935,1.33521207647987,1.1484239827462,1.20965496526678,1.23073776097947,1.24157177510627,1.4877936445173,1.30347568549736,1.26056352768167,0,1.18807664075417,1.23342626246727,1.83224818255893,1.22573729983111
Atxn7l3b,0,0,0,0,0,0,0,0,0,0,0,0,0,0,0,0,0,0,0,0,0,0
B2m,0,0,0,1.00965921712318,1.2498339180953,0,0,0,0,0,0,0.699450964893575,0,0,0,0,0,0,0,0,0.738136715698548,0
Banf1,0,0,0,0,0,0,0,0,0.390033837756298,0,0,0,0,0,0,0,0,0,0,0,0,0
BC100530,0,0,0,0,0,0,0,0,0,0,0,4.23432140941439,0,0,0,0,0,0,0,0,0,0
Bex1,0,0,0,0,0,0,0.726708982173936,0,0,0,0,0,0.732866878648143,0,0,0,0,0,0,0,1.00146375343364,0
Bex2,0,0,0,0,0,0,0,0,0,1.03285808024838,0,0,0.686992623695669,0,0,0.606275194219832,0,0,0,0,1.01054558824489,0
Bex3,0,0,0,0,0,0.877916040454272,0.774224940915394,0,0,1.06836498011704,0,0,0,0.773713541750637,0.733980676425218,0.716073081987496,0.235174150853627,0,0,0,1.19812894157729,0
Birc5,0,0,0.648946353907734,0,0,0,0,0,0,0,0,0,0,0,0,0,0,0,0,0,0,0
Blvrb,0,0,1.66051464444492,0,0,0,0,0,1.13808935920089,0,0,0,0,0,0,0,0,0,0,0,0,0
Bpgm,0,0,0,0,0,0,0,0,0,0,0,0,0,0,0,0,0,0,0,0,0,0
Brk1,0,0,0,0,0,0,0,0,0,0,0,0,0,0,0,0,0,0,0,0,0,0
Bsg,0,0,0.648946353907734,0,0,0,0,0,0,0,0,0,0,0,0,0,0,0,0,0,0,0
Btf3,0,0,0,0,0,0,0,0,0,0,0,0,0,0,0,0,0,0,0,0,0,0
C1qb,0,0,0,0,1.4175585734553,0,0,0,0,0,0,0,0,0,0,0,0,0,0,0,0,0
C1qc,0,0,0,0,1.21290762916685,0,0,0,0,0,0,0,0,0,0,0,0,0,0,0,0,0
Calm1,0.650823503269706,0,0.806809977253512,1.84351688514202,1.683964663267,1.49082409155298,1.48177273958824,1.75750878176098,1.11362790632718,1.79910119398667,1.66695530320688,1.13581781851775,1.35072847162829,1.26957044959732,1.48880230423624,1.85264558009263,1.2025839462575,0,1.16729539200652,1.21095013386686,0.929232223573093,1.33378136920652
Calm2,0,0,0,0,0.699879729486809,0,0.402422626189108,0,0,0.804035142607747,0.714765889721341,0,0,0,0.813554295152674,0.772691780228814,0,0,0,0,0.875272461794395,0
Calr,0,0,0,0,0,0,0,0,0,0,0,0,0,0,0,0,0,0,0,0,0,0
Camp,0,0,0,0,0,0,0,0,0,0,0,2.82085658732264,0,0,0,0,0,0,0,0,0,0
Capns1,0,0,0,0,0,0,0,0,0,0,0,0,0,0,0,0,0,0,0,0,0,0
Capzb,0,0,0,0.656537350759112,0,0,0,0,0,0,0,0,0,0,0,0,0,0,0,0,0,0
Car2,0,0,1.87592287845103,0,0,0,0,0,1.00680091071967,0,0,0,0,0,0,0,0,0,0,0,0,0
Ccnd2,0,0,0,0,0,0,0,0,0,0,0,0,0,0,0,0,0,0,0,0,0,0
Ccnd3,0,0,0,0,0,0,0,0,0,0,0,0,0,0,0,0,0,0,0,0,0,0
Cct5,0,0,0,0,0,0,0,0,0,0,0,0,0,0,0,0,0,0,0,0,0,0
Cct7,0,0,0,0,0,0,0,0,0,0,0,0,0,0,0,0,0,0,0,0,0,0
Cct8,0,0,0,0,0,0,0,0,0.579386341629397,0,0,0,0,0,0,0,0,0,0,0,0,0
Cd24a,0,0,1.47185462595164,0,0,0,0,0,0.524597160253815,0,0,0,0,0,0,0,0,0,0,0,0,0
Cd52,0,0,0,1.17332753309866,0,0,0,0,0,0,0,0,0,0,0,0,0,0,0,0,0,0
Cd63,0.671143173789215,0,0,0,1.06489128532557,1.16729539200652,0.926260230859128,0.968933395172737,0,1.00761909893584,1.23477596954307,0.901769675853788,1.0017572170529,1.40893598016424,0.757695140548692,1.30347568549736,1.0855988347453,0,1.08610167583809,1.24706584596682,0,1.04404640420166
Cd81,0,0,0,0,0,0,0,0,0,0,0,0,0,0,0,0,0,0,0,0,0,0
Cdc42,0,0,0,0.897585910181826,0.694298998719731,0,0,0,0,0,0,0,0,0,0,0,0,0,0,0,0,0
Cdk4,0,0,0,0,0,1.02130980842492,1.07488034905493,1.09128377866256,0.766998397884046,0,0.593785566176678,0,1.00789212287455,1.02040367723914,1.01949921880791,0.894474281873416,0.989758190458754,0,0,0.873300518523528,0,0.867130982250106
Cdkn1c,0,0,0,0,0,1.08920473606308,0,0,0,0,0,0,0,1.0604539278223,0.856586065420172,0,0.901070148379656,0,1.00789131928408,1.8749116454426,1.00088365366838,1.23884553774035
Cfl1,0.99744564345003,0.730111373011679,1.23748480293765,2.40453854328583,2.2189778106473,1.37321013454417,1.39039073630435,1.6121037782945,1.51845445552142,1.29744811489143,2.16725140450871,1.73455957999766,1.23614297617823,1.70694450598261,1.89021163066638,1.36562674163153,1.68000555143431,0,1.31727607242696,1.55996033126903,1.41614198182152,1.94486436721564
Chchd2,0.741208335485903,0.728062341025108,1.15074771876877,1.13922691869432,1.09232746451747,1.26813702027259,1.51451182940993,1.42342799328967,1.53002907129098,1.55336471055859,1.35896101298991,1.07488034905493,1.49898352912968,1.16970038620288,1.45340138161065,1.80551812634289,1.21747175270103,0,1.14958461499062,1.17090680545011,1.41686695913868,1.14497634363169
Chgb,0,0,0,0,0,0,0,0,0,1.2498339180953,0,0,0,0,0,0,0,0,0,0,0,0
Clic1,0,0,0,1.23748480293765,0.943675679150962,0,0,0,0,0,1.12794601790923,0.480817338219856,0,0,0,0,0,0,0,0,0,0
Clps,0,0,0,0,0,0,1.51451182940993,0,0,0,0,0,2.86702343354333,0,0,1.19433833544286,0,0,0,0,0,0
Clta,0,0,0,0.693674306384875,0.956107368252275,0,0,0,0,0,0,0,0,0,0,0,0,0,0,0,0,0
Cma1,0,0,0,0,0,0,0,0,0,0,0,0,0,0,0,0,0,0,0,0,0,0
Cnbp,0,0,0,0,0,0,0.852509822743161,0.634970099896938,0.833318665011209,0,0.661699189671337,0,0.87150171635759,0,0,0,0.647052711088717,0,0,0,0.875272461794395,0
Cnn2,0,0,0,0,0,0,0,0,0,0,0,0,0,0,0,0,0,0,0,0,0,0
Cnpy2,0,0,0,0,0,0,0.726708982173936,0,0,0,0,0,0.756507804086465,0,0,0,0,0,0,0,0.551704745856052,0
Col1a1,0,0,0,0,0,0,0,0,0,0,0,0,0,0,0,0,0,0,0,0,0,0
Col1a2,0,0,0,0,0,0,0,0,0,0,0,0,0,0,0,0,0,0,0,0,0,0
Col3a1,0,0,0,0,0,0,0,0,0,0,0,0,0,0.87133972359992,0,0,0,0,0,0.506671129472219,0,0
Cops9,0,0,0,0,0,0,0,0,0,0,0,0,0,0,0,0,0,0,0,0,0,0
Coro1a,0,0,0,1.19559905202323,0,0,0,0,0,0,0.870685456785906,0.840820212304563,0,0,0,0,0,0,0,0,0,0
Cotl1,0,0,0,0.8825821298049,0.728318632694795,0,0,0,0,0,0,0,0,0,0,0,0,0,0,0,0,0
Cox20,0,0,0,0,0,0,0,0,0,0,0,0,0,0,0,0,0,0,0,0,0,0
Cox4i1,0.747070799709822,0.788846668420495,1.18807664075417,1.23748480293765,1.20450490418806,1.14611009992131,1.10714574784237,1.18065348374101,1.19813035927414,1.11109891421196,1.12571793747366,0.973015943355897,1.08688655662525,1.12073867680175,1.23477596954307,1.24294047186052,1.07488133981996,0,1.13695179970746,1.12128939045589,1.48981245206687,1.11254109673091
Cox5a,0,0,0,1.00349962108358,0.748188478324744,0,0.873300518523528,0.935991893431581,0.93260079422742,0,0.780420400553752,0.672274721497039,0.760907535228846,0,0.85095264550148,0,0,0,0,0,0.875272461794395,0
Cox5b,0,0,0,0,0,0,0,0,0,0.420952992149636,0.504946399868612,0,0.512822859844906,0,0,0,0,0,0,0,0,0
Cox6a1,0,0,1.00877446233059,1.00965921712318,0.692601994127867,0.859749043528093,1.09232642011739,0.921106268102716,1.09222207252458,1.06637615305194,1.00965921712318,0.901769675853788,1.15929691296601,0.735612562411674,0.905993906178429,0.998281827993729,0.811671934655783,0,0,0.69326540686932,1.41614198182152,0.870685456785906
Cox6b1,0,0,1.05703178883665,1.06291211209792,0.953739029471103,1.08920473606308,1.09128377866256,1.12128939045589,1.19561172186628,1.15280666150977,1.19939813445634,0.869383966527738,1.16729669197016,0.981289848285471,1.18683261130454,1.1484239827462,0.984853387399915,0,0.764618765648604,0.940555174818865,1.18559132918623,1.04929712909034
Cox6c,0.840823024167665,0.814691244562027,1.11254109673091,1.03463970855862,0.672425580771514,1.06687045855322,1.05170085524854,1.09862636418258,1.06389881866942,0.996567471002891,1.12794601790923,1.01769530100838,0.938283743325382,1.06986340455916,1.0541170311137,1.0541170311137,0.971791899945712,0,1.01054558824489,1.0809708254495,1.0718619443996,1.05606675144448
Cox7a2,0,0,0.962474705949259,0.774737379762564,0.51232497242719,0.778343994301513,0.932975074491048,0.741402590206902,1.03024236273975,0.838778152475804,0.759660196375468,0.838702717133061,0.946914678239974,0.719146659629413,1.03231563288739,0.903173226773522,0,0,0,0,1.0718619443996,0.646164374029267
Cox7b,0,0,0.880576130565883,1.04833756669359,0.652576285189699,0.90670192115751,1.08507143104417,0.918187677032611,1.06389881866942,0.852202143662681,0.836896427840407,0.369256834651018,1.03986330675026,0.86776384752728,0.942086522049097,0.962474705949259,0.862301179789022,0,0,0.635654368732132,0.415769561635558,0.968146549465574
Cox7c,0,0,0.824472821068017,0.722460597643604,0,0.80792605207053,1.04073368647133,0.880576130565883,0.96611088262362,0.822567453275045,0.663562776128482,0,1.09573480615124,0.697019453664791,0.905287032085691,0.91746101355883,0,0,0,0,1.58614058537776,0.700766585122176
Cox8a,0,0,0.780420400553752,0.662443344712603,0,0,0.848473297809378,0.800453429486671,0.875931817167811,0.631749176439859,0.962474705949259,0,0.756748785861782,0,0,0,0,0,0,0,0.929232223573093,0
Cpa1,0,0,0,0,0,0,1.65311219405352,0,0,0,0,0,2.59903741823105,0,0,0,0,0,0,0,0,0
Cpa2,0,0,0,0,0,0,2.17513884133466,0,0,0,0,0,2.88265350472389,0,0,0,0,0,0,0,0,0
Cpa3,0,0,0,0,0,0,0,0,0,0,2.10209723821012,0,0,0,0,0,0,0,0,0,0,0
Cpe,0,0,0,0,0,0,0,0,0,1.3309991755032,0,0,0,0,0,0,0,0,0,0,0,0
Crip1,0,0,0,0,0,0,0,0,0,0,0.878247645492468,0,0,0,0,0,0,0,0,0,0,0
Cst3,0,0,0,1.24499953201471,1.20772097383885,0,0,0,0,0,0,0,0,0,0,0,0,0,0,0,0,0
Ctrb1,0,0,0,0,0,0,1.23748480293765,0,0,0,0,0,2.58373195533773,0,0,0,0,0,0,0,0,0
Ctsb,0,0,0.361204031336867,0,1.67935371246941,0,0,0,0,0,0,0,0,0,0,0,0,0,0,0,0,0
Ctsl,0,0,0,0,0,0,0,0,0,0,0,0,0,0,0,0,0,0,0,0,0.949821374898597,0
Cyb5a,0,0,0,0,0,0,0,0,0,0,0,0,0,0,0,0,0,0,0,0,0.949821374898597,0
Cyba,0,0,0,1.12184095728908,0.861349401942401,0,0,0,0,0,0,1.1087585816308,0,0,0,0,0,0,0,0,0,0
Cym,0,0,0,0,0,0,0,0,0,0,0,0,0,0,0,0,0,0,0,0,0,0
Dad1,0,0,0,0,0,0,0.497955501694233,0,0,0,0,0,0.203480025405754,0,0,0,0,0,0,0,0.949821374898597,0
Dbi,0,0,0,0.830932787355074,0.191263540293148,0,0.805697061301537,0.720465852116052,0,0,0.684790569636998,0,0.904975084811937,0,0,0,0,0,0,0,1.9240620376113,0
Dcn,0,0,0,0,0,0,0,0,0,0,0,0,0,1.40225554981454,0,0,0,0,0,0,0,0
Dctpp1,0,0,0,0,0,0,0.535739014157896,0,0,0,0,0,0.660809002547386,0,0,0,0,0,0,0,0.875272461794395,0
Ddx5,0,0,0,0,0,0,0,0,0,0.641245370109741,0.641880905926204,0,0,0,0.733980676425218,1.00175406560767,0,0,0,0,0.762131229056552,0
Dlk1,0,0,0,0,0,0.955314539409655,1.11799190826355,0,0,0,0,0,1.21747025713891,0.749458660742068,0,0,0,0,0,1.65095633473141,2.37182790362922,0.742384900227552
Dut,0,0,0,0,0,0,0,0,0.604416816202559,0,0,0,0,0,0,0,0,0,0,0,0,0
Dynll1,0,0,0,0.491767633274558,0,0.929232223573093,0.761635707594239,0.775250513654613,0.735361881061972,0.716082858804568,0.72090815665074,0,0.60951628084424,0.986323512885999,1.16789566280689,0.772691780228814,0.952365661264213,0,0.695726200739936,0.951384161385305,0.762131229056552,0.947503601046467
Dynlrb1,0,0,0,0,0,0,0,0,0,0.51609467487334,0,0,0,0,0.733980676425218,0,0,0,0,0,0,0
Eef1a1,0,0,0,0.968121146119919,0.588752703099039,0.877916040454272,0.936749255535417,0.932975074491048,0.871362394517897,0,0.93902897209442,0,0.949821374898597,0.825348598608146,0.905993906178429,0.903173226773522,0.889337400766911,0,0,0.85095264550148,0.875272461794395,0.862617453690444
Eef1b2,0,0,0,0.702796171425309,0.621757027529954,0.889337400766911,1.0809708254495,0.952952284970363,0.966382498019984,0,0.964886224510731,0,0.993120895096426,0.736298182633037,0.952167554275487,0,0,0,0,0.896892507941328,0.875272461794395,0.680325266939495
Eef1g,0,0,0,0.667322181431577,0,0.81582819397138,1.03231563288739,0.932975074491048,0.996340103351385,0,0.89275519860006,0,0.966105275373994,0.773202142585879,0.780420400553752,0.731236438803674,0.273938486937366,0,0,0.924044104842472,0.415769561635558,0.766578915047098
Eef2,0,0,0,0,0,0,0,0,0,0,0,0,0,0,0,0,0,0,0,0,0,0
Eif1,0.929262534722069,0.736291072307062,1.25052593232813,1.02040367723914,0.972299587621897,1.01679583208714,0.97962281333057,1.11799190826355,1.28006579085392,1.13837270285944,1.08610167583809,0.529044154376979,0.982333955609223,1.05412074965077,1.16490079756129,1.23207967981342,0.994837602222309,0,0.976307777631676,1.03510583343932,1.18932342713026,0.971789042841226
Eif2s2,0,0,0.822149243970155,0,0,0.614795422765706,0.648589327371275,0,1.03440730194911,0,0.476382695664535,0,0.688195362398763,0,0,0,0,0,0,0,0.738136715698548,0
Eif3f,0,0,0,0,0,0,0,0,0,0,0,0,0,0,0,0,0,0,0,0,0,0
Eif3g,0,0,0,0,0,0,0,0,0,0,0,0,0,0,0,0,0,0,0,0,0,0
Eif3h,0,0,0,0,0,0,0,0,0,0,0,0,0,0,0,0,0,0,0,0,0,0
Eif3k,0,0,0.650019835620931,0.68598831416048,0,0,0.57030822044064,0.681617314663206,0.770457015002624,0,0.627874611053575,0,0.691240176604433,0,0.680041893055394,0,0,0,0,0,0,0.824544281132267
Eif4a1,0,0,0,0,0,0,0.563520006263977,0,0,0,0,0,0.55729563415245,0,0,0,0,0,0,0,0.738136715698548,0
Eif5,0,0,0,0,0,0,0,0,0,0,0,0,0,0,0,0,0,0,0,0,0,0
Eif5a,0,0,1.03324395596178,0.870685456785906,0,0,1.08199293342752,0.894818918614062,1.31534083166481,0,1.04452118886073,0.864217832634372,1.05581532160941,0.725372064590481,0.981289111252001,0,0.735290917658295,0,0,0,1.0718619443996,0
Elob,0.459913489707234,0.742576219053365,0.713463558008361,0.968121146119919,0.866971880324525,1.11471471592345,0.951384161385305,0.919644579073246,0.744072765002661,0.943021982896803,0.870034210267445,0,0.938283743325382,1.12073867680175,1.047380746393,0.998281827993729,0.986326510120662,0,1.01143358029676,1.08301706616066,0,0.968531510152736
Emp3,0,0,0,0.678865185447869,0,0,0,0,0,0,0,0,0,0,0,0,0,0,0,0,0,0
Eno1,0,0,0,0,0,0,0,0,0,0,0,0,0,0,0,0,0,0,0,0,0,0
Erp29,0,0,0,0.572238711083869,0,0,0,0,0,0,0,0,0,0,0,0,0,0,0,0,0,0
Fau,0,0,0.733521843332649,0.92848737759731,0.262996500479826,0.758676366847005,0.826224376148275,0.74754681605502,0.949299665780166,0,0.933727391334476,0.480817338219856,0.676163077123747,0,0,0,0,0,0,0,1.10393479394959,0
Fcer1g,0,0,0,1.24983228501857,1.57293117247672,0,0,0,0,0,0.611295046354466,0.91746101355883,0,0,0,0,0,0,0,0,0,0
Fech,0,0,0,0,0,0,0,0,0,0,0,0,0,0,0,0,0,0,0,0,0,0
Fis1,0,0,0,0,0,0,0,0,0,0,0,0,0,0,0,0,0,0,0,0,0,0
Fkbp1a,0,0,0,0,0,0,0,0,0,0,0,0,0,0,0,0,0,0,0,0,0,0
Fkbp3,0,0,0,0,0,0,0.69408369781038,0,0,0,0.417372808278538,0,0.541713240136724,0,0,0,0,0,0,0,0,0
Fos,0,0,0,0,0.619034985527912,0,0,0,0,0,0,0,0,0,0,0,0,0,0,0,0,0
Fstl1,0,0,0,0,0,0,0,0,0,0,0,0,0,0,0,0,0,0,0,0,0,0
Fus,0,0,0,0,0,0,0,0,0,0,0,0,0,0,0,0,0,0,0,0,0,0
Gabarap,0,0,0,0,0.465477831840483,0,0,0,0,0.677500390077113,0,0,0,0,0,0.593487456725758,0,0,0,0,0,0
Gapdh,0.642076963294841,0,0.606275194219832,1.24568749535955,1.07742153308737,1.16014252623596,1.155425015443,1.24706584596682,1.03744502768087,0.81270745872375,1.23073621016046,1.02495115748317,1.05661250403938,0.917466358146084,1.08404322993014,0,0.838401223951428,0,1.02130980842492,0.935991893431581,1.18932342713026,1.03020960283756
Gas5,0,0,0,0,0,0.778343994301513,1.09128377866256,1.04073368647133,1.00635093289838,0,0.714765889721341,0,1.14208552689167,0.878263272888082,0.952167554275487,0,0.806811556686033,0,0,0.968121146119919,0.551704745856052,0.807369201821368
Gcg,0,0,0,0,0,0,0,0,0,0,0,0,0,0,0,0,0,0,0,0,0,0
Glrx5,0,0,1.21747025713891,0,0,0,0,0,1.06761904928797,0,0,0,0,0,0,0,0,0,0,0,0,0
Gm10736,0,0,0,0,0,0,0,0,0,0,0,0,0,0,0,0,0,0,0,0,0,0
Gm5483,0,0,0,0,0,0,0,0,0,0,0,3.04338535650812,0,0,0,0,0,0,0,0,0,0
Gnas,0.711527487411014,0.71687894947194,0,0.656537350759112,0.884262196241161,1.22939584214554,0.923307830641769,1.10929728859704,0,2.69291793062377,0.895509014870275,0,1.05801088288083,1.22075865441027,1.22939584214554,1.31264138653206,1.30957280804686,0,1.05121900689401,1.29444550439645,0,1.17699050841984
Gng5,0,0,0,0,0,0,0.639098317200054,0,0,0,0,0,0.690831031133903,0,0,0,0,0,0,0,0,0
Gpx1,0.80583901313985,2.23506198322981,2.63995100258429,2.01711656917132,1.10286881023972,0.719582902848487,0.517952455911001,0.74754681605502,1.9893468090407,0,1.42465020746155,1.88167671840661,0.558224208426117,0,0.85095264550148,0,0,1.20836272410257,0,0,0,0.931549631355161
Gpx3,0,0,0,0,0,0,0,0,0,0.7997831819893,0,0,0,0,0,0,0,0,0,0,0,0
Gpx8,0,0,0,0,0,0,0,0,0,0,0,0,0,0,0,0,0,0,0,0,0,0
Gsta4,0,0,0,0,0,0,0,1.1290635361587,0,0,0,0,0,0,0,0,0,0,0,0,0,0
Gstm1,0,0,0,0,0,0,0,0.475429543394536,0,0,0,0,0.629213687155314,0,0,0,0,0,0,0,0.762131229056552,0
Gypa,0,0,0.974658976104399,0,0,0,0,0,0,0,0,0,0,0,0,0,0,0,0,0,0,0
H19,0,0,0,0,0,0.96731030832283,0.760646639737214,1.64402391915409,0,0,0,0,1.05850137928838,0.828280225446622,0,0,0.804312781454157,0,0.924044104842472,1.2006701727553,1.58614058537776,1.05825130469566
H1f0,0,0,0,0,0,0,0,0,0,0,0,0,0,0,0,0,0,0,0,0,0,0
H2afv,0,0,0,0,0,0,0,0,0,0,0,0,0,0,0,0,0,0,0,0,0,0
H2afz,0,0,0.554286813647402,0.912407456932166,0,0.614795422765706,0.947487140786082,0,0.977137259599444,0,0.838099730769796,0.529044154376979,0.91240979071617,0.792868070815529,0,0,0,0,0,0,0.762131229056552,0
H3f3a,0,0,0,0,0,0,0,0,0,0,0,0,0,0,0,0,0,0,0,0,0,0
H3f3b,0.952167554275487,0.807965712488136,0.932224010829735,1.05218316495461,1.16073538871657,1.51241949839031,1.3740583234259,1.5155603636173,1.13639194612827,0.938705885807209,1.24983228501857,1.02495115748317,1.33702138110109,1.22010067584902,1.48477655877072,1.23207967981342,1.30576611332564,0,1.13018338320589,1.24879334458643,1.10393479394959,1.17607757717103
Hba-a2,5.90412154271428,6.31207444209261,4.91353937229317,2.82993469753578,3.35162608278345,3.45512612239582,2.64096849088994,3.05458441031163,2.83820172416961,3.17977071739682,2.99699185480319,2.85907196929544,2.41060532694174,3.5124128746591,3.5170224341523,3.41792308226997,3.61606167549855,6.75586703448274,4.52603463103024,3.65000227368288,2.11683646051497,3.77595774001741
Hba-x,5.20034120666725,1.82313553123707,1.09337115037238,1.2782317426561,1.63452816984254,1.68000440618506,1.16669577118732,1.49828869930739,1.0960367731514,1.54667651583193,1.34259792638112,1.2122482403855,1.0436157058133,1.73197356311092,1.90405265150813,1.87435038471568,1.93939072360747,2.06909013899337,2.19111942916634,1.88678710574971,0.551704745856052,1.83332328309772
Hbb-bh1,0,0,0,0,0,0,0,0,0,0,0,0,0,0,0,0,0,0,0,0,0,0
Hint1,0.78251141343448,0.677692846247387,0.960873957785242,1.06488744138517,1.09707629445114,1.07589043891468,1.26528388182633,1.18869968872489,1.10557069216212,0.984642409171232,1.19559905202323,0.864217832634372,1.25926866258284,1.18096158724664,1.05703178883665,0.772691780228814,1.13695656554865,0,1.13808816380879,1.10714574784237,1.19812894157729,1.12101446021835
Hjurp,0,0,0,0,0,0,0,0,0,0,0,0,0,0,0,0,0,0,0,0,0,0
Hmbs,0,0,1.24637626617656,0,0,0,0,0,0,0,0,0,0,0,0,0,0,0,0,0,0,0
Hmgb1,0,0,0,0,0,0,0,0,0,0,0,0,0,0,0,0,0,0,0,0,0,0
Hmgn1,0,0,0,0,0,1.12794601790923,1.06985950168086,1.10500294019429,0,0.700395956783365,0,0,1.02861966001895,1.03046419265923,1.03231563288739,1.00175406560767,1.10127628810055,0,0.844170008818627,1.00175406560767,0.875272461794395,1.06786583450416
Hmgn2,0,0,0,0,0,0,0,0,0,0,0,0.772691780228814,0,0,0,0,0,0,0,0,0,0
Hnrnpa2b1,0,0,0,0,0,0,0,0,0,0,0,0,0,0,0,0,0,0,0,0,0,0
Hnrnpab,0,0,0,0,0,0,0,0,0,0,0,0,0,0,0,0,0,0,0,0,0,0
Hnrnpc,0,0,0,0,0,0,0,0,0,0,0,0,0,0,0,0,0,0,0,0,0,0
Hnrnpk,0,0,0,0,0,0,0,0,0,0,0,0,0,0,0,0,0,0,0,0,0,0
Hsbp1,0,0,0,0,0,0,0,0,0,0,0,0,0,0,0,0,0,0,0,0,0,0
Hsp90aa1,0,0,0,0,0,0,0,0,0,0,0,0,0,0,0,0,0,0,0,0,0,0
Hsp90ab1,0,0,0,0,0,0.682407816830426,0.868734723186578,0.84294873001873,0.631084636305192,0.681462389743227,0.728513077790262,0,0.86502114637618,0,0.52692802062919,1.01143358029676,0,0,0,0,0.415769561635558,0
Hspa5,0,0,0,0,0,0,0,0,0,0,0,0,0,0,0,0,0,0,0,0,0,0
Hspa8,0.914209351789922,0.771695088885076,0.97962281333057,1.39768670308741,1.21878921621491,1.28407736973686,1.61571698611371,1.33617022691037,1.91141231855574,1.46402323542992,1.5780710767786,1.07589043891468,1.56763970972385,1.20578698241092,1.30196133074726,1.19812894157729,1.23140794498694,0,1.21747025713891,1.24157177510627,1.12683082086646,1.1703035958265
Hspe1,0,0,0,0.570033512631753,0,0,1.24499953201471,1.05218316495461,1.50688519864101,0,0.942086522049097,0,1.18313871983484,0,0,0,0,0,0,0,1.59900622444244,0.760940051472629
Iapp,0,0,0,0,0,0,0,0,0,0,0,0,0,0,0,0,0,0,0,0,0,0
Id2,0,0,0,0,0,0,0,0,0,0,0,0,0,0,0,0,0,0,0,0,0,0
Id3,0,0,0,0,0,0,0,0,0,0,0,0,0,0,0,0,0,0,0,0,0,0
Idh2,0,0,0,0,0,0,0,0,0,0,0,0,0,0,0,0,0,0,0,0,0,0
Ier3ip1,0,0,0,0,0,0,0,0,0,0,0,0,0,0,0,0,0,0,0,0,0,0
Ifitm1,0,0,0,0,0,0,0,0,0,0,0,0,0,0,0,0,0,0,0,0,0,0
Ifitm2,0,0,0,0,0,0,0,0,0,0,0,0,0,0,0,0,0,0,0,0,0,0
Ifitm3,0,0,0,1.67737646829981,0,0,0.698204867271784,0,0,0,0,0,1.08463079464353,0,0,0,0,0,0,0,0,0
Ift20,0,0,0,0,0,0,0,0,0,0,0,0,0,0,0,0,0,0,0,0,0,0
Igfbp2,0,0,0,0,0,0,0,0,0,0,0,0,0,0,0,0,0,0,0,0,0,0
Igfbp4,0,0,0,0,0,0,0,0,0,0,0,0,0,0,0,0,0,0,0,0,0,0
Ins1,0,0,0,0,0,0,0,0,0,0,0,0,0,0,0,0,0,0,0,0,0,0
Ins2,0,0,0,0,0,0,0,0,0,0,0,0,0,0,0,0,0,0,0,0,0,0
Itm2a,0,0,0,0,0,0.633946498676329,0,0,0,0,0,0,0,1.53165965019919,0,0,0,0,0,1.21878321233514,0,0
Itm2b,0,0,0,0.710443531595833,1.29971965442356,0,0,0,0,0,0.774737379762564,1.03510583343932,0,0,0,0,0,0,0,0,1.00146375343364,0
Krt8,0,0,0,0,0,0,0,0.891384832431548,0,0,0,0,0,0,0,0.593487456725758,0,0,0,0,0,0
Krtcap2,0,0,0,0,0,0,0.701537902492225,0,0,0,0,0,0.745923187095437,0,0,0,0,0,0,0,0.929232223573093,0
Laptm4a,0,0,0,0,0,0,0,0,0,0,0,0,0,0,0,0,0,0,0,0,0,0
Ldha,0,0,0.541615404329102,1.05218316495461,0.850047340710713,0.415044905808959,1.03510583343932,1.47481489532142,1.19308182235954,0,1.68264150609086,0.672274721497039,1.01549603975994,1.02403913292935,0.913845451514236,0,0.731653100080945,0,0.943623040707629,0.868086477871483,1.41614198182152,0.852608657265211
Ldhb,0,0,0,0,0,0,0,0,0,0,0,0,0,0,0,0,0,0,0,0,0,0
Lgals1,0.859766424792521,0.791242766632196,0.934480964601667,1.28261063064783,1.1136267935415,1.11908880485761,0,0,1.19182530927622,0,1.70679649019094,0.903173226773522,0,1.69529476870546,0.856586065420172,0,1.08148187943851,0,1.16970038620288,1.3791712000349,0,1.711381385549
Lsm6,0,0,0,0,0,0,0,0,0,0,0,0,0,0,0,0,0,0,0,0,0,0
Lsp1,0,0,0,0.487727928609275,0,0,0,0,0,0,0,0,0,0,0,0,0,0,0,0,0,0
Lum,0,0,0,0,0,0,0,0,0,0,0,0,0,0,0,0,0,0,0,0,0,0
Ly6e,0,0,0,1.41073005676764,0,0,0,0,0,0,0,0,0,0,0,0,0,0,0,0,0,0
Lyz2,0,0,0,2.78879123433762,1.00047277027812,0,0,0,0,0,0,2.65034193677615,0,0,0,0,0,0,0,0,0,0
Maged1,0,0,0,0,0,0,0,0,0,0,0,0,0,0,0,0,0,0,0,0,0,0
Maged2,0,0,0,0,0,0,0,0,0,0,0,0,0,0,0,0,0,0,0,0,0,0
Map1lc3a,0,0,0,0,0,0,0,0,0,0,0,0,0,0,0,0,0,0,0,0,0,0
Marcksl1,0,0,0,0,0,0,0,0,0,0,0,0,0,0,0,0.787247807741562,0,0,0,0,0,0
Mdh1,0,0,0,0,0,0,0,0,0,0,0,0,0,0,0,0,0,0,0,0,0,0
Mdk,0,0,0,0,0,0.79473866027337,0,0.974658976104399,0,0,0,0,0,0.728303170972866,0,0.787247807741562,0.820442009304184,0,0,0.915288137218921,0,0
Meg3,0,0,0,0,0,1.08713397067456,0.775764344039105,0,0,1.18621299870243,0,0,0.893444195595416,0.985902118149923,0.942086522049097,1.02495115748317,0,0,0.753311555806766,1.70952816607283,1.18559132918623,1.09235253082895
Mfap2,0,0,0,0,0,0,0,0,0,0,0,0,0,0,0,0,0,0,0,0,0,0
Mfap4,0,0,0,0,0,0,0,0,0,0,0,0,0,0,0,0,0,0,0,0,0,0
Mif,0,0,0,0.933727391334476,0.8825821298049,1.17454185957094,1.51221061179584,1.47481489532142,1.06936011251093,0,1.11908880485761,0,1.3136717395106,1.07639647765778,1.20578698241092,0,0.985692448884255,0,1.03231563288739,0.960873957785242,1.80861711881819,0.884950414681145
Minos1,0,0,0.726708982173936,0.836296107232574,0,0,0.873300518523528,0,0.903407653410602,1.01725550277714,0.956896130085237,0,0.914205829005981,0,0,0.787247807741562,0,0,0,0,0.929232223573093,0
Mkrn1,0,0,0,0,0,0,0,0,0,0,0,0,0,0,0,0,0,0,0,0,0,0
Mrfap1,0,0,0,0,0,0,0,0,0,0,0,0,0,0,0,1.02495115748317,0,0,0,0,0,0
Mrpl18,0,0,0,0,0,0,0,0,0.422129992230455,0,0,0,0,0,0,0,0,0,0,0,0.415769561635558,0
Mrpl42,0,0,0,0,0,0,0,0,0,0,0,0,0,0,0,0,0,0,0,0,0,0
Mrpl52,0,0,0,0,0,0,0,0,0,0,0,0,0,0,0,0,0,0,0,0,0.415769561635558,0
mt-Co1,0.833015452514185,0.894821111787228,0.916011246647678,1.12349908158118,1.19908492308794,1.2280585644635,1.13130556667628,1.21616029306692,1.08224883986763,1.10770495348531,1.21944081497836,1.02312710837553,1.1721277123129,1.12294837533202,1.13581781851775,1.34583668532602,1.1763686616207,0,1.09546690354346,1.19182530927622,1.58614058537776,1.17393734566931
mt-Cytb,1.76702796246318,1.70339583910431,1.98948407547993,2.33172339238867,2.35617587617607,2.58933660433344,2.55962273685167,2.66264192823703,2.28570420871614,2.58515390355213,2.35252361890529,2.1064937024066,2.57851763891175,2.54473509753629,2.62518257877245,2.57511409661377,2.53612324901776,0,2.28516705683597,2.54108969941364,2.33876423274828,2.6554302286014
mt-Nd1,1.55440758067502,1.51347748829265,1.80551812634289,1.96556417415366,2.23823915340325,2.44465157004165,2.30406400041173,2.24078260956321,2.23588083957042,1.95747355616825,2.16098991731011,1.72822525115094,2.2365603172079,2.27784485598249,2.39550869714454,2.01711656917132,2.3650282392258,0,1.99224482884977,2.2798360624113,2.9811963840835,2.32241486770172
mt-Nd2,1.0558975462421,1.01996815183028,1.00877446233059,1.11854007430495,1.32904196397418,1.54997164397812,1.24294047186052,1.49794763450852,1.1501661668797,1.35979095205325,1.17272136222372,0.903173226773522,1.24775989018906,1.32429853825386,1.37151712713995,1.1484239827462,1.43835729308784,0,1.24983228501857,1.44578061501274,1.41614198182152,1.44702542093945
mt-Nd4,1.20643019117726,1.22439698900681,1.25961835144674,1.42618116674636,1.74118590824116,1.91635486121483,1.63240590130088,1.69507066662823,1.45276671410433,1.83427762122687,1.59782713881994,1.53040797142839,1.66339280262871,1.765556002341,1.80397311445085,1.66244104374295,1.82429552461773,0,1.61934809735589,1.85166260576206,1.58614058537776,1.92854345027257
mt-Nd5,0,0,0,0,0,0,0,0,0,0,0,0,0,0,0,0,0,0,0,0,0,0
mt-Rnr1,0,0,0,0,0,0,0,0,0,0,0,0,0,0,0,0,0,0,0,0,0,0
mt-Rnr2,0,0.924782203340395,0,0,0,0,0,0,0,0,0,0,0,0,0,0.8417310793375,0,0,0,0,0.551704745856052,0
Mt1,0,0,2.49138688515268,0,0.614543082028928,0,1.44351122069008,1.05508675030777,1.96556783671154,0,0,0,1.57983143451514,0,0,0,0,0,0,0,3.46209188486649,0
Mt2,0,0,1.5187154873754,0,0,0,0.848473297809378,0,1.19644360182954,0,0,0,1.05036785349937,0,0,0,0,0,0,0,2.09109629167872,0
Myl12a,0,0,0,0,0,0,0,0,0,0,0,0,0,0,0,0,0,0,0,0,0,0
Myl6,0,0,0,0,0,0,0,0,0,0,0,0,0,0,0,0,0,0,0,0,0,1.15425695213052
Myl9,0,0,0,0,0,0,0,0,0,0,0,0,0,0,0,0,0,0,0,0,0,2.09791383343152
Mylk,0,0,0,0,0,0,0,0,0,0,0,0,0,0,0,0,0,0,0,0,0,1.91194088051464
Naca,0,0,0.629885403345931,0.734900103950314,0.689412522425793,0.912048688510684,1.09651793966135,0.985480723413847,1.01388810121433,0.672527500526909,0.940555174818865,0,1.02862738599747,0.920375423587981,0.981289111252001,0,0.91892508099994,0,0.908832839959334,0.873300518523528,1.12683082086646,0.971379361407664
Ncl,0,0,0,0,0,0,0,0,0.626581664380899,0,0,0,0,0,0,0,0,0,0,0,0,0
Ndufa1,0,0,0,0,0,0,0,0,0,0,0,0,0,0,0,0,0,0,0,0,0,0
Ndufa11,0,0,0,0,0,0,0,0,0,0,0,0,0,0,0,0,0,0,0,0,0.738136715698548,0
Ndufa12,0,0,0,0,0,0,0.606275194219832,0,0.489439126509002,0,0,0,0.411874210891851,0,0,0,0,0,0,0,0,0
Ndufa13,0,0,0,0,0,0,0.563520006263977,0,0,0,0,0,0.745923187095437,0,0,0,0,0,0,0,0.875272461794395,0
Ndufa2,0,0,0.49340249774474,0,0,0,0.769138464355921,0.510375996708224,0.522635831023939,0.657746797972515,0,0,0.670325511877252,0.556483334021853,0,0,0,0,0,0.581235143225626,1.0718619443996,0
Ndufa3,0,0,0,0.702796171425309,0,0.867439228217662,0.710014227019092,0.732605932755341,0.392442381088021,0,0.836296107232574,0.69696328754831,0.531229517268033,0.64345701142027,0.725361886185137,0,0.840517489582924,0,0,0.631233216043753,0,0
Ndufa4,0,0,0,0.430505685887595,0,0.929978306693776,0.872645236932395,0.876922772033997,0.601671200345955,0.811863833336685,0.838099730769796,0,0.89568944475294,0.674393135711955,0.465375454921433,1.01276861772783,0.713042933826834,0,0,0,1.01054558824489,0.964889016777084
Ndufa5,0,0,0.733521843332649,0,0,0.745171372798563,0.848473297809378,0.48296784424073,0.935617639239912,0,0,0,0.89603725467681,0.942086522049097,0,0,0.80293822419284,0,0,0.86293616211468,0,0
Ndufa6,0,0,0,0,0,0,0.633946498676329,0,0,0,0,0,0.690831031133903,0,0,0,0,0,0,0,1.48981245206687,0
Ndufa7,0,0,0,0,0,0,0.635997065426954,0,0,0,0,0,0.610507168199281,0,0,0,0,0,0,0,0,0
Ndufb2,0,0,0,0,0,0,0,0,0,0,0,0,0,0,0,0,0,0,0,0,1.0718619443996,0
Ndufb5,0,0,0,0,0,0,0,0,0,0,0,0,0,0,0,0,0,0,0,0,0,0
Ndufb6,0,0,0,0,0,0,0,0,0,0,0,0,0.50142654375382,0,0,0,0,0,0,0,0.949821374898597,0
Ndufb8,0,0,0.412457071428361,0.734440096247948,0.203688828329184,0,0.650737498701676,0,0,0,0,0,0.596802122306588,0,0,0,0,0,0,0,0.551704745856052,0
Ndufb9,0,0,0.733521843332649,0.627540746102416,0,0.747070489655661,0.827396332834495,0,0.763622091843259,0.609745166974276,0,0,0.928159939976935,0,0,0,0,0,0,0,0.949821374898597,0
Ndufc1,0,0,0,0,0,0,0.429883642147241,0,0,0,0,0,0.548340807986955,0,0,0,0,0,0,0,0.738136715698548,0
Ndufs6,0,0,0,0,0,0,0,0,0,0,0,0,0,0,0,0,0,0,0,0,0.929232223573093,0
Ndufs7,0,0,0,0,0,0,0,0,0,0,0,0,0,0,0,0,0,0,0,0,0,0
Ndufv2,0,0,0,0,0,0,0,0,0,0,0,0,0,0,0,0,0,0,0,0,0.762131229056552,0
Ndufv3,0,0,0,0,0,0,0,0,0,0,0,0,0,0,0,0,0,0,0,0,0,0
Nedd8,0,0,0,0.732148852986874,0.694298998719731,0,0.661327749691844,0.475429543394536,0.73697811313539,0,0.661699189671337,0,0.756748785861782,0.807965712488136,0.699035095481016,0.770657209502311,0.671324995751021,0,0,0.793659603760136,0,0.627053613436091
Ngp,0,0,0,0,0,0,0,0,0,0,0,1.61813572875718,0,0,0,0,0,0,0,0,0,0
Nhp2,0,0,0,0,0,0,0.629213687155314,0,1.02957206014274,0,0,0,0,0,0,0,0,0,0,0,0,0
Nme1,0,0,0,0,0,0,0.916011246647678,0.707449472433972,0.987590696393865,0,0.684790569636998,0,0.926262679899179,0,0.733980676425218,0,0,0,0,0,0.762131229056552,0
Nnat,0,0,0,0,0,0.796362897128655,0,0,0,0,0,0,0,0,1.38088459523472,0,1.03557261575337,0,0,0,0,0
Nop10,0,0,0,0,0,0,0.51502888328687,0,0.801447147244378,0,0,0,0,0,0,0,0,0,0,0,0,0
Npc2,0,0,0,0,0,0,0,0,0,0,0,0,0,0,0,0,0,0,0,0,0,0
Npm1,0,0,0.819839076461452,0.729418560196256,0.828655897772598,1.20965496526678,1.53795161169603,1.18683261130454,1.93410038579561,0,1.34259792638112,0.899672772470134,1.53205242334544,1.16132825119718,1.13130556667628,0.584683167947803,1.10371732426853,0,1.09128377866256,1.11908880485761,1.0718619443996,1.00047277027812
Nrep,0,0,0,0,0,0.742341128785867,0,0,0,0,0,0,0,0,0,0,0,0,0,0,0,0
P4hb,0,0,0,0,0,0,0,0,0,0,0,0,0,0,0,0,0,0,0,0,1.0718619443996,0
Pabpc1,0,0,0,0,0,0,0,0,0,0,0,0,0,0,0,0,0,0,0,0,0,0
Park7,0,0,0,0,0,0,0.464103463626947,0,0,0,0,0,0.680435052707912,0,0,0,0,0,0,0,0.762131229056552,0
Pcbp1,0,0,0,0,0,0,0.761635707594239,0.555847831681182,0.687391627089568,0,0.500053222594943,0,0.679259033800732,0,0,0,0,0,0,0,0.415769561635558,0
Pclaf,0,0,0,0,0,0,0,0,0,0,0,0,0,0,0,0,0,0,0,0,0,0
Pdap1,0,0,0,0,0,0,0,0,0,0,0,0,0,0,0,0,0,0,0,0,0.738136715698548,0
Pdcd5,0,0,0,0,0,0,0,0,0,0,0,0,0,0,0,0,0,0,0,0,0,0
Pdia6,0,0,0,0,0,0,0.464103463626947,0,0,0,0,0,0.614489204927006,0.702805393789969,0,0,0,0,0,0,0,0
Pebp1,0,0,0,0,0,0,0.827983592893976,0,0,0,0,0,0.756748785861782,0,0.52692802062919,0,0,0,0,0,0.551704745856052,0
Pf4,0,0,0,0,1.97595192524888,0,0,0,0,0,0,0,0,0,0,0,0,0,0,0,0,0
Pfdn5,0,0,0,0,0,0,0,0,0,0,0,0,0,0,0,0,0,0,0,0,0,0
Pfn1,0,0,0,0.816398708947378,0.437567068311674,0,0,0,0,0,0.627874611053575,0.658371433545156,0,0,0,0,0,0,0,0,0,0
Phb2,0,0,0,0,0,0,0,0,0,0,0,0,0,0,0,0,0,0,0,0,0.762131229056552,0
Phf5a,0,0,0,0,0,0,0,0,0,0,0,0,0,0,0,0,0,0,0,0,0,0
Pitx1,0,0,0,0,0,0,0,0,0,0,0,0,0,0,0,0,0,0,0,0,0,0
Pkm,0,0,0,1.03077228524974,0,0.480040120208852,0.701537902492225,1.07387224072524,0,0,0.734900103950314,0,0.621455962479572,0,0.84294873001873,0.91746101355883,0,0,0,0,0,0
Pnliprp1,0,0,0,0,0,0,1.00789131928408,0,0,0,0,0,2.28361223959721,0,0,0,0,0,0,0,0,0
Pnpo,0,0,0.606275194219832,0,0,0,0,0,0,0,0,0,0,0,0,0,0,0,0,0,0,0
Polr2m,0,0,0,0,0,0,0,0,0,0,0,0,0,0,0,0,0,0,0,0,0,0
Pomp,0,0,0,0.740934229760182,0,0,0,0,0,0,0,0,0,0,0,0,0,0,0,0,0,0
Ppia,0,0,0,0.704481040677775,0,0,0.873300518523528,0.789906442738577,0.761152679431744,0,0.84355891486384,0,0.90570314458344,0,0.813554295152674,0,0,0,0,0,1.00088365366838,0
Ppp1ca,0,0,0,0.734900103950314,0,0,0,0,0,0,0,0,0,0,0,0,0,0,0,0,0.875272461794395,0
Prdx1,0,0,0,0.844782013971263,0.818988718970767,0.792046638921538,0.945164757910855,1.09862636418258,0,0,0,0,0.923694172333037,0.686813029098914,0,0,0.823890663099659,0,0,0,1.26150086052415,0
Prdx2,0.938283743325382,1.27823350418835,2.10092847421461,0,0,0.887977827290339,0.854699749004948,1.05508675030777,1.41704832864488,0.839922578929568,0,0,0.62927488619164,0.862636971559206,1.13186753696261,1.14495683296732,1.05806733877605,1.02495115748317,1.03885065729434,0.86293616211468,0,0.811303413825713
Prdx4,0,0,0,0,0,0,0,0,0,0,0,0,0,0,0,0,0,0,0,0,0,0
Prdx6,0,0,0,0,0,0,0.497955501694233,0,0.755506559711271,0,0,0,0.691240176604433,0,0,0,0,0,0,0,0,0
Psma1,0,0,0,0.618013085034943,0,0,0.69449358205054,0,0.749939048362845,0,0,0,0,0,0,0,0,0,0,0,0.949821374898597,0
Psma2,0,0,0,0,0,0,0,0,0,0,0,0,0,0,0,0,0,0,0,0,0.551704745856052,0
Psma6,0,0,0,0,0,0,0,0,0,0,0,0,0,0,0,0,0,0,0,0,0,0
Psma7,0,0,0,0.774737379762564,0,0,0.910259209432561,0.919644579073246,0.835996389205594,0,0.649303780339079,0,0.88260102149693,0,0.813554295152674,0.998281827993729,0,0,0,0,0.929232223573093,0
Psmb1,0,0,0,0,0,0,0,0,0,0,0,0,0,0,0,0.584683167947803,0,0,0,0,0,0
Psmb2,0,0,0,0,0,0,0,0,0,0,0,0,0,0,0,0,0,0,0,0,0,0
Psmb6,0,0,0,0.532609499904534,0,0,0.825639675698002,0.69490396001232,0.501392468250866,0,0,0,0.83129669011636,0.63964346733603,0.797449508649773,0.584683167947803,0,0,0,0,0.762131229056552,0
Ptma,0.840215102745635,0.279894800761312,0.974658976104399,1.16014252623596,0.995264273065167,1.32507878568643,1.5134648756161,1.27968783079482,1.34341074254262,0.600603396559696,1.26813702027259,1.19686258409194,1.47828655934197,1.22739146516506,1.30196133074726,1.19433833544286,1.28923967640877,0,1.19939813445634,1.13243009423004,0.551704745856052,1.1849747900496
Ptms,0,0,0,0,0,0,0,0,0,0,0,0,0,0,0,0,0,0,0,0,0,0
Ptn,0,0,0,0,0,0,0,0,0,0,0,0,0,0,0,0,0,0,0,0.951384161385305,0,0
Ptov1,0,0,0,0,0,0,0,0,0,0,0,0,0,0,0,0,0,0,0,0,0,0
Pyy,0,0,0,0,0,0,0,0,0,1.79553179836627,0,0,0,0,0,0,0,0,0,0,0,0
Rack1,0,0,0.860384526943672,0.74754681605502,0,0,0.981289111252001,0.823309348846236,1.14901170114208,0,1.01143358029676,0,1.053157512917,0,0,0,0,0,0,0,0.875272461794395,0
Raly,0,0,0,0,0,0,0,0,0,0,0,0,0,0,0,0,0,0,0,0,0,0
Ran,0,0,0,0,0,0,0.690416808214868,0,0.904417838400125,0,0,0,0.686850229788616,0,0,0,0,0,0,0,0.551704745856052,0
Ranbp1,0,0,0,0,0,0,0.69408369781038,0,0.910439605370462,0,0,0,0.528098732495218,0,0,0,0,0,0,0,0,0
Rbp1,0,0,0,0,0,0,0,0,0,0,0,0,0,0,0,0,0,0,0,0,0,0
Rbp4,0,0,0,0,0,0,0,0,0,1.50923343093628,0,0,0,0,0,0,0,0,0,0,3.34736791887606,0
Rbx1,0,0,0,0,0,0,0.669028095682597,0,0.647520838911389,0.636864762554685,0.66997966747402,0,0.619807173575527,0,0,0.770657209502311,0,0,0,0,0,0
Rcn3,0,0,0,0,0,0,0,0,0,0,0,0,0,0,0,0,0,0,0,0,0,0
Reep5,0,0,0,0,0,0,0.63089571381984,0,0,0,0,0,0.999637508526653,0,0,0,0,0,0,0,0,0
Rhoc,0,0,0,0,0,0,0,0,0,0,0,0,0,0,0,0,0,0,0,0,0,0
Romo1,0,0,0,0,0,0,0,0,0,0,0,0,0,0,0,0,0,0,0,0,0,0
Rpl10,0.953739029471103,0.742576219053365,1.18476532935186,1.56557081116889,1.27895978672546,1.16490079756129,1.74594978559416,1.3540073401749,1.60890738754067,1.09024321947826,1.6031481495898,1.09651793966135,1.76484266223795,1.26032401211344,1.23477596954307,1.19433833544286,1.24088902382466,0,1.2214181393629,1.22672436586661,1.22406516122194,1.18623939650862
Rpl10a,0,0,0,0,0,0.415044905808959,0.704481040677775,0,0.708984408991783,0,0.547623699337471,0,0.619308216848143,0,0,0,0,0,0,0,0,0
Rpl11,1.16909848545039,1.09810085281136,1.53212509787118,1.66695530320688,1.5667204938209,1.64905926713383,2.19596804648979,1.89537506128198,1.98774231012454,1.34179551739067,1.88289061787893,1.21616029306692,2.19537033925711,1.66437240373457,1.64779723312234,1.77220123925284,1.69328258090153,0,1.63777733856711,1.70952816607283,1.72194235896746,1.58182304574599
Rpl12,0,0,0.886622534164244,0.923307830641769,0.818121780838085,0.856586065420172,1.12239309413763,1.02130980842492,1.08481425323397,0,0.98970969844447,0,1.10366870328273,0.802136721026409,0,0,0.824181742083838,0,0,0.809045299556129,0.875272461794395,0.862617453690444
Rpl13,2.10246345942358,1.94517156807117,2.64735034916693,2.75085347209106,2.48617817255732,2.73682682377451,2.96414879311421,2.78403753943159,2.86173249794922,2.1146348195162,2.83908926744938,2.38953459412583,2.98244899127324,2.84554397048652,2.50433735590078,2.37475683120009,2.69709687075497,1.1484239827462,2.59735846243055,2.72780742567104,2.61396319655542,2.69417196090708
Rpl14,1.38432746878345,1.31110614121804,1.95586217634724,1.9075491356957,1.80372090227632,1.96368981790109,2.25621066495648,2.00737754150707,2.30406400041173,1.71272869350861,2.32426938805395,1.71778200235898,2.28365267681117,1.94242654192791,1.84189746953932,1.66244104374295,1.89537685391406,0,1.8925025264401,2.05234351839717,2.16348937995566,1.86792327231328
Rpl15,0,0,0.560850318748607,0.844782013971263,0,0.736977444596139,0.898280419858033,0.84294873001873,0.911690211444957,0,0.93902897209442,0,0.978584402658092,0.773219065786609,0,0.772691780228814,0.481875399725997,0,0,0.792583546676266,0.415769561635558,0.312110911763126
Rpl17,0.666075682974057,0,0.932224010829735,1.17090680545011,0.993123193443157,1.10929728859704,1.40358314238884,1.17454185957094,1.35593065439609,0.737940871735169,1.1794257959659,1.10286881023972,1.27618258282601,1.08868652900337,0.905993906178429,1.04833756669359,1.0643931300273,0,1.0185964283263,1.03510583343932,1.10393479394959,1.05873991084604
Rpl18,0.958124274063474,0.854701644453141,1.1769784833135,1.5422988794277,1.16073538871657,1.33457358209438,1.77915256727202,1.56557081116889,1.79324085577132,1.24568749535955,1.69328258090153,1.17820079891551,1.81433005413081,1.30765973400149,1.48880230423624,1.58440378107992,1.27968959911567,0,1.26670874253722,1.28407736973686,1.58691384212544,1.26742288140491
Rpl18a,1.78642031112647,1.59743973400462,2.09264484457241,2.36019942002509,2.15167729207753,2.44395206215076,2.47340201092994,2.41824049325651,2.34195001399606,1.57635383521915,2.42799784586286,1.99418262429363,2.49856348799324,2.27665191125375,2.15632174437194,2.18749958179648,2.23824528326431,1.01500185046067,2.14245873506049,2.26838725050847,2.22469193899825,2.21485495356521
Rpl19,0,0,0.708729482919681,0.868086477871483,0.567070402679136,0.897585910181826,1.04073368647133,0.968933395172737,1.00437556807102,0.678083931524546,0.994834520632547,0,1.06538271372509,0.872649792654615,1.03231563288739,0.772691780228814,0.816748390242714,0,0,0.651456775091616,0.929232223573093,0
Rpl21,0.893446923650911,0.888004045235482,1.37831621530765,1.36339704623169,1.2214181393629,1.25540445511641,1.68352258444631,1.5155603636173,1.70529918891986,1.01202654993418,1.62056247131942,1.07387224072524,1.65887981972419,1.30727854856845,1.23477596954307,1.16729539200652,1.28776035234819,0,1.19812894157729,1.27388456268141,1.48981245206687,1.22539476354428
Rpl22,0,0,0.556631683387738,0.68598831416048,0,0,0.926260230859128,0.823309348846236,1.12628130886994,0,0.964886224510731,0,0.95138682993448,0,0,0,0,0,0,0.614795422765706,0.875272461794395,0.820721432353254
Rpl22l1,0,0,0,0,0,0,0.787778066623027,0,0.741421966596674,0,0.653987027423756,0,0.825944781238166,0,0,0,0,0,0,0,0.415769561635558,0
Rpl23,0.847867329736372,0.796943803029238,1.17575883992791,1.23612881252037,1.1679038015057,1.19308042447105,1.51207138900075,1.30957089590402,1.53041125088559,0.975483376868038,1.32980805267271,1.07387224072524,1.55443616950812,1.1794257959659,1.23477596954307,1.14958461499062,1.21485479421232,0,1.16970038620288,1.20707339994359,1.18932342713026,1.15515984236647
Rpl23a,0.737906427848183,0,1.1526917398752,1.06985950168086,0.982962046550064,1.16729539200652,1.34746235205837,1.17575883992791,1.32276767462198,0.897312216426301,1.21030218298339,1.0718619443996,1.46066449065614,1.13018338320589,1.04929621324302,1.06094442422985,1.10857913455958,0,1.09651793966135,1.1794257959659,1.18559132918623,1.05606675144448
Rpl26,1.00878735647816,0.925176565194009,1.40714681656034,1.51207138900075,1.33899600301402,1.31110422146005,1.83705848773602,1.70046022843903,1.86183002958971,1.16851745562959,1.70543429559752,1.18932342713026,1.93065644105041,1.39261352231888,1.2753301220677,1.34583668532602,1.23749112104306,0,1.23342626246727,1.4438889175668,1.10393479394959,1.30051795345649
Rpl27,0,0,0.896200210409946,0.868086477871483,0,0.835098117673295,1.03185212303972,0.886622534164244,1.18375121836003,0,0.863576507714306,0,0.960306419603216,0.234431861991304,0.927743765592829,0.787247807741562,0,0,0,0.793659603760136,1.0718619443996,0.671351215387484
Rpl27a,0,0,0,0.919644579073246,0,0,0.96974705929798,0.819839076461452,0.989286807207499,0,0.89275519860006,0,0.932603297372921,0,0,0,0,0,0,0,1.00088365366838,0
Rpl28,0,0,0.861020978231524,0.848473297809378,0.82157086771942,0.897585910181826,1.05170085524854,0.896892507941328,1.03885065729434,0.19194116681292,0.89275519860006,0,1.06069905752832,0.9363832532798,0.82272887642781,0.962474705949259,0.24670124887237,0,0.632926245003711,0.876592197094755,1.01054558824489,0.879671267233364
Rpl29,0,0,0,0,0,0,0.651456775091616,0,0.620141057462672,0,0.547623699337471,0,0.676163077123747,0,0,0,0,0,0,0,0,0
Rpl3,0.89522435760636,0.78700933113567,1.39039073630435,1.29444550439645,1.1930930056111,1.26670874253722,1.58036743759046,1.47679560125304,1.60048283717554,0.997424666827377,1.44958015356752,1.18932342713026,1.68352309733437,1.24294207487555,1.23477596954307,1.06094442422985,1.20195079781665,0,1.19057298007467,1.31418240643543,1.58614058537776,1.28776035234819
Rpl30,0.704604611722831,0,1.01589801681439,1.24844743849087,1.15308636710589,1.10607325585478,1.41795592834723,1.20194506654979,1.34314026487629,0.992052941604289,1.27388456268141,0.923307830641769,1.479279805311,1.16970038620288,1.05703178883665,1.16849658469789,1.13074447494108,0,1.11145761836287,1.10393479394959,1.75170792829225,1.15955856708865
Rpl31,0.912416792149118,0.806272431709927,1.27052511191702,1.24568749535955,1.15426321446633,1.15425194232082,1.38375045013845,1.31187232310134,1.44958083135778,1.06638580688939,1.2753301220677,1.07589043891468,1.59371559520917,1.21181782885197,1.04929621324302,1.36006711518069,1.24225932359393,0,1.13695179970746,1.19812894157729,1.0718619443996,1.07539134774546
Rpl32,1.67346969243438,1.45676721506731,2.02982433804175,2.30079784572563,2.06768354245797,2.13826456020871,2.37622459713656,2.29142453353555,2.38241411900402,1.56131069671177,2.39550869714454,2.05234351839717,2.38953459412583,2.09917817807609,1.87322900844717,2.00263029931997,2.07759381917703,0.964886224510731,2.11572261144828,2.13484730382736,2.09109629167872,1.93515360830286
Rpl34,0,0,1.0043747735223,1.08610167583809,0.953353379840603,1.08404322993014,1.20578698241092,1.14265760732534,1.25145211377375,0.834507473233225,1.12794601790923,0.91746101355883,1.30499569400029,1.09652217008406,1.04073368647133,1.1484239827462,0.993147709904954,0,0.953738357016112,1.07893265876806,1.12683082086646,1.04215623581481
Rpl35,0.671143173789215,0,0.908832839959334,0.981289111252001,0.754105667295397,0.98970969844447,1.13581781851775,1.10180498221391,1.12516495122382,0.752542619630393,1.11635078811524,0.665813228938074,1.16134870057031,1.05557254232734,1.08404322993014,0.973015943355897,0.938656048562102,0,1.06587798606501,1.06192731587517,1.18932342713026,0.89793649144004
Rpl35a,0,0,0.829160686048521,1.06094442422985,0.713114075476379,0.852821962132943,1.09024321947826,0.935991893431581,1.06389881866942,0.257402686996588,0.943623040707629,0,1.11128612525067,0.906349055979195,0,0.772691780228814,0.928116803985152,0,0,0.752827690468054,0.551704745856052,0.602251234239494
Rpl36,0.886284510199296,0.680206132420788,1.16370737816053,1.25961835144674,1.2122482403855,1.22340226707194,1.57312066655475,1.24157177510627,1.43823342170134,0.997424666827377,1.43575305790326,1.13130556667628,1.54175589542127,1.19496869373304,1.17332753309866,1.14958461499062,1.19876353801681,0,1.18311696879465,1.15955061959963,1.18559132918623,1.22947156092518
Rpl36a,0,0,0.96327715557525,1.00965921712318,0.834210823244394,1.01949921880791,1.30347568549736,1.15777871016389,1.19940382532087,0,1.09546690354346,0.906938180173107,1.29769225883532,1.09181135602432,0.85095264550148,1.02495115748317,1.03048577931367,0,0.974658976104399,1.03791180482003,1.22406516122194,0.973505346902633
Rpl36al,0,0,0,0.729418560196256,0,0,0.910259209432561,0,0.978584402658092,0,0.651456775091616,0,0.923310254778866,0,0,0,0,0,0,0,1.12683082086646,0
Rpl37,1.10500402490219,0.96692667702645,1.55828576704556,1.6013701501434,1.29519338155759,1.55550355942803,1.810949248533,1.65412887456721,1.8554372608913,1.13808816380879,1.59664996460451,1.24157177510627,1.89137604677844,1.54558040661048,1.38088459523472,1.63035030987133,1.31341189648374,0,1.31572729657126,1.6365343117379,1.48981245206687,1.52535969711211
Rpl37a,0.910296271343468,0.876262007131283,1.22572573083451,1.27100387892205,1.09442743482295,1.2280585644635,1.34583668532602,1.28751369865922,1.43977726615593,1.09285506151086,1.39475844389174,1.13581781851775,1.50722855740628,1.23410111600517,1.19686258409194,1.32142525694827,1.18559269807751,0,1.16729539200652,1.20450346117697,1.12683082086646,1.23918512730066
Rpl38,0.766384142627244,0.731473104137947,1.25750765238555,1.24775623623529,1.12301014129986,1.15074771876877,1.5155603636173,1.20836272410257,1.43452651714855,0.992052941604289,1.36062089111659,0.840820212304563,1.53713953108446,1.07740955201836,1.13186753696261,1.04833756669359,1.06937204696005,0,1.08920473606308,1.06687045855322,1.68000440618506,1.07590634018592
Rpl39,0.746832636510142,0.702392602347858,1.21747025713891,1.21550642934169,1.05557254232734,1.23006563915617,1.48377381629761,1.17738562447958,1.3689949057701,0.822494440009951,1.28261063064783,1.10286881023972,1.60317740659149,1.1484239827462,1.02130980842492,1.23207967981342,1.19433833544286,0,1.13581781851775,1.21616029306692,1.26150086052415,1.04834121920244
Rpl4,1.18435278485048,1.01366579855558,1.55772845372573,1.72472844930194,1.27388456268141,1.76997981448126,1.80758278932523,1.76482071038068,1.92507668710915,1.22142418677854,1.85906388113433,1.29594125871873,1.94516980879363,1.62810055002745,1.66051464444492,1.44247365584122,1.68066540067036,0,1.34909223340322,1.65074531090994,1.58691384212544,1.63721423330921
Rpl5,0,0,0.571409739098131,0.662443344712603,0,0,1.00700978341851,0.775250513654613,1.10397372116176,0,0.982124469294536,0,1.06069905752832,0,0.674199530497346,0,0,0,0,0.774737379762564,1.12683082086646,0
Rpl6,0,0,0.993976556558057,0.996555075461042,0.840928315356491,0.973015943355897,1.13130556667628,1.03822455896659,1.21878471329827,0.506757486549089,1.17332753309866,0.906938180173107,1.15366915890293,0.983380464631029,1.01949921880791,0.593487456725758,0.921144760808066,0,0.925520301838319,0.988013591816179,0.875272461794395,0.913892951783471
Rpl7,0.855644809302538,0.757205823742265,1.13808816380879,1.16014252623596,1.09302558164596,1.27677917758187,1.36395373709306,1.28261063064783,1.29134145779434,0.89074504133058,1.1794257959659,0.953738357016112,1.44295574910908,1.20965496526678,1.11799190826355,1.18683261130454,1.21616625384642,0,1.16370737816053,1.12683082086646,1.0718619443996,1.22807242051768
Rpl7a,0,0,0,0,0,0,0,0,0,0,0,0,0,0,0,0,0,0,0,0,0.415769561635558,0
Rpl8,1.04785915654329,0.894475514017392,1.43451017674555,1.55884351737193,1.27678619673812,1.5723620877652,1.64402391915409,1.52188497457615,1.78794606086134,1.16311195521981,1.54601524694422,1.15074771876877,1.5855614183807,1.38174358480656,1.24431237464483,1.14265760732534,1.30626184241638,0,1.30045072538641,1.49386799556153,1.59900622444244,1.35854685757958
Rpl9,0,0,0.642580405688665,0.755253394878019,0,0.633946498676329,0.944393247788759,0.905287032085691,0.988437240698772,0,0.982961305456465,0,0.900723463814076,0.671905355661706,0.780420400553752,0.593487456725758,0.731653100080945,0,0,0,0,0.692218941412768
Rplp0,0.984261201027099,0.893098605882285,1.64653733438051,1.37660965944976,1.17151132843041,1.2006701727553,1.59430133027369,1.28407736973686,1.90435811803215,0.925520301838319,1.62584806402415,1.20965496526678,1.60332443931048,1.23816437766518,1.13581781851775,1.1136267935415,1.21485479421232,0,1.14495683296732,1.22672436586661,1.58614058537776,1.22340264709206
Rplp1,1.16073538871657,1.03933162382223,1.70046022843903,1.60850833056443,1.4873122996574,1.40893598016424,1.8258785658779,1.52506893122716,2.05456807078361,0.994405538595302,2.06067720854169,1.17820079891551,1.69285204487323,1.5483309211256,1.24568749535955,1.39184336380648,1.59016747821375,0,1.28702159523337,1.56669822078949,1.72194235896746,1.53686980858151
Rplp2,0.306440549106557,0.705538338893426,1.15074771876877,1.19433833544286,1.09864339311264,1.1136267935415,1.34746235205837,1.17881296168093,1.40745017718003,0.935728938166186,1.20450346117697,0.950602102766508,1.46939774515448,1.12906470055756,0.780420400553752,1.02495115748317,0.980876585424489,0,0.99914753926102,1.09337115037238,1.26150086052415,1.03840778775219
Rps10,0,0,0,0.653624339604582,0,0,0.856586065420172,0.646278355394405,0.96611088262362,0,0.717385162608085,0,0.914205829005981,0,0,0.515476490803231,0,0,0,0,0,0
Rps11,0.966501579811269,0.89585461264011,1.42802301632089,1.63096638679814,1.52720047423667,1.34098479975922,1.82113408813822,1.66566274333065,1.79263215558505,1.02176539280733,1.82429397258433,1.20965496526678,1.80320209693475,1.25751140328158,1.52117939739038,1.23207967981342,1.30196133074726,0,1.23477596954307,1.29594125871873,1.82746627334464,1.31033755868203
Rps12,0.83059036145932,0.279894800761312,1.21747025713891,1.21878321233514,1.06588666127651,1.0718619443996,1.21550642934169,1.15895934875738,1.654030128594,0.798515087722571,1.23342626246727,1.02312710837553,1.40635354422128,1.16789598835221,0.927743765592829,1.03417402111171,1.04594915489227,0,1.06094442422985,1.09546690354346,1.22406516122194,1.05557814529409
Rps13,0.947510843767551,0.836903520425628,1.19308042447105,1.35565425554307,1.08148187943851,1.27677917758187,1.6959662859494,1.32507878568643,1.61571698611371,1.21944119089639,1.45724449891333,1.09651793966135,1.61935712155969,1.23952511246788,1.18683261130454,1.27388456268141,1.25052961361925,0,1.18932342713026,1.25610468994877,1.41614198182152,1.1849747900496
Rps14,1.48587017425982,1.32195376763167,1.75170792829225,1.81172813350654,1.71388319769495,1.98709855156296,2.22393257566854,2.03794648476706,2.01523732189778,1.79706643377203,2.03428220112322,1.64402391915409,2.2831665338714,1.91517726484386,1.85330155398184,1.94333957621181,1.93969136898588,0,1.85989039181968,1.94700355993053,1.9240620376113,1.94700554628925
Rps15,0.687435029361566,0.711522374902568,1.02312710837553,1.02495115748317,1.0533910201353,1.10180498221391,1.26670874253722,1.04452118886073,1.19707819826907,0.860729885780684,1.01321444568549,0.899672772470134,1.15074895867674,1.11037635134018,1.10286881023972,1.02495115748317,1.13299588953963,0,1.12683082086646,1.14151163248922,0.762131229056552,1.07995174210878
Rps15a,1.23680680772901,1.02449472216466,1.46369888808164,1.6013701501434,1.42025710124144,1.66437240373457,1.64737702991441,1.66244104374295,1.76629267050286,1.19751274551042,1.75847977979504,1.15074771876877,1.79096011709524,1.73033094481672,1.45340138161065,1.35730547382433,1.70203967908805,0,1.57350025718824,1.74451686289006,1.75170792829225,1.58527311235636
Rps16,0,0,1.0809708254495,1.10180498221391,0.892265555740632,0.968121146119919,1.1692988286161,1.08199293342752,1.13525438663484,0.625215354156539,1.17272136222372,0,1.17152711596722,0.998714683627375,0.816684273715372,0,1.06937204696005,0,0.805141783608716,0.960873957785242,1.00088365366838,0.940173303443709
Rps17,0,0.780685110153586,1.16490079756129,1.10180498221391,1.02131064721422,1.16490079756129,1.53903591546373,1.19559905202323,1.5670211197713,0.872706490540076,1.20836272410257,0.922572768506911,1.61820280296561,1.11254109673091,1.03231563288739,1.10822042309893,1.09232746451747,0,1.07791658763585,1.03510583343932,1.22406516122194,1.05898433170655
Rps18,0,0,1.02312710837553,1.04833756669359,0.928497249479341,1.08199293342752,1.33218625694633,1.14265760732534,1.2459450511954,0.811383789034114,1.22406516122194,0.982751957620094,1.30272977859279,1.04977645236505,0.82272887642781,0.881912417252841,0.983380464631029,0,0.949821374898597,1.00877446233059,1.10393479394959,0.979216123463106
Rps19,1.14328276864326,0.998719364564714,1.59079258906521,1.79629251906338,1.45244676019354,1.73455957999766,1.69127599253028,1.79324085577132,1.81694076392881,1.07998695828167,1.81328817333077,1.2731630898583,1.77631554021631,1.74380171614108,1.39039073630435,1.30347568549736,1.67673483931182,0,1.40180858917031,1.71364400360392,1.58691384212544,1.41208271936355
Rps2,1.12795066033977,1.07187077975501,1.86099370434152,1.73455957999766,1.20723951789355,1.39739328138949,1.81563392604015,1.5422988794277,2.05390026017063,1.03285808024838,1.75750878176098,1.21420093182052,1.90274626082142,1.30499380445067,1.30804139463368,1.14958461499062,1.4601420185148,0,1.22672436586661,1.30347568549736,1.59900622444244,1.25754141144973
Rps20,0.998282607053597,0.882917510837902,1.31110422146005,1.34098479975922,1.09935108928947,1.22240935049227,1.41523688510618,1.38952072503852,1.59616353608016,0.82652567457409,1.56219922767031,1.20965496526678,1.53052604383956,1.23073621016046,0.952167554275487,1.16849658469789,1.26032737145081,0,1.20194506654979,1.25821038311597,1.41614198182152,1.2122482403855
Rps21,0.787031238740341,0.77939352920209,1.16490079756129,1.14189335541497,1.09599453348445,1.19308042447105,1.40358314238884,1.24844743849087,1.47415721885711,1.03311230917444,1.24431237464483,1.02312710837553,1.28298244344715,1.13356169259701,1.10714574784237,1.2782317426561,1.06538271372509,0,1.06389881866942,1.18311696879465,0.949821374898597,1.09915719701738
Rps23,0,0,1.15425194232082,1.24294047186052,0.942025504303993,1.05605833434692,1.25261178874763,1.14438111454182,1.2791778380834,0.582427516864759,1.15777871016389,0.704481040677775,1.24465675855807,1.12405322089467,1.08404322993014,1.02495115748317,1.01859975466314,0,1.07136059932033,1.05996343141474,1.00088365366838,1.07036157742735
Rps24,1.04074171218131,0.908478263476007,1.39534303835525,1.516610482097,1.25191937772898,1.36062089111659,1.72612527256124,1.52826746444708,1.65352598941272,1.10426662717437,1.6121037782945,1.29774103722346,1.63911336185164,1.45773075743889,1.39039073630435,1.31264138653206,1.29820341757185,0,1.24706584596682,1.4438889175668,1.26150086052415,1.41833872999849
Rps25,0,0,0.982961305456465,1.2006701727553,1.00161792837572,1.03324395596178,1.18435278485048,1.01589801681439,1.18746288246257,0,1.05800711940579,0.833903650318638,1.1435521491968,0.987590696393865,0.913845451514236,0.903173226773522,0.916011246647678,0,0.818688984158086,0.951384161385305,1.22406516122194,0.922578208949886
Rps26,1.57884802760862,1.43500363118056,2.17767718416058,2.32798918170107,1.95441156341637,2.26926303573146,2.55504570459881,2.40908473463689,2.41521348399055,1.76678225323583,2.29456874778968,1.85002694005525,2.67552747831954,2.24898448305442,2.16138000890924,2.34017858042743,2.17831423812989,0,2.0461444983799,2.31227847693691,2.32334168107837,2.09229561945678
Rps27,1.21356261120284,1.20708647991603,1.57921834065687,1.9005707596459,1.71387334344547,1.87659772318789,1.89710335887167,2.02780551725696,1.94333957621181,1.59079258906521,2.02780551725696,1.52294468047632,1.8629415612543,1.89278977923916,1.83545188032673,1.94516958888428,1.85909762066354,0,1.72892651276955,1.87659772318789,1.59900622444244,1.80423541490329
Rps27a,1.00088679626314,0.8979398178879,1.39039073630435,1.71364400360392,1.35400948269821,1.55958786522273,1.76237583064968,1.54630755552687,1.70037455565398,1.08947509978687,1.6031481495898,1.40092312426239,1.62830224453921,1.50773490291541,1.19182530927622,1.30347568549736,1.51479165482635,0,1.26670874253722,1.40625407040187,1.59900622444244,1.29709892878721
Rps27l,0,0,0.836896427840407,0.816398708947378,0.203688828329184,0.755253394878019,1.19339463972669,0.812422217299713,1.19623363851007,0.574130547496131,0.833903650318638,0,1.41629338696298,0.652246240057731,0.780420400553752,0.859749043528093,0,0,0,0,1.00146375343364,0
Rps28,0,0,0.916011246647678,1.13243009423004,1.00804885136847,0.945937574494054,1.24294047186052,1.15483816524358,1.12962345968229,0.73973587610157,1.1136267935415,0.923307830641769,1.39228255644695,1.01949921880791,0.925520301838319,1.10822042309893,1.02678284834662,0,0.805141783608716,1.03510583343932,1.72194235896746,1.07036157742735
Rps29,1.10932475493652,1.09496349271982,1.66051464444492,2.0039372895513,1.91812716999241,1.54887042370631,1.81485124777769,1.7707195945392,1.91135363063761,1.24419820591786,1.85906388113433,1.45244403032955,1.962779279206,1.71882940193299,1.34340604969047,1.54997164397812,1.67803972402618,0,1.42251281763574,1.62421767961281,1.9240620376113,1.69865947410222
Rps3,0.982967975345126,0.82505624838301,1.52294468047632,1.39768670308741,1.21911652062415,1.29519292109239,1.68352258444631,1.65412887456721,1.74380171614108,1.00219479327225,1.6121037782945,1.11908880485761,1.67476216965234,1.28849910946302,1.19182530927622,1.27028587227264,1.27968959911567,0,1.17820079891551,1.27244248606258,1.51766218872118,1.20927483757142
Rps3a1,0.853470059122464,0.772490657110121,1.36311888366362,1.29444550439645,1.18250042017829,1.39039073630435,1.63322974188063,1.51033345832687,1.60821250269743,1.10127628810055,1.43575305790326,1.11553212254747,1.74451817749313,1.2848161129406,1.16729539200652,1.29369900683184,1.2818897146485,0,1.16729539200652,1.27244248606258,1.41614198182152,1.21659678184995
Rps4x,0,0,0.796362897128655,1.05121900689401,0,0.875272461794395,1.0688612104551,0.953738357016112,1.11963838400262,0,1.03932074808035,0.660031044244392,1.05195493778275,0.92774438099726,0,0.772691780228814,0.830093385166116,0,0,0.908121385183527,0.875272461794395,0.73651485126454
Rps5,0.864919672796764,0.737251832350977,1.34098479975922,1.39768670308741,1.17272169225469,1.26670874253722,1.57350025718824,1.47481489532142,1.67966333306734,0.907773120759126,1.39827394481982,1.04357161954259,1.60970484857846,1.24845394652964,1.10714574784237,1.18683261130454,1.21355521346689,0,1.16014252623596,1.26956872804142,1.12683082086646,1.13247242808399
Rps6,0,0,0,0,0,0,0.429883642147241,0,0.522751717880776,0,0,0,0.514359040751951,0,0,0,0,0,0,0,0,0
Rps7,0.723129140977138,0.589225163369503,1.1136267935415,1.16970038620288,1.14877870627305,1.23612881252037,1.52933690010087,1.23884395239271,1.50676796764761,0.879917866919683,1.44012154426689,0.838702717133061,1.48998445760941,1.18559132918623,1.10714574784237,1.3698285977203,1.15017359394267,0,1.10074330305142,1.25122039769973,0.929232223573093,1.14958461499062
Rps8,0.935236429016624,0.908478263476007,1.5769256412111,1.55884351737193,1.23006912213846,1.27968783079482,1.85593072611611,1.54777091426302,1.88055018462747,0.895167260552919,1.60255500038683,1.17820079891551,1.85460814750914,1.32116560708943,1.24983228501857,1.10822042309893,1.20386314357109,0,1.23207967981342,1.27895934549554,1.41614198182152,1.18932896029038
Rps9,1.3050240380712,1.2376273745599,1.96995372202863,2.18149787110247,1.81023159280869,1.9324418321141,2.24869880350143,2.05816883876257,2.28125754056881,1.47585463679116,2.27506361065284,1.73703697042454,2.26125334347226,1.91282144656158,1.85111701967545,1.80397311445085,1.93788094963193,0,1.75170792829225,1.8549437956665,2.15322281987459,1.81956031392801
Rpsa,1.10447103304725,1.01589801681439,1.70543429559752,1.69865947410222,1.26742288140491,1.5723620877652,1.67912741146436,1.53578800546699,1.83657886117148,0.912052330473399,1.74594978559416,1.47382670363196,1.62789397068951,1.37661022636743,1.2753301220677,1.14265760732534,1.49217660400965,0,1.29295342660441,1.33139251150267,1.18932342713026,1.34955875096424
S100a11,0,0,0,0,0,0,0,0,0,0,0,0.663002579614373,0,0,0,0,0,0,0,0,0,0
S100a6,0,0,0,0,0,0,0,0,0,0,0,0,0,0,0,0,0,0,0,0,0,0
S100a8,0,0,0,0,0,0,0,0,0,0,0,5.71249286598425,0,0,0,0,0,0,0,0,0,0
S100a9,0,0,0,0,0,0,0,0,0,0,0,4.59732816757665,0,0,0,0,0,0,0,0,0,0
Sec61b,0,0,0,0.572238711083869,0,0,0.826809927890826,0,0,0.915403666962005,0,0,0.921838915352203,0,0,0,0,0,0,0,0.551704745856052,0
Sec61g,0,0,0,0,0,0,0,0,0,0,0,0,0,0,0,0,0,0,0,0,0,0
Sec62,0,0,0,0,0,0,0,0,0,0,0,0,0,0,0,0,0,0,0,0,0,0
Selenoh,0,0,0,0,0,0,0.702796171425309,0,0,0,0.66997966747402,0,0,0,0,0,0,0,0,0,0.551704745856052,0
Selenow,0,0,0,0,0,0,0,0,0,0,0,0,0,0,0,0,0,0,0,0,0,0
Sem1,0,0,0,0,0,0,0,0,0,0,0,0.635997065426954,0,0,0.82272887642781,0,0,0,0,0,0,0
Serbp1,0,0,0.812987851750179,0,0,0,0.868734723186578,0.759167955546146,1.10662258078995,0,0.797449508649773,0,0.761635707594239,0,0.725361886185137,0,0,0,0,0,0,0
Serf1,0,0,0,0,0,0,0.352764951382184,0,0,0,0,0,0,0,0,0,0,0,0,0,0,0
Serf2,0,0,0,0,0,0,0,0,0,0,0,0,0,0,0,0,0,0,0,0,0,0
Serpina6,0,0,0,0,0,0,0.69449358205054,0,0,0,0,0,1.48903310836915,0,0,0,0,0,0,0,2.60249589842284,0
Serpinh1,0,0,0,0,0,0.711303731551206,0,0,0,0,0,0,0,0.968528683810405,0,0,0,0,0,0.847855781248844,0,0
Sh3bgrl3,0,0,0,1.07791658763585,0,0,0,0,0,0,0.848473297809378,0.978376939923671,0,0,0,0,0,0,0,0,0,0
Skp1a,0,0,0,0,0,0,0,0,0,0,0,0,0,0,0,0,0,0,0,0,0.551704745856052,0
Slc25a3,0,0,0,0.656537350759112,0,0,0.818115179422805,0.621919710028504,0.736056328321366,0,0.66997966747402,0,0.713258306791664,0,0,0,0,0,0,0,0.551704745856052,0
Slc25a39,0,0,0,0,0,0,0,0,0,0,0,0,0,0,0,0,0,0,0,0,0,0
Slc25a4,0,0,0,0,0,1.09337115037238,0,0.618336732954552,0,0.817592015629779,0,0,0,1.02588700054208,1.08610167583809,0,1.0580080602716,0,0.814689615940714,1.01500185046067,1.18932342713026,1.05849572555617
Slc25a5,0,0,1.09625498259152,1.24294047186052,1.08303331472131,0,1.19308042447105,1.17454185957094,1.84676541263392,1.57921925718453,1.29894385468236,0.91746101355883,1.15660060189819,0.563336693546375,0.981289111252001,1.0541170311137,0.827411725227366,0,0,0,0.949821374898597,0
Slc38a5,0,0,0,0,0,0,0,0,0,1.71321502584302,0,0,0,0,0,0,0,0,0,0,0,0
Slirp,0,0,0,0,0,0,0,0,0,0,0,0,0,0,0,0,0,0,0,0,0,0
Smdt1,0,0,0,0.618013085034943,0,0,0,0,0,0.601591156544246,0,0,0,0,0,0.584683167947803,0,0,0,0,0.929232223573093,0
Snca,0,0.940177156805127,0,0,0,0,0,0,0,0,0,0,0,0,0,0,0,0,0,0,0,0
Snrpa1,0,0,0,0,0,0,0,0,0,0,0,0,0,0,0,0,0,0,0,0,0,0
Snrpb,0,0,0,0,0,0,0.635997065426954,0,0.564090240151659,0,0,0,0,0,0,0,0,0,0,0,0,0
Snrpd1,0,0,0,0,0,0,0.650737498701676,0,0.772951101493844,0,0,0,0.631354262372598,0,0,0,0,0,0,0,0.762131229056552,0
Snrpd2,0,0,0,0,0,0,0,0,0,0,0,0,0,0,0,0,0,0,0,0,0,0
Snrpd3,0,0,0.617366819996421,0.754766975877542,0,0.942086522049097,0.996555075461042,0.880576130565883,1.05656379459223,0.671162705156154,0.949821374898597,0.635997065426954,1.00394195789709,0.904230129429607,1.01949921880791,0,0.882917510837902,0,0.830932787355074,0.918187677032611,0,0.868662883565832
Snrpe,0,0,0,0,0,0,0,0,0,0,0,0,0.409494485975831,0,0,0,0,0,0,0,0.415769561635558,0
Snrpf,0,0,0,0,0,0,0.52786640752312,0,0.639626260640099,0,0,0,0.553701015267413,0,0,0,0,0,0,0,0.415769561635558,0
Snrpg,0,0,0.554286813647402,0.734900103950314,0,0.745171372798563,0.873300518523528,0.881243751681468,1.0599643779682,0,0.859749043528093,0,0.921472591727459,0.264286209255618,0.601950942334707,0.770657209502311,0.765530082791567,0,0,0.686789184780096,0,0.77238447211991
Snx3,0,0,0,0,0,0,0,0,0,0,0,0,0,0,0,0,0,0,0,0,0,0
Son,0,0,0,0.405988980710177,0.518514244077549,0.916011246647678,0.52786640752312,0.795279317332321,0,0.940964733962817,0.695314832604951,0,0,0.947912439532604,1.00525151505845,0.999580980555831,1.0580080602716,0,0,0.939791432068552,0,0.894477704505003
Sparc,0.908494376485713,0.857535433793938,0,0,0,2.03184782692661,0,0,0,0,0,0,0,1.84028127182433,0.797449508649773,0.962474705949259,1.32038534368311,0,1.24706584596682,1.80706612461177,0,1.39607586264062
Spink1,0,0,0,0,0,0,0,0,0,0,0,0,1.11156819859453,0,0,0,0,0,0,0,0,0
Spp1,0,0,0,0,0,0,0.702796171425309,0,0,0,0,0,0,0,0,0,0,0,0,0,0,0
Srgn,0,0,0,0,0,0,0,0,0,0,1.43357954134204,0,0,0,0,0,0,0,0,0,0,0
Srsf2,0,0,0,0,0,0,0,0,0,0,0,0,0.206014460570077,0,0,0,0,0,0,0,0,0
Srsf3,0,0,0,0.729418560196256,0,0.789373244502402,0.874614128523323,0.894818918614062,0.927145245214455,0,0.751379900578691,0,0.90037285777978,0.922700049621152,0,0,0.855979670244291,0,0,0.801826534154833,0.875272461794395,0
Srsf6,0,0,0,0,0,0,0,0,0,0,0,0,0,0,0,0,0,0,0,0,0,0
Srsf7,0,0,0,0,0,0,0,0,0.172506026778383,0,0,0,0,0,0,0,0,0,0,0,0,0
Ssr2,0,0,0,0,0,0,0.844782013971263,0,0,1.04523912818318,0,0,0.95571095202854,0,0,0,0,0,0,0,1.10393479394959,0
Ssr4,0,0,0,0,0,0,0,0,0,0,0,0,0,0,0,0,0,0,0,0,0,0
Stfa1,0,0,0,0,0,0,0,0,0,0,0,4.09371490278271,0,0,0,0,0,0,0,0,0,0
Stmn1,0,0,0,0,0,0.913125869308848,0.814121549287602,0.645747429826187,0.417710020703104,0,0.753796057631283,0,0.690831031133903,0.942470327654356,1.2214181393629,0,0.954738061697049,0,0,0,0,0
Stub1,0,0,0,0,0,0,0,0,0,0,0,0,0,0,0,0,0,0,0,0,0,0
Sub1,0,0,0,1.02495115748317,0.496874740462316,0.885946486234349,1.03417402111171,0.972196580488774,0.900021696687829,0.863647025170909,1.02040367723914,0.573486748123161,0.987027503595425,1.01500185046067,0.757695140548692,0.584683167947803,1.00547697933005,0,0.85095264550148,1.02130980842492,1.00088365366838,0.906565011147151
Sumo3,0,0,0,0,0,0,0,0,0,0,0,0,0,0,0,0,0,0,0,0,0,0
Swi5,0,0,0.542359136427638,0.732148852986874,0,0.719582902848487,0.926260230859128,0.921838915352203,0.744934753706597,0.913845451514236,0.942086522049097,0,0.960100381960193,0.9363895928243,0.925520301838319,0.881912417252841,0.874675822735251,0,0.629885403345931,0.855956341870736,0,0
Taldo1,0,0,0,0.591113463648073,0,0,0,0,0,0,0,0,0,0,0,0,0,0,0,0,0,0
Tbca,0,0,0,0,0,0,0,0,0,0,0,0,0,0,0,0,0,0,0,0,0.875272461794395,0
Tceal9,0,0,0,0,0,1.05800711940579,1.12128939045589,1.14151163248922,0,1.07779410745843,0,0,1.12990502654289,1.01769861781115,0.680041893055394,1.23207967981342,0.956877520439666,0,0.929232223573093,1.03791180482003,1.18559132918623,0.986342245946677
Tcf21,0,0,0,0,0,0,0,0,0,0,0,0,0,0,0,0,0,0,0,0,0,0
Tecr,0,0,0,0,0,0.420616947928595,0,0.692856998361261,0,0,0,0,0.420028624883104,0,0,1.01276861772783,0,0,0,0,0.762131229056552,0
Tgfbi,0,0,0,0,0,0,0,0,0,0,0,0,0,0,0,0,0,0,0,0,0,0
Timm8b,0,0,0,0,0,0,0,0,0,0,0,0,0,0,0,0,0,0,0,0,0,0
Tma7,0,0,0,0,0,0,0,0,0,0,0,0,0,0,0,0,0,0,0,0,0,0
Tmem14c,0,0,1.36311888366362,0,0,0,0,0,0.979012678081537,0,0,0,0,0,0,0,0,0,0,0,0,0
Tmem176b,0,0,0,0,0,0,0,0,0,0,0,0,0,0,0,0,0,0,0,0,0.415769561635558,0
Tmem256,0,0,0,0,0,0,0,0,0,0,0,0,0,0,0,0,0,0,0,0,0,0
Tmem258,0,0,0,0,0,0,0,0,0,0,0,0,0.562329633012407,0,0,0,0,0,0,0,0,0
Tmsb10,0.830341655178747,0,0,1.05218316495461,0,1.2214181393629,0.766119279949532,0.905287032085691,0,0,0.89275519860006,0,0.718801340897687,1.10589474917527,1.2753301220677,0.998281827993729,1.12405551580565,0,1.09968376596138,1.15425194232082,0,1.1703035958265
Tmsb4x,1.66072847499395,1.55298157199861,0.552992728867794,4.41545977586645,4.22401741690419,2.39750817253883,0.977962379455381,2.88058038931635,0.764621766863524,1.40581562058217,3.01840449887996,3.59504011608671,0.998294293120106,2.05546005920019,2.75297344045563,2.83602917774954,2.68714626206448,0,2.08472392054292,2.40554699590692,1.51766218872118,2.77010544477212
Tpi1,0,0,0,0,0,0,0,0.728965531850676,0.543802592238796,0,0,0,0,0,0,0,0,0,0,0,0.415769561635558,0
Tpm1,0,0,0,0,0,0,0,0,0,0,0,0,0,0,0,0,0,0,0,0,0,1.20724928191698
Tpm2,0,0,0,0,0,0,0,0,0,0,0,0,0,0,0,0,0,0,0,0,0,0.985487448636322
Tpm4,0,0,0,0,0,0,0,0,0,0,0,0,0,0,0,0,0,0,0,0,0,0
Tpt1,0,0,0,0,0,0,0.619634773641467,0.683200188868037,0.452021942260736,0,0.594083979481743,0,0.570720819039984,0,0,0.8417310793375,0,0,0,0,0.762131229056552,0
Tsc22d1,0,0,0,0,0,0,0,0,0,0,0,0,0,0,0,0,0,0,0,0,0,0
Tspan3,0,0,0,0,0,0,0,0,0,0,0,0,0,0,0,0,0,0,0,0,0,0
Ttr,0,0,0,0,0,0,0.991411866253767,0,0,2.35635583261404,0,0,1.6409006288606,0,0,0,0,0,0,0,2.90151289806558,0
Tuba1a,0,0,0,0,0,0,0,0,0,0,0,0,0,0,1.37151712713995,0,0,0,0,0,0,0
Tuba1b,0,0,0.897585910181826,1.00175406560767,0.795571177690832,0.889337400766911,0.922572768506911,0.685588591992852,1.06937204696005,0,0.863576507714306,0,0.884172008427617,0.946328572592942,0,0,0.883252891870905,0,0,0.658739501766273,0,0
Tuba1c,0,0,0,0,0,0,0,0,0,0,0,0,0,0,0,0,0,0,0,0,0,0
Tubb4b,0,0,0.993976556558057,0,0,0,0.423459857284715,0,0.97363360746243,0,0,0,0,0,0,0,0,0,0,0,0,0
Tubb5,0,0,0.864860139186712,0,0,1.02954106540345,0.976307777631676,0.953738357016112,0.932977580861015,0,0.7407002762235,0,0.795824132467881,1.05751945412122,1.26670874253722,0,0.933733045275972,0,0,0.880576130565883,0.738136715698548,0.926299417261989
Txn1,0,0,0,0.591113463648073,0,0,0,0,0,0,0,0,0.558224208426117,0,0,0,0,0,0,0,0,0
Tyrobp,0,0,0,1.68794340209689,1.31425207515233,0,0,0,0,0,0.759660196375468,1.02495115748317,0,0,0,0,0,0,0,0,0,0
Ubc,0,0,0,0,0.944806403483575,0,0,0,0,0,0,0,0,0,0,0.716073081987496,0,0,0,0,0,0
Ube2c,0,0,0,0,0,0,0,0,0,0,0,0,0,0,0,0,0,0,0,0,0,0
Ube2d3,0,0,0,0,0,0,0,0,0,0,0,0,0,0,0,0,0,0,0,0,0,0
Ube2l6,0,0,0,0,0,0,0,0,0,0,0,0,0,0,0,0,0,0,0,0,0,0
Ubl5,0,0,0,0.580379567358977,0,0,0,0,0,0,0,0,0,0,0,0.624221823526251,0,0,0,0,0.762131229056552,0
Ucp2,0,0,0,0.627540746102416,0,0,0,0,0,0,0,0,0,0,0,0,0,0,0,0,0,0
Uqcr10,0,0,0,0,0,0,0.809045299556129,0.753311555806766,0.893444195595416,0,0.728513077790262,0,0.674987058216566,0,0,0.770657209502311,0,0,0,0,0.875272461794395,0
Uqcr11,0,0,0,0,0,0,0,0,0.402398609878359,0,0,0,0,0,0,0,0,0,0,0,0.415769561635558,0
Uqcrb,0,0,0.626208884786826,0.754766975877542,0.644160080420626,0.778343994301513,1.02954106540345,0.844170008818627,0.837197919001185,0.94866086793968,0,0.837497635013576,0.918202560924964,0.662139996603704,0.85095264550148,0.515476490803231,0.794776315793272,0,0,0,1.26150086052415,0.742384900227552
Uqcrh,0,0,0.571962116477021,0.430505685887595,0,0.742341128785867,0.640138909872045,0.506454887606316,0.719146659629413,0,0,0,0.666053536293087,0,0.757695140548692,0.515476490803231,0,0,0,0,0.738136715698548,0
Uqcrq,0,0,0,0,0,0,0,0,0.643825873216432,0,0.642930737035872,0,0,0,0,0,0,0,0,0,1.00146375343364,0
Usmg5,0,0,0.732834691305877,0,0,0.721794430832977,0.857848377874807,0.80792605207053,0.909724104364264,1.1341215929826,0.751379900578691,0,0.924791340472516,0,1.01321444568549,0.973015943355897,0.24670124887237,0,0,0,0.762131229056552,0.746718177205677
Ybx1,0,0,0,0,0,0,0.354652730120933,0,0.372972375079716,0,0,0,0.214014164313027,0,0,0,0,0,0,0,0.929232223573093,0
Ypel3,0,0,0,0,0,0,0,0,0,0,0,0,0,0,0,0,0,0,0,0,0,0
Ywhab,0,0,0,0.665061353944265,0,0,0,0,0,0,0,0,0.410472604384928,0,0,0,0,0,0,0,0.762131229056552,0
Ywhae,0,0,0,0,0,0,0,0,0,0,0,0,0,0,0.682803768693562,0,0,0,0,0,0,0
Ywhaq,0,0,0,0,0,0,0,0,0,0,0,0,0,0,0,0,0,0,0,0,0,0
