,Fetal_Intestine_10,Fetal_Intestine_7,Fetal_Intestine_15,unassigned,Fetal_Intestine_18,Fetal_Intestine_17,Fetal_Intestine_3,Fetal_Intestine_12,Fetal_Intestine_8,Fetal_Intestine_9,Fetal_Intestine_11,Fetal_Intestine_14,Fetal_Intestine_1,Fetal_Intestine_20,Fetal_Intestine_2,Fetal_Intestine_16,Fetal_Intestine_4,Fetal_Intestine_6,Fetal_Intestine_13,Fetal_Intestine_5,Fetal_Intestine_19
2700060E02Rik,0,0,0,0,0,0,0,0,0,0,0,0,0,0,0,0,0,0,0,0,0
6330403K07Rik,0,0,0,0,0,0,0,0,0,0,0,0,0,0,0,0,0,0,0,0,0
Acta2,0,0,0.561823830674,0,0,0,0.199307408979089,0,0,0,0,0,0,0,1.09495662235615,0,0,3.45531992453876,0.91911722862599,0,0
Actb,0.757663233843052,0.841367079069822,0.795731739594104,0,1.00223912089998,0.557881927755618,1.4105302278488,1.00037946982861,1.91648807679033,1.92111851201556,1.01068181002175,1.20672973899199,1.24825331967699,1.06923021994685,1.25187161920224,1.36186240263315,1.06013669434802,1.69037002585022,1.3089348331155,1.16450027929806,1.36313532135694
Actg1,0,0.405851678263742,0,0,0,0.174996375580952,0,0.667161175595042,0.78321662879706,0.620189831868869,0.570284213585933,0,0,0,0,0.874427877410123,0,0,0,0,0.936105731404986
Actg2,0,0,0,0,0,0,0,0,0,0,0,0,0,0,0,0,0,2.50166943040024,0,0,0
Actn1,0,0,0,0,0,0,0,0,0,0,0,0,0,0,0,0,0,0,0,0,0
Adamdec1,0,0,0,0,0,0,0,0,0,0,0,0,0,0,0,0,0,0,0,0,0
Aif1,0,0,0,0,0,0,0,0,0.425481199951012,0.827076997516348,0,0,0,0,0,0,0,0,0,0,0
Akr1a1,0.391331035523693,0.728313630958421,0,0,0,0.734150169462954,0.81428957883925,0.921687633018589,0.947894430174546,1.07571133795613,0.957103021218862,1.00813286267549,0.9235739933678,0.854733061598195,0.885596711650009,0.23310919777247,0.800643707038719,0.901117219936455,0.740604371637927,0.81701519598309,0.31454856718393
Alas2,1.13520181827568,0,0,1.15371028642421,0.598534124207719,0,0,0,0,0,0,0,0,0,0,0,0,0,0,0,0
Aldh1a1,0,0,0,0,0,0,0,0,0,0,0,0,0,0,0,0,0,0,0,0,0
Aldh1a2,0,0,0,0,0,0,0,0,0,0,0,0,0,0,0,0,0,0,0,0,0
Aldoa,0,0.769925436659334,0,0,0,0,0,0,0,0,0,0,0,0,0,0,0,0,0,0,0
Anapc11,0,0,0,0,0,0.301855684170007,0,0,0,0,0,0,0,0,0,0,0,0,0,0,0
Anapc13,0,0,0,0,0,0.658732925427119,0,0,0,0,0,0,0,0,0,0,0,0,0,0,0
Anp32b,0,0,0,0,0.860965049562848,0,0,0,0,0,0,0,0,0,0,0,0,0,0,0,0
Anxa2,0,0,0,0,0,0,0,0,0,0,0,0,0,0,0,0,0,0,0,0.786887385616427,0
Anxa5,0,0,0,0,0,0,0,0,0,0,0,0,0,0,0,0,0,0,0,0,0
Anxa6,0,0,0,0,0,0,0,0,0,0,0,0,0,0,0,0,0,0,0,0,0
Apoe,0,0,0,0,0,0,0,0,2.14085000144961,3.48322684644511,0,0,0,0,0,0,0,0,0,0,0
Aprt,0,0.599531909333945,0,0,0,0.174996375580952,0,0,0.675140878787708,0,1.01615991737841,0,0,0,0,0,0,0,0,0,0
Arf4,0,0,0,0,0,0,0,0,0,0,0,0,0,0,0,0,0,0,0,0,0
Arhgdib,0,0,0,0,0,0,0,0,0.881499250303653,0,0,0,0,0,0,0.74063720426701,0,0,0,0,0
Arl6ip1,0,0,0,0,0,0,0.972688750724675,0,0,0,0,0,0,0,0,0,0,0,1.04917682286938,0,0
Arpc1b,0,0.565990400909368,0,0,0,0,0,0,1.5241048293735,1.22700807597472,0,0,0,0,0,0.984519826988744,0,0,0,0,0
Arpc2,0,0.544302437823357,0,0,0,0,0,0.230127673432179,1.19873928432287,1.06527513996824,0,0,0,0,0,0.895128046718503,0,0.590292017745207,0.47119967794073,0,0
Arpc3,0,0,0,0,0,0,0,0,0.758943059796953,0.865530996798398,0,0,0,0.692453455176494,0,0.584655376274477,0,0,0,0,0
Atox1,0,0,0,0,0,0.603399114861327,0,0.75410488356522,0,0,0,0,0,0,0,0,0,0,0,0,0.744258334993236
Atp5a1,0.55673337778116,0.962298201733194,0.651663659172858,0,0.819776091574565,1.06657464595452,0.976813937702697,0.916597565805605,0.878603381989597,0,0.936596367918192,0.893401411692832,1.00150980932637,0.944771058443397,0.95065365292933,0.820512719431876,0.938878388265349,0.993627171953327,0.727433644912396,0.83844904289338,0.937795990199592
Atp5b,0.685047114369811,1.21422823445167,0.689599414315923,0,1.04289417826215,1.21082339387808,0.994747686383231,1.06454310866892,0.955382824531061,0.795254041114637,0.948268209982897,1.2452587512173,1.04008665685307,0.920011478209932,1.0466812825277,1.03522111358254,1.16710301507073,1.03845151900394,0.980047848966199,0.930676024064781,1.11122683846311
Atp5c1,0,0.961080390720363,0,0,0.602843657351388,0.833691237733644,0.834796286138926,0.834372611356886,0.700293369941163,0.551996323217999,0.644991437269041,0.579812400199718,0.720449205574447,0.707123608534952,0.731375949651766,0.606294831092208,0.869185426520047,0.81750758889802,0.654593968434364,0.757751637498218,0
Atp5f1,0,0.817365193852252,0,0,0.776774897327036,0.808868281601838,0.747478152725485,0.553829346323202,0.712847512612749,0.741825918755806,0,0.841628347614727,0.699568915698077,1.03275252856215,0.275106561036372,0.791516175898642,0.632173379504943,0.709852461557564,0.58195891325455,0,0.877475041183759
Atp5g1,0.59572207524802,1.17724096028229,0.512736544638141,0,1.12381306486647,1.19434350238602,0.969317126365408,0.948268209982897,0.966496639452814,0.890899774362553,0.929695496133624,0.929557317731378,1.00113149779615,1.1022345682329,0.940194642451889,0.752657066836369,0.984411783000924,0.937876705092618,0.654593968434364,0.998868001745538,1.00140018240475
Atp5j,0.814039066483607,1.27405084201269,0.740670268096089,0,1.05689791174799,1.222728726525,1.02397353416127,1.14663480282331,0.985140402556928,0.88617380394567,1.18730395911988,1.11258858474365,1.06613673361653,0.963373387599784,1.09200378692444,1.08175655431874,1.12016866597357,1.08189850640483,1.15933568020478,0.963693648133078,1.11122683846311
Atp5k,0.597817415259478,0.99738241636845,0.65310634991476,0,0.939574781753072,0.989768395007068,0.887058499148483,0.904934758201836,0.834276752906348,0.701019355628037,0.802616018525391,1.05085855442981,0.96861040496536,0.944077633561525,0.981134642677976,0.730814318003362,0.953328910857367,0.983679787503289,0.96861040496536,0.928625082422507,0.885154499577489
Atp5o,0.646172358068406,0.947912365341621,0.612227644926201,0,0.766229605608372,1.13724553676245,0.933938300238001,0.835019146678078,0.799985452473342,0.69525407588184,0.89818138394881,0.968764775793669,0.972866843307138,0.711061983393782,0.923907925208085,0.861361863184663,1.03116185574029,1.06184326724694,1.05504834347869,0.973224519464066,0.937795990199592
Atxn7l3b,0,0,0,0,0,0,0,0,0,0,0,0,0,0,0,0,0,0,0,0,0
B2m,0,0,0,0,0,0,0,0,1.55058542824842,1.80037652539751,0,0,0,0,0,1.141733768971,0,0,0,0,0
Banf1,0,0,0,0,0.241768095181814,0.644506889539654,0.546611762389803,0,0,0,0,0,0,0,0,0,0.216030281329734,0,0,0,0
Bex1,0,0.57777124147627,0,0,0,0.796511373891456,0,1.39986220244177,0,0,0,0,0,0,0,0,0,0,0,0,0
Bex2,0,0,0,0,0,0.80937223338089,0,0,0,0,0,1.02740868115915,0,1.15817887433352,0,0,0,0,0,0,0
Bex3,0.379838886886087,0.558676168078391,0,0,0,0.904783106570594,0.941525416801581,0.987708628783785,0,0,0.979327013110737,0.880338938022079,0.929370222762125,1.10551595762121,0.981134642677976,0,0.216030281329734,0.823524772328835,0.951963867504716,0.941857866352389,0
Bex4,0,0.632766984634666,0,0,0,0.725924439257614,0,0.952990057362966,0,0,0,0,0,0,0,0,0,0,0,0,0
Birc5,0,0,0,0,0.509525009794384,0,0.980416592008192,0,0,0,0,0,0,0,0,0,0,0,0.951963867504716,0,0
Blvrb,0,0,0,0,1.58328909826445,0,0,0,0,0.475461094526805,0,0,0,0,0,0,0,0,0,0,0
Bmp4,0,0,0,0,0,0,0,0,0,0,0,0,0,0,0,0,0,0,0,0,0
Bnip3l,0,0,0,0,0,0,0,0,0,0,0,0,0,0,0,0,0,0,0,0,0
Bpgm,0,0,0,0,0,0,0,0,0,0,0,0,0,0,0,0,0,0,0,0,0
Btf3,0,0.626773824964704,0,0,0,0.73276390938643,0,0.670472913322512,0,0,0,0,0,0.741923907733238,0,0.576996311543448,0.741221545561456,0,0,0,0
Bub3,0,0,0,0,0,0,0.593411880464193,0,0,0,0,0.708830919707503,0,0,0,0,0,0,0.609888055082072,0,0
C1qa,0,0,0,0,0,0,0,0,0,1.52423675616903,0,0,0,0,0,0,0,0,0,0,0
C1qb,0,0,0,0,0,0,0,0,0.928075678207531,2.05488606955171,0,0,0,0,0,0,0,0,0,0,0
C1qc,0,0,0,0,0,0,0,0,0,1.78713002870616,0,0,0,0,0,0,0,0,0,0,0
Cald1,0,0,0,0,0,0,0,0,0,0,0,0,0,0,0,0,0,0.918484174481636,0,0,0
Calm1,1.05631546589758,2.08929024594786,1.18715818470315,0,1.21109388809432,1.72951869655836,1.61736459551851,1.99830163248277,2.20506259515729,1.99548203768616,1.78757271657119,2.18084942908577,1.63385222179742,2.43180238550966,1.34946452485972,1.96672853359245,1.40427819296904,1.55250568674338,1.20875599281083,1.2794089786393,2.44938555219674
Calm2,0,0.908794607855671,0.634868925514932,0,0,0.473040214017626,1.18835564689632,0.922951043333349,0,0.996240349355931,0.90972207836338,1.25520633440053,0.694540204853753,1.0807989170478,0.824325545507342,0.816447957045717,0.941359374294653,0.598080384425589,1.16657972194135,0.779174829691836,0
Calr,0,0,0,0,0,0,0,0,0,0,0,0,0,0.711061983393782,0,0,0,0,0,0,0
Capzb,0,0,0,0,0,0,0,0,0.900509501401668,0.748826570163597,0,0,0,0,0,0.606294831092208,0,0,0,0,0
Car2,0,0,0,0,2.03598639990161,0,0,0,0,0,0,0,0,0,0,0,0,0,0,0,0
Cbx1,0,0,0,0,0,0,0,0,0,0,0,0,0,0,0,0,0,0,0,0,0
Ccl3,0,0,0,0,0,0,0,0,0,0.444117685648781,0,0,0,0,0,0,0,0,0,0,0
Ccnb1,0,0,0,0,0,0,0.648207019782115,0,0,0,0,0,0,0,0,0,0,0,0.849608283594457,0,0
Ccnb2,0,0,0,0,0,0,0.539332410940387,0,0,0,0,0,0,0,0,0,0,0,0,0,0
Ccnd2,0,0,0,0,0,0,0,0,0,0,0,0,0,0,0,0,0,0,0,0,0
Ccnd3,0,0,0,0,0.689557101652615,0,0,0,0,0,0.680712649642205,0,0,0,0,0,0,0,0,0,0
Cct6a,0,0,0,0,0,0.681120469925106,0,0.517930509545719,0,0,0,0,0,0,0,0,0,0,0,0,0
Cd24a,0,0,0,0,1.33999023901388,0.519916699827024,0,0.579202146019326,0,0,0,0.899600456566487,0,0,0,0,0,0,0,0,0
Cd52,0,0,0,0,0,0,0,0,1.41088288789542,0.634983040087578,0,0,0,0,0,1.06438555462853,0,0,0,0,0
Cd63,0.864971713146489,0.849082589544028,0.729220284415219,0,0,1.00463355096479,1.1867322585616,0.869192224963874,0,0.827076997516348,1.13375544686176,0,1.29318183420198,1.14151505199589,1.05462825744098,0,0,0.902335200899014,0.935899398253259,1.33162291021623,0
Cd74,0,0,0,0,0,0,0,0,0,0,0,0,0,0,0,0,0,0,0,0,0
Cd81,0,0,0,0,0,0,0,0,0,0,0,0,0,0,0,0,0,0,0,0,0
Cdc42,0,0.626485025616523,0.50472003036447,0,0,0.522187974239539,0.919751637714447,0.756258968920237,1.01416315357829,1.01299911469267,0,0.644068323774095,0.907241313182135,0.711061983393782,0,0.649846063998776,0,0,0.592090849991002,0.910337464723639,0.901306142775315
Cdk1,0,0,0,0,0,0,0,0,0,0,0,0,0,0,0,0,0,0,0,0,0
Cdk4,0.759798737194855,1.18730395911988,0.831187230681191,0,0.782080519475497,1.32324184888235,1.19763713603125,1.27562489231234,0,0.465583376877593,1.17289023955434,1.29970181396646,1.22239052892789,1.18428620356722,1.21100602624607,0.747795711392106,1.44220999127194,1.07615082290776,1.14412718727779,1.09724256799628,1.15352278358445
Cdkn1c,0.679886513645015,0,0.619101429254138,0,0,0,0,0,0,0,1.17129938270508,0.804215827470558,0,0,1.23283226541415,0,0.685742844600455,1.04172717437283,1.71680485251599,1.79242613882999,0
Cenpa,0,0,0,0,0,0,0.929047287548187,0,0,0,0,0,0,0,0,0,0,0,1.04917682286938,0,0
Cfl1,1.44370953636312,1.7853803722268,1.59339325783612,0,1.7132594009996,1.73886720143346,2.08491571040748,1.90923362783806,2.68324777670407,2.58150719076861,1.80372307835416,2.34763735555659,2.10828045384638,1.93074140566754,2.06854952535438,2.66245271293555,2.32942839761496,2.38339668116192,1.95105065138933,1.80622193670644,2.4510896988287
Chchd2,0.998491614622756,1.61422017658733,0.985900104211777,0,1.20794484810495,1.58925421592603,1.28802162049532,1.4864252239682,1.11969045994325,1.07835389430974,1.28609630205911,1.62138476628728,1.281629675204,1.50794214846599,1.28417778523505,1.17186508452342,1.50437855618834,1.28802025466213,1.31562022457939,1.24826437862233,1.11683911626999
Ckb,0,0,0,0,0,0,0,0,0,0,0,0,0,0,0,0.886175410670823,0.890625835294875,0,0,0,0
Cks1b,0,0,0,0,0,0.562276034718999,0.831435019862,0,0,0,0,0,0,0,0,0,0,0,0.819003405587737,0,0.330973042520417
Cldn7,0,0.860524093297426,0,0,0,0,0,0.930615211749548,0,0,0,0,0,0,0,0,0,0,0,0,0
Clic1,0.532169883290257,1.00037709909734,0.669759645226452,0,0,0,0.832723124678505,0.987708628783785,1.20539747483103,1.19324987319684,0.7766790727297,0,0,0,0,1.24799349405228,0,0,0.9595193219055,0.28584588647947,0.88425743828249
Clps,0,0,0,0,0,1.84124728518096,0,0,0,0,0,0,0,0,0,0,0,0,0,0,0
Clta,0,0,0,0,0,0,0,0,0.834276752906348,1.25187037843027,0,0,0,0.751329752962183,0,0,0,0,0,0,0
Cnbp,0.512767685370207,0.900107691127422,0.61388360508591,0,0.755961196415379,0.993320837333012,0.782393850208544,0.909583014813465,0.579974551791482,0.485425880966275,0,0,0.754271848880186,0,0.830403880480957,0.996429863767148,1.03076524187272,0.684354427947538,0.795254041114637,0.738577795169358,0.877475041183759
Cnn1,0,0,0,0,0,0,0,0,0,0,0,0,0,0,0,0,0,1.20987990282049,0,0,0
Cnn2,0,0,0,0,0,0,0,0,0,0,0,0,0,0,0,0,0,1.15523860462042,0.615971144752036,0,0
Cnn3,0,0,0,0,0,0,0,0,0,0,0,0,0,0,0,0,0,0,0,0,0
Cnpy2,0,0,0,0,0,0.620253060845408,0,0,0,0,0.826579204733587,0,0,0,0,0,0,0,0,0,0
Col1a1,0,0,0,0,0,0,0,0,0,0,0,0,0,0,0,0,0,0,0,0,0
Col1a2,0,0,0,0,0,0,0,0,0,0,0,0,0,0,0,0,0,0,0,0.957497895979105,0
Col3a1,0.543195399042567,0,0,0,0,0,0.733560298549836,0,0,0,0,0,0.893880005578486,0,0,0,0,0,0,1.09132043129101,0
Col6a2,0,0,0,0,0,0,0,0,0,0,0,0,0,0,0,0,0,0,0,0,0
Coro1a,0,0,0,0,0,0,0,0,1.3196666027525,0.845321303796956,0,0,0,0,0,1.03186936079088,0,0,0,0,0
Cotl1,0,0.450070445153042,0,0,0,0,0,0,1.26929790846754,1.02795237393812,0,0,0,0.48430520248268,0,0.961075443091253,0,0,0,0,0
Cox4i1,0.878026560032475,1.35136072715359,0.907241313182135,0,1.1500054323882,1.26646137824709,1.19106894905609,1.31967995057273,1.37185780920976,1.22354146127625,1.28354008394507,1.39430360161384,1.22816824439702,1.44163035076896,1.24705255910611,1.18998652804418,1.25378983582513,1.3340410118553,1.17603493958088,1.2012324449432,1.22626783493146
Cox5a,0,1.03722884611381,0,0,0,1.02775752677477,0.764780203734152,0.970735934925377,0.954012192499508,1.02795237393812,0,0.904785252591716,0.688181964731192,0.666855838966552,0.630762707719017,1.14556587895792,1.10932255047987,0.887350442247417,0,0,0.856453850324266
Cox5b,0,0.688380978101237,0,0,0.834542578811136,0.717008067084072,0,0,0.687482807684756,0,0,0,0,0.335397106912691,0,0.709670909685902,0,0,0,0,0.908088539874046
Cox6b1,0.864971713146489,1.34100485908748,0.860527386071083,0,1.28322308761753,1.35080547570512,1.0235768710942,1.20521514116253,1.2549016455754,1.14713521221004,1.08368689322943,1.28226602892954,1.09632435426914,1.23534921260826,1.1845763907979,1.19112041931803,1.25126629988966,1.20428235018593,1.11825905038781,1.16815651008672,1.08230324211495
Cox7a2,0.650199530069994,1.02278673449557,0.544854028253072,0,1.13553226712346,1.09499174647104,1.01611191254265,0.798866663610504,0.88617380394567,0.828609035114556,0.767053461809798,1.09590114806522,0.896279045198204,0.711061983393782,0.980772563432147,0.925514357122307,1.05673925482695,0.998491614622756,0.980047848966199,0.580347695790576,0.991557132759152
Cox7a2l,0,0,0,0,0,0,0,0,0,0,0,0,0,0.696391830035323,0,0,0,0,0,0,0
Cox7c,0.746753572930682,1.65351217415334,0.694821666345886,0,1.16029117341573,1.36382203291046,1.00570918580395,1.37468594500044,0.917536281354105,0.909715090764027,1.03664037853303,1.18003020824777,1.05168481532986,1.0807989170478,1.02516480818073,0.26775691461257,1.13201734487042,1.12836038357099,1.08189850640483,0.952647654238496,0.879055473674959
Cox8a,0.581213167038021,1.07374057719727,0.234307679323524,0,0.945675508894387,0.881655452692498,0.952993098422707,0.913140373264923,1.07046664704618,0.856670868624549,0.950330298850246,0.9928867797502,0.804774962034993,0.707123608534952,0.917539086596283,0.93230621728999,1.03050075276229,1.00226732503446,0.654593968434364,0.865540313549919,0.831615947660387
Cpa1,0,0,0,0,0,2.1855358402438,0,0,0,0,0,0,0,0,0,0,0,0,0,0,0
Cpa2,0,0,0,0,0,2.3795387610499,0,0,0,0,0,0,0,0,0,0,0,0,0,0,0
Cpe,0,0,0,0,0,0,0,0,0,0,0,0,0,1.30449613402478,0,0,0,0,0,0,0
Creg1,0,0,0,0,0.26775691461257,0,0,0,0,0,0,0,0,0,0,0,0,0,0,0,0
Crip1,0,0,0,0,0,0,0,0,0,0,0,0,0,0,0,0,0,0,0,0,0
Csf1r,0,0,0,0,0,0,0,0,0,1.00378593725332,0,0,0,0,0,0,0,0,0,0,0
Cst3,0,0,0,0,0,0.399304835135046,0,0,1.5401161959113,1.31629277889828,0,0,0,0,0,0,0,0,0,0,0
Ctsb,0,0,0,0,0.540223311458597,0,0,0,1.07133704597501,2.12637473254356,0,0,0,0,0,0,0,0,0,0,0
Ctsc,0,0,0,0,0,0,0,0,1.21383106378826,1.04751175169977,0,0,0,0,0,0,0,0,0,0,0
Ctsd,0,0,0,0,0,0,0,0,0,0.935242211817855,0,0,0,0,0,0,0,0,0,0,0
Ctsl,0,0,0,0,0,0,0,0,0,0.665522048161965,0,0,0,0,0,0,0,0,0,0,0
Ctss,0,0,0,0,0,0,0,0,1.56218565362788,1.46159373269607,0,0,0,0,0,0,0,0,0,0,0
Cxcl12,0,0,0,0,0,0,0,0,0,0,0,0,0,0,0,0,0,0,0,0.791278970878837,0
Cxcl13,0,0,0,0,0,0,0,0,0,0,0,0,0,0,0,0,0,0,0,0,0
Cyba,0,0,0,0,0,0,0,0,1.24346494332849,1.14213103820851,0,0,0,0,0,0,0,0,0,0,0
Dad1,0,0,0,0,0,0.340130088998645,0.502757422454619,0,0,0,0.569228657767753,0,0,0,0,0.451762096345759,0,0,0,0.80843898575339,0
Dbi,0,1.20428343989244,0,0,0,0.865456909828252,0.84240049002521,1.05589344507053,0.99924438886832,0.649576646022117,0,0,0,0,0,0.848920974096286,1.08103752752993,0,0,0,0
Dcn,0,0,0,0,0,0,0,0,0,0,1.04364494036745,0,0,0,0,0,0,0,0,1.05635524989257,0
Ddah2,0,0,0,0,0,0,0,0.539633518066694,0,0,0,0.74904449764921,0,0,0,0,0,0,0,0,0
Ddx5,0.528458067046083,0.549220874885571,0.693117121177778,0,0.646183708262932,0.673211183516682,0.983315476378027,0.707103775761508,0.770223038257147,0.817010229047289,0.909106235377529,1.16817423465244,0.904781389761963,0.972527024193021,0.801189671215414,0.851502974950194,0.908791125414457,0.836879416718496,0.979324799776887,0.704163693523646,0
Dlk1,0.608250133903175,0,0.678863880912602,0,0,1.5982093317351,0.843991506113386,0,0,0,1.26163711680304,0,0.904781389761963,0.906159329225414,1.06312768932555,0,0,0,1.55829783931679,2.26487104591206,0
Dynll1,0.746753572930682,1.02397353416127,0.852212179231028,0,0.853768050328614,1.02387861833899,1.35803901938552,1.16427309490455,0.715489416370439,0,1.14713892106728,1.1526954971959,1.11778276707935,0.885103476357975,1.17233901584016,0.594584239490572,1.13103823035017,1.24825331967699,1.2603974163547,1.07483648752799,1.08423448589207
Dynlrb1,0,0,0,0,0,0.445904041115865,0.735559029379984,0.565006317762817,0,0,0,0.903251026459196,0,0,0,0,0,0,0,0,0.927724477930394
Eef1a1,0.732167280686707,1.18136213359726,0.705240131252645,0,0.26775691461257,1.17870257931987,1.10649146564937,1.14116851524286,1.07659068363122,0.85886835064331,1.21723986160588,1.22933190750533,1.13225912777869,1.09976701122637,1.21100602624607,1.11676079727751,1.25127373249128,1.16242863271978,1.11021971431578,1.15041982314834,0.88425743828249
Eef1b2,0.622749327181058,1.20512183395409,0.666413188588387,0,0.684775354477474,1.11449628239948,0.988103094331648,1.09497094015994,0.802372876667447,0.444117685648781,1.12894313502734,0.880338938022079,1.04917682286938,0,1.05210560221093,1.05303345413407,1.07791724783562,1.105082068443,0.963693122754586,0.83513572603359,1.09188664316905
Eef1g,0.551996323217999,1.06355631087239,0.684360842736461,0,0.853768050328614,1.17870257931987,1.00875602761973,1.08771256540368,0.828609035114556,0,0.909106235377529,0.880338938022079,1.05589273875276,0.871536249264969,1.06312768932555,1.02013206629677,1.06527804799574,1.0216005740185,0.891494179451661,1.07220892611991,1.00140018240475
Eif2s2,0.494743816379638,0.830433293767222,0,0,0.850850401639348,0.819262727279557,0.774229171541336,0.730187525188819,0.435220053972961,0.542115207944992,0,0.793612210255707,0.744692274461667,0,0,0.830996732803428,1.03479347444801,0,0.669468217141287,0.688373356723062,0.879055473674959
Eif3k,0,0.675687251344425,0.572413302846652,0,0.726870036522611,0.703206744917649,0.728632849595656,0.653970078423567,0.719681597828522,0,0.776457164081766,0,0.726650775127703,0.696391830035323,0.788730071922419,0.646904456742446,0.760017971779108,0.837401953808305,0,0.808427576182142,0
Eif4a1,0,0.713982399179946,0,0,0,0.82555205136637,0.656875314758042,0.769046229677615,0.440685214953862,0.634983040087578,0,0.693089939055008,0.720065192899961,0.331458732053861,0,0.2762219765052,0.872606940249937,0,0,0,0.645521609704347
Eif5,0,0,0,0,0,0,0,0,0,0,0,0,0,0.692453455176494,0,0,0,0,0,0,0
Eif5a,0.690640466953303,1.26254858342736,0.757241516556076,0,1.36444419054181,1.28473039740552,1.04172987803747,0.99253990526718,1.10741116775765,0.937876705092618,0.890903451290501,0.901123998831031,1.09086768575721,1.08326647405434,0.949586768870816,1.34852622928934,1.28802025466213,0.930668508370098,0.918484174481636,0.765844207470516,1.00140018240475
Emp3,0,0,0,0,0,0,0,0,0,0,0,0,0,0,0,0,0,0,0,0,0
Eno1,0,0.841611980910512,0,0,0,0.620285569419213,0,0.649734110994486,0,0,0,0,0,0,0,0,0,0,0,0,0
Fam104a,0,0,0,0,0,0,0,0,0,0,0,0,0,0,0,0,0,0,0,0,0
Fam195b,0,0,0,0,0,0,0,0,0,0,0,0,0,0,0,0,0,0,0,0,0
Fam210b,0,0,0,0,0,0,0,0,0,0,0,0,0,0,0,0,0,0,0,0,0
Fau,0.429485195165215,0.905089093391403,0.607318024015136,0,0.713640102276438,1.07116968443867,0.889966549562993,0.989549979144098,1.15117189942933,0.988811727908581,0.832829961889508,0.872237968189688,0.864413173297224,0.953231270154762,0.916590855355837,1.05215635807998,0.947902401264399,0.8689024044843,0.76758961093919,0.771993111929767,1.00908540889676
Fcer1g,0,0,0,0,0,0,0,0,1.57496929776565,1.90578223046816,0,0,0,0,0,1.05636603986667,0,0,0,0,0
Fcgr3,0,0,0,0,0,0,0,0,0.603925670582058,0.91407790298522,0,0,0,0,0,0,0,0,0,0,0
Fech,0,0,0,0,0.711165503033237,0,0,0,0,0,0,0,0,0,0,0,0,0,0,0,0
Fis1,0,0,0,0,0,0,0,0,0,0,0,0,0,0,0,0,0,0,0,0,0
Fkbp1a,0,0.562977768362332,0,0,0,0.381389073143346,0.820768951067701,0.544614116748938,0,0,0,0.881502805070348,0.709852461557564,0.666855838966552,0,0,0.757453355479404,0.918484174481636,0,0,1.21855730780004
Fkbp3,0,0.935244120482397,0,0,0,0.84656265121033,0.707808261344043,0.798383584779524,0,0,0,0,0.646172358068406,0,0.720078556461551,0.23310919777247,1.0724282891118,0,0,0,0.927724477930394
Fkbp4,0,0.791948119023393,0,0,0,0.693092871512238,0,0.59957410468225,0,0,0,0,0,0,0,0,0,0,0,0,0
Fos,0,0,0,0,0,0,0,0,0.974294295442786,1.16450027929806,0,0,0,0,0,0,0,0,0,0,0
Fstl1,0,0,0,0,0,0,0,0,0,0,0,0,0,0,0,0,0,0,0.545805715122046,0.794574933062312,0
Fus,0,0,0,0,0,0.44379913026172,0,0,0,0,0,0,0,0,0,0,0,0,0.689233421336899,0,0
Gal,0,0,0,0,0,0,0,0,0,0,0,0,0,0,0,0,0,0,0,0,0
Gapdh,0.845854741421148,1.58336970440194,0.924856035206754,0,0.858314008033355,1.5017768450305,1.14866433258187,1.40764679015878,1.47832162089066,1.20875599281083,1.29644738542165,1.09960668927614,1.17076218085636,0.331458732053861,1.18377167833918,1.18644150489312,1.4260395872919,1.1254547819612,1.04917682286938,1.05084812366815,1.04255013679736
Gas5,0.759798737194855,1.01982887125313,0.633538587193836,0,0.533634343245171,1.16745832278756,0.963518495625798,0.949296949834902,0.834276752906348,0.444117685648781,1.00722416547939,0.960225333442034,1.05758577090114,0,1.09586764784951,0.92711289878689,1.0364166157609,0.993255023410531,1.01963236651122,1.09177396468926,1.03960343020182
Glrx3,0,0,0,0,0,0,0,0,0,0,0,0,0,0,0,0,0.669965215384617,0,0,0,0
Glrx5,0,0,0,0,1.24035896736968,0,0,0,0,0,0,0,0,0,0,0,0,0,0,0,0
Gnas,1.00913898754107,1.02239071061713,0.951175858348009,0,0.11719909911021,0.673211183516682,1.23528327809664,1.08771256540368,0,0.665522048161965,1.54453404500641,1.2285041435186,1.26408977977218,2.28159515278438,1.62423452275292,0.820512719431876,1.1720832215786,1.47607873412277,1.74867092750131,2.02934946116928,2.59725393757025
Gng5,0.541684347546836,0.627788900209406,0,0,0,0.963781921027793,0,0.833759539257903,0.499813848981731,0,0,0,0,0.767030014363504,0,0,0,0,0,0,0.88425743828249
Gpc3,0,0,0,0,0,0,0,0,0,0,0,0,0,0,0,0,0,0,0,0,0
Gpx1,1.34804624636219,0.979324799776887,0.6693411585587,1.25126629988966,2.73366258923072,0.728628733150313,0,0.848568148987865,1.92111851201556,1.28673671210434,0.526506164406842,0,0,0,0,1.2925345717749,0,0,0,0,0
Gpx3,0,0,0,0,0,0,0.99423041619784,0,0,0,0,0,1.17076218085636,0.736659599603724,0,0,0,0,0,0,0
Gpx8,0,0,0,0,0,0,0,0,0,0,0,0,0,0,0,0,0,0,0,0,0
Grn,0,0,0,0,0,0,0,0,0,1.01377483135889,0,0,0,0,0,0,0,0,0,0,0
Gsto1,0,0.780604758385611,0,0,0,0,0,0,0,0,0,0,0,0,0,0,0,0,0,0,0
Gypa,0,0,0,0,1.02473729823355,0,0,0,0,0,0,0,0,0,0,0,0,0,0,0,0
H19,0.591061587037231,1.93517064560746,0.61418734085955,0,0,0.85749438077859,0,1.29927862548597,0,0,1.3018838473746,0,0,0,1.18727278045944,0,0,1.04172717437283,1.25429414530558,1.29221283919925,1.02715454766347
H1f0,0,0,0,0,0,0,0,0,0,0,0,0,0,0,0,0,0,0,0,0,0
H2afv,0,0,0,0,0,0.334972547118404,0.96755245784502,0.716850045624757,0,0,0,0,0,0,0,0,0.701202293199053,0,1.06786429833402,0,0
H2afz,0.608250133903175,0.905395508486198,0.649444776136351,0,0.564189507504603,1.05023210948125,1.30463031277733,0.78193444917516,0.884414867480352,0.542115207944992,0,0,1.01455178556736,0,0.868057112916816,0.930048893314754,1.43110707577013,0.655860641303939,1.3210213140276,0,0.454547670473185
H3f3b,1.02239007462955,1.39908792433077,1.19134642550556,0,1.28899916711652,1.69532248131458,1.69141489751241,1.57762124793112,1.11304324449601,1.36600272778064,1.53359641865099,1.72405158076451,1.53634740813305,1.65567686250803,1.64278287080111,1.31913113344248,1.52747692198645,1.31160026469183,1.76809315220151,1.5617186487931,1.07335791207815
Hba-a2,6.28209228989708,2.20137299207964,5.83853892995629,7.06639081939374,4.49789565527225,1.82626060364962,2.45777678098234,2.15588959559634,2.26946516980436,2.55597623748298,2.81749256633207,2.75109109553179,2.69117428939974,2.63402556409448,2.9090316484907,2.31805705407081,2.48253582869247,2.84955456828981,2.6783238013858,2.79504184022932,2.68131412858338
Hba-x,1.16866700691239,0.988814011191551,5.13476450131769,2.11954731650021,0.971111370402081,0.819766679058609,1.14876864852241,1.09587721909199,0.947556936332062,1.13520181827568,1.27154919651934,1.19603291638562,1.25672790318911,1.21109595667703,1.37407122271314,1.05892474275969,1.10718650819658,1.26470741107212,1.21269937661744,1.30794052372909,1.2826096940013
Hbb-bh0,0,0,0,0,0,0,0,0,0,0,0,0,0,0,0,0,0,0,0,0,0
Hbb-bh1,0,0,0.607233976576032,0,0,0,0,0,0,0,0,0,0,0,0,0,0,0,0,0,0
Hbb-bt,6.3847061982966,2.29745106907028,4.60773622319646,7.00923572911385,5.4499391337833,2.06494304929187,2.59016065178374,2.31112102626128,2.44898864834027,2.65116786728794,2.91246633418807,2.85883195000614,2.89065926865774,2.63993517899158,3.08574213458135,2.46476740062712,2.56072492136695,2.90754186040091,2.65789123620274,2.87920144749581,3.01589413910637
Hes1,0,0,0,0,0,0,0,0,0,0,0,0,0,0,0,0,0,0,0,0,0
Hint1,0.91282697968677,1.41266083661029,0.934916955546458,0,1.13619729541871,1.4798394750878,1.32647002883758,1.25795359382662,1.24346494332849,1.22933074014714,1.07968046255375,1.29449163053122,1.27656561677031,1.01871627445466,1.18727278045944,1.18810270295095,1.2623433108207,1.16762238122959,1.14412718727779,1.07220966869988,0.831615947660387
Hist1h2bc,0,0,0,0,0,0,0,0,0,0,0,0,0,0,0,0,0,0,0,0,0
Hjurp,0,0,0,0,0,0,0.778463780870791,0,0,0,0,0,0,0,0,0,0,0,0.91911722862599,0,0
Hmgb1,0,0,0,0,0,0.606353534614265,0,0,0,0,0,0,0,0,0,0,0,0,0.699207261325943,0,0
Hmgn1,0.845854741421148,1.31764341366594,0.941047364757406,0,0.2658774286326,1.19727034779246,1.35696168740865,1.42124781976631,0,0.550880454349701,1.3018838473746,1.14789963565762,1.26408977977218,1.01871627445466,1.25611883724382,0.791027703087323,1.3089348331155,1.28417778523505,1.49884611435113,1.20428235018593,0.401906179851082
Hmgn2,0,0,0,0,0,0.496765208699156,0.907241313182135,0.62510183667083,0,0,0,0,0,0,0,0,0,0,0.870598274475567,0,0
Hmox1,0,0,0,0,0,0,0,0,0,0,0,0,0,0,0,0,0,0,0,0,0
Hn1,0,0,0,0,0.2658774286326,0.126859308589055,0,0,0,0,0,0,0,0,0,0,0,0,0,0,0
Hnrnpa2b1,0,0.523188355607063,0,0,0.23715307902352,0.611339827819884,0.881499645276142,0,0,0,0,0.804114851509853,0,0.656191197562007,0,0.71893511425654,0.969351387821049,0,0.756812466528426,0,0.401906179851082
Hnrnpc,0,0.579876619787176,0,0,0,0.718535178058726,0,0.482419498980925,0,0,0,0.659856147310697,0,0,0,0.61681550807165,0.770229483806894,0,0,0,0
Hnrnpk,0.58672739333689,0.746623299076179,0.693117121177778,0,0,0.725184302585113,0.951965887874941,0.891792611114036,0,0,0.718325574081749,1.07660949773752,0.901117219936455,0.826004171567054,0.84452459798599,0.69779170593908,1.03398257024591,0.791044555196318,0.939862678766903,0.685762928356713,0.763894273049584
Hsd3b6,0,0,0,0,0,0,0,0,0,0,0,0,0,0,0,0,0,0,0,0,0
Hsp90ab1,0.562248965804754,1.09449991593652,0.6592127187984,0,0.751626838167362,1.01966783009738,0.776440505568892,1.13373939210253,0.458250514757147,0.542115207944992,0.974840558890647,1.15472884979145,0.844256501678109,1.07298478346875,0.950300163182616,0.913611765762048,1.0347921516702,0.8689024044843,0.809136106139816,0.823616777751007,0.995052705150749
Hspa5,0,0,0,0,0,0.688670803736703,0.648503119939174,0,0,0,0,0,0.702111216456943,0,0,0,0,0,0,0,0
Hspa8,1.07264542288028,1.91036624600383,1.13651524745902,0,1.60123854782795,1.8040699811097,1.62529937039047,1.67932948304079,1.85423071792669,1.73053440792512,1.38336228055336,1.83088700802347,1.44906622809447,2.00031272928502,1.58697804798675,1.67145102186641,1.82755631735581,1.4515530921642,1.5515449071564,1.34101073314974,1.75313513865942
Hspe1,0.608250133903175,1.51068583304151,0,0,0.905075812331419,1.58080151817986,0.845944879842879,1.08861570143047,0.758943059796953,0,0,0,0.892089403371344,0,0.758307565907432,0.493207047654012,1.0988449418759,0.81601737074381,0,0,0
Id2,0,0.786233815205201,0,0,0,0,0,1.03663671981849,0,0,0,0,0,0,0,1.10984224158962,0,0,0,0,0
Id3,0,0,0,0,0,0,0,0,0,0,0,0,0,0,0,0,0.972657975350041,0,0,0.686964843300109,1.08230324211495
Idh2,0,0,0,0,0,0.734150169462954,0.67735136658894,0,0,0,0,0,0,0,0,0,0,0,0,0,0
Ifitm1,0,0,0,0,0,0,0.425094216936757,0,0,0,0,0,0,0,0,0,0,0,0,0,0
Ifitm2,0,0.58927486987086,0,0,0,0.475116893898405,0.568135850594661,0,0,0,0.89144244097562,0.995492853945317,0.54103935455852,0,0.880633248839469,0,0,0,0.795254041114637,0.963345049221373,0.401906179851082
Ifitm3,0,0,0,0,0,0.711627017595898,0,0,1.8229533237542,0,0,0,0,0,0.610020753559186,0,0,0,0,0,0.401906179851082
Ift20,0,0,0,0,0,0.317056785126705,0,0,0,0,0,0,0,0,0,0,0,0,0,0,0
Igfbp2,0,0,0,0,0,0,0,0,0,0,0,0,0,0,0,0,0,0,0,0,0
Igfbp4,0,0,0,0,0,0,0,0,0,0,0,0,0,0,0,0,0,0,0,0,0.917931589519646
Igfbp7,0,0,0,0,0,0,0,0,0,0,0,0,0,0,0,0,0,0,0,0,0
Il11ra1,0,0,0,0,0,0,0,0,0,0,0,0,0,0,0,0,0,0,0,0,0
Itm2a,0,0,0,0,0,0,0.796195727559518,0,0,0,1.21496751385721,0,0.83844904289338,0,0.78094683355959,0,0,0,0.982223662941844,1.64092225714221,0
Itm2b,0,0,0,0,0,0,0,0,0.980047848966199,1.76382986348752,0,0,0,0.949314650927102,0,1.03624685893763,0,0,0,0,1.07142666830103
Krt19,0,0,0,0,0,0,0,0.723736690067013,0,0,0,0,0,0,0,0,0,0,0,0,0
Krtcap2,0,0.547984971406519,0,0,0,0.849017009074641,0,0,0,0,0,0,0,0,0,0.62349391372592,0,0,0,0,0
Laptm4a,0,0,0,0,0,0,0.752829597379285,0,0,0,0.70759834733422,0,0.79057965222052,0,0,0,0,0,0,0.996994873701511,0
Ldha,0.730582426397272,1.83079826171925,0.6514544540028,0,0.661921584230445,1.23503084245118,0.91220328409384,1.34452180083592,1.22124188744921,0.950263877709082,0,0.815769620327779,1.05589273875276,0,0.918484624803865,1.29059691911706,1.06420059975501,0,0,0.688373356723062,1.07306815810242
Ldhb,0,0,0,0,0,0,0,0,0,0,0,0,0,0,0,0,0,0,0,0,0
Lgals1,1.17497638418057,0,0.992172774094932,0,0.924871049023972,0,1.74846380348081,0,1.11969045994325,1.19873928432287,1.01342158260227,0.939091989123591,1.80978156223851,0,1.43071049661971,1.23902795695492,0.814853723297378,1.80663426223522,1.34946412475162,1.68967792385175,0
Lgals2,0,1.26039868580043,0,0,0,0,0,0,0,0,0,0,0,0,0,0,0,0,0,0,0
Lgmn,0,0,0,0,0,0,0,0,0,1.16657972194135,0,0,0,0,0,0,0,0,0,0,0
Lmo4,0,0,0,0,0,0,0,0,0,0,0,0,0,0,0,0,0,0,0,0,0
Lsm4,0,0,0,0,0,0.529347959718045,0,0,0,0,0,0,0,0,0,0,0,0,0,0,0
Lsm6,0,0,0,0,0,0.490131066254403,0,0,0,0,0,0,0,0.331458732053861,0,0,0,0,0,0,0
Lsp1,0,0,0,0,0,0,0,0,0,0,0,0,0,0,0,0,0,0.742642573917604,0,0,0
Lst1,0,0,0,0,0,0,0,0,0.957446442680133,0.91407790298522,0,0,0,0,0,0,0,0,0,0,0
Lum,0,0,0,0,0,0,0,0,0,0,0,0,0,0,0,0,0,0,0,0.78596370973511,0
Ly6e,0,0,0,0,0,0,0,0,1.6226428138052,0.992883164441457,0,0,0,0,0,1.24673192858479,0,0,0,0,0
Lyz2,0,0,0,0,0,0,0,0,1.8138463143826,1.13128179006868,0,0,0,0,0,0,0,0,0,0,0
Mab21l2,0,0,0,0,0,0,0,0,0,0,0,0,0,0,0,0,0,0,0,0,0
Maged1,0,0,0,0,0,0,0,0,0,0,0,0,0,0,0,0,0,0,0,0,0
Maged2,0,0,0,0,0,0,0,0,0,0,0,0,0,0,0,0,0,0,0,0.847790827364975,0
Map1lc3a,0,0,0,0,0,0,0,0,0,0,0,0,0,0,0,0,0,0,0,0,0
Marcksl1,0.55650593808876,0.382307876360214,0,0,0,0.495228577393637,0.723342735181813,0.813866135526815,0,0,0,1.10555445488902,0.778235508763957,0.890340493723552,0.955039911639754,0,0.93524268898316,0.823524772328835,0.730187307077933,0,1.11683911626999
Mdk,0.757663233843052,1.12401328446278,0.709668567351383,0,0,0.696388632810342,1.04709651711373,1.13872071784623,0,0,1.06056244210889,0,1.16398163857118,1.14935671092713,1.18350258262854,0,0.807684497306903,0.81750758889802,1.1921583575644,1.21269965545406,0
Meg3,0.760012965053407,0,0.809718185100097,0,0,0.826326752597966,0.928401877464775,0.797012630290314,0,0,1.28163504742787,0.934168566315195,0.93919972092974,1.6841255238381,1.27530757118793,0,0,1.05504834347869,1.50420914357461,2.01532032300856,0
Mest,0,0,0,0,0,0,0,0,0,0,0,0,0,0,0,0,0,0,0,0,1.00673856132537
Mfap2,0,0,0,0,0,0,0,0,0,0,0,0,0,0,0,0,0,0,0.727433644912396,0.979360214498062,0
Mfap4,0,0,0,0,0,0,0,0,0,0,0,0,0,0,0,0,0,0,0,0,0
Mif,0.866651801629942,2.06361357755784,0.976463375471601,0,0.711165503033237,1.76252666247928,1.31293879042849,1.97462886076053,1.02556082883587,0.996240349355931,1.43315918725313,1.41814984651499,1.35302284979093,0.335397106912691,1.25958056514491,1.02597807216526,1.86863523552568,1.17497638418057,1.1111592200192,1.20539856790858,0.401906179851082
Minos1,0.55650593808876,0.905395508486198,0.270412351040947,0,0.824536811575465,1.04124813744732,0.681599476239075,0.710230438795092,0.783672698986946,0.637668367943357,0,0.889268030717071,0.688181964731192,1.1683248051057,0.562409939993861,0.927433984229946,0,0,0,0,0.971470141436747
Mkrn1,0.518023209528357,0,0,0,0,0,0,0,0,0,0,0,0,0,0,0,0,0,0,0,0
Mmp14,0,0,0,0,0,0,0,0,0,0,0,0,0,0,0,0,0,0,0,0,0
Mmp2,0,0,0,0,0,0,0,0,0,0,0,0,0,0,0,0,0,0,0,0,0
Mrfap1,0,0,0,0,0,0.47813772515686,0,0,0,0,0,0,0,0.736659599603724,0,0,0,0,0,0,0
Ms4a6c,0,0,0,0,0,0,0,0,0.947894430174546,0.765844207470516,0,0,0,0,0,0,0,0,0,0,0
mt-Co1,0.994372339163761,1.22874949227208,0.894952214435739,0,0.897679714611222,1.05972499820131,1.19106894905609,1.22060045415202,1.14512801675724,1.16762238122959,1.25795359382662,1.33025171042373,1.18350155431319,0.812562092061419,1.23371102731881,1.13030710652806,1.30628237399971,1.22124188744921,1.23871538350507,1.22124188744921,1.22626783493146
mt-Cytb,2.34779465921424,2.96217645985677,2.41177539750331,1.07923776739239,2.52836167402584,2.69512991320267,2.81055508429639,2.974383395888,2.45450223003137,2.62961086917818,2.96157978203455,2.96619934223006,2.94034763127674,3.11397726397987,2.9762629664323,2.78624878190525,2.92999102961982,3.11066369764531,2.91779686975786,2.95730661006701,3.18965081210219
mt-Nd1,1.925774614878,2.51783368427252,2.21292278085642,0.885587091519949,2.16192861004552,2.25405609496743,2.64318025216928,2.57869779495229,2.10572496497378,2.48633356781799,2.68841581505612,2.5133262021557,2.65005149182063,2.25547641761359,2.62769144324254,2.21528861028593,2.65301842791342,2.71633479037657,2.59253295777285,2.48253761622249,2.29431342196019
mt-Nd2,1.09086768575721,1.63028976804309,1.30199286447247,0,1.04917493292632,1.18604249790671,1.32647002883758,1.43609402970681,1.27909230962069,1.45404921881979,1.64173986966849,1.5641435684146,1.48649267715785,1.24002116776277,1.66310626127656,1.25140522570521,1.3252740425383,1.69665954374957,1.5910220410696,1.68620573061018,1.74858000627154
mt-Nd4,1.65957165566239,1.91433614981961,1.74418566270766,0,1.42131616193892,1.84764431886971,2.12866227309177,2.1046306998771,1.80394638065205,2.03699170273522,2.34226009024877,2.16253023426875,2.17462942594373,2.07821458222258,2.30418249872448,1.88874459914511,2.08992672819676,2.38812429279984,2.22555709679647,2.32273366805246,1.985320766113
mt-Nd5,0,0.527136274351208,0,0,0,0.126859308589055,0,0,0,0,0,0,0,0,0,0,0,0.580717078083867,0,0,0
mt-Rnr1,0,0,0,0,0,0,0,0,0,0,0,0,0,0,0,0,0,0,0,0,0
mt-Rnr2,1.04254945914487,0,0.757241516556076,0,0,0.142060409545752,0.882371951441628,0,0,0,0.833094616504495,0.911336907278372,0.945201430214446,1.04447063971338,1.01611004233087,0.218652898573288,0,0.941857378277439,0.963693122754586,0.865822202912535,0
Mt1,0,0,0,0,1.91672690109141,1.4366083596212,0,0,0,0.631438144688054,0,0,0,0,0,0,0,0,0,0,0
Myl12a,0,0,0,0,0,0,0,0,0.587741396132885,0,0,0,0,0,0,0,0,0,0,0,0.31454856718393
Myl6,0.633796923323813,0.488762858757513,0,0,0,0,0,0.727831123965476,0.669468217141287,0.687133771648861,0.842399806065168,0,0,0.767030014363504,0.934272606731358,0.816447957045717,0,1.92941392628324,0.727041994832627,0.747073632695458,0.488221821710341
Myl9,0,0,0,0,0,0,0,0,0,0,0,0,0,0,0.982223662941844,0,0,3.00065752552704,0.928722483897149,0.689233603506988,0
Mylk,0,0,0,0,0,0,0,0,0,0,0,0,0,0,0,0,0,2.74943510069189,0,0,0
Naca,0.611810314567241,1.14789127249607,0.712686304804091,0,1.18217041008805,1.19003295524521,1.07923852601243,1.09483477649835,0.943860863178527,0.766715892597615,1.08012391837376,0.868763766846967,1.16242863271978,0.360994723122633,1.14213103820851,0.958409261454536,1.18242877445918,1.16242863271978,0.938537730433381,0.988084301761313,1.03483977415548
Ncl,0,0.669225460124226,0,0,0,0.808868281601838,0,0,0,0,0,0,0,0,0,0,0,0,0,0,0
Ndn,0,0,0,0,0,0,0,0,0,0,0,0,0,0,0,0,0,0,0,0,0
Ndufa11,0,0,0,0,0,0.503927428043079,0,0,0,0,0,0,0,0.692453455176494,0,0,0,0,0,0,0
Ndufa12,0,0.696536367396533,0,0,0,0.846049303755966,0,0.550897227962234,0,0,0,0.815769620327779,0,0,0,0,0.521318575041853,0,0,0,0.932926442537925
Ndufa13,0,0.743782922683284,0,0,0.574167979071926,0.717504166579366,0,0.735578668746117,0.579974551791482,0.737770018205369,0.830724967209632,0,0,0.767030014363504,0,0.830996732803428,0,0,0.573135979590956,0,0.911149192420915
Ndufa2,0.588504233134875,0.851498732462838,0.666098071448043,0,0.677174886145245,0.734150169462954,0.877739318365202,0.76273140068592,0.715489416370439,0.796667428746722,0.734601360162746,0.632372991687316,0.849608283594457,0.736659599603724,0.744476203753262,0.23310919777247,0.87515566301034,0.711346770899457,0.988811727908581,0.793400424923128,1.08230324211495
Ndufa4,0.652703261895909,0.986972660831238,0.669759645226452,0,0.936403724357955,0.977744121932151,0.967200164008895,0.986972660831238,0.770663742166113,0.737770018205369,1.02955905996614,0.981746780905304,1.00913898754107,1.0807989170478,1.00645641818782,0.856159302568992,1.02003547574132,1.1254547819612,0.951963867504716,0.881801880541913,1.28441822337794
Ndufa5,0.591061587037231,0.659216208503603,0,0,0.801201180768033,0.987902813937162,0.899599613756512,0.684707017581176,0,0,0,0.460922576625625,0.792909785029369,0,0.848295356201456,0,0.52866419003082,0.964392419643857,0.927429803613266,0.945537311899279,0
Ndufa6,0,0.730394035267269,0,0,0.609868639187696,0.683044163177419,0,0.612840119064224,0.440685214953862,0,0,0,0,0.335397106912691,0,0,0,0,0,0,0
Ndufb5,0,0,0,0,0,0.348453107108146,0,0,0,0,0,0,0,0,0,0,0,0,0,0,0
Ndufb6,0,0,0,0,0.2658774286326,0.661818227830429,0,0,0,0,0,0,0,0,0,0,0,0.590292017745207,0.827076997516348,0,0
Ndufb9,0,0.804618341144937,0.602458580863164,0,0.819776091574565,0.85776852316408,0.614306184820013,0.659320918022817,0,0,0.624979120971227,0.846121806676715,0,0.666855838966552,0.71631446509084,0.23310919777247,0.698918782924055,0.911579588500909,0.58195891325455,0.722571356825826,0
Ndufc1,0,0.529595568770859,0,0,0.507645523814414,0.683044163177419,0.201950901150182,0.421424882760924,0,0,0,0,0,0.656191197562007,0,0,0,0,0,0,0.330973042520417
Ndufc2,0,0,0,0,0,0.494973694343223,0,0,0,0,0,0,0,0,0,0,0,0,0,0,0
Ndufv3,0,0,0,0,0,0,0,0,0,0,0,0.790634508491728,0,0,0,0.306595452064013,0,0,0,0,0
Nedd8,0,0.757669355255027,0,0,0.589271737925876,0.718344832456297,0.874868036134567,0.713414442516656,0.561785110204385,0.580221846645693,0.855579694808138,0.975398462925553,0.824030313237383,0.656191197562007,0.868622776580637,0.767746648675675,0.870882437789416,0.88617380394567,0.698485095008254,0.815782596261214,0.879055473674959
Nhp2,0,0.583957194762269,0,0,0,0.74098963959177,0,0.410440236052888,0,0,0,0,0,0,0,0,0,0,0,0,0
Nkx2-3,0,0,0,0,0,0,0,0,0,0,0,0,0,0,0,0,0,0,0,0,0
Nme1,0,1.01044949915741,0,0,0.857040537886809,1.18359436851761,0.565154217475472,0.870070115042461,0,0,0.70759834733422,0.983688768558423,0.713223708064175,0,0,0.663634559372516,1.08861570143047,0,0,0,0
Nnat,0.613190904128026,0,0.85776960963393,0,0,0,0.942524227466286,0,0,0,1.38385736841514,1.46244570558726,0.929370222762125,1.0021980086794,1.29318183420198,0,1.05127029949929,1.14914982537732,1.22009552964424,0,0
Nop10,0,0.625476046640436,0,0,0,0.808868281601838,0,0.507850472494062,0,0,0,0,0,0,0,0,0,0,0,0,0
Npc2,0,0,0,0,0,0,0,0,0.762809216770297,0.796667428746722,0,0,0,0,0,0,0,0,0,0,0
Npm1,0.909715090764027,1.67984632776574,0.978967144574096,0,1.16357710099457,1.64442980814025,1.25856013331911,1.54583055153385,1.04337309922188,1.02795237393812,1.28417778523505,1.23961567145824,1.33473387245084,0,1.31562022457939,1.21954621889064,1.71380914461128,1.20205863242163,1.22009552964424,1.24525631346653,1.50127672541475
Nrep,0,0,0,0,0,0,0,0,0,0,0.801782035829633,0,0,0,0,0,0,0.864971713146489,0,0.873471003874332,0
Nudt4,0,0,0,0,0,0,0,0,0,0,0,0,0,0,0,0,0,0,0,0,0
Olfml3,0,0,0,0,0,0,0,0,0,0,0,0,0,0,0,0,0,0,0,0,0
P4hb,0,0,0,0,0,0.691756106140012,0,0,0,0,0,0,0,0,0,0,0,0,0,0,0
Pabpc1,0.597817415259478,0,0,0,0,0.476310108341664,0,0,0,0,0,0,0,0,0,0,0,0,0,0,0.645521609704347
Park7,0,0.560660019777436,0,0,0.705261635141989,0.717198412686501,0,0.518738398564259,0,0,0,0,0,0.320794090649317,0,0,0,0,0,0,0
Pclaf,0,0,0,0,0.455144326367321,0,0.727836306005596,0,0,0,0,0,0,0,0,0,0.248904792602034,0,0.827076997516348,0,0
Pcna,0,0,0,0,0,0,0,0,0,0,0,0,0,0,0,0,0,0,0,0,0
Pcolce,0,0,0,0,0,0,0,0,0,0,0,0,0,0,0,0,0,0,0,0,0
Pdap1,0,0,0,0,0,0.445904041115865,0,0,0,0,0,0.202308709114977,0,0,0,0,0.558410344675347,0,0,0,0
Pdcd5,0,0,0,0,0,0.399304835135046,0,0,0,0,0,0,0,0,0,0,0,0,0,0,0
Pdia6,0,0.521491377835994,0.470968033783255,0,0,0.80937223338089,0.972511875430027,0.490654252201144,0,0.677166436947385,0.802616018525391,0,1.05971005229808,0.360994723122633,0.616851693922785,0,0,0,0.598080384425589,0.946224430834872,0
Pdlim7,0,0,0,0,0,0,0,0,0,0,0,0,0,0,0,0,0,0.902335200899014,0,0,0
Pdzk1ip1,0,0,0,0,0,0,0,0,0,0,0,0,0,0,0,0,0,0,0,0,0
Pebp1,0,0.71303804038943,0,0,0,1.02738837688905,0,0.724928908440163,0,0,0,0.813305934798425,0,0.767030014363504,0,0,0.809137310485045,0,0,0,0
Pf4,0,0,0,0,0,0,0,0,0,2.22992970504503,0,0,0,0,0,0,0,0,0,0,0
Pfdn5,0,0,0.234307679323524,0,0,0,0,0,0,0,0,0,0,0,0,0,0,0,0,0,0
Pfn1,0.516064072200786,0.843725134427234,0,0,0,0.614877926792794,0,0.427059579951194,1.20651478563122,1.01689010426688,0,0,0,0,0,1.1055766216276,0,0.902335200899014,0,0,1.00140018240475
Phf5a,0,0,0,0,0,0,0,0,0,0,0,0,0,0,0,0,0,0,0,0,0
Pkm,0.533836560086845,1.27577838871834,0.623140165518546,0,0,0.86276353935375,0.834019472025004,1.19188745308379,1.01299911469267,0.827076997516348,0.907346142959689,1.19711917700497,0.94319205502451,0.826004171567054,0.887356896409983,0.93230621728999,1.24885492872215,0.911579588500909,0.796667428746722,0,0.401906179851082
Plac8,0,0.592879913379583,0,0,0,0,0,0,0.878603381989597,0,0,0,0,0,0,0,0,0,0,0,0
Pnpo,0,0,0,0,0,0,0,0,0,0,0,0,0,0,0,0,0,0,0,0,0
Ppia,0.706144554705402,1.18270761410003,0.795731739594104,0,0.79823314003284,1.1627453968647,1.17922271288132,1.18513550058196,0.982951165252766,0.979324799776887,0.954354595623978,0.898087064447096,1.10741116775765,0,1.08012391837376,1.18422644457763,1.20596269888234,1.00990856228153,1.06013597872914,1.00420008845214,0.88425743828249
Ppp1r14a,0,0,0,0,0,0,0,0,0,0,0,0,0,0,0,0,0,0,0,0,0
Prdx1,0.532169883290257,1.26039868580043,0.548993942434768,0,0,1.0737588558256,0.930668978096979,1.2506820097086,1.04585218622564,0.933930699793908,0.910703965881334,0,1.00226732503446,0.741923907733238,0.845588022609052,0.842547658764238,0.992558394808702,0.746340380579724,0.889121454715484,0.885293534890259,1.02715454766347
Prdx2,1.13520181827568,0.873726012559294,1.09609590135994,1.05168551251273,1.98421685507579,0.823778180038399,0.815028218613708,1.01266735970637,0,0,0.890903451290501,1.26594749976086,0.875154119021122,1.06141608636779,0.991399912537766,0,1.10462075536728,0.964392419643857,0.878603381989597,0.85421329728614,1.04489782059253
Prdx4,0,0,0,0,0,0,0,0,0,0,0,0,0,0,0,0,0,0,0,0,0
Prdx5,0,0,0,0,0,0,0,0,0.660977598096716,0,0,0,0,0.320794090649317,0,0,0,0,0,0,0
Prdx6,0,0.717392060506357,0,0,0.677174886145245,0.841893382054532,0,0,0,0,0,0,0,0,0,0,0,0,0,0,0.31454856718393
Prmt1,0,0,0,0,0,0.441323904564464,0,0,0,0,0,0,0,0,0,0,0,0,0,0,0
Psap,0,0,0,0,0,0,0,0,1.23107886368344,0.797612552394688,0,0,0,0,0,0,0,0,0,0,0
Psma2,0,0.606468183724899,0,0,0.241768095181814,0.642479687608491,0,0,0,0,0,0,0,0.99828138945174,0,0.260097849881542,0,0,0,0,0
Psma7,0,1.14338058086682,0,0,0.689557101652615,1.11046614862911,0.719512920447517,1.04599029278142,0.885586690686288,0,0.887849586592233,1.12907133514483,0.812070582481743,0.320794090649317,0.755540944153103,0.876192841668347,1.03357876867683,0.64007477812724,0.511998239791395,0,0.943685954778366
Psmb1,0,0.797174460555761,0,0,0.718747320167817,0.823274228259347,0.718004073179879,0.50420218278715,0.675140878787708,0,0,0.899298282924382,0.743051590992954,1.06965740082599,0,0.878354722261648,0.527742416533402,0,0,0,0.824833550561656
Psmb2,0,0,0,0,0,0,0,0,0,0,0,0,0,0,0,0,0,0,0,0,0
Psmb6,0.474800436864699,0.87401209544585,0.607452249213334,0,0,1.05265100685357,0.93589987649437,0.71834649043547,0.530513697709867,0,0.947584928340756,0.907920937646864,0.999998344142652,0.885594985937651,0.902336902933605,0.50933117427767,0.892983881274355,0.93919972092974,0.829633637138339,0.564782589115759,0
Ptma,1.30363851037903,1.83629770985348,1.15863851198399,0,1.73381141773817,1.83248402618632,1.93014838276943,1.84697107506572,1.31831485762595,1.22933074014714,1.7276886783006,2.08991595916296,1.93568953378898,1.28899112491207,1.79984259779794,1.69214496180866,1.97174542901479,1.6634791935671,1.86428636580036,1.42590242850691,1.58005753205112
Ptms,0,0,0,0,0,0,0,0,0,0,0,0,0,0,0,0,0,0,0,0,0
Ptn,0,0,0,0,0,0,0,0,0,0,0,0,0,0,0,0,0,0,0.96861040496536,1.1992914315353,0
Ptov1,0,0,0,0,0,0,0,0,0,0,0,0,0,0,0,0,0,0,0,0,0
Rac2,0,0,0,0,0,0,0,0,0.802372876667447,0,0,0,0,0,0,0.852495035311262,0,0,0,0,0
Rack1,0.55673337778116,1.1205688278903,0.488503250201598,0,0.859595576763549,1.23105286677216,0.890012243531169,1.12118783374172,0.900509501401668,0.812070582481743,0.818489548081101,0.76760812951706,0.948570165427279,0,0.756175733221391,0.972869009931822,0.942362587642368,0.846388871932281,0.598080384425589,0.863053393383607,1.19731522860216
Raly,0,0,0,0,0,0,0.496870376934609,0,0,0,0,0,0,0,0,0,0,0,0,0,0
Ran,0,0.880943729421386,0,0,0.959370018445625,0.972155283863998,0.978964933864908,0.678914106671076,0.500546719564394,0,0,0,0.70947988434265,0,0,0.709179568362322,1.03601149477519,0,0.849608283594457,0,0
Ranbp1,0,0.886761720566401,0,0,0.357366274983619,0.945108331719318,0.737394131599158,0.847521816892122,0,0,0,0,0.655226682205458,0,0,0.5054624115644,0.982588532700692,0,0,0,0
Rbm8a,0,0,0,0,0,0.534190587806865,0,0,0,0,0,0,0,0,0,0,0,0,0,0,0
Rbp1,0,0,0,0,0,0,0,0,0,0,0,1.15987905909577,0,0,0,0,1.63331475775499,0,0,0,0.814221362246824
Rbp4,0,0,0,0,0,0,0,0,0,0,0,0,0,0,0,0,0,0,0,0,0
Rcn1,0,0,0,0,0,0,0,0,0,0,0,0,0,0.707123608534952,0,0,0,0,0,0,0
Rcn3,0,0,0,0,0,0,0,0,0,0,0,0,0,0,0,0,0,0,0,0.259998719915282,0
Reep5,0,0,0,0,0,1.16877338928012,0,0,0,0,0,0,0,0,0,0,0,0,0,0,0
Rgs2,0,0,0,0,0,0,0,0,0.759798737194855,0,0,0,0,0,0,0,0,0,0,0,0
Rhoc,0,0,0,0,0,0,0,0,0,0,0,0,0,0,0,0,0,0,0,0,0
Rpl10,1.05168481532986,1.63654816661417,1.03710214069619,0,1.48525593578132,1.92370221104793,1.48235730321401,1.60124201044618,1.73996209086464,1.38975141181039,1.30962936747921,1.29581404846447,1.68007813184646,1.26098072272002,1.52732548983731,1.72842813459932,1.44880501976943,1.35875887423289,1.32510334872833,1.33508300251677,1.67942022135509
Rpl11,1.46497416806895,2.15488960685126,1.47613329451301,0,1.72850095161008,2.35825905642288,1.84866500665395,1.9050230932168,1.90335431550938,1.60192537485133,1.92578037175727,1.79136819420513,1.91341526343798,1.62477138195874,1.88960479086418,2.03878896584234,1.97215616193755,1.75747797294605,1.80372279732628,1.89746606759531,1.72706332708696
Rpl12,0.660977598096716,1.22816824439702,0.714984149353775,0,0.917201750597394,1.24108654774673,0.96755245784502,1.05379298747752,1.00990856228153,0.987339792003485,0.913767608718342,0.804114851509853,1.0533637761292,0.944077633561525,1.00151218875574,1.03522111358254,0.99218200768592,0.711346770899457,0.75049345958689,0.898549718598123,0.917931589519646
Rpl13,2.37044891092496,3.00946818322171,2.38524882481359,1.17975603638936,3.01431538510185,3.1472364901107,2.92994491161953,2.9066446267248,2.85684040684134,2.60048124979134,2.79564810446684,2.47471716790825,3.03923092558485,2.2777113325274,2.9659785414012,3.05854338553685,2.90669450750839,2.83353600673846,2.77775207638649,2.90257083822275,2.77735977278131
Rpl14,1.58228243796863,2.36355609564393,1.71710655362791,0,2.07691851980393,2.27957922420022,2.01849101883973,2.29193492519979,2.16640794328213,1.86428636580036,1.94866715790048,2.04590068718159,2.08553902167388,1.64391725401987,2.10702018726031,2.22301589463338,2.29357616502403,2.04291614654137,1.98318488534585,2.01483743987769,2.09369272415558
Rpl15,0.443398150662281,0.928892763574051,0.234307679323524,0,0.783686038795323,1.19406996278988,0.926302017558878,0.828230036987209,0.819503260865592,0,0.821536911535685,0.888923218566441,0.910335714024502,0,0.976085967288924,0.854777688951039,0.938585991007013,0.953328403435529,0.58195891325455,0.816516278592301,1.12508703190118
Rpl17,0.799509714883407,1.47410136980993,0.894952214435739,0,1.28449714263306,1.6931731987781,1.19874035738948,1.39127868917094,1.16919005897663,1.16242863271978,1.20180569512812,1.10230087348759,1.22971875719056,0.737985532874409,1.24227393383153,1.18810270295095,1.23400887390686,1.13128179006868,1.11021971431578,1.15525378981706,1.29191870976515
Rpl18,1.06013597872914,1.87403468155813,1.27625355161022,0,1.59219222720586,1.99469548563268,1.62796420822571,1.78475409284941,1.63277729371256,1.36600272778064,1.60589894928834,1.27285972748809,1.67248780030817,1.48190366981918,1.69724476651462,1.62003085626899,1.72829900307478,1.48561875212939,1.47007674652681,1.50961473443889,1.70620554964793
Rpl18a,1.86284226974871,2.59649976717228,2.08502682771233,1.1163566803345,2.28824057174362,2.49613946978563,2.43172824689252,2.51235012806592,2.58464539418923,2.41405438412963,2.41792930575963,2.4179556304158,2.52511872154098,2.285061736231,2.49878026600422,2.73898353743341,2.5099616137631,2.36842013525197,2.43624115972636,2.31871276092179,2.51881125715341
Rpl19,0.725479691036614,1.19416605744442,0.69902662464649,0,0.826824238309487,1.20933120788123,0.98222422157543,1.01927997176427,0.989549406947974,0.910957212633119,0.96763548629935,0.901727484194652,1.06699978511909,0.737985532874409,1.04751175169977,1.12787699550446,1.11116005475509,0.949924634203458,0.934585979713062,1.00609458433171,1.05260818323441
Rpl21,1.03763595886589,1.75874424587625,1.0868979443371,0,1.49442101712666,1.76775703291587,1.47178618860737,1.61006925880271,1.51415075690703,1.26656416159649,1.371245402104,1.45114838316828,1.49146611141275,1.0807989170478,1.51401299007708,1.63959557928735,1.63224061017819,1.34170509776997,1.51142522976801,1.43474734244234,1.53411909520245
Rpl22,0.658728968855051,1.18999106587922,0.697984298964302,0,0.925880272201834,1.11731732230032,1.03722884611381,1.08614772240791,1.05105664452808,0.812070582481743,0.927753670968928,0.799369249354404,1.04917682286938,0,1.06916841554705,1.0421423774725,1.01693010327641,0.993999610420618,0.963693122754586,0.901459676765241,1.11122683846311
Rpl22l1,0,0.816037162745727,0,0,0.72440574905888,0.893946730408164,0.732847278625923,0.843459794489033,0.719681597828522,0,0.707239535600912,0,0.789188297451568,0,0,0,0.891792611114036,0,0.632615300151204,0.533881507963408,0.966600593775081
Rpl23,0.934585979713062,1.60865660010019,1.14138442650858,0,1.36095672173882,1.84975087850561,1.24645340361239,1.48171659248578,1.33565888579842,1.25917171746885,1.38975141181039,1.39890431902171,1.3089348331155,1.50987453846406,1.31764046297578,1.58805545107638,1.56364923813347,1.38673434529603,1.31651712696557,1.37925467933175,1.66855116665616
Rpl23a,1.00264652994085,1.61789129830491,1.11825926349075,0,1.35739998276549,1.63970204235743,1.37112297706777,1.74285599552009,1.35017426355194,1.18943877314699,1.25917298276204,1.28706151445869,1.41755541926802,1.12834189746661,1.35732161483233,1.45829703501491,1.52763252388403,1.29447912795667,1.33473387245084,1.40261142673916,1.65467653786273
Rpl26,1.26904886743311,1.9054045622323,1.34454076691552,0,1.51831103315395,2.17428786487605,1.67272402508333,1.93992301112464,1.80766059414667,1.7180065026544,1.66798349693764,1.63904726738797,1.80573729894825,1.5688469376027,1.80182505198709,1.78944766234706,1.90456937675156,1.7276877197415,1.5683850424498,1.7323699898068,1.42904729316317
Rpl27,0.685047114369811,1.16976207076016,0.693117121177778,0,1.0495496233956,1.13153531874848,1.02258800637109,1.13030622348243,1.07220892611991,0.854484928694794,1.04628044557565,0.9928867797502,1.06013597872914,0.767521523943181,1.06699978511909,1.08014217456062,1.1867322585616,0.970733783568979,0.973580026439196,1.03357876867683,0.991557132759152
Rpl27a,0.58672739333689,1.07461992337452,0.234307679323524,0,0.942702136188996,1.14042047193994,0.732370339527218,0.998868001745538,1.02715390200577,0.854484928694794,0.875728603994409,0.707173651886242,0.933276369922031,0.320794090649317,0.98186047041997,0.93888321964207,0.9516234917411,0.911579588500909,0.878603381989597,0.775549999529504,0.999242359251157
Rpl28,0.765409125096178,1.07217705257032,0.7515606678002,0,1.08904503580812,1.17870257931987,1.00779702289668,1.09755363044805,1.04502445925555,0.847995434681845,1.08012620035729,0.94862010140425,1.11778276707935,1.01871627445466,1.08726217065448,1.08014217456062,1.0421423774725,0.912202843544626,1.04626656298934,1.04876021008095,1.12431622529236
Rpl3,1.18998164126652,1.86801407464715,1.18070940221166,0,1.68742670917004,1.86227390813262,1.56478943837561,1.81136064815077,1.7600125659255,1.34170509776997,1.53359641865099,1.44823932221395,1.6962697941477,0.99828138945174,1.75811724263089,1.88836453582542,1.80618578059174,1.70252980289947,1.51142522976801,1.70253797877801,1.50556948512394
Rpl30,0.895678040348347,1.54481405161156,1.02855211780768,0,1.24932378190967,1.56318063395317,1.27909230962069,1.43421019641598,1.25794854916938,1.157283323863,1.25006184905363,1.11517338754799,1.28802025466213,0.920502987789608,1.28035965385429,1.31825663270334,1.34100799191253,1.21780963642877,1.22469469172188,1.26968760502113,1.28441822337794
Rpl31,0.981497277898095,1.66264020011649,1.02596440333223,0,1.2021780483795,1.71093650478067,1.32476449700553,1.56237078946368,1.35588435543178,1.28545589201389,1.38336228055336,1.27535380120232,1.3551677627165,1.14151505199589,1.34733890185929,1.63049351702722,1.44828379488984,1.36309525956731,1.29577920003134,1.39993560263317,1.64447902423241
Rpl32,1.693741269194,2.55444943497624,1.88625873521354,0.990658215672657,2.22912273549453,2.56748727259795,2.24465543996076,2.44235289587065,2.49733258388968,2.14857628591299,2.27194445259324,2.30557997211301,2.31871142162277,1.77837859068946,2.3538398265195,2.55040463883642,2.45266267605887,2.16141973751964,2.11341330967262,2.20827226951451,2.02594724611296
Rpl34,0.84853235065432,1.42716217605191,0.976463375471601,0,1.19601373977005,1.62010165048991,1.21838054238863,1.278929955343,1.27404952560556,1.1603647363222,1.23812469193672,1.24140947934704,1.28930652888631,0.944077633561525,1.22816940806093,1.55638554093815,1.28802025466213,1.19984357874772,1.1845763907979,1.25733822617924,1.36313532135694
Rpl35,0.815521869911747,1.25703668152212,0.776160280991962,0,1.05689791174799,1.38863170930928,1.11021971431578,1.19243163175877,1.07046664704618,0.984409532374651,1.15487670971905,1.10767691419798,1.11873575990215,0.944077633561525,1.165279703587,1.16117545453803,1.20782185117859,1.07133704597501,1.01067935933706,1.16450027929806,1.10837549478985
Rpl35a,0.678183864441656,1.18764827095006,0.679888084986752,0,0.903982200835641,1.29204027525705,1.01610941892872,1.13668122512795,1.11304324449601,0.987339792003485,1.03116185574029,0.860914681618535,1.11021971431578,0,1.06291328827335,1.00760895284962,1.11826437799033,0.972154743485346,1.07659068363122,1.05504904795631,0.85263713851988
Rpl36,1.11714838462288,1.72870385971783,0.978967144574096,0,1.25635747319201,1.84927385649932,1.33369496626334,1.60158612126786,1.53447056177444,1.20875599281083,1.29776290986343,1.42326166871973,1.36454733115239,1.06923021994685,1.36128575500367,1.77230400082611,1.49164766575415,1.29188730934782,1.21895144834849,1.34769476502537,1.2417472433816
Rpl36a,0.815521869911747,1.3973580815868,0.933276369922031,0,1.04289417826215,1.5726434280421,1.16191217566064,1.28678571878868,1.2027989063627,1.10368953234906,1.09180154079319,0.98660552965899,1.1921583575644,0.781700167721963,1.22469469172188,1.23206668343226,1.22934124646919,1.12160500090407,1.08189850640483,1.17339456252797,1.1519043362176
Rpl36al,0,0.909418303448602,0,0,0.849487880223981,1.17471212198136,0,0.633851857195538,0.866651801629942,0.698124581837827,0,0,0,0.751329752962183,0,0.948470735059312,0.248904792602034,0,0,0,1.1762613626787
Rpl37,1.24306767099414,1.90204390267095,1.21196899704873,0,1.93134862851655,1.92119994418667,1.65384621543583,1.82070880843623,1.79664526314158,1.53572123548485,1.65240469262758,1.71912943733815,1.8138463143826,1.39982705431627,1.82341138698959,1.93238084442505,1.90791296373868,1.70725868646448,1.60743898193989,1.72850863338368,1.72772222883251
Rpl37a,1.21818998868816,1.65219883020969,1.20576979010268,0,1.30908271035122,1.82592115924143,1.56234812582025,1.61877939508374,1.49973706021671,1.32237900182418,1.69199565750835,1.56170267453826,1.62105530520036,1.28638454712411,1.64578133015552,1.5905549106335,1.70253343660944,1.45321614400244,1.68390206943501,1.50495811104856,1.47694557790869
Rpl39,1.14113570804076,1.62264300460715,1.12869555239,0,1.26267752683791,1.76312291522795,1.36080292826455,1.58699284838793,1.49973706021671,1.23871538350507,1.33681747180578,1.28322308761753,1.36600272778064,0.781700167721963,1.34357746002328,1.55307996394471,1.5321316918956,1.27909230962069,1.23635500459583,1.48387424791883,1.31189901021948
Rpl4,1.33127725000188,2.03198723545212,1.31611076323575,0,2.01033621513808,2.01168765168663,1.80305691217288,1.86555723466045,1.7600125659255,1.38748728988159,1.83867610070481,1.60712273051796,1.88034102880642,1.25396350081729,1.88255504457882,1.96626312030022,1.89386421321296,1.85852517556222,1.81520581457192,1.83031843932229,1.63231077689331
Rpl5,0.695611572609677,1.04296942153935,0.687523475354876,0,1.11498123086311,1.19599031920863,0.942864018175661,1.07308526966876,0.872300978075165,0.662917464107722,0.956419760838764,0.915961390944265,0.979324799776887,0,0.948232297800913,1.03522111358254,1.04172987803747,0.864971713146489,0.699207261325943,0.835327806008475,1.02715454766347
Rpl6,0.769343176432669,1.2654861638558,0.859428645061702,0,1.35917333281931,1.520561889514,1.17128746086587,1.07903376223735,1.15933568020478,1.01767203951794,1.06356281955259,1.03217259556732,1.19984357874772,0.874970910091693,1.21638562244243,1.21753308479772,1.25611883724382,1.099994023236,1.12448973712484,1.12160500090407,1.16198640506459
Rpl7,1.00913898754107,1.51067044649552,1.07003366155427,0,1.54048236371463,1.68971768959837,1.35839894680921,1.28678571878868,1.23049557061365,1.11021971431578,1.28931201072608,1.34104362910875,1.50871037351178,1.20524575852447,1.32715790199583,1.36917544767192,1.46929603720663,1.67703283774581,1.3210213140276,1.28099734613789,1.28381414483733
Rpl8,1.04751175169977,1.77195005582793,1.08827286448386,0,1.66167451332135,1.6879647101774,1.61160840770968,1.72688150998791,1.62423375684969,1.29708205989029,1.37444502697728,1.57894975161593,1.67703283774581,1.25016709853495,1.71621618897571,1.48409210218836,1.82593542404906,1.56316093143246,1.5683850424498,1.69064192847517,1.66616521880841
Rpl9,0.581213167038021,1.09541094142989,0.73622579185598,0,1.00534736877238,1.16877338928012,0.949925135827282,1.03584461408654,0.951963867504716,0.770663742166113,1.07879583085107,0.915961390944265,1.02556082883587,0.781700167721963,1.08502030112431,1.17792016052193,1.04834635726707,1.00913898754107,0.935899398253259,0.943527440814,1.1009460230034
Rplp0,1.2003965328212,1.80843120638745,1.460330556707,0,2.16351867013617,1.86428763814303,1.54059648531108,1.57070446658979,1.78844480455012,1.32783972747234,1.38187467810839,1.46937878845319,1.67475689664657,1.07545234047528,1.63709350095295,1.77278273119612,1.80104493980646,1.49440860671139,1.4970676741337,1.54156156269506,1.13306280871644
Rplp1,1.32537644377666,1.91188307388521,1.49069068266421,0,1.94509970936635,2.04989914377451,1.64760691634153,1.70019458387004,1.9073032710792,1.57051829312133,1.59054496441124,1.50081343937482,1.80708312072641,1.21109595667703,1.72525601122425,2.11249059616558,1.89386421321296,1.7048905925275,1.73134967337521,1.83309118677861,1.54900299024344
Rplp2,0.973937025046645,1.72616706549981,0.966848401730854,0,1.53489991749069,1.54704667661883,1.32034395839005,1.4864252239682,1.49440860671139,1.23400414468982,1.29710443869523,1.23712604361358,1.30429804801002,0.953231270154762,1.31226879880109,1.5905549106335,1.32068319398146,1.20875599281083,1.21895144834849,1.27562158755978,1.12508703190118
Rps10,0.58672739333689,1.05099897398764,0,0,0.56889898973806,1.18438640368715,0.877456745853455,0.925037020062173,0.798085977001235,0.69525407588184,0.6966865032257,0.866255744363635,0.921021814827956,0,0.850944273147235,0.937220966373797,0.753783988346795,0.768465369778076,0.76758961093919,0.851012331343128,1.06136862186398
Rps11,1.23517838856564,1.94174776594392,1.2034507668295,0,1.64884344809914,2.05100259471391,1.67665542390797,1.85810839760167,1.87300464275199,1.76382986348752,1.47350483136828,1.68565565748848,1.73134967337521,1.12834189746661,1.70431817764105,2.06339521313575,1.8710598213035,1.74492664880691,1.61683864793562,1.70253343660944,1.87087086987945
Rps12,0.840024733766298,1.50452490820045,0.859977291253501,0,1.26802408183266,1.55010763411493,1.20707673382093,1.29512916399401,1.35159694756902,1.1416331449764,1.19819035302481,1.19367998706226,1.24705255910611,0.782191677301639,1.25611883724382,1.29838912046741,1.31294316300738,1.17076218085636,1.14312819619473,1.2653256844367,1.19402833481794
Rps13,0.981497277898095,1.75571447788571,1.12795416031239,0,1.55238432122457,2.00091652242105,1.37604022497716,1.70844640416596,1.5270129889437,1.23989916166192,1.28099734613789,1.36310188545515,1.44934209063113,1.44163035076896,1.49721839412046,1.56218565362788,1.66966121567051,1.33334892067138,1.26780521974955,1.36965626747326,1.29538882435469
Rps14,1.70725868646448,2.31281423493806,1.7962000194913,0.911579588500909,2.04980589992348,2.50094558675982,2.13227068174336,2.23538188951108,2.09406250992046,1.83086842778548,2.2478185336943,2.05581310610785,2.24613950866004,1.94149678331636,2.26157548179614,2.19622108887936,2.29302959327624,2.25810655215748,2.08928936789191,2.17258792765692,2.38941846538507
Rps15,0.827587029677465,1.29773488846666,0.985900104211777,0,1.28899916711652,1.62854064649507,1.25126629988966,1.3322432330294,1.27593560283183,1.16657972194135,1.21496751385721,1.19547753011951,1.29188730934782,1.04447063971338,1.25733822617924,1.0580476467056,1.3508952428752,1.23989916166192,1.19070628002857,1.2628615503957,1.07335791207815
Rps15a,1.33751303627619,1.8425367687445,1.58302081461283,0,1.64220828363578,1.83283406011852,1.82616641519134,1.93046243442977,1.8138463143826,1.67248780030817,1.55377716375595,1.74106362530127,1.94307048145067,1.07545234047528,1.92163521931928,1.89199055365789,1.8749552196137,1.82616523792688,1.74120026593832,1.91802871782902,1.49234209466106
Rps16,0.878026560032475,1.37443735786624,0.922936408099116,0,1.31014984628521,1.54943889893964,1.22239167436273,1.181686977554,1.30100746149548,1.15117189942933,1.16632089425337,0.963391231261365,1.26408977977218,0.963373387599784,1.23753400036836,1.4030150075718,1.28802025466213,1.08189850640483,1.19543925159188,1.23753519405045,0.732879222371499
Rps17,0.920068502899532,1.5368331224237,0.971088753994918,0,1.32962644963308,1.82448795083007,1.28100270939747,1.44084337467647,1.26904886743311,1.12160500090407,1.34111765252712,1.13571199525145,1.37333001497051,1.10798351462774,1.31764046297578,1.5155607863686,1.41446385173586,1.23989916166192,1.20316940495386,1.33508300251677,1.49234209466106
Rps18,0.799509714883407,1.45405128952353,0.746155021537722,0,1.69860352323865,1.58153473108247,1.18781434318949,1.4561365701204,1.31427731616514,1.07923776739239,1.16217318744669,1.15472884979145,1.2143977460594,1.39982705431627,1.1921583575644,1.43191737523231,1.27782763355989,1.16242863271978,1.15523860462042,1.16815651008672,1.2826096940013
Rps19,1.40196238653619,2.02949571831296,1.46371524730803,0,2.01952586813707,2.00607369898658,1.8748333627382,1.90248191021005,1.90464326572721,1.66169036301448,1.95887260342726,1.7275918427908,2.00226412188548,1.63155094586845,2.01426367275996,2.11306519831781,1.85233273427532,1.84901239101579,1.87593137362118,1.91802871782902,1.87934174799794
Rps20,1.14113570804076,1.62708294965292,1.13989552645931,0,1.49660808099743,1.82836716328552,1.44057072251727,1.6184172458878,1.66740718591463,1.31831485762595,1.39662822411998,1.26780521974955,1.50600612081462,1.12115666915702,1.53493946001701,1.59509807190091,1.54962724716822,1.31831485762595,1.30628094142511,1.39917512278314,1.87934174799794
Rps21,0.981860330928257,1.56953716013285,0.978762420209256,0,1.3508952428752,1.61719120657648,1.21872295000119,1.36965963541943,1.2681158885676,1.12448973712484,1.2778289631955,1.11969816408743,1.26904886743311,1.08326647405434,1.25187037843027,1.39544947625738,1.34451705942254,1.1867322585616,1.20205863242163,1.29253733598804,0.953849004334044
Rps23,0.878026560032475,1.58396123119249,1.1534925900286,0,1.45477727700155,1.70708858670061,1.25005937955818,1.57002543975255,1.54343050923286,1.17181274087538,1.22787980117931,1.2765868204713,1.33058822289383,0.949314650927102,1.35875887423289,1.44784168002638,1.4371753297822,1.26285643914399,1.23439529620939,1.34804983442553,1.20793785045329
Rps24,1.20539747483103,1.94121957092753,1.34897003124104,0,1.47976400402228,1.83248402618632,1.69549178709366,1.7773404369723,1.66012862965176,1.50690636433815,1.64982559029241,1.47380283573061,1.66180204000884,1.47558828102722,1.66853346194152,1.85120057807772,1.84054523411978,1.4599098487384,1.73749163855967,1.73257418208464,1.80037823529697
Rps25,0.842135151450181,1.38812571414409,0.834536353371825,0,1.16029117341573,1.48273703193713,1.10834900403369,1.24886231327447,1.3089348331155,1.10461748058711,1.13723021987233,1.01673701362644,1.21780963642877,0.320794090649317,1.20539747483103,1.21908876442456,1.32154241524448,1.13421913679969,1.11873575990215,1.22354146127625,1.09749892097594
Rps26,1.95547191410001,2.68090637090627,1.95319969583144,0,2.11850683844944,2.77014416676292,2.36009581878769,2.52055651149445,2.43624115972636,2.10254078946221,2.45915503307351,2.24693271216925,2.53585035416774,2.11738661069625,2.50879325440878,2.43223028196984,2.59176604394328,2.35633546068973,2.43624115972636,2.50530429111629,2.31028693944847
Rps27,1.67248780030817,2.26452907263902,1.69490497392335,0,1.87666500836749,1.9156131290808,2.00767123468578,2.24799943744897,2.01253780566554,1.85709118426343,2.28250636897532,1.99717717987317,2.1481750392015,1.99719189112741,2.27175457894922,2.37826520199106,2.20720048981843,2.13424168946471,2.00396797655251,2.24036031119305,2.07818931808825
Rps27a,1.34498510263437,1.84960748791985,1.33791268186399,0,1.56678670044481,1.890532439411,1.60021380351049,1.812150238173,1.82478713851672,1.64098616521536,1.82962821235275,1.59577457901496,1.78450698774663,1.29496449509762,1.81046471755451,1.79148881462533,1.8435950704514,1.66392706844895,1.49884611435113,1.77766309868239,1.63125357935729
Rps27l,0.633796923323813,1.18191388368107,0.629651101346703,0,1.14993186948174,1.55411250088108,1.00875602761973,0.998115816576815,0.962994876622299,0.908476462671885,0.680712649642205,0.818574433849162,0.962994876622299,0.666855838966552,0.928722950484828,0.988475387836692,1.02516737461077,0.907241313182135,0.79057965222052,0.79550130551438,0.996426680420818
Rps28,0.827587029677465,1.35732161483233,0.870215638348744,0,0.903507241046156,1.5515449071564,1.08323422307551,1.30299708339906,1.26780521974955,0.992883164441457,1.20156488800867,1.20822818924052,1.17444785978216,1.06923021994685,1.17603594649055,1.50495344264513,1.2437631503314,1.12160500090407,0.980047848966199,1.22124188744921,1.10035026464919
Rps29,1.5900082124728,2.22756507648506,1.6551924422809,0,2.03730491882985,2.09643550762457,1.94439534822497,2.21001937324771,2.27022728203044,2.29807871459939,1.93202454924772,1.86912757625381,2.06458026381882,1.29158687811217,2.03169546113722,2.17700265928603,2.06641169582622,2.0560920467106,1.88972824683963,1.91648948968426,1.96757702807132
Rps3,1.1613957186015,1.80510091654927,1.21223337888985,0,1.57661525229457,1.91469715159002,1.6850539000226,1.87271259222701,1.70252980289947,1.57002543975255,1.55035261185122,1.69844312501793,1.67097885544597,1.23205551163429,1.64578133015552,1.90123567181286,1.88700026738244,1.60055347134882,1.50062915979274,1.58070067584065,1.44610257926937
Rps3a1,1.30694333682998,1.79472542321908,1.3128395792301,0,1.65540855416665,2.03333380899955,1.69744213711851,1.82863204469874,1.7048905925275,1.36746146162911,1.59663819588632,1.48200953229388,1.80753223075994,1.42938495575883,1.77410182982908,1.87410297737582,1.89867037634598,1.6793156574686,1.65126643297749,1.60450470495458,1.76303748863708
Rps4x,0.755539973315199,1.13032035241059,0.79314364360817,0,0.939574781753072,1.39088656856061,1.07571809286725,1.14215388646633,1.0851692261945,0.826058868013221,1.18350258262854,0.982590769916254,1.14213103820851,0.696391830035323,1.12982108681984,1.15181027839968,1.16346737091529,1.08012315771511,0.988811727908581,1.04178192677693,1.00493486933735
Rps5,1.11714838462288,1.86020418398072,1.27625355161022,0,1.38284170386296,1.83960979409467,1.55684684877039,1.77798708990527,1.64069659012751,1.40273325445395,1.3368639671121,1.42230660896564,1.5981588517118,1.2807732539271,1.72444724476002,1.77778633352665,1.67117016177083,1.5223920459976,1.34451547896087,1.54491975883162,1.72345101264728
Rps6,0,0.575559906664952,0,0,0.28135679886349,0.694464939558028,0,0,0,0,0,0,0,0,0,0.537783627710207,0,0,0,0,0
Rps7,1.10461748058711,1.74389044228396,1.02596440333223,0,1.52389975335967,1.86587782362019,1.52562364716696,1.71802997822278,1.50152241549252,1.16657972194135,1.70614787240986,1.57897397667751,1.68390206943501,1.30969846501283,1.62671549777881,1.60296582368196,1.69433206339807,1.57645912554895,1.47064608159213,1.50781307170582,1.2394392272025
Rps8,1.20205863242163,1.89267211923204,1.06358234615478,0,1.55569267316091,2.04143734710587,1.64925026313425,1.669287103249,1.65016601584363,1.54867036107345,1.5482119255012,1.47095033126261,1.66180204000884,1.25016709853495,1.56806011503572,1.88780849757743,1.85304349653901,1.53728771410867,1.60743898193989,1.64470821174313,1.68195862464007
Rps9,1.76638506477433,2.3236173915995,1.71725967536243,0,2.12322817629942,2.35340889277961,2.0955760116815,2.18295123786877,2.24762709846693,1.95265572512272,2.20346382804749,2.00826304156355,2.21831459452804,1.88674247964963,2.29139018558863,2.30490132326779,2.25944518925302,2.10317672207791,2.12246673990965,2.20770007753151,1.89802053209116
Rtn1,0,0,0,0,0,0,0,0,0,0,0,1.25247818332731,0,0,0,0,0,0,0,0,0
S100a11,0,0.6039315975346,0,0,0,0,0,0.849687463154224,0,0,0.655465333027302,0,0,0,0,0,0,0,0,0,0
S100a6,0,0,0,0,0,0,0,0,0,0,0,0,0,0,0,0,0,0,0,0,0
Sec61b,0,0.627788900209406,0.260893648896274,0,0,0.997891979066614,0.747478152725485,0,0.700293369941163,0,0,0,0.834795953837301,1.06141608636779,0,0.784711205297809,0,0,0,0.689233603506988,0.971470141436747
Sec62,0,0,0,0,0,0.424436649965035,0,0,0,0,0,0,0,0,0,0,0,0,0,0,0
Selenoh,0,0.750733814340095,0,0,0,0.795724598704187,0.979327013110737,0.773430290141721,0,0,0,0,0,0,0,0,1.03197011774794,0,1.1111592200192,0,0.449345705865654
Selenop,0,0,0,0,0,0,0,0,0,1.32783972747234,0,0,0,0,0,0,0,0,0,0,0
Selenow,0,0,0.857219514816348,0,0.503030507656121,0,0,0,0,0,0.787374375324634,0.790178166065832,0.730977982676825,0.707123608534952,0.770972775785613,0,0,0.776888262411151,0,0.800700221321757,0.330973042520417
Sem1,0.582207926536618,0.656021240176077,0,0,0,0.849017009074641,0.775992748726633,0.591691999815981,0.802372876667447,0.620189831868869,0,0.906625038195795,0.74965906752592,0.331458732053861,0,0.234790560103207,0.851502270723269,0.84853235065432,0,0,0.872273076576228
Sept7,0,0,0,0,0,0,0,0,0,0,0,0,0,0,0,0,0,0,0,0,0
Serbp1,0,0.96915803452279,0,0,0.873290941468835,1.03078483396228,0.937876705092618,0.941427265122112,0.620473164826396,0.625618491135444,0.890295790229222,0.632372991687316,0.936557541170886,0,0.866653298436481,0.898401826235205,1.07047329487939,0.787801952283982,0.878603381989597,0.624979378382774,0
Serf1,0,0.0884538339706533,0,0,0,0.606353534614265,0,0.658663887623728,0,0,0,0,0,0,0,0,0,0,0,0,0
Serf2,0,0,0,0,0,0,0,0,0,0,0,0,0,0,0,0,0,0,0,0,0.831615947660387
Serp1,0,0,0,0,0,0.628096535649061,0,0,0.564345951560415,0,0,0,0,0,0,0,0,0,0,0,0
Serpinh1,0.72625998507426,0,0.646443089340117,0,0,0,1.08323422307551,0,0,0,1.07879583085107,0,1.24585424811867,0,0.999622548976633,0,0,0.930668508370098,0.76758961093919,1.2659449230166,1.05260818323441
Sfr1,0,0,0,0,0,0,0,0,0,0,0,0,0,0,0,0,0,0,0,0,0
Sfrp1,0,0,0,0,0,0,0,0,0,0,0,0,0,0,0,0,0,0,0,0,0
Sh3bgrl3,0,0,0,0,0,0,0,0,1.16866700691239,0.937876705092618,0,0,0,0,0,1.02597807216526,0,0,0,0,0
Siva1,0,0,0,0,0,0.206392697562394,0,0,0,0,0,0,0,0,0,0,0,0,0,0,0
Slc25a3,0,0.990288230379616,0.236660354459731,0,0.272466396846027,0.856945011010039,0.636706805982399,0.873729852542752,0.379523507631947,0.687133771648861,0.851774259907602,0.707173651886242,0,0.944077633561525,0,0.629705374108734,0.757026501397175,0.930668508370098,0.536990209252955,0,0.971470141436747
Slc25a39,0,0,0,0,0,0,0,0,0,0,0,0,0,0,0,0,0,0,0,0,0
Slc25a4,0.826058868013221,0.97536787711943,0.800708960370243,0,0,0.58425273198,1.14113570804076,0.991405669164599,0,0,1.22469469172188,1.25006184905363,1.21553279233999,0.972527024193021,1.2316627432179,0.809333543919083,1.30960046727544,1.36309525956731,1.157283323863,1.22498343136019,1.14442567161083
Slc25a5,0.623321020026804,1.47065206593974,0.589027489820214,0,1.45681936190001,1.37419662743513,0.973223434873167,1.01183923701486,1.70017628069139,1.45404921881979,0,1.22586872903143,1.09632435426914,1.33510228941692,0.978243540733612,1.67129983474607,1.50774445690218,0.901117219936455,0,0.822767733624276,1.63016682414971
Slirp,0,0,0,0,0,0.503927428043079,0,0,0,0,0,0,0,0,0,0,0,0,0,0,0
Smdt1,0,0,0,0,0.540223311458597,0.174996375580952,0,0.191297209328746,0.758943059796953,0,0,0,0,0,0,0.554566427603682,0,0,0,0,0
Snai2,0,0,0,0,0,0,0,0,0,0,0,0,0,0,0,0,0,0,0,0,0
Snca,0.622749327181058,0,0,0,0,0,0,0,0,0,0,0,0,0,0,0,0,0,0,0,0
Snrpb,0,0.630120842627957,0,0,0,0.721049126348995,0.852323214118289,0.505906161237755,0.660011990161078,0,0,0,0,0.335397106912691,0,0.545442692441236,0.862742370205704,0.586980561365274,0.756812466528426,0,0.31454856718393
Snrpd1,0,0.822017028123547,0,0,0.507645523814414,0.718344832456297,0.731195693437719,0.711548546245674,0,0,0,0,0,0,0,0,0.868903913677795,0,0.545805715122046,0,0
Snrpd2,0,0,0,0,0,0.541117583009522,0,0,0,0,0,0,0,0,0,0,0,0,0,0,0
Snrpd3,0.660977598096716,1.00176224837744,0.544964616263589,0,0.82180978918389,1.15193921912519,1.06786429833402,1.07178188524802,0.872300978075165,0.631438144688054,0.845932699155589,0.995513272554175,1.04876003735974,0,1.03866771010958,0.940156670534846,1.19325092997521,1.02476622110677,0.995492270570694,0.833761194247537,1.08230324211495
Snrpe,0,0.715111596215524,0,0,0.217991247343801,0.709924559778049,0.6444841138873,0.541900470931225,0,0,0,0,0,0,0,0.730814318003362,0.654752379793464,0,0,0,0
Snrpf,0,0.633957624360855,0,0,0,0.789174092267337,0,0.482419498980925,0,0,0,0,0,0,0,0,0.624210697872168,0,0,0,0
Snrpg,0,1.19163469293175,0.746155021537722,0,0.782080519475497,1.13724553676245,0.99849691634322,1.21383134349542,0.884609949235913,0.542115207944992,0.943369090286808,0.921986401718822,1.05168481532986,0.320794090649317,1.09427146465684,1.13128179006868,1.20205971542935,0.8689024044843,1.03600883908869,0.861684481239634,0.903893376338838
Son,0.707993556357721,0,0.657308952902237,0,0.718747320167817,0.174996375580952,0.949248901244449,0.650203329882491,0,0.88617380394567,1.07310090576929,1.10230087348759,0.902335200899014,0.894748622530888,1.0299543875617,0.862743476802616,0.921381088752662,1.03845151900394,1.06013597872914,1.03930128453144,1.00493486933735
Sparc,1.14914982537732,0,1.14839492747421,0,0,0,1.76894858684836,0.600114820764181,0,0,2.4707151729917,0,1.9073032710792,0,1.28417778523505,0,1.06656971915113,1.26285643914399,1.22009552964424,2.32515058440068,2.12307482571532
Sparcl1,0,0,0,0,0,0,0,0,0,0,0,0,0,0,0,0,0,0,0,0,0
Spc24,0,0,0,0,0,0,0,0,0,0,0,0,0,0,0,0,0,0,0,0,0
Sqstm1,0,0,0,0,0,0,0,0,0,0,0,0,0,0,0,0,0,0,0,0,0
Srsf2,0,0,0,0,0,0.478003500847167,0,0,0,0,0,0,0,0,0,0,0,0,0,0,0
Srsf3,0.759798737194855,1.01767767819495,0.839215626605338,0,0.82657050918479,1.12133598696988,1.25309222047821,1.10105232909982,0.827076997516348,0.70947988434265,0.953328910857367,1.17656522419071,1.11778276707935,0,1.1192131099227,0.958409261454536,1.20178296888753,1.0216005740185,1.26285643914399,1.05169109001462,1.03486491030535
Srsf6,0,0,0,0,0.241768095181814,0.618500602874388,0,0,0,0,0,0,0,0,0,0,0,0,0,0,0
Srsf7,0,0.624324085144721,0,0,0.553823195709517,0.610852943547588,0.729624219135541,0.768490968368994,0,0,0,0,0,0,0,0.548706267022043,0.683149242627219,0,0.756812466528426,0,0
Ssr2,0,0,0,0,0,0.901294743534598,0,0,0,0,0,0,0,0.781700167721963,0,0,0,0,0,0.28584588647947,0
Stmn1,0.732167280686707,1.07813434401076,0.860527386071083,0,0.926355231991318,1.03866268911411,1.3287552168284,1.13275402087905,0.679715857011869,0.765844207470516,1.14717591513229,1.75673652516786,1.06959772540403,0,1.02199659470696,0.791409302626224,1.51507121487938,1.06269906777871,1.46412747047114,0.815775799286844,0.970209293052071
Stmn2,0,0,0,0,0,0,0,0,0,0,0,0,0,0,0,0,0,0,0,0,0
Stub1,0,0,0,0,0,0.485911417761935,0,0,0,0,0,0,0,0,0,0,0,0,0,0,0
Sub1,0.83066084591642,1.16763123007721,0.91724273558463,0,0.553823195709517,1.22532789032813,1.36710911831754,1.14563119974391,1.11304324449601,0.897483555459765,1.18350258262854,1.17251599168948,1.26408977977218,0.99828138945174,1.27909230962069,1.27876300485768,1.18511484046511,1.12160500090407,1.23283226541415,1.20354062827432,1.06136862186398
Swi5,0.699568915698077,0.94794425199347,0.827078288234627,0,0.533585671915553,0.928075623908128,1.08838611396876,1.00915422905519,0.572894765344827,0.662917464107722,0.881851703981747,1.12405663338046,1.06013597872914,1.06923021994685,1.05547054111572,0.927433984229946,1.07177446923547,1.03600883908869,0.973580026439196,0.963345049221373,0
Taldo1,0,0,0,0,0,0.419663477971984,0,0,0.933276369922031,0,0,0,0,0,0,0,0,0,0,0,0
Tbca,0,0,0,0,0,0.48021440503764,0,0,0,0,0,0,0,0.819702309395371,0,0,0,0,0,0,0
Tceal9,0.757663233843052,1.06312768932555,0.812546164162689,0,0,1.28771290933985,1.05928519695258,1.5734909311465,0,0,1.41105665636401,0.79823314003284,1.15117189942933,1.27557092293904,1.18592342039039,0,0.678537753559657,1.03845151900394,1.25066222134905,1.20763538922103,0.769096237657115
Tcf21,0,0,0,0,0,0,0,0,0,0,0,0,0,0,0,0,0,0,0,0,0
Tead2,0,0,0,0,0,0,0,0,0,0,0,0,0,0,0,0,0,0,0,0,0
Tecr,0,0.660977758041301,0,0,0.755961196415379,0.673211183516682,0,0.693405904574101,0,0,0.185050607470472,0.901727484194652,0,0.953231270154762,0,0.554566427603682,0.672633349155643,0,0.536990209252955,0,0
Tgfb1i1,0,0,0,0,0,0,0,0,0,0,0,0,0,0,0,0,0,0,0,0,0
Tgfbi,0,0,0,0,0,0,0,0,0,0,0,0,0,0,0,0,0,0,0,0,0
Timm8b,0,0,0,0,0.217991247343801,0.638133870028011,0,0,0,0,0,0.822313202929183,0,0.320794090649317,0,0,0,0,0,0,0
Tmem176b,0,0,0,0,0,0,0,0,0,0,0,0,0,0,0,0,0,0,0,0,0
Tmem256,0,0,0,0,0,0.607034451989142,0.61109026932459,0,0,0,0,0,0,0,0,0,0,0,0,0,0
Tmsb10,1.13421913679969,1.46455188093443,1.17103214224609,0,0,1.11280868561454,1.5100701654494,1.6850539000226,1.3196666027525,0.669137551305836,1.88367378933459,1.8198792311223,1.63492871460524,1.00374521564695,1.44370966260659,1.49605886876901,1.47650962096824,1.46582192840245,1.40660133972779,1.66404931864948,1.86956167723227
Tmsb4x,1.83031369004975,2.28035624897589,1.98255428541323,0.979324799776887,1.01252477337342,0.887140711168972,2.05956844090806,2.36035533656227,4.94223372060322,4.96782252649212,3.1173290656841,3.09743335329828,2.03876484298,2.56528523583964,2.50554010650625,3.82141589771128,2.71288876459433,3.18178727703689,2.44168436983334,2.67319082018596,3.48924747096167
Tpi1,0,1.04049644914155,0,0,0.241768095181814,0.838278666928121,0,0.750499401237163,0,0,0.711652650016634,0,0,0,0,0,0,0,0,0,0
Tpm1,0.549547424119945,0.816299481221043,0.286930429330987,0,0,0,0.880338938022079,0.73262827618199,0,0,0.565167727023926,0,0,0,1.03115924024752,0,0,2.3043800240474,1.02397289497264,1.07177298604746,0
Tpm2,0,0,0,0,0,0,0,0,0,0,0,0,0,0,0,0,0,1.39050788735068,0,0,0
Tpm4,0,0,0,0,0,0,0.779597190131452,0,0,0,0,0,0,0,0,0,0,0.843725134427234,0,0,0
Tsc22d1,0,0,0,0,0,0,0.512676658479931,0,0,0,0.840294811385293,0,0,0,0.764324195400596,0,0,0,0.940858934083533,0.723407547524456,0
Tshz2,0,0,0,0,0,0,0,0,0,0,0,0,0,0,0,0,0,0,0,0,0
Tspan3,0,0,0,0,0,0,0,0,0,0,0.711293838283326,0,0,0.736659599603724,0,0,0,0,0,0,0
Ttr,0,0.496287818978546,0,0,0,1.3717653685708,0,0,0,0,0,0,0,0.767521523943181,0,0,0,0,0,0,0
Tuba1a,0,0,0.612227644926201,0,0,0,0.758659610545224,0,0,0,0,2.08368038282192,0,0,0,0,1.3089348331155,0,0,0.689233603506988,0
Tuba1b,0.733360538086154,1.06056387522717,0.813934217879228,0,1.00223912089998,1.0349956222039,1.53075417513748,1.11778617196001,1.00990856228153,1.03804357189253,1.01737869748186,0.920722991404062,1.07220892611991,0,0.995119979888275,0.861361863184663,1.2437631503314,0.709852461557564,1.76809315220151,0.888830747464477,1.04489782059253
Tuba1c,0,0,0,0,0,0,0.340072085723961,0,0,0,0,0,0,0,0,0,0,0,0.93197055179958,0,0
Tubb3,0,0,0,0,0,0,0,0,0,0,0,1.29449163053122,0,0,0,0,0,0,0,0,0
Tubb4b,0,0,0,0,0.758929237150572,0.637105143724481,0.882666685419361,0,0,0,0,0,0,0,0,0,0,0,0.921021814827956,0,0
Tubb5,0.706144554705402,1.09710064962117,0.807568943386549,0,0.942965366756709,1.13724553676245,1.5123331438972,1.19079751579361,0.499813848981731,0.826058868013221,1.06873688979577,1.59025046206986,1.157283323863,0.963373387599784,1.08412649217214,0.69779170593908,1.54867100714939,1.04172717437283,1.52147151659003,1.11636176624945,0.737475937894505
Tubb6,0,0,0,0,0,0,0,0,0,0,0,0,0,0,0,0,0,0,0,0,0
Txn1,0.379838886886087,0.982965164717939,0,0,0.241768095181814,0.827085064578772,0.806465293951318,0.873729852542752,0.702475941168482,0,0,0,0.856670868624549,0,0,0,0.754065802730396,0,0.91911722862599,0,1.00140018240475
Tyms,0,0,0,0,0,0.367908513153604,0,0,0,0,0,0,0,0,0,0,0,0,0,0,0
Tyrobp,0,0,0,0,0,0,0,0,1.99211084333206,1.69782998927968,0,0,0,0,0,0.940861974198013,0,0,0,0,0
Ubc,0,0,0,0,0,0.206392697562394,0.669468882786276,0.160474757234962,0.718342293691726,1.02397289497264,0,0.797609656666978,0,0.949314650927102,0,0.593404965055125,0,0,0.740604371637927,0.559597717115252,0
Ube2c,0,0,0,0,0,0,1.22758816018587,0,0,0,0,0,0,0,0,0,0,0,1.25066222134905,0,0
Ube2l6,0,0,0,0,0,0,0,0,0,0,0,0,0,0,0,0,0,0,0,0,0
Ubl5,0,0.505331214224385,0,0,0.653798867875652,0.636544718960038,0,0,0,0,0,0.753498385689207,0,1.06923021994685,0,0.860249964261263,0,0,0,0,0
Ucp2,0,0,0,0,0.689557101652615,0,0,0,0.810600619023401,0,0,0,0,0,0,0,0,0,0,0,0
Upk3b,0,0,0,0,0,0,0,0,0,0,1.19324987319684,0,0,0,0,0,0,0,0,0,0
Uqcr10,0,0.823272956214171,0,0,0.825297039038244,0.856227346758151,0.600259468074888,0.612840119064224,0.632910286089046,0,0,0,0,0.949314650927102,0,0.61681550807165,0.646210528080816,0.53783755800864,0.47119967794073,0,0
Uqcr11,0,0.697534831090912,0,0,0,0.689496582839103,0,0,0,0,0,0,0,0.696391830035323,0,0,0,0,0,0,0
Uqcrb,0.591061587037231,1.0331756243055,0.649444776136351,0,0.903507241046156,1.07597614515665,0.883831747391786,1.03283623126841,0.852852992146804,0.876300768156483,0.98240826345065,0.738857178618229,0.990288230379616,1.0725576025896,0.889715040986615,0.624421875539274,0.811214735069122,0.966496639452814,0.669468217141287,0.706459042797098,1.03566273658
Usmg5,0.660977598096716,1.03357876867683,0.535522184575247,0,0.829379277186227,1.12723819137449,0.842664460680156,0.957794497054508,0.759798737194855,0.550880454349701,0.867829711113239,1.06805193178235,0.882663115689342,1.00374521564695,0.874600828232582,0.955321722675299,0.916590855355837,1.00913898754107,0.788725627142748,0.922938694819805,0.917931589519646
Vcp,0,0,0,0,0,0.538046810367487,0,0,0,0,0,0,0,0.782191677301639,0,0,0,0,0,0,0
Vim,0,0,0,0,0,0,0,0,0,0,0,0,0,0,0,0,0,0,0,0,0.975411257659602
Xist,0,0,0,0,0,0,0,0,0,0,0,0,0,0,0,0,0,0,0,0,0
Ybx1,0,0.730394035267269,0,0,0,0.702885212236276,0.841342553485173,0,0.660977598096716,0.698124581837827,0,0.66898793645232,0.730187307077933,0,0,0.553907754333865,1.01011800258662,0.636770697833657,0,0.739506938620765,0.753900413230991
Ypel3,0,0,0,0,0,0,0,0,0,0,0,0,0,0.736659599603724,0,0,0,0,0,0,0
Ywhab,0.512767685370207,0.564028886958199,0.515254765589936,0,0,0,0.910957651262705,0.636063249433216,0.59442003530287,0,0,0.869343332183259,0.841606525499588,0.890832003303228,0.767399086891509,0.545442692441236,0.870599793051493,0.742642573917604,0.874581953248011,0.738577795169358,0.971470141436747
Ywhae,0,0.743771378775245,0,0,0,0.82555205136637,0.832981732153699,0.827848841604218,0,0,0,0.956070184330271,0.73696426948048,1.00956263786143,0.617652127078439,0,1.01109113526183,0.788725627142748,0.921021814827956,0,0
Ywhah,0,0,0,0,0,0,0,0,0,0,0,0,0,0,0,0,0,0,0,0,0
Ywhaq,0,0.633212412671265,0,0,0,0.599580623302881,0.68487742570864,0.768490968368994,0,0,0,0,0,0.890832003303228,0,0,0,0,0,0,0
Zfas1,0,0,0,0,0,0,0,0,0,0,0,0,0,0,0,0,0,0,0,0,0
Zfp36,0,0,0,0,0,0,0,0,0.736160316796924,1.14014220043421,0,0,0,0,0,0,0,0,0,0,0
