,unassigned,Neonatal-Muscle_18,Neonatal-Muscle_20,Neonatal-Muscle_19,Neonatal-Muscle_21,Neonatal-Muscle_11,Neonatal-Muscle_5,Neonatal-Muscle_12,Neonatal-Muscle_3,Neonatal-Muscle_9,Neonatal-Muscle_24,Neonatal-Muscle_23,Neonatal-Muscle_26,Neonatal-Muscle_7,Neonatal-Muscle_27,Neonatal-Muscle_15,Neonatal-Muscle_2,Neonatal-Muscle_6,Neonatal-Muscle_1,Neonatal-Muscle_16,Neonatal-Muscle_17,Neonatal-Muscle_14,Neonatal-Muscle_22,Neonatal-Muscle_8,Neonatal-Muscle_10,Neonatal-Muscle_4,Neonatal-Muscle_13,Neonatal-Muscle_25
1500015O10Rik,0,0,0,0,0,0,0,0,0,0.780811324915094,0,0,0,0,0,0,0,0,0,0,0,0,0,0,0,0,0,0
2010005H15Rik,0,0,0,0,0.795495652607662,0.565507968268888,3.18603347131809,0,3.66023758419798,0,0,0,0,0,0,0,0,0,0,0,0,0,0,0,0,0,0,0
2410006H16Rik,0,0,0.598572093802039,0,0,0,0,0,0,0,0,0,0,0,0,0,0,0,0,0,0,0,0,0,0,0,0,0
3110079O15Rik,0,0,0,0,0,0,0,0,0,1.41185386497152,0,0,0,0,0,0,0,0,0,0,0,0,0,0,0,0,0,0
AA467197,0,0,0,0,0,0,0,0,0,0,0,0,0,0,0,0,0,0,0,0,0,0,0,0,0,0,0,0
AB124611,0,0,0,0,0,0,0,0,0,0,0,0,0,0,0,0,0,0,0,0,0,0,0,0,0,0,0,0
Acadl,0,0,0,0,0,0,0,0,0,0,0,0.454521204199775,0,0,0,0,0,0,0,0,0,0,0,0,0,0,1.93415110427503,0
Acod1,0,0,0,0,0,0,0,0,0,0,0,0,0,0,0,0,0,0,0,0,0,0,0,0,0,0,0,0
Acta1,0,0,0,0,0,0,0,0,0,0,0,0,5.51491664909279,0,0,0,0,0,0,0,0,1.9516601316732,0,0,0,0,0,0
Acta2,0,0,0,0,0,0,0,0,0,0,0,0,0,1.54345866907919,0,0,0,4.04597441482902,0,0,3.95739733507013,0,0,0,0,0,0,0
Actc1,0,0,0,0,0,0,0,0,0,0,0,0,2.05613342637738,3.36001493347163,0,0,0,0,0,0,0,0,0,0,0,0,0,0
Actg1,0,0.446965977637998,0,0,0,1.19679702303993,1.88874463507449,0.644872350879051,0,0.907907066239315,0,0,0,0,0.633590190941939,0,0,0,0,0,0,0,0,0,0.668244709078107,0,0,1.04808180953566
Actg2,0,0,0,0,0,0,0,0,0,0,0,0,0,0,0,0,0,0,0,0,2.25649560762437,0,0,0,0,0,0,0
Adamts1,0,0,0,0,0,0,0,0,0,0,0,0,0,0,0,0,0,0,0,0,0,0,0,0,0,0,0,0
Adh1,0,0,0,0,0,0,0,0,0,0,0,0,0,0,0,0,0,0,0,0,0,0,0,0,0,0,0,0
Adipoq,0,0,0,0,0,0,0,0,0,0,0,2.39538749117915,0,0,0,0,0,0,0,0,0,0,0,0,0,0,1.44148642640797,0
Adpgk,0,0,0,0,0,0,0,0,0,0,0,0,0,0,0,0,0,0,0,0,0,0,0,0,0,0,0,0
Aebp1,0,0,0,0,0,0,0,0,0,0,0,0,0,0,0,0,0,0,0,0,0,0,0,0,0,0,0,0
Agtr2,0,0,0,0,0,0,0,0,0,0,0,0,0,0,0,0,0,0,0,0,0,0,0,0,0,0,0,0
Alas2,0,0,0,0,1.09436143356453,0,0,0,0,0,0,0,0,0,0,0,0,0,0,0,0,0,0,0,0,0,0,0
Alox5ap,0,0.445496240399192,0,0,0,1.48927207730813,1.44630866236165,0.541652032058161,1.19518747907532,0,0,0,0,0,0,0,0,0,0,0,0,0,0,0,0,0,0,0
Angptl1,0,0,0,0,0,0,0,0,0,0,0,0,0,0,0,0,0,0,0,0,0,0,0,0,0,0,0,0
Angptl2,0,0,0,0,0,0,0,0,0,0,0,0,0,0,0,0,0,0,0,0,0,0,0,0,0,0,0,0
Anxa1,0,0.589495550809556,0,0,0,0,1.40359641084831,0,1.33246461505598,0,0,0,0,0,0,0,0,0,0,0,0,0,0,0,0,0,0,0
Anxa2,0,0,0,0,0,1.00736957589837,0,0.419374575665635,0,0.646667504122187,0,0,0,0,0,0,0,0,0.925076637248355,0.870497911404889,0.950115233783525,0.690616235587649,0,0,0.802520760074099,1.35644843211353,0.108820410921994,0
Apoc1,0,0,0,0,0,0,0,0,0,0,0,1.4807885203932,0,0,0,0,0,0,0,0,0,0,0,0,0,0,0.739541595217688,0
Apod,0,0,0,0,0,0,0,0,0,0,0,0,0,0,0,0,0,0,0,0,0,0,0,0,0,0,0,0
Apoe,0,0,0,0,0,1.29316686439317,0,3.68331454859081,0,0,0,3.68341742610221,0,0,0,0,0,0,0,0,0,0,0,0,0,0,1.04195746122773,0
Aqp1,0,0,0.145968123089162,0,0,0,0,0,0,0,0,0,0,0,0,0,0,0,0,0,0,0,0,0,1.36088425279953,0,0,0
Arg2,0,0,0,0,0,0,0,0,0,0,0,0,0,0,0,0,0,0,0,0,0,0,0,0,0,0,0,0
Arhgdib,0,1.0055734856612,0,0.557488424782223,0,0,0.891291237106953,0,0,0,0,0,0,0,0,0,0,0,0,0,0,0,0,0,0,0,0,0
Aspn,0,0,0,0,0,0,0,0,0,0,0,0,0,0,0,0,0,0,1.05830860452534,0,0,0.911528345096989,0,1.25996379318838,0,1.41614788499867,0,0
Asprv1,0,0,0,0,0,0,1.09203699704225,0,1.39904019852375,0,0,0,0,0,0,0,0,0,0,0,0,0,0,0,0,0,0,0
Atf3,0,0,0,0,0,0,0,0,0,0,0,0,0,0,0,0,0,0,0,0,0,0,0,0,0,0,0,0
Atp2b1,0,0,0,0,0,0,0,0.867204214667712,0,0,0,0,0,0,0,0,0,0,0,0,0,0,0,0,0,0,0,0
B2m,0,0.682831840617625,0.507910639659555,1.91537099283834,0,1.43280128731548,0.930092542261348,2.24689205126043,0.451262339500723,0,1.43588452708216,0.976343735601562,0,0,0.790181559795251,0.825123029530424,0,0,0,0,0,0,0,0,0.978364184298039,0.623102629484698,0,1.39161906137616
BC100530,1.42337226318844,3.78342808611054,0.390002157692014,0.957905056307484,3.16084702907624,1.46699763140333,5.38868870421455,0.918861197615488,5.67401930201058,1.44863709420373,1.02282017332156,0.670610405426834,1.41109311610393,1.13331935694719,1.07553566168366,1.3165381892096,1.3294471709066,1.23230448093276,1.23973275834416,1.13236634818013,1.1448884305072,1.32577877672734,1.17203567077486,1.15372968184555,1.25999689247981,1.07341756566764,0.607929285119854,1.25550621830185
BC117090,0,0,0,0,0,0,0,0,0,0,0,0,0,0,0,0,0,0,0,0,0,0,0,0,0,0,0,0
Bgn,0,0,0,0,0,0,0,0,0,1.80371590880335,0,0,0,0,1.14684081160563,0,0,0,0.936776633359681,0,0,0,0,1.57300968929252,0,0.816676877650563,0,0
Blvrb,0,0,1.12352386891656,0,0,0,0,0,0,0,0,0,0,0,0,0,0,0,0,0,0,0,0,0,0,0,0,0
Bpgm,0,0,0,0,0,0,0,0,0,0,0,0,0,0,0,0,0,0,0,0,0,0,0,0,0,0,0,0
Btg2,0,0,0,0,0,0,0,0,0,0,0,0,0,0,0,0,0,0,0,0,0,0,0,0,0,0,0,0
C1qa,0,0,0,0,0,0,0,2.09208651387009,0,0,0,0,0,0,0,0,0,0,0,0,0,0,0,0,0,0,0,0
C1qb,0,0,0,0,0,0,0,2.13915782909027,0,0,0,0,0,0,0,0,0,0,0,0,0,0,0,0,0,0,0,0
C1qc,0,0,0,0,0,0,0,2.46831032307801,0,0,0,0,0,0,0,0,0,0,0,0,0,0,0,0,0,0,0,0
C1qtnf2,0,0,0,0,0,0,0,0,0,0,0,0,0,0,0,0,0,0,0,0,0,0,0,0,0,0,0,0
C1qtnf3,0,0,0,0,0,0,0,0,0,0,0,0,0,0,0,0,0,0,0,0,0,0,0,0,0,0,0,0
C5ar1,0,0,0,0,0,0,0,0,0,0,0,0,0,0,0,0,0,0,0,0,0,0,0,0,0,0,0,0
Cald1,0,0,0,0,0,0,0,0,0,0,0,0,0,0,0,0,0,1.52702704150908,0,0,1.93925798288123,0,0.331646647337968,0,0,0,0,0
Camp,0,0.756887034738662,0,0,0.746770540088359,0,2.43216144929037,0,2.2786919835604,0,0,0,0,0,0,0,0,0,0,0,0,0,0,0,0,0,0,0
Capn6,0,0,0,0,0,0,0,0,0,0,0,0,0,0,0,0,0,0,0,0,0,0,0,0,0,0,0,0
Car2,0,0,1.29163322970598,0,0,0,0,0,0,0,0,0,0,0,0,0,0,0,0,0,0,0,0,0,0,0,0,0
Car3,0,0,0,0,0,0,0,0,0,0,0,4.00362980722795,1.19111240033244,0,0,0,0,0,0,0,0,0,0,0,0,0,2.87171471266246,0
Cav1,0,0,0,0,0,0,0,0,0,0,0,0.50297531830101,0,0,0,0,0,1.22560662936572,0,0,1.38064480533761,0,0,0,2.16427673686373,0,0,0
Ccl2,0,0,0,0.257207777717818,0,0,0,0,0,0,0,0,0,0,0,0,0,0,0,0,0,0,0,0,0,0,0,0
Ccl3,0,0,0,0,0,0.820035682210103,0,0,0,0,0,0,0,0,0,0,0,0,0,0,0,0,0,0,0,0,0,0
Ccl4,0,0,0,0,0,0,0,0,0,0,0,0,0,0,0,0,0,0,0,0,0,0,0,0,0,0,0,0
Ccl5,0,0,0,0,0,0,0,0,0,0,0,0,0,0,0,0,0,0,0,0,0,0,0,0,0,0,0,0
Ccl6,0,0,0,0,0,0.495493387243942,0,0,0,0,0,0,0,0,0,0,0,0,0,0,0,0,0,0,0,0,0,0
Ccl7,0,0,0,0,0,0,0,0,0,0,0,0,0,0,0,0,0,0,0,0,0,0,0,0,0,0,0,0
Ccl9,0,0,0,0,0,0,0,0,0,0,0,0,0,0,0,0,0,0,0,0,0,0,0,0,0,0,0,0
Ccnd2,0,0,0,0,0,0,0,0,0,0,0,0.479835479075548,0,0,0,0,0,0,0,0,0,0,1.22788474820637,0.670641842888528,0,0,0,0
Ccr1,0,0,0,0,0,0,0,0,0,0,0,0,0,0,0,0,0,0,0,0,0,0,0,0,0,0,0,0
Ccrl2,0,0,0,0,0,0,0,0,0,0,0,0,0,0,0,0,0,0,0,0,0,0,0,0,0,0,0,0
Cd14,0,0,0,0,0,0,0,0,0,0,0,0,0,0,0,0,0,0,0,0,0,0,0,0,0,0,0,0
Cd177,0,0,0,0,0,0,0,0,0,0,0,0,0,0,0,0,0,0,0,0,0,0,0,0,0,0,0,0
Cd24a,0,0,0.776947076877473,0,0,0,0,0,0,0,0,0,0,0,0,0.923195291466316,0,0,0,0,0,0,0,0,0,0,0,0
Cd300lf,0,0,0,0,0,0,0.691926998747836,0,0,0,0,0,0,0,0,0,0,0,0,0,0,0,0,0,0,0,0,0
Cd33,0,0,0,0,0,0,0,0,0,0,0,0,0,0,0,0,0,0,0,0,0,0,0,0,0,0,0,0
Cd34,0,0,0,0,0,0,0,0,0,0,0,0,0,0,0,0,0,0,0,0,0,0,0,0,0,0.646774685668381,0,0
Cd36,0,0,0,0,0,0,0,0,0,0,0,0.829448583693853,0,0,0,0,0,0,0,0,0,0,0,0,2.00773615744334,0,1.03235985550931,0
Cd52,0,0,0,0,0,1.82845900620479,1.38173888294656,0,1.51096804596789,0,0,0,0,0,0,0,0,0,0,0,0,0,0,0,0,0,0,1.51008679060046
Cd53,0,0,0,0,0,0,0,0,0,0,0,0,0,0,0,0,0,0,0,0,0,0,0,0,0,0,0,0
Cd74,0,0,0,0,0,0,0,0,0,0,0,0,0,0,0,0,0,0,0,0,0,0,0,0,0,0,0,3.86524042938046
Cd79a,0,0,0,0,0,0,0,0,0,0,0,0,0,0,0,1.24494345425101,0,0,0,0,0,0,0,0,0,0,0,0
Cd79b,0,0,0,0,0,0,0,0,0,0,0,0,0,0,0,1.06037720393053,0,0,0,0,0,0,0,0,0,0,0,0
Cd9,0,0,0,0,0,0,0,0,0,1.20342669563335,0,0,0,0,0,0,0,0,0,0,0,0,0,0,0,0,0,0
Cdk2ap2,0,0.385181054355104,0,0,0,0,0,0,0,0,0,0,0,0,0,0,0,0,0,0,0,0,0,0,0,0,0,0
Cdkn1a,0,0,0,0,0,0,0,0,0,0,0,0,0,0.863393862303206,0,0,0,0,0,0,0,0,0,0,0,0,0,0
Cdkn1c,1.4728051802508,0,0,0,0.865438686296243,0,0,0.670965106773224,0,1.09380405478929,0,0.764199991971019,1.53064359747433,4.51286797943443,0,0,3.14252155045302,0.731633562298683,2.51781207978618,1.86142476062949,1.11365344119566,2.5853988019434,0.914988366805256,1.56407828720436,0.948146121757453,2.5269496106475,0.499863864259399,0.934536756711656
Ceacam10,0,0,0,0,0,0,0,0,0,0,0,0,0,0,0,0,0,0,0,0,0,0,0,0,0,0,0,0
Cebpd,0,0,0,0,0,0,0,0,0,0,0,0,0,0,0,0,0,0,0,0,0,0,0,0,0,0,0,0
Cfd,0,0,0,0,0,0,0,0,0,0,0,4.45431451325679,0,0,0,0,0,0,0,0,0,0,0,0,0,0,2.88873446538919,0
Cfp,0,0,0,0,0,0,0,0,0,0,0,0,0,0,0,0,0,0,0,0,0,0,0,0,0,0,0,0
Chad,0,0,0,0,0,0,0,0,0,1.28462878999521,0,0,0,0,0,0,0,0,0,0,0,0,0,0,0,0,0,0
Chchd10,0,0,0,0,0,0,0,0,0,0,0,2.36494235068311,1.0729778551422,0,0,1.12480246483479,0,0,0,0,0,0,0,0,0,0,3.61964974956887,0
Chil1,0,0,0,0,0,0,0,0,0,0,0,0,0,0,0,0,0,0,0,0,0,0,0,0,0,0,0,0
Chil3,0,0,0,0,0,0,1.49532892700603,0,0,0,0,0,0,0,0,0,0,0,0,0,0,0,0,0,0,0,0,0
Chodl,0,0,0,0,0,0,0,0,0,0,0,0,0,0,0,0,0,0,0,0,0,0,0,0,0,0,0,0
Cidea,0,0,0,0,0,0,0,0,0,0,0,0,0,0,0,0,0,0,0,0,0,0,0,0,0,0,3.20517595727495,0
Cidec,0,0,0,0,0,0,0,0,0,0,0,1.31188161818733,0,0,0,0,0,0,0,0,0,0,0,0,0,0,1.05611362220682,0
Cilp,0,0,0,0,0,0,0,0,0,0,0,0,0,0,0,0,0,0,0,0,0,0,0,0,0,0,0,0
Ckm,0,0,0,0,0,0,0,0,0,0,0,0,3.58948938006319,0,0,0,0,0,0,0,0,0,0,0,0,0,0,0
Cldn5,0,0,0,0,0,0,0,0,0,0,0,0,0,0,0,0,0,0,0,0,0,0,0,0,1.36349935059175,0,0,0
Clec3b,0,0,0,0,0,0,0,0,0,0,0,0,0,0,0,0,0,0,0,0,0,0,0,0,0,0.804456776289821,0,0
Clec4a2,0,0,0,0,0,0,0,0,0,0,0,0,0,0,0,0,0,0,0,0,0,0,0,0,0,0,0,0
Clec4d,0,0,0,0,0,0,0.316579369213469,0,0,0,0,0,0,0,0,0,0,0,0,0,0,0,0,0,0,0,0,0
Clec4e,0,0,0,0,0,0,0,0,0,0,0,0,0,0,0,0,0,0,0,0,0,0,0,0,0,0,0,0
Clmp,0,0,0,0,0,0,0,0,0,0,0,0,0,0,0,0,0,0,0,0,0,0,0,0,0,0,0,0
Cma1,0,0,0,5.96820863658551,1.01712461667452,0,0,0,0,0,0,0,0,0,0,0,0,0,0,0,0,0,0,0,0,0,0,0
Cnmd,0,0,0,0,0,0,0,0,0,2.14627225907917,0,0,0,0,0,0,0,0,0,0,0,0,0,0,0,0,0,0
Cnn1,0,0,0,0,0,0,0,0,0,0,0,0,0,0,0,0,0,0,0,0,0.741114993301989,0,0,0,0,0,0,0
Cnn2,0,0,0,0,0,0,0,0,0,0,0,0,0,0,0,0,0,0,0,0,0.886215810726098,0,0,0,0,0,0,0
Col11a1,0,0,0,0,0,0,0,0,0,1.16271592314716,0,0,0,0,0,0,0,0,0,0,0,0,0,0,0,0,0,0
Col14a1,0,0,0,0,0,0,0,0,0,0,0,0,0,0,0,0,0,0,0,0,0,0,0,0,0,0,0,0
Col15a1,0,0,0,0,0,0,0,0,0,0,0,0,0,0,0,0,0,0,0,0,0,0,0,0,0,0,0,0
Col1a1,0.975914041161036,0,0,0,0,0,0,0,0,0,0,0,0,0,3.16986812110888,0,0,0,2.26346835303266,1.01936910145831,1.27354079953313,1.97863016932228,0,3.57471569267749,0,2.44237380421472,0,0.744298085827217
Col1a2,1.99244367503555,0.406132451774543,0.389671212650157,0,0,0,0,0.92883021658922,1.10634865514145,0.961479682059415,0.669030267817796,0.849283477371157,0,0.917016576922911,4.38785050436934,0.779052265452518,1.28029276421306,1.5101007829979,4.23333285054643,2.61710136051905,2.69437605348273,3.89849757391643,1.01036029795515,5.52382419479741,1.11213471438364,4.40200172805934,0.55909969400925,1.06705881479064
Col2a1,0,0,0,0,0,0,0,0,0,4.34069689913847,0,0,0,0,0,0,0,0,0,0,0,0,0,0,0,0,0,0
Col3a1,1.0388550904367,0,0,0,0,0,0,0,0,0.716247672836082,0,0,0,0,0.871601545546931,0,0,0,2.78198408484662,1.2959244908863,1.17647543614958,2.56809794872308,0,1.98510141161044,0,3.3148210218507,0,0
Col4a1,0,0,0,0,0,0,0,0,0,0,0,0,0,0,0,0,0,0,0,0,0.721083946035875,0,0,0,1.04739295311341,0,0,0
Col4a2,0,0,0,0,0,0,0,0,0,0,0,0,0,0,0,0,0,0,0,0,0.812490432321909,0,0,0,1.14798296391665,0,0,0
Col5a2,0,0,0,0,0,0,0,0,0,0,0,0,0,0,0,0,0,0,0,0,0,0,0,0,0,0.730189898830489,0,0
Col6a1,0,0,0,0,0,0,0,0,0,0.515929677635553,0,0,0,0,0,0,0,0,0.843885707451354,0,0,0.630012901759281,0,1.09914363079461,0,0.661055363704701,0,0
Col6a2,0,0,0,0,0,0,0,0,0,0,0,0,0,0,0,0,0,0,0.808449681837397,0,0,0.803974772159966,0,0.745098230519721,0,0.585147428615922,0,0
Col6a3,0,0,0,0,0,0,0,0,0,0,0,0,0,0,0,0,0,0,0,0,0,0,0,0,0,0,0,0
Col9a1,0,0,0,0,0,0,0,0,0,2.16861968398414,0,0,0,0,0,0,0,0,0,0,0,0,0,0,0,0,0,0
Col9a2,0,0,0,0,0,0,0,0,0,2.11437428359172,0,0,0,0,0,0,0,0,0,0,0,0,0,0,0,0,0,0
Col9a3,0,0,0,0,0,0,0,0,0,1.73459423519529,0,0,0,0,0,0,0,0,0,0,0,0,0,0,0,0,0,0
Comp,0,0,0,0,0,0,0,0,0,0.792446643195352,0,0,0,0,0,0,0,0,0,0,0,0,0,0,0,0,0,0
Coro1a,0,1.0687467811094,0,0,0,1.48176145919859,1.20668456965913,0,1.28214705677956,0,1.08589577300517,0,0,0,0,0.899571849405254,0,0,0,0,0,0,0,0,0,0,0,0
Cotl1,0,0.359555999874205,0,0,0,1.09917109249519,0.999894725360456,0.934536756711656,0,0,0,0,0,0,0,0,0,0,0,0,0,0,0,0,0,0,0,0
Cox5a,0,0.716348918916734,0.887843991297578,0,0,0,0,0,0,0,0.926317047062549,1.12999305766288,1.39904019852375,0.652725445490192,0.652725445490192,0.89429639424071,0,0,0,0,0,0,0,0,0,0,2.6782386416599,0.91517959374501
Cox7a1,0,0,0,0,0,0,0,0,0,0,0,0,0.761060386004344,0,0,0,0,0,0,0,0,0,0,0,0,0,1.48807214082761,0
Cox7b,0,0.949312203241039,1.23830143621236,0,0,0,0,0.830589898548533,0,0,0.971052535193344,1.66078128462556,1.93159791540688,1.30101309948079,0,0.866112012725291,0.740014627878287,0.986859186766878,0,0.753197489261671,0.778613768196806,0.630012901759281,0,0,0.596813018312315,0.642814247221534,2.93460293060808,0.934536756711656
Cox8b,0,0,0,0,0,0,0,0,0,0,0,0,0.903719614458642,0,0,0,0,0,0,0,0,0,0,0,0,0,2.31727340856259,0
Cpa3,0,0,0,5.74809871526453,0,0,0,0,0,0,0,0,0,0,0,0,0,0,0,0,0,0,0,0,0,0,0,0
Cpe,0,0,0,0,0,0,0,0,0,0,0,0,0,0,1.37847224480021,0,0,0,0,0,0,0,0,0,0,0,0,0
Crip1,0.786584897904195,0,0.461964579607746,1.20745607364548,0,1.40920049322455,0,1.64765468835516,0,0,1.07382904260885,0,0,0,0.790181559795251,1.84660837026458,0.841878710441252,3.24272191662413,1.34674299856018,1.11641889903624,3.24872464007299,0.90670656758715,1.27711621413073,1.26626122977603,1.48886267346973,2.01653466233005,0,2.36807748667886
Crip2,0,0,0,0,0,0,0,0,0,0,0,0,0,0,0.351300945150441,0,0,0.807538082095668,0,0,0,0,0,0,1.14312805053777,0,0.521370829533757,0
Crispld2,0,0,0,0,0,0,0,0,0,0,0,0,0,0,0,0,0,0,0,0,0,0,0,0,0,0,0,0
Cryab,0,0,0,0,0,0,0,0,0,0,0,0,0.715140995881128,1.37847224480021,0,0,0,0,0,1.3048576285256,0.700358630558232,0,0,0,0,0,0,0
Csf1r,0,0,0,0,0,0,0,0.835624782053317,0,0,0,0,0,0,0,0,0,0,0,0,0,0,0,0,0,0,0,0
Csf2ra,0,0,0,0,0,0,0,0,0,0,0,0,0,0,0,0,0,0,0,0,0,0,0,0,0,0,0,0
Csrp1,0,0,0,0,0,0,0,0,0,0,0,0,0,0,0,0,0,1.05102697710808,0,0,0.891393077216643,0,0,0,0,0,0,0
Csrp2,0,0,0,0,0,0,0,0,0,0,0,0,0,0,0,0,0,0,0,0,0,0,0,0,0,0,0,0
Cst3,0,0.514512042227066,0,0.514226991282542,0,1.27110440134621,0,1.48926727989768,0,0.525600938783805,0,0.374898387622726,0,0,0.871601545546931,0,0,0.922713730723642,0,0,0,0,0,0,0.512207134548911,0,1.48475617521628,1.52883181690022
Cthrc1,0,0,0,0,0,0,0,0,0,0,0,0,0,0,0.870497911404889,0,0,0,0,0,0,0,0,0,0,0,0,0
Ctla2a,0,0,0,0,0,0,0,0,0,0,0,0,0,0,0,0,0,0,0,0,0,0,0,0,0.710968413394008,0,0,0
Ctsb,0,0,0,0,0,0.62769850333861,0,2.29044266235201,0,0,0,0,0,0,0,0,0,0,0,0,0,0,0,0,0,0,0.418838561500342,0
Ctsc,0,0,0,0,0,0,0,0.826606649436091,0,0,0,0,0,0,0,0,0,0,0,0,0,0,0,0,0,0,0,0
Ctsg,0,1.82067722830131,0,0,0,0,0,0,0,0,0,0,0,0,0,0,0,0,0,0,0,0,0,0,0,0,0,0
Ctsl,0,0,0,0,0,0,1.0404475755369,1.17133946017841,0,0,0,0,0,0,0.591325584760324,0,0,0,0.974524165379771,0,0,0.802107207821577,0,0.823644869377823,0.728656786001797,1.1959082720685,0.361428214411746,0
Ctss,0,0,0,0,0,1.09959125345257,0,1.50278631009704,0,0,0,0,0,0,0,0,0,0,0,0,0,0,0,0,0,0,0,0
Cxcl1,0,0,0,0,0,0,0,0,0,0,0,0,0,0,0,0,0,0,0,0,0,0,0,0,0,0,0,0
Cxcl10,0,0,0,0,0,0,0,0,0,0,0,0,0,0,0,0,0,0,0,0,0,0,0,0,0,0,0,0
Cxcl12,0,0,0,0,0,0,0,0,0,0,0,0,0,0,0,0,0,0,0,0,0,0,0,0,0,0,0,0
Cxcl2,0,0,0,0,0,0,0.994446834619696,0,0,0,0,0,0,0,0,0,0,0,0,0,0,0,0,0,0,0,0,0
Cyba,0,0.725815800098939,0,0,0,1.37092589979899,1.11457685615318,1.39754915868669,1.08589577300517,0,0,0,0,0,0,0,0,0,0,0,0,0,0,0,0,0,0,0.600990654942563
Cybb,0,0,0,0,0,0.484569831364501,0,0,0,0,0,0,0,0,0,0,0,0,0,0,0,0,0,0,0,0,0,0
Cygb,0,0,0,0,0,0,0,0,0,0,0,0,0,0,0,0,0,0,0,0,0,0,0,0,0,0,0,0
Cyp11a1,0,0,0,1.2075897545226,0,0,0,0,0,0,0,0,0,0,0,0,0,0,0,0,0,0,0,0,0,0,0,0
Cyp4f18,0,0,0,0,0,0,0,0,0,0,0,0,0,0,0,0,0,0,0,0,0,0,0,0,0,0,0,0
Cyr61,0,0,0,0,0,0,0,0,0,0,0,0,0,0,0,0,0,0,0,0,0,0,0,0,0,0,0,0
Cytl1,0,0,0,0,0,0,0,0,0,1.19270349591015,0,0,0,0,0,0,0,0,0,0,0,0,0,0,0,0,0,0
Dbi,0,0,0,0,0,0,0,0,0,0,0,2.34719927052181,1.12106017098596,0,0,0,0,0,0,2.14497458312307,0,0,2.4384149727888,0,0,0,2.00143704106165,0
Dcn,0.405188078564562,0,0,0,0,0,0,0,0,0,0,0,0,0,0.790181559795251,0,0,0,2.54371033717424,0,0,2.31687734916262,0,2.18880044825617,0,3.05754619950882,0,0
Ddah2,0,0,0,0,0,0,0,0,0,0,0,0,0,0,0,0,0,0,0,0,0,0,0,0,0,0,0,0
Des,0,0,0,0,0,0,0,0,0,0,0,0,2.32066927221934,0,0,0,0,0,0,0,0,0,0,0,0,0,0,0
Dkk2,0,0,0,0,0,0,0,0,0,0,0,0,0,0,0,0,0,0,0,0,0,0,0,0,0,0,0,0
Dlk1,1.53064359747433,0,0,0,0,0,0,0,0,2.66093433737454,0,0,0,1.36700820369799,0,0,2.10068919685444,0.83532976849042,3.3142295450993,0,1.31522932744013,3.38418205612016,0,0.980825293268817,0,3.10502674069402,0,0
Dpt,0,0,0,0,0,0,0,0,0,0,0,0,0,0,0,0,0,0,0,0,0,0,0,0,0,0.900792984287537,0,0
Dpysl3,0,0,0,0,0,0,0,0,0,0,0,0,0,0,0,0,0,0,0,0,0,0,0,0,0,0,0,0
Dusp1,0,0,0,0.901693974311663,0,0.569848555052832,0,0,0,0,0,0,0,0,0,0,0,0,0,0,0,0,0,0,0,0,0,0
Ebf1,0,0,0,0,0,0,0,0,0,0,0,0,0,0,0,0.680646242318484,0,0,0,0,0,0,0,0,0,0,0,0
Eci1,0,0,0,0,0,0,0,0,0,0,0,0.193228008106263,0,0,0,0,0,0,0,0,0,0,0,0,0,0,1.57244150458544,0
Egfl6,0,0,0,0,0,0,0,0,0,0,0,0,0,0,0,0,0,0,0,0,0,0,0,0,0,0,0,0
Egfl7,0,0,0,0,0,0,0,0,0,0,0,0,0,0,0,0,0,0,0,0,0,0,0,0,1.40881660398312,0,0,0
Egfl8,0,0,0,0,0,0,0,0,0,0,0,0,0,0,0,0,0,0,0,1.29276560603685,0,0,0,0,0,0,0,0
Egr1,0,0,0,0.722030077793866,0,0,0,0,0,0.893132728949163,0,0,0,0,0,0,0,0,0,0,0,0,0,0,0,0,0,0
Elane,0,3.03149468271138,0,0,0,0,0,0,0,0,0,0,0,0,0,0,0,0,0,0,0,0,0,0,0,0,0,0
Eln,0,0,0,0,0,0,0,0,0,0,0,0,0,0,0,0,0,0.857352137592399,0,0,2.10564098019377,0,0,0,0,0,0,0
Emp1,0,0,0,0,0,0,0,0,0,0,0,0,0,0,0,0,0,0,0,0,0,0,0,0,0,0,0,0
Eno3,0,0,0,0,0,0,0,0,0,0,0,0,2.54650578550983,0,0,0,0,0,0,0,0,0,0,0,0,0,0,0
Epyc,0,0,0,0,0,0,0,0,0,0,0,0,0,0,0,0,0,0,0,0,0,0,0,0,0,0,0,0
Errfi1,0,0,0,0,0,0,0,0,0,0,0,0,0,0,0,0,0,0,0,0,0,0,0,0,0,0,0,0
Esam,0,0,0,0,0,0,0,0,0,0,0,0,0,0,0,0,0,0,0,0,0,0,0,0,0.841365135753562,0,0,0
Fabp4,0,0,0,0,0,0,0,0,0,0,0,3.85976343532195,0,0,0,0,0,0.786172481919978,0,0,0,0,0,0,4.20115002594511,0,3.61139845123694,0
Fabp5,0,0,0,0,0,0,0,0,0,0,0,0,0,0,0,0,0,0,0,0,0,0,0,0,0.731919014906152,0,0,0
Fbn1,0,0,0,0,0,0,0,0,0,0,0,0,0,0,0,0,0,0,0,0,0,0,0,0,0,0.99135492007736,0,0
Fbn2,0,0,0,0,0,0,0,0,0,0,0,0,0,0,0,0,0,0,0,0,0,0,0,0,0,0,0,0
Fcer1g,0,0.564303215744111,0,1.80263552694876,0,1.88682172475937,1.38684068894147,1.97220732752066,1.34743071123806,0,0,0,0,0,0,0,0,0,0,0,0,0,0,0,0,0,0,0.9481385664479
Fcgr3,0,0,0,0.913202513096012,0,0,0,0.77730130436399,0,0,0,0,0,0,0,0,0,0,0,0,0,0,0,0,0,0,0,0
Fcnb,0,0.654422280374232,0,0,0,0,0,0,0,0,0,0,0,0,0,0,0,0,0,0,0,0,0,0,0,0,0,0
Fibin,0,0,0,0,0,0,0,0,0,0,0,0,0,0,0,0,0,0,0,0,0,0,0,0,0,0,0,0
Fmod,0,0,0,0,0,0,0,0,0,1.67627994811575,0,0,0,0,0,0,0,0,0,0,0,0,0,1.75396457062834,0,0,0,0
Fn1,0,0,0,0,0,0,0,0,0,0,0,0,0,0,0,0,0,0,0,0,0,0,0,0,0,1.14392268980205,0,0
Fos,0,0,0,1.05402238596034,0,1.32790643029898,0,0.819242840081183,0,1.4970010123623,0,0.558328839589642,0,0,0,0,1.16625633310224,1.19166717632397,0.71533105944291,0.593334050631055,0.981531168346335,0,0,1.05378241117888,0.884424020042455,0,0,0
Fosb,0,0,0,0,0,0,0,0,0,0,0,0,0,0,0,0,0,0,0,0,0,0,0,0,0,0,0,0
Fpr1,0,0,0,0,0,0,0,0,0,0,0,0,0,0,0,0,0,0,0,0,0,0,0,0,0,0,0,0
Fpr2,0,0,0,0,0,0,0,0,0,0,0,0,0,0,0,0,0,0,0,0,0,0,0,0,0,0,0,0
Fstl1,0.896087181664997,0,0,0,0,0,0,0,0,0,0,0,0,0,0,0,0,1.21492932585375,2.31267973938807,0.824629704368908,2.19802783552259,2.05261701257764,0,1.45608153504391,0.958193541611534,3.15900151256148,0,0
Fxyd1,0,0,0,0,0,0,0,0,0,0,0,0.483574151772823,0,0,0,0,0,0,0,0,0,0,0,0,0,0,0,0
Fxyd5,0,0,0,1.25093003883889,0,0,0,0,0,0,0,0,0,0,0,0,0,0,0,0,0,0,0,0,0,0,0,0
Fxyd6,0,0,0,0,0,0,0,0,0,0,0,0,0,0,0,0,0,0,0,0,0,0,0,0,0,0,0,0
G0s2,0,0,0,0,0,0,0,0,0,0,0,0.92138477882205,0,0,0,0,0,0,0,0,0,0,0,0,0,0,0.54622832809394,0
Gadd45a,0,0,0,0,0,0,0,0,0,0,0,0,0,0,0,0,0,0,0,0,0,0,0,0,0,0,0,0
Gadd45b,0,0,0,0,0,0,0,0,0,0,0,0,0,0,0,0,0,0.873280203358564,0,0,0.886215810726098,0,0,0,0,0,0,0
Gadd45g,0,0,0,0,0,0,0,0,0,0,0,0,0,0,0,0,0,0,0,0,0,0,0,0,0,0,0.364623281915688,0
Gas1,0,0,0,0,0,0,0,0,0,0,0,0,0,0,0,0,0,0,0,0,0,0,0,0,0,0,0,0
Gm23935,0,0,0,0,0,0,0,0,0,0,0,0,0,0,0,0,0,0,0,0,0,0,0,0,0,0,0,0
Gm26917,0,0,0,0,0,0,0,0,0,0,0,0,0,0,0,0,0,0,0,0,0,0,0,0,0,0,0,0
Gm42418,0,0,0,0,0,0,0,0,0,0,0,0,0,0,0,0,0,0,0,0,0,0,0,0,0,0,0,0
Gm5416,0,0,0,0,0,0,0.965935982414019,0,1.12199329138172,0,0,0,0,0,0,0,0,0,0,0,0,0,0,0,0,0,0,0
Gm5483,0.924753554062222,1.45094138950109,0,0.23601471806319,2.22496536978232,1.1220332864929,4.71458170410538,0,4.7054058694617,0.885073717841475,0.327260142992632,0,0,0,0.634310607644367,0,0,0,0,0.632011111639973,0,0,0,0,0,0,0,0
Gm7325,0,0,0,0,0,0,0,0,0,0,0,0,0,0,0,0,0,0,0,0,0,0,0,0,0,0,0,0
Gmfg,0,0.520725311166226,0,0,0,0,0,0,0,0,0,0,0,0,0,0,0,0,0,0,0,0,0,0,0,0,0,0
Gnas,1.55275699811932,0.698774077387785,0.654236629105421,0.851016112091387,0,0,0,0.744298085827217,0,2.02952654781211,0.764421559084938,1.0704670121505,1.74099764745918,1.64658895148733,1.41109311610393,1.19376672331834,2.32234766472463,2.2802093263963,2.36643587626094,1.06874299251126,1.93618561571745,2.27272189545007,1.53439730593539,1.62008918388855,2.4122125545989,2.07553806586821,1.99380560818226,1.21952833492121
Gng11,0,0,0,0,0,0,0,0,0,0,0,0,0,0,0,0,0,0.663747439204608,0,0,0,0,0,0,1.55797996803889,0,0,0
Gpc3,0,0,0,0,0,0,0,0,0,0,0,0,0,0,0,0,0,0,0,0,0,0,0,0,0,0,0,0
Gpihbp1,0,0,0,0,0,0,0,0,0,0,0,0,0,0,0,0,0,0,0,0,0,0,0,0,1.76467924403372,0,0,0
Gpx1,0,1.99406685687261,1.93984322824161,1.18743297434418,0.405529161298399,1.92483935191796,0.30205486216185,1.17595970170259,0,0,1.07853593859471,0.418137207486883,0,0,0.634310607644367,0.515360827365054,0,0,0,0,0,0,0,0,0,0,0,1.3022919207274
Gpx3,0,0,0,0,0,0,0,0,0,0,0,1.00987905745867,0,0,0.871601545546931,0,0,0,0,0,0,0,0,0,0,0,2.86949919296679,0
Grb10,0,0,0,0,0,0,0,0,0,0,0,0,0,0,0,0,0,0,0,0,0,0,0,0,0,0,0,0
Grina,0,0,0,0,0,0,0,0,0,0,0,0,0,0,0,0,0,0,0,0,0,0,0,0,0,0,0.468041544230642,0
Gsn,0,0,0,0,0,0,0,0,0,0,0,0.790426057738097,0,0,0,0,0,0,0,0,0,0,0,0,0,0,0,0
Gstm1,0,0.795326778018828,0,0,0,0,0,0,0,0,0,0.429920454140044,0,0,0,0,0,0,0,0,1.33786548084476,0,0,0,0,0,0,0
H19,2.10502233289129,0.44364904776102,0.437793962818864,0.760026105457797,1.0064782005559,1.02719989768801,0,1.28400739778269,1.3488091524057,2.39585180225341,0.836131723222479,0.947829878622046,4.79075100961259,1.36135259432681,1.46492719103474,1.10273380659571,2.15850339714458,2.33179926344347,3.75641243852248,1.13236634818013,1.76881371714606,4.29662899468189,1.0201352545427,2.31415418456361,2.27757039000533,3.7600504743197,0.798327744156143,1.3022919207274
H2-Aa,0,0,0,0,0,0,0,0,0,0,0,0,0,0,0,0,0,0,0,0,0,0,0,0,0,0,0,2.56209587466947
H2-Ab1,0,0,0,0,0,0,0,0,0,0,0,0,0,0,0,0,0,0,0,0,0,0,0,0,0,0,0,2.36022287864513
H2-D1,0,0,0,0,0,0,0,0.670965106773224,0,0,0,0,0,0,0,0,0,0,0,0,0,0,0,0,0,0,0,0.869397152561164
H2-Eb1,0,0,0,0,0,0,0,0,0,0,0,0,0,0,0,0,0,0,0,0,0,0,0,0,0,0,0,2.25102703511654
H2-K1,0,0,0,0,0,0,0,0,0,0,0,0,0,0,0,0,0,0,0,0,0,0,0,0,0,0,0,0
H2afz,0,0.917937415728001,1.06775523658944,0,0,0,0,0,0,0,0.637791910169123,0,0,0,0,0,0,0,0,0,0,0,0.946237949266693,0,0,0,0,0
Hapln1,0,0,0,0,0,0,0,0,0,1.22101477483102,0,0,0,0,0,0,0,0,0,0,0,0,0,0,0,0,0,0
Hba-a1,0,0,0.305672742744654,0,6.68680757089092,0,3.68721576713291,0,0,3.09867022676925,0,0,0.736783392057678,0,0,0,0,0,0,0,0,0,0,0,0,0,0,0
Hba-a2,0,0,0,0,6.21970221010221,0,3.13071070027762,0,0,2.55167612082307,0,0,0.768665995814535,0,0,0,0,0,0,0,0,0,0,0,0,0,0,0
Hbb-bs,0.963189767279964,0,0.575900871149349,0.74386158874429,6.94048892782005,1.05402238596034,4.57868754668781,0,0,4.09380719684001,0,0.37879216549957,1.5480925568794,0,1.07340327241839,0.444977917091402,0.962516913425414,0,0,0.593334050631055,0,0,0,0,0,0,0,0
Hbb-bt,0,0,0,0,4.42034386595061,0,2.21557903021469,0,0,1.62214701921524,0,0,0,0,0,0,0,0,0,0,0,0,0,0,0,0,0,0
Hcar2,0,0,0,0,0,0,0,0,0,0,0,0,0,0,0,0,0,0,0,0,0,0,0,0,0,0,0,0
Hdc,0,0,0,2.18184747825898,0,0,0,0,0,0,0,0,0,0,0,0,0,0,0,0,0,0,0,0,0,0,0,0
Hes1,0,0,0,1.03140970635582,0,0,0,0,0,0,0,0,0,0,0,0,0,0,0,0,0,0,0,0,0,0,0,0
Hmgb1,0,0.691311484922452,0.68575489455615,0,0,0,0,0,0,0,0.551463615762249,0.460360336265935,0,0,0,1.08808048441353,0,0,0,0.661717414943402,0,0,1.01150840721365,0,0,0,0,0
Hmgb2,0,0.833773619771053,0.529718885525879,0,0,0,0,0,0,0,0,0,0,0,0,0,0,0,0,0,0,0,0,0,0,0,0,0
Hmox1,0,0,0,0,0,0,1.50970822860969,0.541652032058161,0,0,0,0,0,0,0,0,0,0,0,0,0,0,0,0,0,0,0,0
Hp,0,0.459462686055058,0,0,0,0.824550339796119,0.931699557713523,0,0.920095212109432,0,0,0,0,0,0,0,0,0,0,0,0,0,0,0,0,0,0,0
Hspa1a,0,0,0,0,0,0,0,0,0,0,0,0,0,0,0,0,0,0,0,0,0,0,0,0,0,0,0,0
Hspb1,0,0,0,0,0,0,0,0,0,0,0,0,1.87413782423779,0,0,0,0,0.747604668286894,0,0,1.1045381302011,0,0,0,0.605947291242425,0,0,0
Htra3,0,0,0,0,0,0,0,0,0,0,0,0,0,0,0,0,0,0,0,0,0,0,0,0,0,0,0,0
I830127L07Rik,0,0,0,0,0,0,0,0,0,0,0,0,0,0,0,0,0,0,0,0,0,0,0,0,0,0,0,0
Ibsp,0,0,0,0,0,0,0,0,0,0,0,0,0,0,2.15278849550805,0,0,0,0,0,0,0,0,0,0,0,0,0
Id1,0,0,0,0,0,0,0,0,0,0,0,0,0,0,0,0,0,0,0,0,0,0,0,0,0,0,0,0
Id2,0,0,0,1.12717153311981,0,0.545446781016419,0,0,0,0,0,0,0,0,0,0,0,0,0,0,0,0,0,0,0,0,0,0
Id3,0,0,0,0,0,0,0,0,0,0.843812440922352,0,0,0,0,0.691991061156925,0,0,0.360167784759351,0,0,1.33786548084476,0,0,0,1.06337105310011,0,0,0
Ier2,0,0.165822135513823,0,1.15055511465289,0,0,0,0,0,1.08241926964171,0.456538828305341,0.652268879564434,0,0,0.351300945150441,0,0,0,0,0,0,0,0,0,0.636069323960318,0,0,0
Ier3,0,0,0,1.21109295236575,0,0,0.814267333761262,0,0,1.13618852608788,0,0,0,0,0,0,0,0,0,0,0,0,0,0,0,0,0,0
Ifi27l2a,0,0,0,0,0,0,0,0,0,0,0,0,0,0,0,0,0,0,0,0,0,0,0,0,0,0,0,0
Ifi30,0,0,0,0,0,0,0,0.504606923591247,0,0,0,0,0,0,0,0,0,0,0,0,0,0,0,0,0,0,0,0
Ifitm1,0,0,0,0,0,0,0,0,0,0,0,0,0,0,0,0,0,0,0,0,0,0,0,0,0,0,0,0
Ifitm3,0,0,0,0,0,2.0073110091753,0,0.780370797684728,0.982946088084733,0,0,0,0,0,0.684497776973589,0,0,1.09982872749696,1.21823325289177,0,1.30357342741735,0.802107207821577,0,0.729805797410466,1.52259699916595,1.2674683394155,0,0.956096807034772
Ifitm6,0,0,0,0,0,1.1824667978711,1.33931755119437,0,2.04099593014172,0,0,0,0,0,0,0,0,0,0,0,0,0,0,0,0,0,0,0
Ifrd1,0,0,0,0,0,0,0,0,0,0,0,0,0,0,0,0,0,0,0,0,0,0,0,0,0,0,0,0
Igf1,0,0,0,0,0,0,0,0,0,0,0,0,0,0,0,0,0,0,0,0,0,0.690616235587649,0,0,0,0,0,0
Igf2,0,0,0,0,0,0,0,0,0,1.44063818332705,0,0,1.4728050520769,0,0,0,0,0.971554447135443,1.46533966198734,0,0.778613768196806,1.67591070440351,0,1.1863658959437,0.828593988918608,1.85168183361895,0,0
Igfbp4,0,0.406132451774543,0,0,0,0,0,0,0,0,0,0,0,0,0,0,0,0,0.973824071921546,0,0,0.802107207821577,0,0.487939212928685,0,0.653647765154602,0,0
Igfbp5,0,0,0,0,0,0,0,0,0,0,0,0,0,0,0,0,0,0,0,0,0,0,0,0,0,0,0,0
Igfbp6,0,0,0,0,0,0,0,0,0,0,0,0,0,0,0,0,0,0,0,0,0,0,0,0.555622028560938,0,0.971743883808465,0,0
Igfbp7,0,0,0,0,0,0,0,0,0,1.50569725864185,0,0.532124110204988,0,0,0.652725445490192,0,0,3.21109493889125,1.16070717242177,0,3.30637686898974,0,0,1.34331344062012,2.43224243355969,0.588394511284518,0,0
Ighm,0,0,0,0,0,0,0,0,0,0,0,0,0,0,0,1.47155507129882,0,0,0,0,0,0,0,0,0,0,0,0
Igkc,0,0,0,0,0,0,0,0,0,0,0,0,0,0,0,0,0,0,0,0,0,0,0,0,0,0,0,0
Igll1,0,0,0,0,0,0,0,0,0,0,0,0,0,0,0,1.30678900195852,0,0,0,0,0,0,0,0,0,0,0,0
Il11ra1,0,0,0,0,0,0,0,0,0,0,0,0,0,0,0,0,0,0,0,0,0,0,0,0,0,0,0,0
Il13,0,0,0,0,0,0,0,0,0,0,0,0,0,0,0,0,0,0,0,0,0,0,0,0,0,0,0,0
Il1b,0,0,0,0,0,0,0,0,0,0,0,0,0,0,0,0,0,0,0,0,0,0,0,0,0,0,0,0
Il1f9,0,0,0,0,0,0,0,0,0,0,0,0,0,0,0,0,0,0,0,0,0,0,0,0,0,0,0,0
Il1r2,0,0,0,0,0,0,0,0,0,0,0,0,0,0,0,0,0,0,0,0,0,0,0,0,0,0,0,0
Itgb2,0,0,0,0,0,0,0,0,0,0,0,0,0,0,0,0,0,0,0,0,0,0,0,0,0,0,0,0
Itm2a,1.32412073199857,0,0,0,0,0,0,0,0,1.95950444050185,0,0.591555702961299,0,1.23800574788169,0.870497911404889,0,2.02328184741232,0,2.63975618896723,1.25669162531689,0,2.82814262195705,1.53113973443013,1.02359038602669,0,2.72715864675048,0,0
Jun,0,0,0,0.812151749417199,0,0,0,0,0,0,0,0,0,0,0,0,0,0,0,0,0,0,0,0,0,0,0,0
Junb,0,0,0,0.95538137374652,0,0,0,0,0,1.05378241117888,0,0,0,0,0,0,0,0,0,0,0,0,0,0,0,0,0,0
Kcnj8,0,0,0,0,0,0,0,0,0,0,0,0,0,0,0,0,0,0,0,0,0,0,0,0,0,0,0,0
Klf2,0,0,0,0,0,0,0,0,0,0,0,0,0,0,0,0,0,0,0,0,0,0,0,0,0,0,0,0
Klf4,0,0,0,0,0,0,0,0,0,0,0,0,0,0,0,0,0,0,0,0,0,0,0,0,0,0,0,0
Klf6,0,0,0,0,0,0,0,0,0,0,0,0,0,0,0,0,0,0,0,0,0,0,0,0,0,0,0,0
Klf9,0,0,0,0,0,0,0,0,0,0,0,0,0,0,0,0,0,0,0,0,0,0,0,0,0,0,0,0
Laptm5,0,0,0,0.776762640315438,0,0,0,0.477485508290275,0,0,0,0,0,0,0,0,0,0,0,0,0,0,0,0,0,0,0,0
Lcn2,0,0.706226346003042,0,0,1.44695965271453,1.06045927768653,3.27736528586332,0,3.35301576089448,0.488108871633929,0,0.469989421381498,0.75197114109014,0,0.591325584760324,0,0,0,0,0,0,0,0,0,0,0,0,0
Lcp1,0,0,0,0,0,0,0,0,0,0,0,0,0,0,0,0,0,0,0,0,0,0,0,0,0,0,0,0
Lgals1,1.61848438852022,0.718031883367007,0.366075116080816,2.04922549781401,1.05184226165006,1.02132673055937,0,1.94760950862338,0,0,1.40053466966223,1.05730580183117,1.16878915914157,1.70795601956795,1.37847224480021,0.835118472280455,2.398109600638,2.27757569038816,2.18236196617948,1.3087264887419,2.92747527228315,2.07482739378575,1.61022356694339,2.56559281460624,1.12390464907487,2.11940301564605,1.03394853416815,1.10273380659571
Lgals3,0,0,0,0,0,2.003650063477,0.784154902256786,0.688223637893007,0,0,0,0,0,0,0,0,0,0,0,0,0,0,0,0,0,0,0,0
Lilr4b,0,0,0,0.514226991282542,0,0,0,0,0,0,0,0,0,0,0,0,0,0,0,0,0,0,0,0,0,0,0,0
Lilrb4a,0,0,0,0,0,0,0,0,0,0,0,0,0,0,0,0,0,0,0,0,0,0,0,0,0,0,0,0
Litaf,0,0,0,0,0,0,0,0,0,0,0,0,0,0,0,0,0,0,0,0,0,0,0,0,0,0,0,0
Loxl1,0,0,0,0,0,0,0,0,0,0,0,0,0,0,0,0,0,0,0,0,0,0,0,0,0,0,0,0
Lpl,0,0,0,0,0,0,0,0,0,0,0,2.7386525757468,0,0,0,0,0,0,0,0,0,1.04164512524998,0,0,0,0,1.4660115236731,0
Lsm6,0,0,0.322711524526559,0,0,0,0,0,0,0,0,0,0.529973414753502,1.33922303024192,0,0,0,0,0,0,0,0,0,0,0,0,0,0
Lsp1,0,0,0,0,0,0,0,0,0,0,0,0,0,0,0,0,0,0,0,0,0,0,0,0,0,0,0,0.956096807034772
Lst1,0,0,0,0,0,0,0,0,0,0,0,0,0,0,0,0,0,0,0,0,0,0,0,0,0,0,0,0
Ltb4r1,0,0,0,0,0,0,0,0,0,0,0,0,0,0,0,0,0,0,0,0,0,0,0,0,0,0,0,0
Ltf,0,0,0,0,0,0,1.43669748586872,0,1.51984267513778,0,0,0,0,0,0,0,0,0,0,0,0,0,0,0,0,0,0,0
Lum,0,0,0,0,0,0,0,0,0,0,0,0,0,0,0.691991061156925,0,0,0,0,0,0,0,0,0,0,0.926438483194446,0,0
Ly6a,0,0,0,0,0,0,0,0,0,0,0,0,0,0,0,0,0,0,0,0,0,0,0,0,0,1.97392990759435,0,0
Ly6c1,0,0,0,0,0,0,0,0,0,0,0,0,0,0,0,0,0,0,0,0,0,0,0,0,1.18536450127259,0,0,0
Ly6c2,0,1.54336679036727,0,0,0,1.72177840885409,0,0,0.819729567203957,0,0,0,0,0,0,0,0,0,0,0,0,0,0,0,0,0,0,0
Ly6e,0,0,0.355201629736854,0,0,1.45186365538049,0,0,0,0,0.637791910169123,0,0,0,0,1.3165381892096,0,0,0,0,0,0,0,0,1.07817090646589,0,0,0.845885203541202
Ly6g,0,0,0,0,0,0,0,0,0,0,0,0,0,0,0,0,0,0,0,0,0,0,0,0,0,0,0,0
Lyve1,0,0,0,0,0,0,0,0,0,0,0,0,0,0,0,0,0,0,0,0,0,0,0,0,0,0,0,0
Lyz2,0.994783036591951,1.1120277609291,0,0.654209510278031,2.01121680514746,4.90887763259474,3.5433076043415,2.48204238309493,3.8390589007893,0,0.669030267817796,0,0,0,0.871601545546931,0.723715811000587,0,0.859742513835976,0,0,0,0.942259336991888,0,0.682148095251277,0.75855951608194,0,0,1.47656886470023
Maf,0,0,0,0,0,0,0,1.10816541487523,0,0,0,0,0,0,0,0,0,0,0,0,0,0,0,0,0,0,0,0
Maged2,0,0,0,0,0,0,0,0,0,0,0,0,0,0,0,0,0,0,0.827847882043907,0,0,0.911528345096989,0,0,0,0.851169783261839,0,0
Malat1,0,0,0,0.815405631297466,0,0,0,0,0,0,0,0,0,0,0,0,0,0,0,0,0,0,0,0,0,0,0,0
Marcks,0,0,0,0,0,0,0,0,0,0,0,0,0,0,0,0,0,0,0,0,0,0,0,0,0,0,0,0
Matn1,0,0,0,0,0,0,0,0,0,0,0,0,0,0,0,0,0,0,0,0,0,0,0,0,0,0,0,0
Matn3,0,0,0,0,0,0,0,0,0,0,0,0,0,0,0,0,0,0,0,0,0,0,0,0,0,0,0,0
Mbp,0,0,0,0,0,0,0,0,0,0,0,0,0,0,0,0,0,0,0,0.990084722466066,0,0,0,0,0,0,0,0
Mcemp1,0,0,0,0,0,0,0,0,0,0,0,0,0,0,0,0,0,0,0,0,0,0,0,0,0,0,0,0
Mcl1,0,0,0,0,0,0,0,0,0,0,0,0,0,0,0,0,0,0,0,0,0,0,0,0,0,0,0,0
Mcpt4,0,0,0,4.20697772130103,0,0,0,0,0,0,0,0,0,0,0,0,0,0,0,0,0,0,0,0,0,0,0,0
Mef2c,0,0,0,0,0,0,0,0,0,0,0,0,0.75197114109014,0,0,0,0,0,0,0,0,0,0,0,0,0,0,0
Meg3,1.61530988317818,0,0,0,0,0,0,0,0,1.8065490904281,0,0,0,2.33576109151451,0,0,2.56259907978888,1.18336382970676,2.69267867365924,0.803974772159966,1.52612290860577,2.58785042906491,0,1.89723390081069,0,2.77676787630145,0.382893886633886,0
Mest,0,0,0,0,0,0,0,0,0,0,0,0,0,0,0,0,0,0,0.762947848466891,0,0,0,0,0.707490878930914,0,0,0,0
Mfap2,0,0,0,0,0,0,0,0,0,0,0,0,0,0,0,0,0,0,0,0,0,0.802107207821577,0,0.87828438605124,0,0,0,0
Mfap4,0,0,0,0,0,0,0,0,0,0,0,0,0,0,0,0,0,0,0,0,0,0,0,1.35714372653587,0,0,0,0
Mfap5,0,0,0,0,0,0,0,0,0,0,0,0,0,0,0,0,0,0,1.35994808567828,0,0,1.2254972126955,0,0,0,2.51126813629534,0,0
Mfge8,0,0,0,0,0,0,0,0,0,0.814888851936071,0,0,0,0,0,0,0,0.949871745422642,0,0,0,0,0,0,0,0,0,0
Mgll,0,0,0,0,0,0,0,0,0,0,0,0.220534888178297,0,0,0,0,0,0,0,0,0,0,0,0,1.38438134696586,0,0.656838732833106,0
Mgp,0,0,0,0,0.69089208823759,0,0,0,0,3.0343894179675,0,0,0,0,1.40957426757672,0,0,0,0,0,0,0,0,1.49240754663945,0,0,0,0
Mgst1,0,0,0,0,0,0,0,0,0,0,0,2.22416120196393,0,0,0,0,0,0,0,0,0,0,0,0,0,0,1.27203928568563,0
Mia,0,0,0,0,0,0,0,0,0,1.05214707231138,0,0,0,0,0,0,0,0,0,0,0,0,0,0,0,0,0,0
Mmp14,0,0,0,0,0,0,0,0,0,0,0,0,0,0,0,0,0,0,0,0,0,0,0,0.784799117801858,0,0,0,0
Mmp2,0,0,0,0,0,0,0,0,0,0,0,0,0,0,0,0,0,0,0,0,0,0,0,0,0,0,0,0
Mmp8,0,0,0,0,0,1.12014897228575,2.72400875987979,0,2.65273760898871,0,0,0,0,0,0,0,0,0,0,0,0,0,0,0,0,0,0,0
Mmp9,0,0,0,0,0,0,0,0,0,0,0,0,0,0,0,0,0,0,0,0,0,0,0,0,0,0,0,0
Mpo,0,2.51392560015471,0,0,0,0,0,0,0,0,0,0,0,0,0,0,0,0,0,0,0,0,0,0,0,0,0,0
Mpz,0,0,0,0,0,0,0,0,0,0,0,0,0,0,0,0,0,0,0,3.57261969618164,0,0,0,0,0,0,0,0
Mrgpra2b,0,0,0,0,0,0,0,0,0,0,0,0,0,0,0,0,0,0,0,0,0,0,0,0,0,0,0,0
Mrgprb1,0,0,0,1.43596408928581,0,0,0,0,0,0,0,0,0,0,0,0,0,0,0,0,0,0,0,0,0,0,0,0
Mrln,0,0,0,0,0,0,0,0,0,0,0,0,0,0,0,0,0,0,0,0,0,0,0,0,0,0,0,0
Ms4a6c,0,0,0,0,0,1.09736454164607,0,0.981531168346335,0,0,0,0,0,0,0,0,0,0,0,0,0,0,0,0,0,0,0,0
Msc,0,0,0,0,0,0,0,0,0,0,0,0,0,0,0,0,0,0,0,0,0,0,0,0,0,0,0,0
Msmp,0,0,0,0,0,0,0,0,0,0,0,0,0,0,0,0,0,0,0,0,0,0,0,0,0,0,0,0
Msrb1,0,0.650506861424463,0,0,0,1.17906224500347,1.43352459368854,0,1.02745964732304,0,0,0,0,0,0,0,0,0,0,0,0,0,0,0,0,0,0,0
mt-Rnr1,1.21962119242437,0.712391852091991,0.503975242729344,1.59969674863204,1.87232700692164,1.37847876621927,2.73654519029172,0.541652032058161,1.64765468835516,1.95218084176719,0.637791910169123,1.24305904622549,0,0,1.40831125093851,1.01822412632787,1.16221855093587,1.31424959067358,1.11595718938648,1.18531653537506,1.2277515334556,1.12574214174472,1.02051735985693,1.3165381892096,1.13690953815526,1.22775263425819,1.96220710307396,0
mt-Tc,0,0,0,0,0,0,0,0,0,0,0,0,0,0,0,0,0,0,0,0,0,0,0,0,0,0,0,0
Mt1,0,1.01910876671046,2.12891361336699,0.920658765366438,0,0,0,0.876045068159767,0,0,0,0.829070947880356,1.35714372653587,0,0,0,0,0,0,0,0,0,0,0,0,0,1.19112458762714,0
Mt2,0,0,2.08175966861492,0,0,0,0,0,0,0,0,0,0,0,0,0,0,0,0,0,0,0,0,0,0,0,0,0
Mustn1,0,0,0,0,0,0,0,0,0,0,0,0,0,0,0,0,0,1.12439262360819,0,0,1.28152821817955,0,0,0,0,0,0,0
Mxd1,0,0,0,0,0,0,0,0,0,0,0,0,0,0,0,0,0,0,0,0,0,0,0,0,0,0,0,0
Myh11,0,0,0,0,0,0,0,0,0,0,0,0,0,0,0,0,0,0,0,0,0,0,0,0,0,0,0,0
Myl1,0,0,0,0,0,0,0,0,0,0,0,0,4.89033073972907,0,0,0,0,0,0,0,0,1.50744973159593,0,0,0,0,0,0
Myl4,0,0,0,0,0,0,0,0,0,0,0,0,0,0,0,0,0,0,0,0,0,0,0,0,0,0,0,0
Myl9,0,0,0,0,0,0,0,0,0,0,0,0,0,0,0,0,0,3.09991013721533,0,0,3.17825281860087,0,0,0,0,0,0,0
Mylk,0,0,0,0,0,0,0,0,0,0,0,0,0,0,0,0,0,1.26507603926437,0,0,2.27644879645026,0,0,0,0,0,0,0
Mylpf,0,0,0,0,0,0,0,0,0,0,0,0,4.6130738549761,0,0,0,0,0,0,0,0,1.39161906137616,0,0,0,0,0,0
Myog,0,0,0,0,0,0,0,0,0,0,0,0,0,2.27197826976086,0,0,0,0,0,0,0,0,0,0,0,0,0,0
Myoz1,0,0,0,0,0,0,0,0,0,0,0,0,2.24631315409021,0,0,0,0,0,0,0,0,0,0,0,0,0,0,0
Nbl1,0,0,0,0,0,0,0,0,0,0,0,0,0,0,0,0,0,0,0,0,0,0,0,0,0,0,0,0
Ncf2,0,0,0,0,0,0,0,0,0,0,0,0,0,0,0,0,0,0,0,0,0,0,0,0,0,0,0,0
Ncf4,0,0,0,0,0,0,0,0,0,0,0,0,0,0,0,0,0,0,0,0,0,0,0,0,0,0,0,0
Ndn,0,0,0,0,0,0,0,0,0,0,0,0,0,0,0,0,0,0,1.12316203913082,0,0,1.02051676111463,0,0,0,0.784825017752374,0,0
Ndufa4l2,0,0,0,0,0,0,0,0,0,0,0,0,0,0,0,0,0,0,0,0,0,0,0,0,0,0,0,0
Ndufb9,0,0.574432523751522,0.871874543236211,0,0,0,0,0,0,0,0,1.74538091637024,1.63741602517359,0.852166824065465,0.869580413185526,0,0,0.777620839711139,0,0.846925517425356,0.671612587206345,0.935814744272988,0,0,0.655979270839736,0,2.88473001063773,0
Nexn,0,0,0,0,0,0,0,0,0,0,0,0,0,0,0,0,0,0,0,0,0,0,0,0,0,0,0,0
Nfib,0,0,0,0,0,0,0,0,0,0,0,0,0,0,0,0,0,0,0,0,0,0,0,0,0,0,0,0
Nfkbia,0,0,0,1.46865055616249,0,0,0.955104253376468,0,0,0.663609387594929,0,0.614184109894984,0,0,0,0,0,0,0,0,1.16120798899447,0,0,0,0,0,0,0
Nfkbiz,0,0,0,0.593373209974044,0,0,0,0,0,0,0,0,0,0,0,0,0,0,0,0,0,0,0,0,0,0,0,0
Ngp,0,0.500290799797294,0,0,1.23170218899504,0,3.70121473600262,0,3.76493135764267,0,0,0,0,0,0,0,0,0,0,0,0,0,0,0,0,0,0,0
Npm1,0,0.928306077747937,1.68714712255782,0,0,0,0,0,0,1.09380405478929,1.27110440134621,0.516462192863699,0,1.01746229615204,0.704977800385839,1.20234521046264,1.16878915914157,0,0,0,0,0.806321810529184,0,0,0,0,0.378842596555742,0
Nrep,0,0,0,0,0,0,0,0,0,0,0,0,0,0,0,0,0,0,0,0,0,0,0,0.497627168892568,0,0,0,0
Nupr1,0,0,0,0,0,0,0,0,0,0,0,0,0,0,0,0,0,0,0,0,0,0,0,0,0,0,0,0
Ogn,0,0,0,0,0,0,0,0,0,0,0,0,0,0,0,0,0,0,0,0,0,0.818271163969694,0,1.31131936742243,0,0,0,0
Olfml3,0,0,0,0,0,0,0,0,0,0,0,0,0,0,0.351300945150441,0,0,0,0,0,0,0,0,0,0,0,0,0
Pamr1,0,0,0,0,0,0,0,0,0,0,0,0,0,0,0,0,0,0,0,0,0,0,0,0,0,0.626906886445181,0,0
Parm1,0,0,0,0,0,0,0,0,0,0,0,0,0,0,0,0,0,0,0,0,0.886215810726098,0,0,0,0,0,0,0
Pclaf,0,0.165822135513823,0,0,0,0,0,0,0,0,0,0,0,0,0,0,0,0,0,0,0,0,0,0,0,0,0,0
Pcolce,0,0,0,0,0,0,0,0,0,0,0,0,0,0,1.37847224480021,0,0,0,1.12339623898828,0,0,1.18741721998194,0,1.25373255518358,0,1.07513845267091,0,0
Pdgfa,0,0,0,0,0,0,0,0,0,0,0,0,0,0,0,0,0,0,0,0,0,0,0,0,0,0,0,0
Pdlim4,0,0,0,0,0,0,0,0,0,0,0,0,0,0,0,0,0,0,0,0,0,0,0,0,0,0,0,0
Peg3,0,0,0,0,0,0,0,0,0,0,0,0,0,0,0,0,0,0,0,0,0,0,0,0,0,0,0,0
Penk,0,0,0,0,0,0,0,0,0,0,0,0,0,0,0,0,0,0,0,0,0,0.79747699282011,0,0,0,0,0,0
Pf4,0,0,0,0,0,0,0,4.46028201343123,0,0,0,0,0,0,0,0,0,0,0,0,0,0,0,0,0,0,0,0
Pgam2,0,0,0,0,0,0,0,0,0,0,0,0,1.97863016932228,0,0,0,0,0,0,0,0,0,0,0,0,0,0,0
Pglyrp1,0,0.898162979147113,0,0,0,0,1.34537207592909,0,1.51273392405103,0,0,0,0,0,0,0,0,0,0,0,0,0,0,0,0,0,0,0
Phlda1,0,0,0,0,0,0,1.24031374154537,0,0,1.20072683010403,0,0,0,0,0,0,0,0,0,0,0,0,0,0,0,0,0,0
Pilra,0,0,0,0,0,0,0,0,0,0,0,0,0,0,0,0,0,0,0,0,0,0,0,0,0,0,0,0
Pla2g7,0,0,0,1.18743297434418,0,0,0,0,0,0,0,0,0,0,0,0,0,0,0,0,0,0,0,0,0,0,0,0
Plac8,0,1.46964803305116,0,0,0,0.828662520718232,0,0,0,0,0,0,0,0,0,0,0,0,0,0,0,0,0,0,0,0,0,0
Plagl1,0,0,0,0,0,0,0,0,0,0,0,0,0,0,0,0,0,0,0,0,0,0,0,0,0,0.635660413581437,0,0
Plaur,0,0,0,0,0,0,1.04447052752416,0,0,0,0,0,0,0,0,0,0,0,0,0,0,0,0,0,0,0,0,0
Plek,0,0,0,0,0,0,0,0,0,0,0,0,0,0,0,0,0,0,0,0,0,0,0,0,0,0,0,0
Plp1,0,0,0,0,0,0,0,0,0,0,0,0,0,0,0,0,0,0,0,1.3048576285256,0,0,0,0,0,0,0,0
Plpp3,0,0,0,0,0,0,0,0,0,0,0,0,0,0,0,0,0,0,0,0,0,0,0,0,0,0,0,0
Pmp22,0,0,0,0,0,0,0,0,0,0,0,0,0,0,0,0,0,0,0,1.28091001538079,0,0,0,0,0,0,0,0
Pnpla2,0,0,0,0,0,0,0,0,0,0,0,1.07342462422774,0,0,0,0,0,0,0,0,0,0,0,0,0,0,1.51546067729022,0
Postn,0,0,0,0,0,0,0,0,0,0,0,0,0,0,0,0,0,0,1.38064521513661,0,1.23915633121381,1.2254972126955,1.45659341770897,2.08356660930851,0,1.92479037775587,0,0
Ppp1r14a,0,0,0,0,0,0,0,0,0,0,0,0,0,0,0,0,0,0,0,0,0.694410477500173,0,0,0,0,0,0,0
Prdx5,0,0.704504857764933,0,0,0,1.10410988705425,1.08852518163387,0,1.19270349591015,0,0,0,0,0,0,0,0,0,0,0,0,0,0,0,0,0,0.547051737790406,0
Prdx6,0,0.601995680123956,0.914170218256619,0,0,0,1.16727598436942,0,0,0,0,0,0,0,0,0,0,0,0,0,0,0,0,0,0,0,0,0
Prg4,0,0,0,0,0,0,0,0,0,0,0,0,0,0,0,0,0,0,0,0,0,0,0,0,0,0,0,0
Prkcdbp,0,0,0,0,0,0,0,0,0,0,0,0,0,0,0,0,0,0.639148715055576,0,0,0,0,0,0,0,0,0,0
Prss34,0,0,0,0,0,0,0,0,0,0,0,0,0,0,0,0,0,0,0,0,0,0,0,0,0,0,0,0
Prtn3,0,1.86206167518496,0,0,0,0,0,0,0,0,0,0,0,0,0,0,0,0,0,0,0,0,0,0,0,0,0,0
Ptma,0,1.46455291696044,1.66780581764279,0.51650836861507,0,0.574595095489535,0,0,0,0.632584396218619,1.61123800493332,0.631456920856222,0,0,0.351300945150441,1.83684801491745,1.21879084754843,1.06705950707735,0,1.01253917840743,1.19965046584967,0,1.47253617796206,0.803039876290682,0.994302029905421,0,0.517750588053623,0
Ptn,0,0,0,0,0,0,0,0,0,0,0,0,0,0,0,0,0,0,0,0,0,0,0,0,0,0,0,0
Ptp4a3,0,0,0,0,0,0,0,0,0,0,0,0,0,0,0,0,0,0,0,0,0,0,0,0,0,0,0,0
Ptprcap,0,0,0,0,0,0,0,0,0,0,0.593838330781001,0,0,0,0,1.02823716000055,0,0,0,0,0,0,0,0,0,0,0,0
Purb,0,0,0,0,0,0,0,0,0,0,0,0,0,0,0,0,0,0,0,0,0,0,0,0,0,0,0,0
Pygl,0,0.154902823639623,0,0,0,0,0,0,0.885644384593145,0,0,0,0,0,0,0,0,0,0,0,0,0,0,0,0,0,0,0
Rac2,0,0.87660967355208,0,1.09648595070801,0,0.547358383876684,1.2288864096807,0,1.07982713920098,0,0.593838330781001,0,0,0,0,0.607261816970767,0,0,0,0,0,0,0,0,0,0,0,0
Ramp2,0,0,0,0,0,0,0,0,0,0,0,0,0,0,0,0,0,0,0,0,0,0,0,0,1.18531653537506,0,0,0
Rarres2,0,0,0,0,0,0,0,0,0,0,0,0,0,0,0,0,0,0,0,0,0.691646832065149,0,0,0,0,0,0,0
Rbp1,0,0,0,0,0,0,0,0,0,0,0,0,0,0,0,0,0,0,0,0,0,0,0,0,0,0,0,0
Rcn3,0,0,0,0,0,0,0,0,0,0,0,0,0,0,0.790181559795251,0,0,0,0,0,0,0,0,0.64696768470189,0,0.555332315479704,0,0
Retnlg,1.30122608744007,0.503347538942981,0.447192597571085,0.889815149226878,2.84463129149104,1.11136479225478,4.69474690734391,0.986501991796187,4.82617733204942,1.26145713689757,0.973129649820436,0.460360336265935,0.768665995814535,0.953428722721214,1.37847224480021,1.28214705677956,1.28463007203026,1.20180549436199,1.11044695856318,1.15870389960489,0.841750097498008,1.04808180953566,1.07410711637699,1.03292811213495,1.12390464907487,0.961151402242072,0.497462899201867,1.04808180953566
Rgs2,0,0.500649623732283,0,0.815405631297466,0,0.861643448688665,0,0,0,0,0,0,0,0,0,0,0,0,0,0,0,0,0,0,0,0,0,0
Rgs5,0,0,0,0,0,0,0,0,0,0,0,0,0,0,0,0,0,0,0,0,0,0,0,0,0,0,0,0
Rhoc,0,0,0,0,0,0,0,0,0,0,0,0,0,0,0.633590190941939,0,0,0,0,0,0,0,0,0,0,0,0,0
Rnase4,0,0,0,0,0,0,0,0,0,0,0,0,0,0,0,0,0,0,0,0,0,0,0,0,0,0,0,0
Rps26,2.56370138867345,2.8373987262059,3.39642110151899,1.76012151794562,1.40236406416657,1.96053240510092,0,2.18472877524956,1.11827055952639,2.53697267537986,2.95264327494726,2.77133937886293,1.88416317960911,3.23839207600834,2.15278849550805,2.92256943879344,3.27390286150063,2.29416378475887,2.70776947749704,2.371781250722,2.24559003339512,2.73242694085092,2.18991657423011,2.44627892592789,2.30410681882191,2.46619108236267,2.0679271243492,2.60019669414724
Rrad,0,0,0,0,0,0,0,0,0,0,0,0,0,0,0,0,0,0,0,0,0,0,0,0,0,0,0,0
Rsrp1,0,0,0,0,0,0,0.771104915304049,0,0,0,0,0,0,0,0,0,0,0,0,0,0,0,0,0,0,0,0,0
S100a10,0,0,0,0,0,0,0,0.77730130436399,0,0,0,0,0,0,0.691991061156925,0,0.750555064244357,0,0.97486879745455,0,0.812490432321909,0.770377310361599,0,0,0.908523374488093,1.43678024868447,0,0
S100a11,0,1.01160425039245,0,0,0.251489356741034,1.73579178516412,2.57349804307055,0,2.00149533346484,0,0,0,0,0,0.704977800385839,0,0,1.24577077894753,0,0,1.4824653960794,0,0,0,0.724198508515659,1.29592581148155,0,1.14586374614916
S100a16,0,0,0,0,0,0,0,0,0,0,0,0,0,0,0,0,0,0,0,0,0,0,0,0,0,0,0,0
S100a4,0,0,0,0,0,0.831729014591542,0,0,0,0,0,0,0,0,0,0,0,0,0,0,0,0,0,0,0,0,0,0.956096807034772
S100a6,1.10183703571175,0,0,0,0.965597950795784,2.1514852572939,1.5310974225463,1.02513444207954,2.10688341672408,0,0.764421559084938,0.429920454140044,0,0,1.15770544560602,0,0,0.985789210196675,1.53337067066459,1.40203258476497,1.82577131689736,1.12574214174472,0.641906295721583,1.07810625594422,0,2.40850279990761,0,1.15472092522268
S100a9,1.93874514579857,3.98499490317195,0.800828370409591,1.30368256271306,3.34005069926077,2.26721974128725,5.79753183429355,1.47824838402411,6.26885537887605,1.64658895148733,1.41874064093472,0.901796231081209,1.4728050520769,1.39457732259212,1.47656886470023,1.74502671072401,1.70641828573716,1.73163841112033,1.55369420047908,1.50920665461147,1.36417410688576,1.70872648013648,1.52163126642397,1.52702471294675,1.57759656514118,1.49441340944656,1.02593813675074,1.91648358260847
Saa3,0,0,0,0,0,0,0,0,0,0,0,0,0,0,0,0,0,0,0,0,0,0,0,0,0,0,0,0
Samsn1,0,0,0,0,0,0,0,0,0,0,0,0,0,0,0,0,0,0,0,0,0,0,0,0,0,0,0,0
Sat1,0,0,0,0,0,0,0.990575075543144,0,0,0,0,0,0,0,0,0,0,0,0,0,0,0,0,0,0,0,0,0
Scrg1,0,0,0,0,0,0,0,0,0,0.792446643195352,0,0,0,0,0,0,0,0,0,0,0,0,0,0,0,0,0,0
Sdpr,0,0,0,0,0,0,0,0,0,0,0,0,0,0,0,0,0,0,0,0,0,0,0,0,1.08017430228984,0,0,0
Selenop,0,0,0,0,0,0,0,1.79034032094119,0,0,0,0,0,0,0,0,0,0,0,0,0,0,0,0,0,0,0,0
Serpinb1a,0,1.30011366150503,0,2.8738799097649,0,0,0,0,0,0,0,0,0,0,0,0,0,0,0,0,0,0,0,0,0,0,0,0
Serpine2,0,0,0,0,0,0,0,0,0,0,0,0,0,0,0.910922727695808,0,0,0,0,0,0,0,1.35108370276436,0,0,0,0,0
Serpinf1,0,0,0,0,0,0,0,0,0,0,0,0,0,0,0.691991061156925,0,0,0,0,0,0,0,0,0,0,0,0,0
Serping1,0,0,0,0,0,0,0,0,0,0,0,0,0,0,0,0,0,0,0,0,0,0,0,0,0,0,0,0
Serpinh1,0,0,0,0,0,0,0,0,0,0.965899766340671,0,0,0,0,1.14684081160563,0,0,0,0,0.943559299389031,0,0,1.0201352545427,1.11273481327013,0,0.841502797100759,0,0
Sh3bgrl3,0,1.03621249412946,0,1.11365662677459,0,1.34780909129284,0.745143081721761,1.23001466066558,0.830089836707685,0,1.01329335133027,0,0,0,0,0.57669039045626,0,0,0,0,0,0,0,0,0,0,0,1.24378144497421
Sh3bp5,0,0,0,0,0,0,0,0,0,0,0,0,0,0,0,0,0,0,0,0,0,0,0,0,0.937118639017301,0,0,0
Slc16a2,0,0,0,0,0,0,0,0,0,0,0,0,0,0,0,0,0,0,0,0,0,0,0,0,0,0,0,0
Slc25a5,0,1.50804700796711,2.00897558283496,1.1713923951444,0,1.46906251197355,0,1.2357113657609,0,0.562318802027727,1.74180179439153,2.31969272490965,1.45673279764114,1.54530857856042,0.790181559795251,1.40053466966223,0.996239075317349,1.4241620236873,0,1.28712077952968,0.835118472280455,0,1.41486050780456,0.671936804707403,1.12884003974515,0,2.06338149186945,1.47656886470023
Slc2a3,0,0,0,0,0,0,0,0,0,0,0,0,0,0,0,0,0,0,0,0,0,0,0,0,0,0,0,0
Slfn2,0,0,0,0,0,0,0,0,0,0,0,0,0,0,0,0,0,0,0,0,0,0,0,0,0,0,0,0
Sln,0,0,0,0,0,0,0,0,0,0,0,0,4.06209959668164,0,0,0,0,0,0,0,0,1.036080281454,0,0,0,0,0,0
Slpi,0,0,0,0,0,0,1.46749059083263,0,1.23342598293298,0,0,0,0,0,0,0,0,0,0,0,0,0,0,0,0,0,0,0
Smoc2,0,0,0,0,0,0,0,0,0,0,0,0,0,0,0,0,0,0,0,0,0,0,0,0,0,0,0,0
Socs3,0,0,0,0,0,0,0,0,0,0,0,0,0,0,0,0,0,0,0,0,0,0,0,0,0,0,0,0
Sod3,0,0,0,0,0,0,0,0,0,0,0,0,0,0,0,0,0,0,0,0,0,0,0,0,0,0,0,0
Sostdc1,0,0,0,0,0,0,0,0,0,0,0,0,0,0,0,0,0,0,0,1.24494345425101,0,0,0,0,0,0,0,0
Sparc,2.91768613737531,0.936732665164619,0.761799124982005,1.01451137545946,2.19598360983016,1.25670233880145,0.892950815871858,1.46740504374801,1.62766289061013,4.31338475317286,1.08589577300517,1.86281068595903,1.3048576285256,2.36152758540061,5.19442721947393,1.4970010123623,2.41951709259733,3.67231762373066,4.1802440238209,4.46901435648075,4.37759578065786,3.83542761769759,3.88474563229351,4.91246948312277,3.83769799224348,4.58178209213511,1.46148482011239,1.51450430735394
Sparcl1,0,0,0,0,0,0,0,0,0,0,0,0,0,0,0,0,0,1.28595582444722,0,0,0,0,0,0,1.10840123191669,0,0,0
Spg21,0,0,0,0,0,0,0,0,0,0,0,0,0,1.32577877672734,0,0,0,0,0,0,0,0,0,0,0,0,0,0
Spi1,0,0.500251467948862,0,0,0,0.817081137291871,0,0.701419106489828,0,0,0,0,0,0,0,0,0,0,0,0,0,0,0,0,0,0,0,0
Spp1,0,0,0,0,0,0,0,0,0,0,0,0,0,0,4.73753033169606,0,0,0,0,0,0,0,0,0,0,0,0,0
Srgn,0,1.82532806915155,0,3.23513481799938,0.341241378789961,1.01537370064238,2.289420192363,0,1.51984267513778,0,0.971052535193344,0,0,0,0,0.444977917091402,0,0,0,0,0,0,0,0,0,0,0,1.04808180953566
Stfa1,1.41720398731873,4.12807164428007,0.387339711503214,1.0728798115225,3.050948619551,2.93728269750229,5.32919890910856,1.06037720393053,5.55267004258519,1.41720398731873,1.24262173520905,0.623985443726686,1.22437333782896,1.02668335877587,1.33336151648133,1.34536870084768,1.27598715800814,1.20451023994059,1.20723049118074,1.21215322941168,0.741114993301989,1.21105509628198,1.21319167244711,1.06874299251126,1.27044395185833,1.03529098752062,0.558986211500924,1.10273380659571
Stfa2,0,0,0,0,1.45386676249758,0,3.9303471963184,0,4.31539610682666,0,0,0,0,0,0,0,0,0,0,0,0,0,0,0,0,0,0,0
Stfa2l1,0,0.501719906158362,0,0,1.36820009848613,1.06924824043149,3.67276751615683,0,4.29978421357428,0,0,0,0,0,0,0,0,0,0,0,0,0,0,0,0,0,0,0
Stfa3,0,0.447973480969151,0,0,1.01938714778124,1.08985733237324,2.9668989283116,0,3.9406024516473,0,0,0,0,0,0,0,0,0,0,0,0,0,0,0,0,0,0,0
Stk17b,0,0,0,0,0,0,0,0,0,0,0,0,0,0,0,0,0,0,0,0,0,0,0,0,0,0,0,0
Stmn1,0,0.500914006634535,0.581487447695226,0,0,0,0,0,0,0,0,0,0,0,0,0,0,0,0,0,0,0,1.00889088827611,0,0,0,0,0
Tagln,0,0,0,0,0,0,0,0,0,0,0,0,0,0,0,0,0,0,0,0,0.671612587206345,0,0,0,0,0,0,0
Tagln2,0,0.678741514630288,0,0,0,0,0,0.726367363979289,0,0,0,0,0,0,0,0,0,0,0,0,0,0,1.1729628424581,0,1.21660535526814,0,0,0
Tceal9,0,0,0,0,0,0,0,0,0,0.904315378419054,0,0,0,0,0.591325584760324,0,0,0,0,0,0,0,0,0.745098230519721,0,0,0,0
Tcf4,0,0,0,0,0,0,0,0,0,0,0,0,0,0,0,0,0,0,0,0,0,0,0,0,0,0,0,0
Tgfbi,0,0,0,0,0,0,0,0,0,0,0,0,0,0,0,0,0,0,0,0,0,0,0,0,0,0,0,0
Thbs1,0,0,0,0,0,0,0,0,0,0,0,0,0,0,0,0,0,0,0,0,0,0,0,0,0,0,0,0
Thbs4,0,0,0,0,0,0,0,0,0,0,0,0,0,0,0,0,0,0,0,0,0,0,0,0.955762450501669,0,0,0,0
Tlr2,0,0,0,0,0,0,0,0,0,0,0,0,0,0,0,0,0,0,0,0,0,0,0,0,0,0,0,0
Tm4sf1,0,0,0,0,0,0,0,0,0,0,0,0,0,0,0,0,0,0,0,0,0,0,0,0,0.632390950468406,0,0,0
Tmem176b,0,0,0,0,0,0,0,0,0,0,0,0,0,0,0,0,0,0,0,0,0,0,0,0,0,0,0,0
Tmem8c,0,0,0,0,0,0,0,0,0,0,0,0,0,0.885644384593145,0,0,0,0,0,0,0,0,0,0,0,0,0,0
Tmsb4x,2.24450701806676,3.7942774585171,0.539955066056919,2.11250353546238,2.20954669283919,4.47622019747989,4.11500091701339,4.68365420019564,4.06692689647634,0.936455095431637,2.83199897150382,0.60081557225457,1.16878915914157,2.71150290408061,1.71744786419971,2.77738269767204,2.05790394802146,2.65557666848876,2.03754009286684,1.83567012464869,3.54774513043248,1.86987826226138,1.53529390123976,2.36316093362462,3.83705685477941,2.68307263762838,0.683343092226968,4.92447548557668
Tnc,0,0,0,0,0,0,0,0,0,0,0,0,0,0,0,0,0,0,0,0,0,0,0.287751927669874,0,0,0,0,0
Tnfaip6,0,0,0,0,0,0,0,0,0,0,0,0,0,0,0,0,0,0,0,0,0,0,0,0,0,0,0,0
Tnmd,0,0,0,0,0,0,0,0,0,0,0,0,0,0,0,0,0,0,0,0,0,0,0,3.95140706734391,0,0,0,0
Tnnc2,0,0,0,0,0,0,0,0,0,0,0,0,5.00730154594143,0,0,0,0,0,0,0,0,1.67149381896094,0,0,0,0,0,0
Tnni2,0,0,0,0,0,0,0,0,0,0,0,0,3.84322185275538,0,0,0,0,0,0,0,0,1.03292811213495,0,0,0,0,0,0
Tnnt2,0,0,0,0,0,0,0,0,0,0,0,0,0,1.17802550663502,0,0,0,0,0,0,0,0,0,0,0,0,0,0
Tnnt3,0,0,0,0,0,0,0,0,0,0,0,0,3.89815721665236,0,0,0,0,0,0,0,0,0.803974772159966,0,0,0,0,0,0
Tnxb,0,0,0,0,0,0,0,0,0,0,0,0,0,0,0,0,0,0,0,0,0,0,0,0,0,0,0,0
Tpm1,0,0,0,0,0,0,0,0,0,0,0,0,3.92734282616398,0,0,0,0,2.12066480960723,0,0,2.24776106558636,1.06874299251126,0,0,0,0,0,0
Tpm2,0,0,0,0,0,0,0,0,0,0,0,0,3.62394378210428,0.863393862303206,0,0,0,1.91492687470457,0,0,1.98705231404093,0.874373286646728,0,0,0,0,0,0
Tppp3,0,0,0,0,0,0,0,0,0,0,0,0,0,0,0,0,0,0,0,0,1.08415460441238,0,0,0,0,1.11873630134022,0,0
Tpsab1,0,0,0,1.88851748960387,0,0,0,0,0,0,0,0,0,0,0,0,0,0,0,0,0,0,0,0,0,0,0,0
Tpsb2,0,0,0,5.80370034641951,0,0,0,0,0,0,0,0,0,0,0,0,0,0,0,0,0,0,0,0,0,0,0,0
Trem1,0,0,0,0,0,0,0.785036467369905,0,0,0,0,0,0,0,0,0,0,0,0,0,0,0,0,0,0,0,0,0
Trib1,0,0,0,0,0,0,0,0,0,0,0,0,0,0,0,0,0,0,0,0,0,0,0,0,0,0,0,0
Tsc22d1,0,0,0,0,0,0,0,0,0,0.669673950866366,0,0,0,0,0,0,0,0,0,0,0,0,0,0,0,0,0,0
Tshz2,0,0,0,0,0,0,0,0,0,0,0,0,0,0,0,0,0,0,0,0,0,0,0,0,0,0,0,0
Tspo,0,0.654422280374232,0,0,0,1.02320527967412,0,0,0,0,0,1.35475071119331,0,0,0,0,0,0,0,0,0,0,0,0,0,0,1.48463275928543,0
Tuba1a,0,0,0,0,0,0,0,0,0,0,0,0,0,0,0,0,0,0,0,0.859081167988173,0,0,0,0,0,0,0,0
Tuba1b,0,0.742409672026666,1.09768098758332,0,0,0,0,0,0,0,0,0,0,0,0,0,0,0,0,0,0,0,0.871507912122686,0,0,0,0,0
Tuba1c,0,0,0,0,0,0,1.02843268908675,0,0,0,0,0,0,0,0,0,0,0,0,0,0,0,0,0,0,0,0,0
Tubb5,0,0.484282063108669,0.758490600598494,0,0,0,0,0,0,0,0,0,0,0,0,0.575030625324372,0,0,0,0,0,0,0.992326099415454,0,0,0,0,0
Tubb6,0,0,0,0,0,0,0,0,0,0,0,0,0,0,0,0,0,0,0,0,0,0,0,0,0,0,0,0
Tyrobp,0,0.924812502463088,0,1.57813970250433,1.11684205729134,2.18778140749268,2.15148245353371,2.12382625133627,2.19699801478707,0,0,0,0,0,0,0,0,0,0,0,0,0,0,0,0,0,0,1.43116466029492
Ubc,0,0.407007520702807,0,1.13385056676699,0,1.01154098494409,1.9060645795378,0.43399235576942,1.05872043569825,1.12480246483479,0,0.945209237146191,0,0,0,0,0,0,0,0,0,0,0,0,0,0,0.57373332372294,0
Ube2c,0,0,0,0,0,0,0,0,0,0,0,0,0,0,0,0,0,0,0,0,0,0,0,0,0,0,0,0
Ube2l6,0,0,0,0,0,0,0,0,0,0,0,0,0,0,0,0,0,0,0,0,0,0,0,0,0,0,0,0
Ucma,0,0,0,0,0,0,0,0,0,1.16473293272122,0,0,0,0,0,0,0,0,0,0,0,0,0,0,0,0,0,0
Ucp2,0,0,0.578192123875806,0.616235339215185,0,1.10907614331389,0,1.29634691978539,0,0,0,0,0,0,0,1.17750833791884,0,0,0,0,0,0,0,0,0,0,0,0.845885203541202
Vasp,0,0,0,0,0,0,0,0,0,0,0,0,0,0,0,0,0,0,0,0,0,0,0,0,0,0,0,0
Vim,0.454780509409488,0.320724959153446,0,0.731459546235299,0,1.0333473823765,0,1.42234019408827,0,0,0,0.663613208161603,0,0,0.633590190941939,0,0.723484876365692,1.47825046144524,1.25936818167904,1.3529626766504,1.72272854093543,0.896047770832231,1.21333754070911,0.745098230519721,1.46917635071363,1.35436709848799,0.549408993242756,0
Vpreb3,0,0,0,0,0,0,0,0,0,0,0,0,0,0,0,1.51273392405103,0,0,0,0,0,0,0,0,0,0,0,0
Wfdc17,0,0,0,0,0,0.820035682210103,0,0,0,0,0,0,0,0,0,0,0,0,0,0,0,0,0,0,0,0,0,0
Wfdc21,0,0,0,0,0.428204090618071,0,1.50149392545719,0,1.8489057906433,0,0,0,0,0,0,0,0,0,0,0,0,0,0,0,0,0,0,0
Wif1,0,0,0,0,0,0,0,0,0,0,0,0,0,0,0.871601545546931,0,0,0,0,0,0,0,0,0,0,0,0,0
Zfp36,0,0,0,1.02903804328341,0,0.79514320633797,1.12108052039048,0.653337594465596,0,0,0,0,0,0,0,0,0,0,0,0,0.691646832065149,0,0,0,0.266701432949743,0,0,0
