,unassigned,Neonatal-Rib_4,Neonatal-Rib_8,Neonatal-Rib_15,Neonatal-Rib_7,Neonatal-Rib_11,Neonatal-Rib_19,Neonatal-Rib_10,Neonatal-Rib_18,Neonatal-Rib_16,Neonatal-Rib_2,Neonatal-Rib_6,Neonatal-Rib_13,Neonatal-Rib_22,Neonatal-Rib_9,Neonatal-Rib_3,Neonatal-Rib_21,Neonatal-Rib_25,Neonatal-Rib_12,Neonatal-Rib_14,Neonatal-Rib_5,Neonatal-Rib_24,Neonatal-Rib_20,Neonatal-Rib_1,Neonatal-Rib_17,Neonatal-Rib_23
1500015O10Rik,0,0.834381579965234,0.744750335599762,0,0,0,0.98340316690744,0,0,0,0,0.447529027614038,0,0,0,0.918136100132098,0,0,0,0,0,0,0,0,0,0
1520401A03Rik,0,0,0,0,0,0,0,0,0,0,0,0,0,0,0,0,0,0,0,0,0,0,0,0,0,0
2010005H15Rik,0,0,0,0,0,0,0,1.21117624280476,0,0,3.34866270434235,0,0,0,0,0,0,0,0,0,0,0,0,0,0,0
3110079O15Rik,1.63051846098887,1.98005765527617,2.91355900059865,0,0.539670041190436,0,2.32281820517664,0.663782797213128,0.514558479172401,0.611631484001335,0.847925373583165,1.57836898135006,0,0.615474900938999,0.805487951256252,2.21815890596261,0.747144381722232,0,0.64894422289062,0.61858512242939,1.55294189182349,0,0,2.22619794409573,0.545978739161251,1.3625753947139
4930523C07Rik,0,0,0,0,0,0,0,0,0,0,0,0,0,0,0,0,0,0,0,0,0,0,0,0,0,0
Acan,0,0,0.625168377441867,0,0,0,0,0,0,0,0,0,0,0,0,0,0,0,0,0,0,0,0,0,0,0
Acod1,0,0,0,0,0,0,0,0,0,0,0,0,0,0,0,0,0,0,0,0,0,0,0,0,0,0
Acta1,0,0,0,0,0,0,0,0,0,0,0,0,0,0,0,0,0,0,0,0,0,0,0,0,0,0
Acta2,0,0,0,0,0,0,0,0,0,0,0,0,0,0,0,0,0,0,0,0,0,1.57381255713502,3.28389526988622,0,0,0
Actb,1.23025819686563,1.45246152696169,1.15372614119558,1.12352488664645,0,0.962640940040595,1.47633423427403,1.84960800326955,1.68621597743206,1.15940176804902,1.99249607592069,1.22864397757575,1.19283990155277,1.11033995867002,0.659771711472122,1.00914536510039,1.14302441734425,2.23945581695548,1.30605523182173,0.795599497432779,0.762277211381838,1.03728265730004,1.20394676374045,1.00375650405459,0.851608113724105,1.12165474813043
Actc1,0,0,0,0,0,0,0,0,0,0,0,0,0,0,0,0,0,0,0,0,0,2.61467693688518,0,0,0,0
Actg1,1.03082025402285,1.46402059916876,1.295739085056,0.644009645014586,0,0,1.46736433730353,1.76101336374477,0.903562518740382,1.10258313358015,1.52674097052213,1.27990294775793,0.715498402125165,1.02125101376924,0.909116724040092,0.883199441663879,1.1209073537618,0.59170642740648,0,0.907736023358017,1.01775227745221,0,1.20959853117775,0,1.42496536885583,1.10175325923893
Adam8,0,0,0,0,0,0,0,0,0,0,0,0,0,0,0,0,0,0,0,0,0,0,0,0,0,0
Agtr2,0,0,0,0,0,0,0,0,0,0,0,0,0,0,0,0,0,0,0,0,0,0,0,0,0,0
Alox5ap,0,0,0,0,0,0,0,1.4212861905439,0,0,1.40249411802353,0,0,0,0,0,0,0,0,0,0,0,0,0,0,0
Anxa1,0,0,0,0,0,0,0,0,0,0,0.908307705463382,0,0,0,0,0,0,0,0,0,0,0,0,0,0,0
Anxa2,0,0.82566751929081,1.34652038479018,0,0.967188777413536,0,1.19727052263852,0.748572480485738,0,0,0,0,0,1.16417658983347,0.63833823087875,1.31070340546534,0.786578024130977,0.158227073954449,0,0,1.1812832282397,0,0.906921079154741,0,1.24554643647511,0
Anxa5,0,0.71749060715738,1.07834312265604,0,0.589108375004089,0,1.00759320835292,0,0.286512749520514,0.689244522670456,0,0.57633235272282,0,0,0.629964511659991,0.859480915275812,0.735951984063876,0,0,0,0.878132383126511,0,0,0,0.765475516986027,0
Anxa8,0,0,0,0,0,0,0,0,0,0,0,0,0,0,0,0,0,0,0,0,0.506404505206226,0,0,0,0,0
Apoe,0,0,0,0,0,0,0,1.22063825241405,3.45543549531045,0,0,0,0,1.18469219802775,0,0,0,1.21612130813277,0,0,0,0,0,0,0,0
Arg2,0,0,0,0,0,0,0,0,0,0,0,0,0,0,0,0,0,0,0,0,0,0,0,0,0,0
Arhgdib,0,0,0,0.73122653138242,0,0,0,0,0,0,0,0,0,0,0,0,0,0,0,0,0,0,0,0,0,0
Arl4a,0,0,0,0,0,0,0,0,0,0,0,0,0,0,0,0,0,0,0,0,0,0,0,0,0,0
Arpc2,0,0.447908072127241,0.592763818237453,1.04096107174265,0,0,0.755032653662231,1.31146455122087,1.28609506334821,0,1.18568818826448,0,0.990595655500129,0,0,0,0,1.46659848426538,0,0,0,0,0.740982995242869,0,0,0
Arpc3,0,0,0,0.680062837584991,0,0.354226513186302,0,0.883852196908164,0.269429910700829,0,0,0,0,0,0,0,0,1.18958350002142,0,0,0,0,0,0,0,0
Aspn,0,0,0,0,1.61469349973388,0,0,0,0,0,0,0,0,0,1.84547663109902,0,0,0,0,0,0,0,0,0,0,0
Asprv1,0,0,0,0,0,0,0,0,0,0,1.72129710171241,0,0,0,0,0,0,0,0,0,0,0,0,0,0,0
Atf3,0,0,0,0,0,0,0,0,0,0,0,1.38605383272127,0,0,0,0,0,0,0,0,0,0,0,0,0,0
Atf4,0.663031987354004,1.28353122516281,0.929381415475622,0.404143862784548,0,0,1.25558947940157,0.862254832971737,0,0,0,1.14185751025624,0.233178188497467,0,0,1.19119812358095,0,0,0,0,1.2283751490982,0,0,0,0,0
Atp5b,0,0,0.553845258301916,0.926633631885891,0,1.4338803602961,0,0,0.441616597452758,0.723703437303558,0,0,1.13123645664182,0.743421992282574,0,0,0,1.1273453593927,0.918134561628845,0.855631950529554,0,0.69341270955802,1.2169236625214,0,0.881696155006973,0.662630860911182
Atp5g1,0,0,0,0.625293187736468,0,1.18405746528689,0,0,0.185747262660084,0,0,0,0,0,0,0,0,0.93626425371203,0,0,0,0,0,0,0.636278635048302,0.424358203328081
Atp5k,0,0,0,0.191109048900153,0,0.65800229658502,0,0,0,0,0,0,0,0,0,0,0,0.948068312595632,0,0,0,0,0,0,0.821044142219931,0.88466565359387
Atp6v1e1,0,0,0,0,0,0,0,0,0,0,0,0,0,0,0,0,0,0.868395394179639,0,0,0,0,0,0,0,0
Atpif1,0,0,0,1.09532689135961,0,1.52263994322702,0,0,0,0,0,0,0,0,0,0,0,0.938188001583925,0,0,0,0,0.749114729580178,0,1.42422788839823,0.527712170501228
B2m,0,0,0,0.807342035607091,0.731316406277784,0.59544616128018,0,1.59037592741954,2.62619890926134,0.411622640742809,0.931787204158028,0,1.34530187761675,1.11821215050687,0.85975606958047,0,1.20327274913719,2.13837363907035,1.35839023336146,0,0,0,0,0,0,0
BC100530,1.99093858580269,0.434006871013226,0,3.27750010789969,0.942406085915486,0,0.297746975715212,1.19170146478005,0.677131115949399,0.873442901853313,5.23609812265374,0.84715735140477,0,0.922245252221769,1.1099147340342,0,1.23293831918425,0,0.906310989036945,1.09578290324076,0.73523389317148,0,0.860252172725841,2.55117662733991,0.574815703523608,0.750747020153863
BC117090,0,0,0,0,0,0,0,0,0,0,0,0,0,0,0,0,0,0,0,0,0,0,0,0,0,0
Bgn,1.48113139298953,2.2450583753004,1.4429159645462,0,1.34197252262368,0,1.44519426081853,0,0,1.37457069756603,0,1.91457602019978,0,0.615474900938999,2.08045125912216,1.68657820504673,0,0,0,0,2.2507400116076,0,1.50802554794827,1.53276625636951,0,0
Bsg,0,0,0.55635519848307,0,0,0,0,0,0,0,0,0,0,0,0,0,0,0,0,0,0.559240853721463,0,0,0,0.785715774503178,0
Btg2,0,0,0,0,0,0,0,0,0,0,0,0.67980476583655,0,0,0,0,0,0,0,0,0,0,0,0,0,0
C1qa,0,0,0,0,0,0,0,0,1.7581965429488,0,0,0,0,0,0,0,0,0,0,0,0,0,0,0,0,0
C1qb,0,0,0,0,0,0,0,0,2.32022150881429,0,0,0,0,0,0,0,0,0,0,0,0,0,0,0,0,0
C1qc,0,0,0,0,0,0,0,0,2.04543548174669,0,0,0,0,0,0,0,0,0,0,0,0,0,0,0,0,0
C1qtnf3,0,0.69629999009674,1.23350066428173,0,0,0,0,0,0,0,0,0,0,0,1.19473323742867,0,0,0,0,0,0,0,0,0,0,0
Cald1,0,0,0,0,0,0,0,0,0,0,0,0,0,0,0,0,0,0,0,0,0,0,1.40249411802353,0,0,0
Calm1,1.03717879187225,1.12308550724448,1.27155886520851,1.16324820539862,0.773448053216459,1.1709314068933,1.1937202334906,1.74013845560125,1.86777438400106,1.12575537301662,1.35905941102154,0.967184232043517,1.35507094224871,0,0.616015805018643,1.29875515956447,1.85265534336479,1.76734785924682,1.34782826797161,0,1.44900921497203,0,1.31689093933847,0,2.27304459819804,1.35859184905395
Calm2,0,0,0.590740018552914,0,0,0.387965327625325,1.19119789894594,0,0.57987983029091,0,0,0,0,0.714151895217732,0,0,0,0,0,0.567284552670017,0,0,0.650030055885096,0,1.59981060757459,0.509193988637228
Camp,0,0,0,0,0,0,0,0,0,0,1.45054113526146,0,0,0,0,0,0,0,0,0,0,0,0,0,0,0
Car2,0,0,0,0,0,0.990738140347399,0,0,0,0,0,0,0,0,0,0,0,0,0,0,0,0,0,0,0,0
Car3,0,0,0,0,0,0,0,0,0,0,0,0,0,0,0,0,0,0,0,0,0,0,0,0,0,0
Cav1,0,0,0,0,0,0,0,0,0,0,0,0,0,0,0,0,1.18998801457122,0,0,0,0,0,0.886460079602713,0,0,0
Ccl3,0,0,0,0,0,0,0,0,0,0,0,0,0,0,0,0,0,0,0,0,0,0,0,0,0,0
Ccl4,0,0,0,0,0,0,0,0,0,0,0,0,0,0,0,0,0,0,0,0,0,0,0,0,0,0
Ccl6,0,0,0,0,0,0,0,0,0,0,0,0,0,0,0,0,0,0,0,0,0,0,0,0,0,0
Ccl9,0,0,0,0,0,0,0,0,0.508820014816326,0,0,0,0,0,0,0,0,1.24454760139499,0,0,0,0,0,0,0,0
Ccr1,0,0,0,0,0,0,0,0,0,0,0,0,0,0,0,0,0,0,0,0,0,0,0,0,0,0
Cd14,0,0,0,0,0,0,0,1.38420212363793,0,0,0,0,0,0,0,0,0,0,0,0,0,0,0,0,0,0
Cd24a,0,0,0.295791430022042,0,0,0.500396869571596,0,0,0,0,0,0,0,0,0,0,0,0,0.592047932396936,0,0,0,0,0,0.636278635048302,0
Cd300lf,0,0,0,0,0,0,0,0,0,0,1.2190622843931,0,0,0,0,0,0,0,0,0,0,0,0,0,0,0
Cd44,0,0,0,0,0,0,0,0.710679240079289,0,0,0,0,0,0,0,0,0,0,0,0,0,0,0,0,0,0
Cd52,0,0,0,0,0,0,0,1.37184525379311,0,0,1.10002546813572,0,0,0,0,0,0,0.561646890590821,0,0,0,0,0,0,0,0
Cd53,0,0,0,0,0,0,0,0.544231460133582,0,0,0,0,0,0,0,0,0,0,0,0,0,0,0,0,0,0
Cd74,0,0,0,0,0,0,0,0,0,0,0,0,0,0,0,0,0,0,0,0,0,0,0,0,0,0
Cd79a,0,0,0,0,0,0,0,0,0,0,0,0,0,0,0,0,0,0,1.26695226135982,0,0,0,0,0,0,0
Cd9,0,0.949610283093847,1.3935109218664,0,0,0,1.1425485055984,0,0,0,1.05480929018492,0.905956339166557,0,1.09493904794436,0,1.22223661643758,0,0,0,0,1.17141896989861,0,0,0,0,0
Cdk2ap2,0,0,0,0,0,0,0,0,0,0,0,0,0,0,0,0,0,0,0,0,0,0,0,0,0,0
Cdkn1a,0,1.40046484312493,0.883312167819013,0,0,0,1.23567239600732,0.874234639262127,0.464545424556161,0,0,1.32281331122955,0,0,0,1.21852208004188,0,0,0,0,1.39120909423295,0.478595977184481,0,0,0,0
Cdkn1c,0,0,1.4168981544864,0,1.83726170607026,0,1.12219235329529,0,0,0,0,0.964902405416576,0,0,1.04209899192502,0.98272968955326,0,0,0,2.07514800799241,0,3.71310905769359,0,0,0,0.3077374504695
Cebpd,0,0,0,0,0,0,0,0,0,0,0,0,0,0,0,0,0,0,0,0,0,0,0,0,0,0
Cfl1,0.82967984813109,0.712882266318779,0.870029043358837,1.85393104104653,0.561354915900623,1.73823690309745,0.948356755247456,1.84803411636174,2.20958223786378,1.30605523182173,1.48880246607947,0,1.85754043004979,1.42511296394204,0,0.608700134695868,1.46850327955094,2.12196271777393,1.48596254808736,0,0.814104995418084,0.278282700070577,1.33296601590574,0,1.57890683965754,1.66828805785971
Chad,1.41398900210175,2.45637649639387,2.78111755643088,0,0,0,1.59507792338332,0,0,0,0,1.92902139929352,0,0.705534369741334,0,2.15673448893535,0.240617987277054,0,0,0,1.7104842328335,0.907267156367461,0,1.41109270652724,0,0.697648357946137
Chchd10,0,0,0,0,0,0,0,0,0,0,0,0,0,0,0,0,0,0,1.10860634361225,0,0,0,0,0,0,0
Chil1,0,0,0,0,0,0,0,0,0,0,0,0,0,0,0,0,0,0,0,0,0,0,0,0,0,0
Chil3,0,0,0,0,0,0,0,0,0,0,0,0,0,0,0,0,0,0,0,0,0,0,0,0,0,0
Clec4d,0,0,0,0,0,0,0,1.20392348975511,0,0,1.59007170353036,0,0,0,0,0,0,0,0,0,0,0,0,0,0,0
Clec4e,0,0,0,0,0,0,0,1.10087479583907,0,0,0,0,0,0,0,0,0,0,0,0,0,0,0,0,0,0
Clic1,0,0,0,0.729578857365218,0,0.606905865258737,0.938769849082846,0.883852196908164,0.921304439031652,0,0,0,0.889199728816949,0,0,0,0.7259208591202,0,0.924611350553059,0,0.811473761499497,0,0,0,0.428288079506518,0
Clu,0,0,0,0,0,0,0,0,0,0,0,1.39503874606582,0,0,0,0,0,0,0,0,0,0,0,0,0,0
Cma1,0,0,0,0,0,0,0,0,0,0,0,0,0,0,0,0,0,0,0,0,0,0,0,0,0,0
Cmtm7,0,0,0,0.776088554324962,0,0,0,0,0,0,0,0,0.477375362983627,0,0,0,0,0,0,0,0,0,0,0,0,0
Cnmd,1.41398900210175,2.78111755643088,2.89843801226545,0,0,0,2.30376340718451,0,0,0,0,2.17753754796223,0,0,0,2.61857732777225,0,0,0,0,2.31892292895323,0,0,1.44443439667111,0,0
Col10a1,0,0,0,0,0,0,0,0,0,0,0,0,0,0,0,0,0,0,0,0,0,0,0,0,0,0
Col11a1,0.623840366573555,1.54674555100672,1.58477358732542,0,0,0,1.00759320835292,0,0,0.415898797060207,0,1.46448802162158,0,0,0,1.35574564456601,0,0,0,0,1.01402156582556,0,0,1.10002339636207,0,0
Col11a2,0,1.07650995887792,1.31097081838315,0,0,0,0.730217398189898,0,0,0,0,1.05066273073905,0,0,0,1.16513736643615,0,0.239914818923453,0,0,0.651055815740256,0,0,0,0,0
Col12a1,0,0,0,0,0,0,0,0,0,0,0,0,0,0,0,0,0,0,0,0,0,0,0,0,0,0
Col14a1,0,0,0,0,0,0,0,0,0,0,0,0,0,0,0,0,0,0,0,0,0,0,0,0,0,0
Col1a1,1.21326547293957,0,0,0,2.78164315957814,0,0,0,0,4.41078392737257,0,0,0,1.07834312265604,3.5912440002026,0,0,0,0,0,0.894522803361215,0,1.03949435383083,1.58850364939067,0,0
Col1a2,1.54321807572701,0,0,0,3.35208265156463,0,0.719426303874729,0,0,4.50792746467817,0,1.00990400273175,0,1.74824539968739,3.9813934853863,0.98066553555038,0.240617987277054,0,0.666348545227269,0.907736023358017,2.0250022395512,0,1.38285453260453,2.20327069125995,0.316859153823918,0.763213757971551
Col27a1,0,0,0,0,0,0,0,0,0,0,0,0,0,0,0,0,0,0,0,0,0,0,0,0,0,0
Col2a1,3.90402434884315,4.8380380234475,4.9164467847195,0.842748055007272,1.86795545850415,0.990738140347399,4.47996778569017,1.71131017590196,1.87382330776104,1.42422788839823,1.84790361181297,4.42671498463132,0.985472082134097,2.58163054328528,2.07031630159619,4.84775145571235,2.22736548958189,1.22610747372628,2.22116543689821,1.92661344457978,5.20956602321941,1.72234894895514,2.02464634613278,4.14796646430156,1.66844046798553,2.76356298165221
Col3a1,0.402891835861228,0,0,0,3.47607436056236,0,0,0,0,0,0,0,0,1.59225306395032,2.95319219694303,0,0,0,0,0.597703092434419,1.27756742508778,0,0,1.4161700599831,0,0
Col4a1,0,0,0,0,0,0,0,0,0,0,0,0,0,0,0,0,0,0,0,0,0,0,0,0,0,0
Col4a2,0,0,0,0,0,0,0,0,0,0,0,0,0,0,0,0,0.680546174302417,0,0,0,0,0,0,0,0,0
Col5a1,0,0,0,0,0,0,0,0,0,0,0,0,0,0,0,0,0,0,0,0,0,0,0,0,0,0
Col5a2,0,0,0,0,0.725743809202561,0,0,0,0,0.881696155006973,0,0,0,0,0.921721490322635,0,0,0,0,0,0,0,0,0,0,0
Col6a1,0,0.61563006494885,0.776287316197626,0,1.23278974761252,0,0,0,0,0,0,0.177057664623904,0,0,1.05636532305203,0.663733472163153,0,0,0,0,1.41672164181696,0,0,0,0,0
Col6a2,0,0,0,0,1.2281075646626,0,0,0,0,0,0,0,0,0,1.1492496661392,0,0,0,0,0,1.39399367097139,0,0,0,0,0
Col6a3,0,0,0,0,0,0,0,0,0,0,0,0,0,0,0,0,0,0,0,0,0,0,0,0,0,0
Col9a1,1.60553079802184,2.75744789074248,2.50587358793599,0,0,0,2.29528073511472,0,0,0,0,2.45656749401072,0,0.705534369741334,0.534352969885757,2.32505637197346,0.777218938942374,0,0,0,2.15540977837267,0,0,1.9455541381345,0,1.15173337591013
Col9a2,1.8357234263876,2.87262637705854,2.80711202886206,0,0,0,2.34657509560708,0,0,0,0.843683453172188,2.5360514625313,0,1.18968989453882,0.737223960290853,2.68918656077709,0.777218938942374,0.817440128101915,0.840253429026411,0,2.02747620627266,1.3073406236976,0,2.11597678256482,0.205813912953894,1.38675402537411
Col9a3,1.44671745612658,2.5416775937866,2.55211307079185,0,0,0,2.02235142060837,0,0,0,0,1.94566286250909,0,0.714151895217732,0,2.32543030497533,0,0,0,0,1.37971323355076,0,0,1.54850267907673,0,1.0232652405374
Comp,1.33231102590977,1.48596445841858,2.25906210105128,0,0,0,1.5106421463714,0,0,0,0,1.58013857132148,0,0,0.420611890233915,1.5736979074738,0,0,0,0,1.42792397469785,0,0,1.57553204210838,0,0
Coro1a,0,0,0,1.06552050564357,0,0,0,1.23025819686563,0,0,0.98644564536541,0,0.907487402174603,0,0,0,0,0,0.760283495131675,0,0,0,0,0,0,0
Cotl1,0,0,0,0,0,0,0,0.686013778622877,0.573517762558843,0,0,0,0,0,0,0,0,0,0,0,0,0,0,0,0,0
Cox5a,0,0,0,0.714976309479275,0,0.499839378207983,0,0,0,0,0,0,0.463640350892746,0,0,0,0,1.09456671361113,0,0,0,0,0,0,0.636278635048302,0
Cox6a1,0,0,1.02344283991758,0.977996342624886,0.435615350518153,1.18031065071606,0,0.733151092998016,0.672282276208077,0.723703437303558,0,0,0.679582020495875,0,0,0,0.538797810069432,1.62162001901617,0.607836474075934,0,0,0,1.07677902226059,0,1.63084862765645,1.08994724383308
Cox6b1,0,0,0.775253992981016,1.09835633439415,0.637668889527464,1.25371717125946,0,0.733151092998016,0.992708033444617,0,0,0,0.988528658557553,0,0,0,0,1.96839565594132,0.780239806845329,0.691524555793635,0,0,0.801790531730573,0,1.56799630695146,0.995230246720734
Cox6c,0,0,0.274288854722313,1.1086516864851,0.631201875474428,1.13567758021363,0,0.657381814796728,0,0.529000583793901,0,0,0.962102928344112,0.743421992282574,0,0,0,1.55447367152293,1.04796017077598,0,0,0.393708283889883,0.81984115669041,0,1.34034488895301,1.21174067577722
Cox7b,0,0,0,0.742032224524233,0,1.07117961015997,0,0,0.667485600588912,0,0,0,0,0,0,0,0,1.37573470336693,0,0,0,0,0,0,0.576504344144563,0
Cpa3,0,0,0,0,0,0,0,0,0,0,0,0,0,0,0,0,0,0,0,0,0,0,0,0,0,0
Cpe,0,0,1.295739085056,0,0,0,0,0,0,0.921655682453954,0,0,0,0,0,0,0,0,0,0,0.676239215613546,0,0,0,0.881696155006973,0
Crip1,0,0,0,0,0.872770739634334,0,0,0,0,0,0,0,0.549004269938503,0.968152606201254,0.857692528953268,0,0,0.561646890590821,1.42718276826995,0,1.04152765017841,0,1.7244462240389,0,0.316859153823918,0
Crip2,0,0,0,0,0,0,0,0,0,0,0,0,0,0,0,0,0,0,0,0.597703092434419,0,0,0,0,0,0
Cryab,0,0,0,0,0,0,0,0,0,0,0,0,0,1.04552996683518,0,0,0,0,0,0,0,1.29634587931702,0,0,0,0
Csrp2,0,0,0,0,0,0,0,0,0,0,0,0,0,0,0,0,0,0,0,0,0,0,1.26873924129279,0,0,0
Cst3,1.04133691553609,1.52161698480246,1.14717804812653,0.787085042161053,0.943383596811198,0,0.987463993133214,1.23676130578915,1.70529251700958,0.8075325441424,0,1.20805663094921,0,1.11821215050687,1.08932963588395,1.11865311369815,0.740649826476762,1.18722218063887,0,0,0.835897134556665,0,1.28089190309131,0.931825916654393,0.643816964479334,0.424358203328081
Cstb,0,0,0,0,0,0,0,0,0,0,0,0,0,0,0,0,0,0.577525635025041,0,0,0,0,0,0,0,0
Cthrc1,0,0,0,0,0,0,0,0,0,0,0,0,0,0,0,0,0,0,0,0,0,0,0,0,0,0
Ctla2a,0,0,0,0,0,0,0,0,0,0,0,0,0.983405085191522,0,0,0,0,0,0,0,0,0,0,0,0,0
Ctsb,0,0,0,0,0,0,0,1.44519426081853,2.73094487389781,0,0,0,0,0,0,0,0,0.28791384148613,0,0,0,0,0,0,0,0
Ctsd,0,0,0,0,0,0,0,0.95528436467686,1.26215379242395,0,1.58618228542769,0,0,0,0,0,0,0,0,0,0,0,0,0,0,0
Ctsg,0,0,0,1.44388356006896,0,0,0,0,0,0,0,0,0,0,0,0,0,0,0,0,0,0,0,0,0,0
Ctsl,0,0.602059564531094,0,0,0.937091117988277,0,0,1.42792355904483,1.21484916142332,0.598189446510633,0,0.443069354126447,0,0,0,0,0,0,0,0,0,0,0.740982995242869,0,0.937852719527009,0
Ctss,0,0,0,0,0,0,0,1.1807258342018,1.86000026102017,0,0,0,0,0,0,0,0,0,0,0,0,0,0,0,0,0
Ctsz,0,0,0,0,0,0,0,0,0.643599531725516,0,0,0,0,0,0,0,0,0.527828660409583,0,0,0,0,0,0,0,0
Cxcl1,0,0,0,0,0,0,0,0,0,0,0,0,0,0,0,0,0,0,0,0,0,0,0,0,0,0
Cxcl14,0,0,0,0,0,0,0,0,0,0,0,0,0,0,0,0,0,0,0,0,0,0,0,0,0,0
Cxcl2,0,0,0,0,0,0,0,1.54497522158341,0,0,0.408707963554125,0,0,0,0,0,0,0,0,0,0,0,0,0,0,0
Cyba,0,0,0,0.883319926326793,0,0,0,1.09917199688508,1.24286170134467,0,0.49313860645252,0,0,0,0,0,0,0.462019659874799,0,0,0,0,0,0,0,0
Cyr61,0,0,0.613931665331577,0,0,0,0,0,0,0,0,0,0,0,0,0,0,0,0,0,0,0,0,0,0,0
Cytl1,1.07508688320486,1.43089881816677,0,0,0,0,0,0,0,0,0,1.4421586887964,0,0,0,0.701002808325065,0.753358212011843,0,0,0,1.60123784594797,0,0,1.32849125746796,0,0
Dad1,0,0,0.714501066225044,0,0,0,0,0,0,0,0,0,0,0.814778918503276,0,0,0,0.30379258592035,0,0,0.337635222271015,0,0,0,0,0
Dbi,0,0,0,0,0,0,0,0,0,0,0,0,0,1.69064531563054,0,0,0,0,0,0,0,0,0,0,0,0
Dcn,0,0.795384912047225,0,0,2.42203351931781,0,0,0,0,0.415898797060207,0,0.796035989024559,0,0,0.731960294338761,0.859612135518394,0,0,0,0,0.898108434201788,0,0,0,0,0
Dlk1,1.49409108303545,1.98917674104533,0,0,3.16170839503364,0,1.80814968965115,0,0,0,0,2.0213896145234,0,0,1.512319260861,1.79614308102957,0,0,0,2.22956806927427,2.24454463683504,1.72429890777663,0,1.56188979639496,0,0
Dnaja1,0,0,0,0,0,0,0,0,0,0,0,0.526593630384874,0,0,0,0,0,0,0,0,0,0,0,0,0,0.647717247935024
Dnajb1,0,0,0,0,0,0,1.20944102386281,0,0,0,0,2.20623263713313,0,0,0,0,0,0,0,0,0,0,0,0,0,0
Dpt,0,0,0,0,0,0,0,0,0,0,0,0,0,0,0,0,0,0,0,0,0,0,0,0,0,0
Dusp1,0,0,0,0,0,0,0,0,0,0,0,0.557761810503937,0,0,0,0,0,0,0,0,0,0,0,0,0,0
Dusp14,0,0,0,0,0,0,0,0,0,0,0,0,0,0,0,0,0,0,0,0,0,0,0,0,0,0
Dusp2,0,0,0,0,0,0,0,0,0,0,0,0,0,0,0,0,0,0,0,0,0,0,0,0,0,0
Dynll1,0,0.405142554882353,0.300820753244087,0,0,0,0,0,0,0,0,0,0,0,0,0,0,0,0,0,0.163235173307024,0,0.932566025047898,0,0.636278635048302,0.339979797465524
Eef1a1,1.45284516307533,1.72241459896914,1.53276625636951,1.49758767341159,1.75090664917505,1.62398787050965,1.60553079802184,1.53103930109475,1.46370511583157,1.56459703585031,0,1.83920963078705,1.97288492745129,2.14016405701518,1.87299123420991,1.54365708882576,1.53471143122368,1.3375014439415,1.68210930116479,2.27168785755545,1.6227211603185,1.85704008281123,1.51615390794945,1.43612745527903,1.17385169732986,1.47227891051335
Eef1b2,0.972741879530482,1.18761947252312,1.27678409287906,1.21182832380145,1.12826520167811,1.44320629412476,1.33231102590977,0,0.793120583408412,1.16899304158872,0,1.11382502802001,1.37505092117107,0.615474900938999,1.1909970384803,1.187549032908,0.412481757370324,1.22610747372628,1.29754693444008,1.71399221616616,1.20831647926155,1.10825422114366,0.56423144499246,1.20289580077025,0.665743025444592,1.11843828044364
Eef1g,0,0.746850015886871,0.904607034624942,0.907091431099021,0,1.25584693469245,0.488071636820193,0,0,0,0,0.654625189273722,1.161319950392,0,0,0,0,0,0.911750857313817,0.968805464725569,0.587326658060346,0,0,0,0.823092365021918,0.170156431757536
Egr1,0,0,0,0,0,0,0,0,0,0,0,1.36643046754929,0,0,0,0,0,0,0,1.02896552882505,0,0,0.670522308800417,0,0,0
Eif2s2,0,1.30099674272412,0.953068776874375,1.09036909255431,0,1.1146989841267,0.862254832971737,0,0,0.455090555615652,0,0.806645213826261,1.11339200151676,0,0,1.21156776476766,0,1.22490103317009,0.848615694805512,0,1.11470547616169,0,0,0,0,0
Eif5a,0,0.748958719527261,1.09241563040792,1.54804120523488,0,1.6755962088984,0,0.604088949486447,0.877187033290544,0,0,0,1.31865255583723,0,0,0.797356534771612,0,1.46842559501665,0.937852719527009,0,0.911608741985971,0,0,0,0.758108496604196,1.07620418149513
Elane,0,0,0,3.41216205851992,0,0,0,0,0,0,0,0,0,0,0,0,0,0,0,0,0,0,0,0,0,0
Eln,0,0,0,0,0,0,0,0,0,0,0,0,0,0,0,0,0,0,0,0,0,0,4.06792002114998,0,0,0
Emp1,0.686979757235815,1.59288013077801,1.31592608783074,0,0,0,1.02198053532586,0,0,0,0,0.841717080145019,0,0,0.832537466095646,1.41982188558158,0,0,0,0,1.70966006456277,0,0,0,0,0
Emp3,0,0.67736464014527,0.457271322184416,0,0,0,0.98340316690744,0.698457850305395,0.643599531725516,0,0,0,0,0,0,0,0,0.239914818923453,0,0,0.966526259788671,0,0,0,0,0
Epyc,0,1.274649914068,1.30605523182173,0,0,0,0,0,0,0,0,0,0,0,0,0,0,0,0,0,0,0,0,0,0,0
Errfi1,0,1.67608678764964,0.979376870414963,0,0,0,1.1937202334906,0,0,0,0,0.948992924668218,0,0,0,1.39496250177501,0,0,0,0,1.48704100681433,0,0,0,0,0
F3,0,0,0,0,0,0,0,0,0,0,0,0,0,0,0,0,0,0,0,0,0,0,0,0,0,0
Fabp4,0,0,0,0,0,0,0,0,0,0,0,0,0,0,0,0,2.20033954653182,0,0,0,0,0,1.55871519993586,0,0,0
Fabp5,0,0,0,0,0,0,0,0,0,0,0,0,0,0,0,0,0,0,0,0,0,0,0,0,0,0
Fam180a,0,0.735416174249694,0.439738881987312,0,0,0,0,0,0,0,0,0.824964609608836,0,0,0,0,0,0,0,0,1.0626621607165,0,0,0,0,0
Fbln5,0,0,0,0,0,0,0,0,0,0,0,0,0,0,0,0,0,0,0,0,0,0,0,0,0,0
Fcer1g,0,0,0,0.125587485854372,0,0,0,1.54673675012151,1.56369843602312,0,1.46084511430821,0,0,0,0,0,0,1.01539432427326,0,0,0,0,0,0,0,0
Fcgr3,0,0,0,0,0,0,0,0,0,0,0,0,0,0,0,0,0,0,0,0,0,0,0,0,0,0
Fibin,0,0,0,0,0,0,0,0,0,0,0,0,0,0,0,0,0,0,0,0,0,0,0,0,0,0
Fkbp9,0,0.665289654946218,0.851858462384318,0,0,0,0,0,0,0,0,0,0,0,0,0,0,0,0,0,0,0,0,0,0,0
Fmod,1.45284516307533,1.88938189958199,1.23350066428173,0,0,0,1.56822350101749,0,0,0,0,2.2949271691909,0,0.922245252221769,1.91193071058241,2.09562092229452,0,0,0,0,2.85509634493799,0,0,1.51400043944956,0,0
Fn1,0,1.28087987615031,1.24961738765903,0,0.504409603086214,0,0.697126317134393,0,0,0,0,1.41278176779517,0,0,0,1.23895446553755,0,0,0,0,0.743123748953209,0,0.274446760271138,0,0,0
Fos,0,0,0,0,0,0,0,0,0,0,0,2.16709865176536,0,0,0.686317539685733,0,0,0,0,1.26352053131846,0,0,1.17400788720362,0,0,0
Fosb,0,0,0,0,0,0,0,0,0,0,0,0,0,0,0,0,0,0,0,0,0,0,0,0,0,0
Fpr1,0,0,0,0,0,0,0,0,0,0,0,0,0,0,0,0,0,0,0,0,0,0,0,0,0,0
Fstl1,0,0,0,0,2.07939544642836,0,0,0,0,0,0,0,0,0,1.47322154867271,0,0,0,0,0.468128309107056,0.810010136076254,0,1.75071059597713,0,0,0
Ftl1,1.59413507951422,1.18444485403385,1.35839023336146,1.56460620291626,1.50522252394353,1.70227772271789,1.20944102386281,3.15383691092708,3.38560615296323,1.50785594388143,3.45453250168478,1.53768255415726,1.85527461652925,1.53219013196967,1.46527820300357,1.26580615088898,1.51907058380287,2.81567160228226,1.24998887565185,1.23350066428173,1.20831647926155,1.05316863585092,1.53636554801439,1.55919166768984,1.23567239600732,1.51670266994372
Fxyd5,0,0,0,0,0,0,0,0.763070211350691,0,0,0,0,0,0,0,0,0,1.39385761482515,0,0,0,0,0,0,0,0
G0s2,0,0,0,0,0,0,0,0,0,0,0.906884977507489,0,0,0,0,0,0,0,0,0,0,0,0,0,0,0
Gadd45a,0,0,0,0,0,0,0,0,0,0,0,0,0,0,0,0,0,0,0,0,0,0,0,0,0,0
Gadd45b,0,0,0,0,0,0,0,0,0,0,0,0.969296423540963,0,0,0,0,0,0,0,0,0,0,1.36478874573652,0,0,0
Gadd45g,0,0,0,0,0,0,0,0,0,0,0,0.531909581524905,0,0,0,0,0,0,0,0,0,0,0.965622946023022,0,0,0
Gapdh,1.04133691553609,0.3687747116114,1.18768548238832,1.56460620291626,0.432211893792032,1.23944179159503,0.906880447941856,1.3310351609042,1.26131330739077,0.691197896063195,1.36980913726939,0,1.33042460923902,0.801299565257933,0.65406381693108,0,0.768155975200805,1.65012097330804,1.34782826797161,1.19170146478005,1.01222316302549,1.42358375914819,0.962999789791453,1.30057230622211,1.31097081838315,1.18993051765637
Gas1,0,0,0,0,0,0,0,0,0,0,0,0,0,0,0,0,0,0,0,0,0,0,0,0,0,0
Gas5,0.978375638174539,1.24058883063349,1.2160630087196,1.13052065011579,0.995017994219746,1.61033787029124,1.32259572908446,0,0.402208320154564,1.05832332747714,0,1.33552835182688,1.31823259116678,0.926394179570441,1.25822186314903,1.28265098844469,1.0346887324972,0.693373428490216,1.20289487248308,1.49901481938705,1.07676457708881,1.14370822943169,0,0,0,1.10175325923893
Gem,0,0,0,0,0,0,0,0,0,0,0,0,0,0,0,0,0,0,0,0,0,0,0,0,0,0
Glipr1,0,0,0,0,0,0,0,0,0,0,0,0,0,0,0,0,0,0,0,0,0,0,0,0,0,0
Glrx,0,0,0,0,0,0,0,0,0,0,0,0,0,0,0,0,0,0,0,0,0,0,0,0,0,0
Gm10736,1.06464464406389,1.12553203481819,1.08059378449515,0.95926334763666,1.27563283261334,1.23592151498228,1.03007752838513,0.919305174784577,0.941343302904137,1.23241783039044,0,1.21313468753968,1.15467530544393,1.18469219802775,1.35441429789111,1.02501697571902,1.15084770939507,0.93626425371203,1.2216992602632,1.58850364939067,1.10673467502304,0.513558872477578,0.880609015174282,1.33615569978068,0.674323577886355,1.14396684497647
Gm23935,0,0,0,0,0,0,0,0,0,0,0,0,0,0,0,0,0,0,0,0,0,0,0,0,0,0
Gm26917,0,0,0,0,0,0,0,0,0,0,0,0,0,0,0,0,0,0,0,0,0,0,0,0,0,0
Gm4149,0,0.67355879001732,0,0,0,0,0,0,0,0.476426595584302,0,0.552185917391143,0,0,0.207599649683378,0,0.215327583375881,0,0,0.691524555793635,0,0,0,0,0,0
Gm42418,0,0,0,0,0,0,0,0,0,0,0,0,0,0,0,0,0,0,0,0,0,0,0,0,0,0
Gm5416,0,0,0,0,0,0,0,0,0,0,1.32029776149005,0,0,0,0,0,0,0,0,0,0,0,0,0,0,0
Gm5483,1.29273790894313,0,0,1.04438524866788,0,0,0,1.38698068584268,0,0,4.57472664673571,0,0,1.02125101376924,0,0,0,0,0,0,0,0,0,1.56098890481502,0,0
Gmfg,0,0,0,0.322887133884191,0,0,0,0,0,0,0,0,0.479894717146681,0,0,0,0,0,0.562087658516448,0,0,0,0,0,0,0
Gnas,1.51400043944956,1.47793703129629,2.02581012237197,0.983777674009769,2.48547684963727,0.897346297220241,1.57553204210838,0,0.562796991471224,1.52246785475593,0,1.91620937338925,1.15750336920853,1.31344346095755,2.15592907863148,1.99392193796591,2.22740480466007,0,1.14717804812653,2.36881777297397,1.94641151970609,2.09376729018238,2.06833351826949,1.52931659019693,2.30369385526449,1.26377071850886
Gpx1,0,0,0,1.81604859138276,0,1.83437380640863,0,0.874234639262127,1.00339662336041,0,0,0,1.0847161743048,0,0.527246465472983,0,0,1.73536651410572,0,0,0,0,0,0,0,0.170156431757536
Gpx3,0,0,0,0,0,0,0,0,0,0,0,0,0,0,0,0,0,0,0,0,0,0,0,0,0,0
Gpx8,0,0,0,0,0,0,0,0,0,0,0,0,0,0,0,0,0,0,0,0,0,0,0,0,0,0
Grina,0,0,0,0,0,0,0,0,0,0,0.704064424722995,0,0,0,0,0,0,0,0,0,0,0,0,0,0,0
Gsn,0,0,0,0,0,0,0,0,0,0,0,0,0,0,0,0,0,0,0,0,0,0,0,0,0,0
H19,1.48920239738912,1.48448274490766,1.68636530384292,0,2.26010841054024,0,1.56279068797489,0,0,0,0,1.88861037973807,0,1.04552996683518,1.84874074360375,1.82698231408433,1.44085293285515,0,0.445430512817342,1.20289487248308,1.23404915783923,1.10640296660982,1.20090227892069,1.58943978840511,0,0.594972014532208
H1f0,0,0,0,0,0,0,0,0,0,0,0,0,0,0,0,0,0,0,0,0,0,0,0,0,0,0
H2-D1,0,0,0,0,0,0,0,0,0.913629302882156,0,0.561945563467962,0,0,0,0,0,0,0.868395394179639,0,0,0,0,0,0,0,0
H2-K1,0,0,0,0,0,0,0,0,0.787142568567813,0,0,0,0,0,0,0,0,0.912271164876433,0,0,0,0,0,0,0,0
H2afz,0,0,0,0.556862122035457,0,0.918593428572303,1.03007752838513,0,0,0,0,0,0.578313887653772,0,0,0,0,0.30379258592035,0,0,0,0,0,0,0,0
Hapln1,0,1.11689362643908,1.89614446961552,0,0,0,1.17580710742155,0,0,0,0,0.800418181170422,0,0,0,1.28089821634455,0,0,0,0,1.13956269172194,0,0,0,0,0
Hba-a1,0,0,0,0,0,0,0,0,0,0,0,0,0,0,0,0,0,0,0,0,0,0,0,0,0,0
Hba-a2,0,0,0,0,0,0,0,0,0,0,0,0,0,0,0,0,0,0,0,0,0,0,0,0,0,0
Hbb-bs,0,0,0,0,0,0,0,0,0,0,0,0,0,0,0,0,0,0,0,0,0,0,0,1.49409108303545,0,0
Hbb-bt,0,0,0,0,0,0,0,0,0,0,0,0,0,0,0,0,0,0,0,0,0,0,0,0,0,0
Hbegf,0,1.46058435186797,0,0,0,0,0.697126317134393,0,0,0,0,0,0,0,0,0,0,0,0,0,0.674305633689714,0,0,0,0,0
Hcar2,0,0,0,0,0,0,0,0,0,0,1.06187077014187,0,0,0,0,0,0,0,0,0,0,0,0,0,0,0
Hdc,0,0,0,0,0,0,0,0,0,0,0,0,0,0,0,0,0,0,0,0,0,0,0,0,0,0
Hes1,0,0,0,0,0,0,0,0,0,0,0,0,0,0,0,0,0,0,0,1.26925111732801,0,0,0,0,0,0
Higd1a,0,0,0.528242716043601,0,0,0,0,0,0,0,0,0,0,0,0,0,0,0,0,0,0.506842723954032,0,0,0,0,0
Hint1,0,0,0.590740018552914,0.989169359172408,0.533657254477532,1.03907046656742,0.730217398189898,0,0.545543143950615,0,0,0,0.960095484401451,0,0.250832947777855,0,0,0.993277743675552,0.777738716832808,0,0,0,0,0,1.31841876329676,0
Hmgb1,0,0,0,0,0,0.322553535362447,0,0,0,0,0,0,0,0,0,0,0,0,0.937852719527009,0,0,0,0,0,0,0
Hmgb2,0,0,0,0,0,0,0,0,0,0,0,0,0,0,0,0,0,0,0,0,0,0,0,0,0,0
Hmgn2,0,0,0,1.02156326020084,0,0,0,0,0,0,0,0,0,0,0,0,0,0,0,0,0,0,0,0,0,0
Hmox1,0.690545519157941,0.579970756563362,0,0,0,0,0,1.93821815325356,1.47356082980982,0,2.71491429795851,0,0,0,0,0,0,0,0,0,0,0,0,0.781380264250772,0,0
Hp,0,0,0,0,0,0,0,0,0,0,0,0,0,0,0,0,0,0,0,0,0,0,0,0,0,0
Hsp90aa1,0,0,0,0.768531399218702,0,1.03858393700598,0.715200454479265,0,0,0.415898797060207,0,1.3278650013276,1.04599723598194,0.922245252221769,0,0,0,0,0,0.817530846450456,0,1.2156173123698,0,0,1.08079887766258,0.254992217066684
Hsp90ab1,1.06226492547002,1.01870741630938,0.686657456558337,1.43615125135738,1.18395231558939,1.58807031966062,1.24813377699412,0.64751167402457,1.23684585236221,1.15372614119558,0,1.46527274630063,1.76654271090771,1.18469219802775,1.15529908237982,1.05875038592183,1.44906170184749,1.28437049848797,1.50342122832188,1.88859209634597,1.15466801301248,1.53806842416754,1.15488654029659,1.09705552241472,1.54356915513165,1.26444178088473
Hspa1a,0.856644031970272,0,0,0,0.594945103218287,0,0,0,0.912478467222626,1.20495396890374,0,2.0612339325106,0,1.71020852345869,1.44825984779952,0,0,0.969514562419931,0,1.02344283991758,0,1.79692814837668,1.19037697790829,1.42570367466425,0,0.3077374504695
Hspa1b,0,0,0,0,0,0,0,0,0,0,0,0,0,0,0,0,0,0,0,0,0,0,0,0,0,0
Hspa5,0,0.098535098059993,0.399955845576387,0.14248033131172,0,0,0,0,0,0,0,0,0,0,0,0,0,0,0,0,0,0,0,0,0,0
Hspb1,0,0,0,0,0,0,0,0,0,0,0,0,0,0,0,0,0,0,0,0,0,1.48651490602125,1.33297675115383,1.09832335276485,0,0
Hspe1,0,0,0.292128802775426,0.757099153471211,0,1.29309128394815,0,0,0.552877108736581,0,0,1.12665451352188,0.854339407427574,0.464160398157678,0,0,0,1.02534945548874,0.788412186186484,0.691524555793635,0,0.299704425668137,0,0,0,0
Hsph1,0,0,0,0,0,0,0,0,0,0,0,0,0,0,0,0,0,0,0,0,0,0,0,0,0,0
Htra1,0,0,0,0,0,0,0,0,0,0,0,0,0,0,0,0,0,0,0,0,0,0,0,0,0,0
Ibsp,0,0,0,0,0,0,0,0,0,1.94285608501246,0,0,0,0,0,0,0,0,0,0,0,0,0,0,0,0
Id1,0,0,0,0,0,0,0,0,0,0,0,0.629513776315772,0,0,0,0,0,0,0,0.61858512242939,0,0,0,0,0,0
Id2,0,0,0,0,0,0,0,0,0.552877108736581,0,0,0,0,0,0,0,0,0,0,0,0,0,0,0,0,0
Id3,0,0,0,0,0,0,0,0,0,0.576617277702916,0,1.1938888155685,0,0,0,0,0.240617987277054,0,0,0.907736023358017,0,0,1.88005704307001,0,0,0
Ier2,0,0.722808137017619,0,0,0,0,0,0,0,0,0,1.25446509761611,0,0,0,0,0,0,0,0,0,0,0,0,0,0
Ier3,1.34913887705282,2.27327931933063,1.0026566760326,0,0.604436954505885,0,1.47633423427403,1.60840782084717,1.30382515045802,0.576617277702916,1.02494459796705,1.39163856434126,0.521153396840933,0.705534369741334,0.894041304900005,1.51992145375634,1.18079651394999,0,0,0,2.13909229177901,0,0.846153220670868,1.41982025543386,0,0
Ifi27l2a,0,0,0,0,0,0,0,0,0,0,0,0,0,0,0,0,0,0,0,0,0,0,0,0,0,0
Ifitm1,0,0,0,0,0,0,0,0,0,0,0,0,0.500999952410676,0,0,0,0,0,0,0,0,0,0,0,0,0
Ifitm3,0,0,0,0,0.826861068231691,0,0,2.04048783674183,0.543955665939358,0.598189446510633,0,0,0,0,0,0,1.42719400783177,0,0,0,0,0,0.81984115669041,0,0,0
Ifitm6,0,0,0,0,0,0,0,0.554888275418228,0,0,1.34521521847733,0,0,0,0,0,0,0,0,0,0,0,0,0,0,0
Ifrd1,0.864830292328865,1.54409664865521,0.573919186894338,0,0,0,1.1425485055984,1.32154883735275,0.942316601485703,0,0,1.30422231929347,0,0,0,0,0,0,0,0,0.556206540320853,0,0,0,0,0
Ift20,0,0,0,0,0,0,0,0,0,0,0,0,0,0,0,0,0,0,0,0,0,0,0,0,0,0
Igf1,0,0,0,0,0,0,0,0,0,0,0,0,0,0,0,0,0,0,0,0,0,0,0,0,0,0
Igf2,0,1.11077585569398,1.10860634361225,0,1.47474266960305,0,1.22810656972062,0,0,0,0,1.25879052211371,0,0,1.50565303522991,1.21852208004188,0,0,0,0.820997713345951,0.806861565518942,0,0,0,0,0
Igfbp4,0,0,0,0,0,0,0,0,0,0,0,0,0,0,0,0,0,0,0,0,0,0,0,0,0,0
Igfbp5,0,0,0,0,0,0,0,0,0,0,0,0,0,0,0,0,0,0,0,0,0,0,0,0,0,0
Igfbp6,0,0,0,0,0,0,0,0,0,0,0,0,0,0,0,0,0,0,0,0,0,0,0,0,0,0
Igfbp7,0.560163593956011,1.20274529289241,0,0,1.22170023793139,0,0,0,0,0,0,1.46841531007875,0,0,1.23576406557232,1.27503840773969,1.50661188070106,0,0,0,1.96117341299334,0,2.69215788572793,0,0,0
Ighm,0,0,0,0,0,0,0,0,0,0,0,0,0,0,0,0,0,0,1.89134978847477,0,0,0,0,0,0,0
Igkc,0,0,0,0,0,0,0,0,0,0,0,0,0,0,0,0,0,0,0,0,0,0,0,0,0,0
Igll1,0,0,0,0,0,0,0,0,0,0,0,0,0,0,0,0,0,0,1.2216992602632,0,0,0,0,0,0,0
Il11,0,0,0,0,0,0,0,0,0,0,0,0,0,0,0,0,0,0,0,0,0,0,0,0,0,0
Il1b,0,0,0,0,0,0,0,0,0,0,0,0,0,0,0,0,0,0,0,0,0,0,0,0,0,0
Il1f9,0,0,0,0,0,0,0,0,0,0,0,0,0,0,0,0,0,0,0,0,0,0,0,0,0,0
Il1r2,0,0,0,0,0,0,0,0.863798209799679,0,0,0,0,0,0,0,0,0,0,0,0,0,0,0,0,0,0
Il1rn,0,0,0,0,0,0,0,0,0,0,0,0,0,0,0,0,0,0,0,0,0,0,0,0,0,0
Itga5,0,0,0,0,0,0,0,0,0,0,0,0,0,0,0,0,0,0,0,0,0,0,0,0,0,0
Itm2a,1.45284516307533,1.35663307609464,1.50563502945012,0,2.59899479022304,0,1.84241918386876,0,0,0,0,1.36139365784197,0,1.31344346095755,1.94565653579841,1.84112125334946,0,0,0,2.21815890596261,1.77600345829904,1.32329171376804,0,1.53449747296821,0,0
Ivns1abp,0,0,0,0,0,0,0,0,0,0,0,0,0,0,0,0,0,0,0,0,0,0,0,0,0,0
Jun,0,0,0,0,0,0,0,0,0,0,0,0.507658033187843,0,0,0,0,0,0,0,0,0,0,0,0,0,0
Junb,0,0,0,0,0,0,0,0,0,0,0,1.62546713126495,0,0,0,0,0,0,0,0.817530846450456,0,0,0.764233062952849,0,0,0
Klf2,0,0,0,0,0,0,0,0,0,0,0,1.04059270714519,0,0,0,0,0,0,0,0,0,0,0,0,0,0
Klf4,0,0,0,0,0,0,0,0,0,0,0,0,0,0,0,0,0,0,0,0,0,0,0,0,0,0
Klf6,0,0,0,0,0,0,0,0,0,0,0,0,0,0,0,0,0,0,0,0,0,0,0,0,0,0
Klf9,0,0,0,0,0,0,0,0,0,0,0,0.668769950322768,0,0,0,0,0,0,0,0,0,0,0,0,0,0
Laptm4a,0,0.829448354504192,0.870290671570466,0,0.921143058030093,0,0.992932941462568,0,0,0.689244522670456,0,0.91784248566998,0,0.705534369741334,0.667423627954852,0,0,0,0,0,0.550837480002783,0,0,0,0,0
Laptm5,0,0,0,0,0,0,0,0,0.963960303959926,0,0,0,0,0,0,0,0,0.894312230887131,0,0,0,0,0,0,0,0
Lcn2,0.402891835861228,0,0,0,0,0,0,0.884392907277857,0,0,2.95069868511317,0,0,0,0,0,0,0,0,0,0,0,0,1.35045222110723,0,0
Lcp1,0,0,0,0,0,0,0,0,0,0,0,0,0,0,0,0,0,0,0,0,0,0,0,0,0,0
Ldha,0,0.69629999009674,0.877815839807037,0.799327477725555,0,1.22277791196809,0,0,0.401200196706015,0,0,0,0.913801138197564,0,0,0,0,1.06060375535318,0.52318397818345,0,0.562733322444305,0,0,0,0.820533720985335,0
Lgals1,0,0,0,0,1.53884481001438,0.354641535738828,0,0,1.11360432107139,1.75031297173622,0,0,0.497437311340796,0.801299565257933,1.90894357844432,0,0,1.22389567809237,0,1.84960800326955,0,1.16172942464429,1.65529600637297,1.0158173048174,1.17385169732986,0.170156431757536
Lgals3,0.610614786704038,0.741368017627213,1.46841347752975,0,0,0,0,3.01449827120926,1.25129943730512,0,1.39691901009535,0,0,0,0,1.25335989706352,0,1.14073354036086,0,0,0.885754617773535,0,0,0,0,0
Lilr4b,0,0,0,0,0,0,0,0,0,0,0.858930950250982,0,0,0,0,0,0,0,0,0,0,0,0,0,0,0
Lilrb4a,0,0,0,0,0,0,0,1.05519197505816,0,0,1.14070767261619,0,0,0,0,0,0,0,0,0,0,0,0,0,0,0
Litaf,0,0,0,0,0,0,0,0.723345027525473,0,0,0.90546407063123,0,0,0,0,0,0,0,0,0,0,0,0,0,0,0
Lmna,0,0.63257636424458,0.40158161279194,0,0,0,0.755032653662231,0,0,0,0,0,0,0,0,0.563595069428984,0,0.904192541898837,0,0,0.551177186813804,0,0,0,0,0
Lmnb1,0,0,0,0,0,0,0,0,0,0,0,0,0,0,0,0,0,0,0,0,0,0,0,0,0,0
Lox,0,0,0,0,0,0,0,0,0,0,0,0,0,0,0,0,0,0,0,0,0,0,0,0,0,0
Lpl,0,0,0,0,0,0,0,0,0,0,0,0,0,0,0,0,0,0,0,0,0,0,0,0,0,0
Ltf,0,0,0,0,0,0,0,0,0,0,0.826173791114939,0,0,0,0,0,0,0,0,0,0,0,0,0,0,0
Lum,0,0.736295840267719,0.762271876117647,0,0.536077814543223,0,0.862254832971737,0,0,1.05910920101968,0,0.618959983758123,0,0,0.711737302272099,0,0,0,0,0,0,0,0,0,0,0
Ly6a,0,0,0,0,0,0,0,0,0,0,0,0,0,0,0,0,0,0,0,0,0,0,0,0,0,0
Ly6c2,0,0,0,1.59025877740293,0,0,0,1.59037592741954,0,0,0,0,0,0,0,0,0,0,0,0,0,0,0,0,0,0
Ly6e,0,0,0,0.13972190709529,0,0,0,1.37184525379311,0.970362704724657,0,0,0,1.1804413864711,0,0,0,1.15959105330239,1.18636939822588,1.24998887565185,0,0,0,0,0,0,0
Lyz2,0,0,0,0.879032705727496,0,0,0,3.84722235017024,1.51824650829071,0,2.83252216969786,0,0,0,0,0,0,0,0,0,0,0,0,1.10301544157824,0,0
Maff,0,0,0,0,0,0,0,0,0,0,0,0,0,0,0,0,0,0,0,0,0,0,0,0,0,0
Malat1,0,0,0,0,0,0,0,0,0,0,0,0,0,0,0,0,0,0,0,0,0,0,0,0,0,0
Marcksl1,0,0,0,0,0,0,0,0,0,0,0,0,0,0,0,0,0,0,0,0,0,0,0,0,0,0.548812284112089
Matn1,0,0,0.715200454479265,0,0,0,0,0,0,0,0,0,0,0,0,0,0,0,0,0,0,0,0,0,0,0
Matn3,0,0,1.34261300054187,0,0,0,1.00476615925715,0,0,0,0,0,0,0,0,0,0,0,0,0,0,0,0,0,0,0
Mcemp1,0,0,0,0,0,0,0,0,0,0,0,0,0,0,0,0,0,0,0,0,0,0,0,0,0,0
Mcl1,0,0,0,0,0,0,0,0,0,0,0,0,0,0,0,0,0,0,0,0,0,0,0,0,0,0
Meg3,1.58663620945501,2.27077046129207,0.850109195156243,0,2.62503304236887,0,1.47633423427403,0,0,0,0,2.405839672202,0,0.736480416386164,2.14786154083368,2.13337211085012,0,0,0,2.51796343840986,2.617007160757,2.43647460839956,1.39399367097139,1.58850364939067,1.69171909603747,1.29607145821722
Mest,0,0,0,0,0.932248939073033,0,0,0,0,0,0,0,0,0,0,0,0,0,0,0,0,0,0,0,0,0
Mfap2,0,0,0,0,0,0,0,0,0,0,0,0,0,0,0,0,0,0,0,0,0,0,0,0,0,0
Mfap4,0,0,0,0,0.61676740135348,0,0,0,0,0,0,0,0,0,0.802226736097036,0,0,0,0,0,0,0,0,0,0,0
Mfap5,0,0,0,0,1.58078927016217,0,0,0,0,0,0,0,0,0,0,0,0,0,0,0,0,0,0,0,0,0
Mfge8,0.803514268221006,0.958472047134305,1.58477358732542,0,0,0,1.23567239600732,0,0,0,0,0.851364040370764,0,0,0,1.39187254535931,0,0,0,0,1.49273614014305,0,0.229915211782345,1.29393659906957,0,0.527712170501228
Mgp,2.90593986767076,3.06920178902068,3.48190123904394,0.695268320725686,1.98348232127402,0.65930537387624,3.12507410201642,1.29996578727413,1.43480266669905,1.1202722527888,1.53233425174879,4.01753260594382,1.05045867613223,1.73028358384119,2.30698075770082,3.54900437924165,1.78194535184353,0.948068312595632,1.65297142679621,1.54427183830883,3.20889516239796,1.18168682873783,2.26915964880314,3.33290260597555,1.34391276004376,2.03731536634167
Mia,0.776494319424774,1.57838424936697,1.53971686162251,0,0,0,1.24113737825216,0,0,0,0,1.03436523117501,0,0,0,1.36407394433744,0,0,0,0,0.623800709038869,0,0,1.34131727164572,0,0
Mif,0,0,0.984752916351751,0.695268320725686,0,1.11122032368821,0,0,0.606874741168796,0,0,0,0.963512300351783,0,0,0,0,1.3433525463903,0.804849127998596,0,0,0,0,0,1.08079887766258,0.918284408832214
Mmp13,0,0,0,0,0,0,0,0,0,0,0,0,0,0,0,0,0,0,0,0,0,0,0,0,0,0
Mmp14,0,0,0,0,0,0,0,0,0,0,0,0,0,0,0,0,0,0.974944534069606,0,0,0,0,0,0,0,0
Mmp2,0,0,0,0,0,0,0,0,0,0,0,0,0,0,0.650402915929253,0,0,0,0,0,0,0,0,0,0,0
Mmp8,0,0,0,0,0,0,0,1.18469219802775,0,0,2.01177346218176,0,0,0,0,0,0,0,0,0,0,0,0,0,0,0
Mmp9,0,0,0,0,0,0,0,0,0,0,0,0,0,0,0,0,0,0,0,0,0,0,0,0,0,0
Mpo,0,0,0,2.80541211780922,0,0,0,0,0,0,0,0,0,0,0,0,0,0,0,0,0,0,0,0,0,0
Mpz,0,0,0,0,0,0,0,0,0,0,0,0,0,1.92517402579281,0,0,0,0,0,0,0,0,0,0,0,0
Mrgpra2b,0,0,0,0,0,0,0,0,0,0,0,0,0,0,0,0,0,0,0,0,0,0,0,0,0,0
Ms4a6c,0,0,0,0,0,0,0,0.763070211350691,0,0,0,0,0,0,0,0,0,0,0,0,0,0,0,0,0,0
Msmo1,0,0,0,0,0,0,0,0,0,0,0,0,0,0,0,0,0,0,0,0,0,0,0,0,0,0
Msrb1,0,0,0,0.380726664483994,0,0,0,0.923426734329159,0,0,1.40964935162101,0,0,0,0,0,0,0,0,0,0,0,0,0,0,0
mt-Nd3,0,0,0,0,0,0,0,0,0,0,0,0,0,1.00806599305512,0,0,0,0,0,0,0,0,0,0,0,0
mt-Nd5,0.690219801060359,1.04384532127149,0.886562588176914,0,0.541309514588883,0.371686094573693,0,0.660640966534665,0.566062960068802,0.69979457929263,0,0.897586791954615,0.405337504875299,1.16417658983347,0.705200101021057,0.714585430671122,1.15624889596645,0,0.746274396054536,0.907736023358017,0.773195773483269,0.989403796641993,0.896367241190059,0,0.823092365021918,1.16901398399508
mt-Rnr1,1.89908056248066,1.93531327095586,0.901500237993623,1.50823381609746,1.67461335414366,1.1706887936906,1.22276222344874,2.41980775497376,1.51484715680887,1.72018070559098,2.62163881485627,1.64308769065217,1.86701410883782,1.37639413460095,1.89957697733881,1.17487059441941,2.07863732666048,1.61158765892391,1.4154419654798,1.96266708813369,1.28208399058872,1.44682881898867,2.23894929486047,1.61710747574215,1.24554643647511,1.20660359445382
Mt1,1.07916040941752,1.79939644299043,0,1.1038724046555,1.07472752801609,2.04477474403925,0,0.565107397993664,1.4911547521244,0,0,0.621334249152304,0,1.16417658983347,0.694482702924942,0,0,1.44328533271862,0,0.874234639262127,0,0,1.26336627756169,1.41109270652724,0,0
Mt2,0,1.46214473384977,0,0,0.708401812032383,1.79254785943705,0,0,0,0,0,0,0,0,0,0,0,0,0,0.708955799650884,0,0,0,1.17975253991805,0,0
Mxd1,0,0,0,0,0,0,0,0,0,0,0,0,0,0,0,0,0,0,0,0,0,0,0,0,0,0
Myl1,0,0,0,0,0,0,0,0,0,0,0,0,0,0,0,0,0,0,0,0,0,0,0,0,0,0
Myl9,0,0,0,0,0,0,0,0,0,0,0,0,0,0,0,0,0,0,0,0,0,0,2.02751948835953,0,0,0
Mylpf,0,0,0,0,0,0,0,0,0,0,0,0,0,0,0,0,0,0,0,0,0,0,0,0,0,0
Ndn,0,0,0,0,0,0,0,0,0,0,0,0,0,0,0,0,0,0,0,0,0,0,0,0,0.758108496604196,0
Ndufa4,0,0,0,0.445552954792594,0,0.89157690735083,0,0,0,0,0,0,0.770994074555191,0,0,0,0,1.26054852605944,0,0,0,0,0,0,1.21641366119494,0.424358203328081
Neat1,0,0.888121343717214,0,0,0,0,0,0,0,0,0,0,0,0,0,0,0,0,0,0,0,0,0,0,0,0
Nfkbia,0,0,0,0.680062837584991,0,1.1338919733148,0,1.46448756774801,1.23092991981993,0,0.667412356524297,0,0,0,0,0,0,0.59170642740648,0,0,0,0,1.37404405114228,0,0,0
Ngp,0,0,0,0,0,0,0,0,0,0,3.44621005051099,0,0,0,0,0,0,0,0,0,0,0,0,1.11645556731678,0,0
Ninj1,0,0,0,0,0,0,0,0,0,0,0,0,0,0,0,0,0,0,0,0,0,0,0,0,0,0
Nnat,0,0,0,0,0,0,0,0,0,0,0,0,0,0,0,0,0,0,0,0,0,0,0,0,0.844905451519781,0
Npm1,0,1.01699958563285,1.12056720378379,1.27947064913056,0.844652688739637,2.06003218803177,1.03007752838513,0,0.699056207439146,0.769519034412492,0,1.06624729977087,1.72566576196863,0.801299565257933,0.966860974175655,1.08740515662338,0.755995416340342,1.06060375535318,1.33615437672704,1.46058435186797,1.10580344582531,1.07458792012191,0,0,0,1.12324233929958
Nr4a1,0,0,0,0,0,0,0,0,0,0,0,1.50730808005777,0,0,0,0,0,0,0,0,0,0,0,0,0,0
Nr4a2,0,0,0,0,0,0,0,0,0,0,0,0,0,0,0,0,0,0,0,0,0,0,0,0,0,0
Nrep,0,0,0,0,0,0,0,0,0,0,0,0,0,0,0,0,0,0,0,0,0,0,0,0,0,0
Nupr1,0,0,0,0,0,0,0,0,0,0.576617277702916,0,0,0,0,0,0,0,0,0,0,0.560858712667271,0,0,0,0,0
Oaf,0,0,0,0,0,0,0,0,0,0,0,0,0,0,0,0,0,0,0,0,0,0,0,0,0,0
Ogn,0,0,0,0,0,0,0,0,0,0,0,0,0,0,1.0867664817099,0,0,0,0,0,0,0,0,0,0,0
Omd,0,0.884484694758661,0,0,0,0,0,0,0,0,0,1.11712200822823,0,0,0,0,0,0,0,0,0,0,0,0,0,0
Osgin1,0,0,0,0,0,0,0,0,0,0,0,0,0,0,0,0,0,0,0,0,0,0,0,0,0,0
Osm,0,0,0,0,0,0,0,0,0,0,0,0,0,0,0,0,0,0,0,0,0,0,0,0,0,0
P4ha2,0,0,0,0,0,0,0,0,0,0,0,0,0,0,0,0,0,0,0,0,0,0,0,0,0,0
P4hb,0,1.0662379466349,1.37703356654792,0.815476265374171,0.970769532219489,0,0.978709146055913,0,0,0.962156643669218,0,0.796253012019981,0,0,0,1.27098360400343,0,0,0,0,1.21378921201939,0,0.699010885586168,0,0,0.527712170501228
Pabpc1,0.766280737734591,0.794296126562186,0.619628967331118,1.24270729401516,0.909181442308947,1.23897439082278,0.849610761174065,0.879016302996939,0.950306917577386,0.784445111429658,0.7207172044029,0.628690506428622,1.54940113445809,1.09662812232279,0.972832638319438,0,0.928015796048431,1.4015307495594,1.39510684046689,1.27620125581789,0.796663130016222,0.904516103347395,0,0,0,0.983289266581195
Pclaf,0,0,0,0,0,0,0,0,0,0,0,0,0,0,0,0,0,0,0,0,0,0,0,0,0,0
Pcolce,0,0,0,0,0.820534326458544,0,0,0,0,1.10258313358015,0,0,0,0,0,0,0,0,0,0,0,0,0,0,0,0
Pcolce2,0,0,0.760680321880495,0,0,0,0,0,0,0,0,0,0,0,0,0,0,0,0,0,0,0,0,0,0,0
Penk,0,0,0,0,0,0,0,0,0,0,0,0,0,0,0,0,0,0,0,0,0,0,0,0,0,0
Pf4,0,0,0,0,0,0,0,0,1.49642538726894,0,0,0,0,0,0,0,0,0,0,0,0,0,0,0,0,0
Pglyrp1,0,0,0,0.277808808453019,0,0,0,0,0,0,1.01294208696092,0,0,0,0,0,0,0,0,0,0,0,0,0,0,0
Phlda1,0,1.77886061862469,0.928184133171604,0,0,0,1.51106104485271,0,0,0.576617277702916,0.487048243666396,1.14915153117975,0,1.09662812232279,0,1.32432593004388,0,0,0,0,1.3404038187628,0,0,0,0,0
Pim1,0,0,0,0,0,0,0,0.720135572469975,0,0,0,0,0,0,0,0,0,0,0,0,0,0,0,0,0,0
Pkm,0,0,0.573919186894338,0.883582182363588,0,0,0,1.25671600456792,0.726062050108,0,1.05324603354159,0,0,0,0,0,0,1.26321639400897,0,0,0.623800709038869,0.299704425668137,0,0,0,0
Plac8,0,0,0,1.71684546479775,0,0,0,1.20392348975511,0,0,0,0,1.15467530544393,0,0,0,0,0,0,0,0,0,0,0,0,0
Plagl1,0,0,0,0,0,0,0,0,0,0,0,0,0,0,0,0,0,0,0,0,0,0,0,0,0,0
Plaur,0,0,0,0,0,0,0,0,0,0,1.21013542692775,0,0,0,0,0,0,0,0,0,0,0,0,0,0,0
Plek,0,0,0,0,0,0,0,0,0,0,0,0,0,0,0,0,0,0,0,0,0,0,0,0,0,0
Plin2,0,0,0,0,0,0,0,0.723345027525473,0,0,0,0,0,0,0,0,0,0,0,0,0,0,0,0,0,0
Plod2,0,0,0.507355105548628,0,0,0,0,0,0,0,0,0,0,0,0,0,0,0,0,0,0,0,0,0,0,0
Pmp22,0,0,0,0,0,0,0,0,0,0,0,0,0,0,0,0,0,0,0,0,0,0,0,0,0,0
Pnrc1,0,0,0,0,0,0,0,0,0,0,0,0,0,0,0,0,0,0,0,0,0,0,0,0,0,0
Postn,0,0,0,0,1.88015181428324,0,0,0,0,0,0,0,0,0.798658392028947,2.77384762696148,0,0,0,0,0,0,0,0,0,0,0
Ppa1,0,0,2.30620091457897,0,0,0,0,0,0,0,0,0,0,0,0,0,0,0,0,0,0,0,0,0,0,0
Ppia,0,0,0.596490709258906,1.248986892405,0.144418206600711,1.32438601970907,0,0.617285326726255,0.931020120910622,0,0,0,1.29624113246015,1.2216992602632,0.80287345993114,0,0.357075947608866,1.50523863099483,1.20289487248308,0.864313933799727,0.53947007475732,1.29604367311122,0.360245371163774,0,1.34034488895301,0
Ppib,0,0,0.921655682453954,0,0,0,0,0,0,0,0,0,0,0,0,0,0,0,0,0,0,0,0,0,0,0
Ppic,0,0,0,0,0,0,0,0,0,0.501836401729299,0,0,0,0,0,0,0,0,0,0,0,0,0,0,0,0
Prdx1,0,0,0,0,0,0.43566500592953,0,0.549098053198734,0.877187033290544,0,0,0,0,0.615474900938999,0,0,0,0.984824845081313,0,0,0,0,0.360245371163774,0,0.412769604057582,0.272719953434545
Prdx2,0,0,0,0,0,1.10313826637973,0,0,0,0,0,0,0,0,0,0,0,0,0,0,0,0,0,0,0.823092365021918,0.527712170501228
Prdx4,0,0,0,0,0,0,0,0,0,0,0,0,0,0,0,0,0,0,0,0,0,0,0,0,0,0
Prdx5,0,0,0,0.688883013933604,0,0,0,0.831899818042876,0,0,1.0464881815866,0,0,0,0,0,0,0,0,0,0,0,0,0,0,0
Prdx6,0,0,0,0.659765305932143,0,0.879250225524162,0,0.601124514952151,0,0,1.29154158389558,0,0.468338616483131,0,0,0,0,0,0,0,0,0,0,0,0,0
Prelp,0,0,0,0,0,0,0,0,0,0,0,0,0,0,0,0,0,0,0,0,0,0,0,0,0,0
Prg4,0,0,0,0,0,0,0,0,0,0,0,0,0,0,0,0,0,0,0,0,0,0,0,0,0,0
Prph,0,0,0,0,0,0,0,0,0,0,0,0,0,0,0,0,0,0,0,0,0,0,0,0,1.74765095271333,0
Prr13,0,0,0,0,0,0,0,0,0,0,0,0,0,0,0,0,0,0,0,0,0,0,0,0,0,0
Prtn3,0,0,0,2.49050786253461,0,0,0,0,0,0,0,0,0,0,0,0,0,0,0,0,0,0,0,0,0,0
Psma7,0,0,0,0.720839779330083,0,0.807084033992416,0,0,0,0,0,0,0.757487904151036,0,0,0,0,0.894312230887131,0,0,0,0,0,0,0.844905451519781,0
Ptgs2,0,0,0,0,0,0,0,0,0,0,0,0,0,0,0,0,0,0,0,0,0,0,0,0,0,0
Ptma,0,0,0.527110022351529,1.84103546455176,0,1.88599824199828,1.09747470864462,0.601124514952151,0.592578237410605,0.654155208314357,0,0.424809431449794,1.81631405590999,1.38420212363793,0.708488664216224,0,0.808764021773301,1.27563181588959,2.09090780945661,1.3196688895028,0.763473452378353,0,1.20394676374045,0,1.2719443581779,1.08994724383308
Ptms,0,0,0,0,0,0,0,0,0,0,0,0,0,0,0,0,0,0,0,0,0,0,0,0,0.636278635048302,0
Ptn,0,0,0,0,0,0,0,0,0,0,0,0,0,0,0,0,0,0,0,0,0,0,0,0,0,0
Rab7,0,0,0,0,0,0,0,0,0,0,1.09262751846953,0,0,0,0,0,0,0,0,0,0,0,0,0,0,0
Rac2,0,0,0,0.867287619421594,0,0,0,0,0,0,0.57816672242317,0,0,0,0,0,0,0,0,0,0,0,0,0,0,0
Rbp4,0,0,0,0,0,0,0,0,0,0,0,0,0,0,0,0,0,0,0,0,0,0,0,0,0,0
Rcan1,0.364197911080231,2.26921968507077,1.00230599069909,0,0,0,0.852108962534289,0,0,0,0,0.971097795445207,0,0,0,1.33457390020556,0,0,0,0,1.04352545089731,0,0,0,0,0
Rcn3,0,0.71749060715738,1.04323849062478,0,0.645278745366801,0,0.896463625640228,0,0,0.820301926689377,0,0,0,0,0.794299769795168,0.842724554664912,0,0,0,0,0.969626288869047,0,0,0,0,0
Retnlg,1.56098890481502,0.665289654946218,0,0.459400287093504,0.72210645694468,0,0,0.932388647158995,0.921304439031652,0.293513306274919,4.38343880689412,0.749341929816341,0,1.26238100884239,0.806250496394436,0,1.15084770939507,0.957480595956353,0.780239806845329,0.811139123549721,0.667791236970586,0.986552378022123,0.380737624079095,2.15717619157943,1.24554643647511,0.86117664854704
Rgcc,0,0,0,0.452871758931637,0,0,0,0,0,0,0,0,0,0,0,0,0,0,0,0,0,0,0,0,0,0
Rgs2,0,0,0,0,0,0,0,0,0,0,0,0,0.461601986057146,0,0,0,0,0,0,0,0,0,0,0,0,0
Rhoc,0,0,0,0,0,0,0,0,0,0,0,0,0,0,0,0,0,0,0,0,0,0,0,0,0,0
Rn7sk,0,0,0,0,0,0,0,0,0,0,0,0,0,0,0,0,0,0,0,0,0,0,0,0,0,0
Rnase4,0,0,0,0,0,0,0,0,0,0,0,0,0,0,0,0,0,0,0,0,0,0,0,0,0,0
Rnh1,0,0,0,0,0,0,0,1.24113737825216,0,0,0,0,0,0,0,0,0,0,0,0,0,0,0,0,0,0
Rpl12,1.17580710742155,0.914935863032092,1.14439559839999,1.30605553790909,1.10713842017762,1.51760070815864,1.17580710742155,0.660640966534665,0.95344713862144,1.32217675968334,0,0.879899157811643,1.58005037399889,0.926394179570441,0.891491837363291,1.06074591506039,0.455945570652935,1.06060375535318,1.34521521847733,1.36508215193673,1.0743840431104,1.29513885170149,0.887853581818257,1.44977429876664,0.445698856270675,1.26889450541091
Rpl15,1.17973861806335,1.33889716172862,1.38977127711479,1.39055613503567,1.25956367036272,1.56550250154076,1.3807457107982,0.863798209799679,0.846851234260238,1.16899304158872,0,1.44443439667111,1.62306079685091,1.07834312265604,1.37593925094941,1.32850293383039,1.48912204608053,1.38894522652976,1.44519426081853,1.56279068797489,1.24795701711613,1.23981239366702,1.25750646895683,1.17287741534551,1.03380235408298,1.306497410291
Rpl22,1.19069478238184,1.17654350629478,1.20667558612317,1.35176641210102,1.10992042362987,1.78249918933899,1.00476615925715,1.21641366119494,1.28979030859238,0.881158837829722,0,1.27931640969186,1.70988938553749,1.18469219802775,1.05572733290424,1.21484340478739,1.30484346077919,1.3644129744116,1.48354269675986,1.45902937259293,1.12097634574094,1.33849231167113,1.29890053625003,1.32659046751084,0,1.12324233929958
Rpl22l1,0.586266502114959,0.991903833337085,1.18768548238832,1.17834994742656,0.998123738122006,1.22747042325255,0.977376528611701,0,0,1.24223653506778,0,0.878483682634665,1.28002051089437,1.18469219802775,0.99699079328229,1.06584008788341,0,0.969514562419931,0.841228420014789,1.26925111732801,0.939703752331838,1.14876081066454,0.833338013561694,0,0.674323577886355,0.441656083909506
Rpl23a,1.47315482554578,1.54453566175396,1.48596254808736,1.69415765707216,1.59886221902955,1.9722426020092,1.53797275840625,1.4699902433878,1.24531739126378,1.53449747296821,0,1.58944463670267,2.16660228456788,1.59225306395032,1.61323074501783,1.49001524350354,1.50491634965494,1.62050800825572,2.00345760531689,2.29528073511472,1.43089732958671,1.93590931100296,1.36484269738654,1.52076611484899,0.937852719527009,1.38497978970089
Rpl24,0,0,0,0,0,0.582238111594083,0,0,0,0,0,0,0,0,0,0,0,0.728493260400991,0,0,0,0,0.791352579904659,0,0,0
Rpl27,0.866902095881536,1.11909407688943,1.14439559839999,1.16730886506558,1.018344277483,1.722347959411,1.2785360092847,1.02859541804237,1.17364115951807,1.20495396890374,0,1.03048906245537,1.53453170087118,1.18469219802775,1.16465656070447,1.0312033598914,1.30022884006806,0.907075674537215,1.4436745325237,1.54427183830883,1.02915238993178,1.32990684753799,1.00853098782366,0,0.693491141278344,1.06678548646912
Rpl27a,1.2345855175002,1.26696993702545,1.35839023336146,1.41435445448712,1.33872982677004,1.66812758270314,1.27387555966149,1.21957919422479,1.21416060907953,1.56459703585031,0,1.3054511886377,1.65228848956556,1.10515608731742,1.38350972559447,1.2283751490982,1.48517833570388,1.28513151255947,1.53103930109475,1.7520539694079,1.13953160625346,1.47732293291623,1.03493221552713,1.38212641766016,0.765475516986027,1.20660359445382
Rpl29,0.652699194045079,0.897856938874849,0.936024012740532,1.14538539725712,0.972415468330766,1.25167010607445,0,0.723345027525473,1.16157760316576,1.21457511981036,0,0.858421194628499,1.26984976108594,1.10515608731742,0.869880256771563,0.549123550573243,0.7259208591202,0,1.24113737825216,1.36676620690942,1.02873172008033,1.3073406236976,0.274446760271138,0,0.693491141278344,0.781635881375031
Rpl39,1.78062014164343,1.5385538860141,1.64889981765744,1.94668248397945,1.75148376578693,2.1558414965646,1.59131388709188,1.51737505275674,1.53276625636951,2.02225937585831,0,1.69548949601629,2.02179449159371,1.59981060757459,1.78973094336078,1.59981308877583,1.55922788846092,1.62050800825572,2.13041078019153,2.36881777297397,1.81792779977452,1.96945996194433,1.57262382982217,2.09649594344513,1.34652038479018,1.51800990962778
Rpl9,1.1709314068933,1.2846100646226,1.22954010053953,1.3328874660352,1.29997060766361,1.71698389094103,1.30507683203625,1.31146455122087,1.42177629007725,1.019795219564,0,1.37026561361504,1.61088412454314,1.09662812232279,1.48105654213833,1.20392348975511,1.44789928825538,1.21369205184567,1.53103930109475,1.83451973702833,1.22703473592793,1.22477826928525,1.05765767535356,0,0.724780845571455,1.21552208472486
Rps10,0.895074856613337,0.99373577438029,1.08326636534338,1.21542384090787,1.15328990808778,1.39857274832855,0.585333446751018,0.945863353888559,1.00300774444527,1.05832332747714,0,1.11426164633716,1.3108192811161,0.968152606201254,1.11298623652225,0.972477011214416,1.25732555938059,1.26321639400897,1.33744077434352,1.45902937259293,0.899315381643679,0,0.471382814309437,0,0.758108496604196,1.09288920269983
Rps18,1.43732924884152,1.89629058269135,1.88064630490884,2.11674835605186,1.50785616732722,2.36365564394699,1.77206019515685,1.53103930109475,1.48707021157661,1.55027302628643,0,1.79638847218489,2.22916816469777,1.88173775048575,1.60747026773122,1.61565049558998,1.53381124323619,1.76845987000728,1.97401644674874,2.20820664005992,1.43463502485174,2.24668483232194,1.38285453260453,1.39963428898012,1.13204818668793,1.40087673291799
Rps23,1.54850267907673,1.90341307897299,1.80740169156471,2.45610614879897,1.80902371317893,2.43147886737891,1.98115490323648,1.83529333223263,1.79190508956065,1.66324857441104,0,1.82631773084331,2.47899516469847,1.68636530384292,1.92940424810897,1.60553079802184,1.64474412995222,1.99431462698313,2.15250461466355,2.15374790690404,1.52931659019693,2.40491536784435,1.78007307122067,1.52076611484899,1.13204818668793,1.51800990962778
Rps28,1.53971686162251,1.93336400263968,1.58106271593793,1.66880054150936,1.75298827409945,1.72878485791769,1.32976190759205,1.54673675012151,1.86018310304582,1.95966587988571,0,1.93263850907022,1.85461554807983,1.18968989453882,2.05017057345187,1.51737505275674,1.57626785762277,1.3433525463903,1.98013148324846,2.43272850976617,1.61388725069287,2.0978400529082,1.28382521081973,1.53797275840625,0.844905451519781,1.3625753947139
Rps6,0,0.897577847166032,0.836376587651489,1.14578524361055,0,1.26817150394015,0,0,0.735793093398425,0.537288763342169,0,0.788016064162829,1.36162254893051,0.705534369741334,0,0,1.15609885928495,1.23322587243966,1.13522240121726,1.05363354296391,0.666501819738975,0.393708283889883,0,0,0,0
Rtn1,0,0,0,0,0,0,0,0,0,0,0,0,0,0,0,0,0,0,0,0,0,0,0,0,1.62296514453489,0
Rtn4,0,0,0,0,0,0,0,0,0,0,0,0,0,0,0,0,0,0,0,0,0,0,0,0,0,0
S100a10,0.480453650925177,0.822173324021277,1.07834312265604,0,1.23512895675376,0,1.10172827059889,0.686013778622877,0.586455280644027,0,0,0,0,0.801299565257933,0.886835345188781,1.0750875238135,0.959133881872792,1.12103658481793,0,1.25784467959424,1.44140527796382,0,0,0,1.512319260861,0
S100a11,0,0,0,0.857165272797139,1.06703615676439,0,0,1.85223791207558,0,0,2.30950205726869,0,0,0,0,0,0.792016702131337,0,0,0,0,0,1.20090227892069,0,0,0
S100a4,0,0,0,0,0,0,0,0,0,0,0,0,0,0,0,0,0,1.75910887081838,0,0,0,0,0,0,0,0
S100a6,1.39538888183576,0.915900759131705,1.25920193660402,0,1.29333725400635,0,1.19727052263852,1.80989773670672,0.845921089760703,0.731497933936719,1.58310422161725,0.550946124781062,0,1.16417658983347,1.13250354336416,1.14212072847266,0.930234721411029,0.775484331881922,0,0,1.63192805218789,0,0.289784684721322,1.55561075736056,1.47899514832301,0.832920477161001
S100a8,3.52394034199498,1.58570489839022,1.35440875448176,4.63070771362076,2.04626319089193,1.28000564393794,1.55382704733276,4.21613298142992,1.94820549498207,1.5960219947659,6.26531233356291,1.88201088227443,1.34051584321768,2.63196368108054,2.24386552741986,1.69856057940007,2.61460275324617,1.41910844524999,2.29455714245136,2.27877557997417,1.90387861341542,1.85838982732847,2.36096892984955,4.07687834174906,1.99561200007661,2.02104442390042
S100a9,2.41783483907955,0.793083905518273,0.274288854722313,3.61424136583917,1.23839874805063,0.710556833583625,0.944931825134955,1.7881143342865,1.25418440304504,0.9623176841053,5.88953887200895,1.1356821824878,0.75556768189645,1.71020852345869,1.37216083707696,1.01581517440295,1.46008700408636,0.969514562419931,1.44519426081853,1.3196688895028,1.15750418608028,1.14370822943169,1.3203485765484,3.17713839913978,1.12620242199376,1.47059160385976
S100b,0,0,0,0,0,0,0,0,0,0,0,0,0,0,0,0,0,0,0,0,0,0,0,0,0,0
Samsn1,0,0,0,0,0,0,0,0,0,0,0,0,0,0,0,0,0,0,0,0,0,0,0,0,0,0
Sat1,0,0,0,0,0,0,0,0,0,0,0.927606162772878,0,0,0,0,0,0,0,0,0,0,0,0,0,0,0
Scrg1,0,0.852888820451046,1.27620125581789,0,0,0,0,0,0,0,0,0,0,0,0,0,0,0,0,0,0,0,0,0,0,0
Sdc4,0,1.07146093681714,0.968805464725569,0,0,0,0,0,0,0,0,0.781182098461865,0,0,0,0,0,0,0,0,0.541534401081827,0,0,0,0,0
Sec61b,0,0,0.944931825134955,1.14347440570417,0,0.526061360221418,0,0,0,0.73241541436567,0,0,0.857176026485108,0,0,0,0,0,0,0,0,0,0,0,0,0
Selenop,0,0,0,0,0,0,0,0,0.834560641428308,0,0,0,0,0,0,0,0,0,0,0,0,0,0,0,0,0
Sephs2,0,0,0,0,0,0,0,0,0,0,0,0,0,0,0,0,0,0,0,0,0,0,0,0,0,0
Serbp1,0,0,0,1.04921084102705,0,1.30235195757401,0,0,0,0,0,0,1.12449068986488,0,0,0,0,1.17056092698124,0,0,0,0,0,0,0,0.389910907476638
Serpine1,0,0,0,0,0,0,0,0,0,0,0,0,0,0,0,0,0,0,0,0,0,0,0,0,0,0
Serpine2,0,0.588145120746288,0,0,0,0,0,0,0,0.73241541436567,0,0,0,0,0,0,0,0,0,0,0,0,0,0,0,0.389910907476638
Serpinf1,0,0,0,0,0,0,0,0,0,1.36958290270504,0,0,0,0,0,0,0,0,0,0,0,0,0,0,0,0
Serpinh1,1.06863570234101,1.47714310926765,2.22619794409573,0,1.27801545212503,0,1.83787732329044,0,0,1.93312144309196,0,1.01008166531999,0,1.41253925291197,1.15185045661385,1.57921442670503,0.366207707182835,0,0,0,1.55293742851169,0,1.14390851330913,1.22864597037997,0,0
Sgk1,0,0,0,0,0,0,0,0,0,0,0,0,0,0,0,0,0,0,0,0,0,0,0,0,0,0
Sh3bgrl3,0,0,0,0.850002349047173,0,0,0,1.0513048847232,0.916991542251094,0,0,0,0,0,0,0,0,2.44770922827121,0,0,0,0,0,0,0.576504344144563,0
Slc16a3,0,0,0,0,0,0,0,0,0,0,0,0,0,0,0,0,0,0,0,0,0,0,0,0,0,0
Slc25a4,0,0,0.765073555677912,0,0.796824109266506,0,0,0,0,0,0,0,0,0,0,0,0.215327583375881,0,0,0,0,0.510807819457512,1.06745826983962,0,1.512319260861,0.443009569684363
Slc25a5,0,0.609287485676047,0.833014387206267,1.71022115922336,0,2.09890539975493,0,1.43015092520252,1.4747594125888,1.20084320238078,0,0,1.84743700458611,1.10515608731742,0,0,0.778689464553159,2.18142736554332,1.4154419654798,0.820997713345951,0.803823848040089,0.873801569120029,1.32337973981089,0,1.10372511646477,0
Slc29a1,0,0,0,0,0,0,0,0,0,0,0,0,0,0,0,0,0,0,0,0,0.530359898670673,0,0,0,0,0
Slc3a2,0,0.418484054168826,0,0,0,0,0,0.44476107689248,0,0,0,0,0,0,0,0,0,0,0,0,0,0,0,0,0,0
Slc7a11,0,0,0,0,0,0,0,0,0,0,0,0,0,0,0,0,0,0,0,0,0,0,0,0,0,0
Slfn2,0,0,0,0,0,0,0,0.601124514952151,0,0,0,0,0,0,0,0,0,0,0,0,0,0,0,0,0,0
Slfn4,0,0,0,0,0,0,0,0,0,0,0,0,0,0,0,0,0,0,0,0,0,0,0,0,0,0
Slpi,0,0,0,0,0,0,0,0,0,0,0.550249757792276,0,0,0,0,0,0,0,0,0,0,0,0,0,0,0
Sncg,0,0,0,0,0,0,0,0,0,0,0,0,0,0,0,0,0,0,0,0,0,0,0,0,1.64283383589516,0
Snhg3,0,0,0,0,0,0.838156292722492,0,0,0,0,0,0,0,0,0,0,0,0,0,0,0,0,0,0,0,0
Snrpg,0,0,0,0.794733827526605,0,1.12222351024543,0,0,0,0,0,0,1.05965341520845,0,0,0,0,0.28791384148613,0.796035010784383,0.855631950529554,0,0.278282700070577,0,0,0,0
Sox9,0,0.655617844810117,0.517858486290119,0,0,0,0,0,0,0,0,0,0,0,0,0,0,0,0,0,0.372370102653461,0,0,0,0,0
Sparcl1,0,0,0,0,0,0,0,0,0,0,0,0,0,0,0,0,0.357075947608866,0,0,0,0,0,0,0,0,0
Spi1,0,0,0,0.450035993943406,0,0,0,0.339612210334333,0.475308563739609,0,0,0,0,0,0,0,0,0.714312468019552,0,0,0,0,0,0,0,0
Spp1,0,0,0,0,0,0,0,0,0,5.12770718691886,0,0,0,0,0,0,0,0,0,0,0,0,0,0,0,0
Sqstm1,0,0,0,0,0,0,0,0.597217539821807,0.225155539958278,0,0,0.575072382508137,0,0,0,0,0,0,0,0,0,0,0,0,0,0
Srgn,0.474819528394664,0,0,2.02208975661032,0,0,0,1.93919244972304,0,0,2.6225207214344,0,1.03680249690572,0,0,0,0,0,0,0,0,0,0,0,0,0
Srxn1,0,0.6206855127867,0,0,0,0,0,0,0,0,0,0,0,0,0,0,0,0,0,0,0,0,0,0,0,0
Ssr2,0,0.143415025351842,0.980045541302835,0,0,0,0.697126317134393,0,0,0,0,0,0,0,0,0,0,0,0,0,0.542229674040709,0,0,0,0,0
Stfa1,1.60744755218718,0,0,3.63508547158649,0.438784881858182,0,0,2.53075053472217,0,0.411622640742809,4.84875689072093,0.477743692012054,0,1.16417658983347,0.164646801679668,0,0.600331139214418,0,0.666348545227269,1.02344283991758,0.407995297087547,0,0.85061553013858,2.26535391308028,0.674323577886355,0.527712170501228
Stfa2,1.12463937954747,0,0,0,0,0,0,0,0,0,4.10445450901387,0,0,0,0,0,0,0,0,0,0,0,0,1.51991731723152,0,0
Stfa2l1,0.523555338021633,0,0,0,0,0,0,0,0,0,3.78476601568023,0,0,0,0,0,0,0,0,0,0,0,0,1.35440875448176,0,0
Stfa3,0,0,0,0,0,0,0,0.714151895217732,0,0,3.16392932353409,0,0,0,0,0,0,0,0,0,0,0,0,0.941237228570233,0,0
Stmn1,0,0,0,0,0,0,0,0,0,0,0,0,0.93893654687194,0,0,0,0,0,0,0,0,0,0,0,1.251104748162,0
Stmn2,0,0,0,0,0,0,0,0,0,0,0,0,0,0,0,0,0,0,0,0,0,0,0,0,2.13405598709791,0
Tagln2,0,0,0,0.515520825081512,0,0.32485394355285,0,0,0,0,0,0,0.839767093898731,0,0,0,1.09567571919847,0.988592923003064,0,0,0,0,0,0,0,0
Taldo1,0,0,0,0.680062837584991,0,0,0,0.617285326726255,0,0,0,0,0,0,0,0,0,0,0,0,0,0,0,0,0,0
Tceal9,0,0.446040147291183,0,0,0,0,0.697126317134393,0,0,0,0,0.813190303305805,0,0,0,0,0,0,0,0,0,0,0,0,0,0
Tgfbi,0,0,0.716955053105984,0,0,0,0,0.561444818246675,0,0,0,0,0,0,0,0,0,0,0,0,1.03793923399881,0,0,0,0,0
Thbs1,0,0,0,0,0,0,0,1.05519197505816,0,0,0,0,0,0,0,0,0,0,0,0,0,0,0,0,0,0
Thbs4,0,0,0,0,0,0,0,0,0,0,0,0,0,0,0,0,0,0,0,0,0,0,0,0,0,0
Timp1,0.398450369687837,1.47315667885779,1.51737505275674,0,0,0,1.19119789894594,0,0,0.820301926689377,0,0,0,0,0,1.36643046754929,0,0,0,0,0.641642471833998,0,0,1.311588357006,0,0
Timp3,0,0,0,0,0,0,0,0,0,0,0,0,0,0,0,0,0,0,0,0,0,0,0,0,0,0
Tlr2,0,0,0,0,0,0,0,0,0,0,0,0,0,0,0,0,0,0,0,0,0,0,0,0,0,0
Tm4sf1,0,0,0,0,0,0,0,0,0,0,0,0,0,0,0,0,0.240617987277054,0,0,0,0,0,0,0,0,0
Tmem258,0,0,0,0,0,0,0,0,0,0,0,0,0,0,0,0,0,0,0,0,0,0.278282700070577,0,0,0,0
Tmsb10,0,0,0,0,1.23260154800899,0,0,1.44519426081853,0,1.21588776271664,0,0,1.06298452962288,0.798658392028947,0.831717825963189,0,1.41829324980978,0,1.44671745612658,1.11207927051628,0,0.278282700070577,1.24223756892507,1.16130673745124,2.40802897540125,0.424358203328081
Tmsb4x,1.58663620945501,0,0,3.7831527921132,2.01617332299257,0.40034293390573,0.372053640712488,3.84505675002122,4.40102006390257,1.35440875448176,3.6337093685405,0,2.51555266557099,1.8327175470472,1.46375042043371,0,3.37104963736672,3.47395926259739,2.59246570350296,1.72241439632666,0.510873191036818,2.74195201141179,2.93949219763303,2.00424644835666,3.43476928337245,2.51126644502125
Tnc,0,0,0,0,0,0,0,0,0,0,0,0,0,0,0,0,0,0,0,0,0,0,0,0,0,0
Tnfaip6,0,0,0,0,0,0,0,0,0,0,0,0,0,0,0,0,0,0,0,0,0,0,0,0,0,0
Tnfrsf12a,0,1.3072804358514,0.763670086551714,0,0,0,1.00476615925715,0,0,0,0,0.477780784389307,0,0,0,1.23744305209079,0,0,0,0,1.23551482397169,0,0,0,0,0
Tnmd,0,0,0,0,0,0,0,0,0,0,0,0,0,0,1.2694446029066,0,0,0,0,0,0,0,0,0,0,0
Tnnc2,0,0,0,0,0,0,0,0,0,0,0,0,0,0,0,0,0,0,0,0,0,0,0,0,0,0
Tnnt3,0,0,0,0,0,0,0,0,0,0,0,0,0,0,0,0,0,0,0,0,0,0,0,0,0,0
Tpm1,0,0,0,0,0,0,0,0,0,0.69979457929263,0,0,0,0,0,0,0,0,0,0,0,0,1.4856846035347,0,0,0
Tpm2,0,0,0,0,0,0,0,0,0,0,0,0,0,0,0,0,0,0,0,0,0,0,1.32564828886096,0,0,0
Tppp3,0,0,0,0,0,0,0,0,0,0,0,0,0,0,0,0,0,0,0,0,0,0,0,0,1.07630555980571,0
Tpsb2,0,0,0,0,0,0,0,0,0,0,0,0,0,0,0,0,0,0,0,0,0,0,0,0,0,0
Trem1,0,0,0,0,0,0,0,0,0,0,0,0,0,0,0,0,0,0,0,0,0,0,0,0,0,0
Tsc22d1,0,1.40462611398949,1.80367214074344,0,0,0,1.30507683203625,0,0,0,0,1.18221015094895,0,0,0,1.41909217251515,0.747144381722232,0,0,0,0.967066736315533,0,0.627714960498735,0,0,0
Tspo,0,0,0,0.555868142093233,0,0,0,0.720135572469975,0,0,0,0,0,0,0,0,0,0,0,0,0,0,0,0,0,0
Tuba1a,0,0,0,0,0,0,0,0,0,0,0,0,0,0.736480416386164,0,0,0,0,0,0,0,0,0,0,2.79877296264848,1.42922405502199
Tuba1b,0,0,0,0.722202019097666,0,1.15450466057529,1.03007752838513,0,0,0,0,0,0.472121986737391,0,0,0,0,0,0,0,0,0,0,0,1.12620242199376,0
Tuba1c,0,0.580827596417873,0,0,0,0,0.987463993133214,0,0,0,0,0,0,0,0,0,0,0,0,0,0.503441425704071,0,0,0,0,0
Tubb2a,0,0,0,0,0,0,0,0,0,0,0,0,0,0,0,0,0,0,0,0,0,0,0,0,1.75847096467782,0
Tubb2b,0,0,0,0,0,0,0,0,0,0,0,0,0,0,0,0,0,0,0,0,0,0,0,0,1.81869549811033,0.729890704942162
Tubb4b,0,0,0,0,0,0,0.544432491524645,0,0,0,0,0,0,0,0,0,0,0,0,0,0,0,0,0,0,0
Tubb5,0,0,0,0.372984763051329,0,0.98433084481297,1.24223653506778,0,0,0,0,0,0.900779013139536,0,0,0,0,0.239914818923453,0,0,0,0,0,0,2.18539148960941,0
Tubb6,0,0,0,0,0,0,0.872652640614204,0,0,0,0,0,0,0,0,0,0,0,0,0,0,0,0,0,0,0
Txn1,0,0,0,0.676646433291751,0,0.885085344226188,0,0.584558197236211,0,0,0.713110798955065,0,0.443987655801304,0,0,0,0,0.273733049104691,0.388834050368348,0,0,0,0,0,1.02785602813673,0
Tyrobp,0,0,0,0,0,0,0,1.87358685509954,1.7728729313442,0,2.16944120491875,0,0,0,0,0,0,1.61865306124399,0,0,0,0,0,0,0,0
Uap1,0,0,0,0,0,0,0,0,0,0,0,0,0,0,0,0,0,0,0,0,0,0,0,0,0,0
Ubc,1.34782826797161,1.11997819737931,0.877416436038457,0,0.862940793171445,0,1.03007752838513,1.37434313288769,1.24503749563203,0.730217398189898,2.15873891982459,1.6731587778801,1.10139304830755,0,1.03719033127698,1.02601582807088,1.23096638287393,0.868395394179639,0.326183528318514,1.05675522878486,1.28030707189108,0.513558872477578,1.35862685957988,1.40462297278198,0.937852719527009,0.644112679047182
Ube2c,0,0,0,0,0,0,0,0,0,0,0,0,0,0,0,0,0,0,0,0,0,0,0,0,0,0
Uchl1,0,0,0,0,0,0,0,0,0,0,0,0,0,0,0,0,0,0,0,0,0,0,0,0,2.07657444573524,0
Ucma,1.53103930109475,2.80640570158825,1.9416331107751,0,0,0,2.33972757292383,0.561444818246675,0.425295509123368,0.347726756650812,0.379479701748822,2.0028370114604,0,0,0,2.53998364836926,0.939525010767232,0,0.445430512817342,0,1.52502879497017,0.299704425668137,0,1.57737087532631,0,1.15232896279038
Ucp2,0,0,0,0,0,0.324655183525759,0,0.863798209799679,0.933759518171257,0,0,0,0.460176942755463,0,0,0,0,0.916955985548921,1.31468352235197,0,0,0,0,0,0,0
Ugdh,0,1.04706478441571,0.984752916351751,0,0,0,0,0,0,0,0,0,0,0,0,0,0,0,0,0,0,0,0,0,0,0
Vasp,0,0,0,0,0,0,0,0,0,0,0.214330042977477,0,0,0,0,0,0,0,0,0,0,0,0,0,0,0
Vim,0,0,0,0,1.57921442670503,0,0.372053640712488,1.40034456395075,0.724983551399677,0.347726756650812,0,0,0,1.46684037676969,1.49164432012993,0,1.35245530907582,1.45444913143417,0,1.39210601895727,0,0,1.50299922444846,0,0,0
Vkorc1,0,0,0,0,0,0,0,0,0,0,0,0,0,0,0,0,0,0,0,0,0,0,0,0,0,0
Vpreb3,0,0,0,0,0,0,0,0,0,0,0,0,0,0,0,0,0,0,1.38767720268628,0,0,0,0,0,0,0
Wfdc21,0,0,0,0,0,0,0,0,0,0,1.37491228765344,0,0,0,0,0,0,0,0,0,0,0,0,0,0,0
Wif1,0,0,0,0,0,0,0,0,0,0,0,0,0,0,0,0,0,0,0,0,0.64314555755276,0,0,0,0,0
Zfp36,0,0,0,0,0,0,0,0.850109195156243,0,0,0.951186882246805,1.05154951465498,0,0,0,0,0,0,0,0,0,0,0,0,0,0
