,unassigned,Neonatal-Skin_5,Neonatal-Skin_1,Neonatal-Skin_3,Neonatal-Skin_18,Neonatal-Skin_12,Neonatal-Skin_19,Neonatal-Skin_22,Neonatal-Skin_11,Neonatal-Skin_4,Neonatal-Skin_7,Neonatal-Skin_23,Neonatal-Skin_10,Neonatal-Skin_16,Neonatal-Skin_2,Neonatal-Skin_9,Neonatal-Skin_13,Neonatal-Skin_6,Neonatal-Skin_17,Neonatal-Skin_20,Neonatal-Skin_8,Neonatal-Skin_21,Neonatal-Skin_24,Neonatal-Skin_14,Neonatal-Skin_15
1810058I24Rik,0,0,0,0,0,0,0,0,0,0,0,0,0,0,0,0,0,0,0,0,0,0,0,0,0
2010107E04Rik,0,1.33456190053718,0,0.657797361950356,1.07427614547151,0,0,1.35221198291767,0,0,0,0,0,0,0,0,0,0,0,0,0,0,0,0,0
2410006H16Rik,0,0.37970777978789,0,0,0.350641106876168,0.397643010359752,0,0.890139469848641,0.840670323422636,0.989216426320065,0,0,0,0,0.900874983569603,0.590695882877681,0,0,0,0,0,0,0,0,1.25291542631125
8430408G22Rik,0,0.860883083539856,0,0,0.597875468082579,0,0,0,0,0,0,0,0,0,0,0,0,0,0,0,0,0,0,0,0
a,0,0,0,0,0,0,0,0,0,0,0,0,0,0,0,0,0,0,0,0,0,0,0,0,0
Acaa2,0,0.831739616174788,0,0,0.537974484328093,0,0,0.533462363029088,0,0,0,0,0,0,0,0,0,0,0,0,0,0,0,0,0
Acadl,0,1.32546724167344,0,0.533077970570248,0.59737464604355,0,0,0,0,0,0,0,0,0,0,0,0,0,0,0,0,0,0,0,0
Acadvl,0,1.07091391349172,0,0,0.511440103502665,0,0,0,0,0,0,0,0,0,0,0,0,0,0,0,0,0,0,0,0
Aco2,0,1.09399723016474,0,0,0.885736699116953,0,0,0.533462363029088,0,0,0,0,0,0,0,0,0,0,0,0,0,0,0,0,0
Acsl1,0,0,0,0.986776891722895,0,0,0,0,0,0,0,0,0,0,0,0,0,0,0,0,0,0,0,0,0
Acta1,0,0,0,0,0,0,0,0,0,0,0,0,0,0,0,0,0,0,0,0,0,0,0,0,1.16621181330636
Acta2,0,0,0,0,0,0,0,0,0,0,0,0,0,0,0,0,0,0,0,0,0,0,0,2.52841709398607,0
Actb,1.16127214069668,0.409513911617345,1.21490984556443,0.92251078611619,0.495001082467733,1.13534086662796,2.16514117562811,0.297193746468345,1.09125689643308,0.610678932431028,1.03298831515997,1.37714430789672,1.47901880044271,1.22137088685501,0.892507008401219,1.43899986360171,0.604464541105669,1.26930965169818,1.3683953217935,1.86777614952401,1.53732027133253,1.42515996962129,1.85294794716893,1.47399779617178,0.849815761507912
Actg1,0,0,0,0.527770181867835,0,0.393399699508411,0.928622778546057,0,0,0,0.620763390389679,0.556875401728065,0.69924577963784,0,0,1.08781592604447,0,0,0.958538048326531,1.80300454004168,0.85448151973752,1.56370571163288,1.81050998886694,0.754192956728445,0
Adam33,0,0,0,0,0,0,0,0,0,0,0,0,0,0,0,0,0,0,0,0,0,0,0,0,0
Adamts1,0,0,0,0,0,0,0,0,0,0,0,0,0,0,0,0,0,0,0,0,0,0,0,0,0
Adamts2,0,0,0,0,0,0,0,0,0,0,0,0,0,0,0,0,0,0,0,0,0,0,0,0,0
Adipoq,0,0.819860332635572,0,2.08769768149358,0.606521696892622,0,0,0.569161145152835,0,0,0,0,0,0,0,0,0,0,0,0,0,0,0,0,0
Agt,0,0,0,0.52707583424445,0,0,0,0,0,0,0,0,0,0,0,0,0,0,0,0,0,0,0,0,0
Agtr2,0,0,0,0,0,0,0,0,0,0,0,0,0,0,0,0,0,0,0,0,0,0,0,0,0
Akr1a1,0,0,0,0,0,0,1.19996001734252,0,0,0,0,0.765147610395009,0,0,0,0,0.54807901921015,0,0.88451230584275,1.2742421706033,0,0,0,0,0
Aldoa,0,1.35331841753187,0,0.709928422155558,1.21382893808786,0,0,0.33573460779772,0,0,0,0.209181383353852,0,0,0,0,0,1.18130036226333,0,0,0,0,0,0,0
Angptl4,0,0.5705386102343,0,0,0,0,0,0.297193746468345,0,0,0,0,0,0,0,0,0,0,0,0,0,0,0,0,0
Anxa2,0,0,1.20154315645983,0,0,0,0.833695895053106,0,0,0.604464541105669,0,1.73713035219674,1.14767253445589,1.33534626780202,0.262761812078983,0,0.970598959624148,0,0,0,2.04138029082275,0,0,0,0.831724990218679
Anxa5,0,0,1.08867403693308,0,0,0,0.978782822970474,0,0,0,0,0,1.01596949921029,0,0.776954752956886,0,0.74757630730897,1.09298594536713,0,0.998742332891116,1.14432503965653,0,0,0,0
Apoc1,0,0.933458701437346,0,2.18135718214091,0.995588280786998,0,0,1.27803276433405,0,0,0,0,0,0,0,0,0,1.36418840789171,0,0,0,0,0.465238653906827,0,0
Apod,0,0,0,0,0,0,0,0,0,0,0,0,0,0,0,0,0,0,0,0,0.586960511727756,0,0,0,0
Apoe,1.87744423323591,1.73838937272443,1.32265223310767,3.97259973248596,1.49402450934987,1.80641876929404,3.55511667506627,1.75598751253219,1.2426115938666,1.46514403944546,1.44661864021544,0.642476212568882,1.04981554973972,1.94874268406265,1.45076150511878,1.46595238218938,1.14959477842535,2.73907990164246,1.83458373303814,1.06846685687877,1.21203374015103,1.85126427231741,1.23498327490363,1.31685158069156,1.19159050526521
Aqp1,0,0,0,0,0,0,0,0,0,0,1.71505584153597,0,0,0,0,0,0,0,0,0,0,0,0,0,0
Arf1,0,0,0,0,0,0,0.617024391864297,0,0,0,0,0.494721747184962,0,0,0,0,0,0,0,0,0,0,0,0,0
Arf5,0,0,0,0,0,0,0,0,0,0,0,0,0,0,0,0,0,0,0,0,0,0,0,0,0
Arl4a,0,0,0,1.56060914367869,0,0,0,0,0,0,0,0.588543402398595,0,0,0,0,0,0,0,0,0,0,0,0,0
Arpc1b,0,0,0,0,0,0,0.992745844656754,0,0.649684413040681,0,0.537746761257681,1.0640481820799,0,1.12438343166723,0,0,0,0,0,1.47055791005955,0,1.07427614547151,0,0,0
Arpc2,0,0,0,0,0,0,0.99203786889267,0,1.06108412712334,0,0,0.556875401728065,0,0,0,0,0,0,0,1.16794104047358,0.262858352047946,1.22804157883076,1.26226468112031,0,0
Aspn,0,0,1.06681374354562,0,0,0,0,0,0,1.1269654010213,0,0,0,0,1.07594930918514,0,1.03183512000492,0,0,0,1.00640205245562,0,0,0,0
Atf3,0,0,0,0,0,0,0,0,0,0,0,0,0,0,0,0,0,0,0,0,0,0,0,0,0
Atf4,0,0,0,0,0,0,0,0,1.0427024070874,0,0.703852687360779,0,0,0,0,0,0,0,0,0.452011102029964,0,1.07427614547151,0,0,0
Atp5a1,0,1.07302500857452,0,0.850870556015526,0.59737464604355,0.709032845814502,0,0.688487382529888,0,0,0,0.588543402398595,0.959465115898505,0,0,0.553383850348643,0,0,0.919596682293668,0,0,0,0,0,0
Atp5b,1.25061003360515,2.5754423377206,1.02573056389169,1.69468411464014,2.13355290781708,1.29230381311641,0.817242818282767,1.1587034753622,0.933585277976516,0,0.95497928820971,0.87810653447052,1.02648951495684,1.18153817516087,0.983279045578036,1.16225654547986,1.02346070889361,1.41459267634243,1.2158750203847,0.335576033221581,1.09820843486305,0.941132810293715,0.380015022330869,1.33778395985427,1.16621181330636
Atp5c1,0,1.6759042563021,0,0.922803946010689,1.34419363844868,0,0,1.11834965859533,0,0,0,0.524061329952475,0,0,0,0,0,0,0.858989884716175,0,0,0,0.578676011096141,0,0
Atp5d,0.760438849472733,1.54676196267889,0,0.925243008321023,1.31556359749926,0,0.763107087565015,1.15893404671695,0,0,0,0.28554036383111,0,0,0,0,0,1.25061003360515,0,0,0,0.941132810293715,0.380015022330869,0.767176040860196,0
Atp5e,0,1.13731896773859,0,0,1.04822611183306,0,0,1.29698325096127,0,0,0,0.852102869557419,0,0,0,0,0,0,0,0,0,0,0,0,0
Atp5f1,0,1.33653986504929,0,0.88045848185161,1.37536630898774,0,0,1.43283401142778,0.947519626027604,0,0,0.230471310282229,0,0,0,0,0,0,0,0,0,0,0,0,0
Atp5g1,0,0,0,0,0,0,0,0,0,0,0,0.509856004018319,0,0,0,0,0,0,0,0,0,0,0,0,0
Atp5g3,0,0.413623639796151,0,0.754601046293971,0,0,0,0,0,0,0,0,0,0,0,0,0,0,0,0,0,0,0,0,0
Atp5h,0,1.67641158686079,0,0.785738290617557,1.42363992913411,0,0.430010334332436,1.33204960537295,0,0,0,0,0,0,0,0,0,0,0,0,0,0,0,0,0
Atp5j,0,0.734246323354227,0,1.03627282320765,0.606521696892622,0,0,0,0,0,0,0.805777747816381,0,0,0,0,0.54807901921015,0,0,0,0,0,0,0,0
Atp5j2,0,1.64076063128892,0,0.642533118587699,1.76720032850612,0.661777355234696,0.763107087565015,1.40646917962979,0,0,0,0.697009474290567,0,0,0,0,0,1.20952558292167,0.251763579624921,0,0.738390040141084,0,0,0,0
Atp5k,0,1.38730969141347,0,0.626530693217016,1.34374650635043,0,0,1.4677243920795,0,0,0,0,0,0,0,0,0,0,0.404631856329334,0,0,0,0,0,0
Atp5o,0,1.53219790926596,0,0.668783472569394,1.27407789404212,0,0,1.27803276433405,0,0,0,0.852102869557419,0,0,0,0,0,0,0,0,0,0,0,0,0
Atp6v0e,0,0.647190332073642,0,0,0,0,0.817242818282767,0,0,0,0,0,0,0,0,0,0,0,0,0,0,0,0,0,0
Atpif1,0,0,0,0,0,0.682765016195897,0,0,0,0,0,0,0,0,0,0,0,0,0,0,0,0,0,0,0
B2m,0,0,0,1.20366311586153,0,0,2.66317313126205,0,1.95464661309526,0,1.64405440878704,0.98376926641188,0,0,0,0,0.788012871446164,0,1.23957001898122,1.86013405492687,0,1.3767774041418,0,0,0
Bcat2,0,0,0,1.22952680232422,0,0,0,0,0,0,0,0,0,0,0,0,0,0,0,0,0,0,0,0,0
Bgn,0,0,1.05541843142237,0,0,0,0,0,0,1.30982388347868,0,0,0.792660575217333,0,1.48731462570695,0,0,0,0,0,1.44989630001929,0,0,0,0.849815761507912
Bnip3,0,1.33917522592078,0,1.16774012360791,1.37960895244389,0,0,0.297193746468345,0,0,0,0,0,0,0,0,0,0,0,0,0,0,0,0,0
Bsg,0,0,0,0,0,0,0,0,0,0,0,0,0,0,0,0,0,0,0,0,0,0,0,0,0
Btf3,0,0.261873386722599,0,0,0,0,0.723509452409814,0,0,0,0,0.501806348179184,0,0,0,0,0,0,0,0,0,0.941132810293715,0,0,0
Btg2,0,0,0,0,0,0,0,0,0,0,0,0,0,0,0,0,0,0,0,0,0,0,1.22917599135328,0,0
Cald1,0,0,0,0,0,0,0,0,0,0,0,0,0,0,0,0,0,0,0,0,0,0,0,0.408147863161468,0
Calm1,0.639322132171784,0,1.22804157883076,0.146750250432996,0,1.25988610598227,2.20393172402399,0,1.55200876597589,0.942191082356447,2.36291248649312,2.39710216488578,1.68977169319543,1.21927044458042,0.971992815092673,1.45631563024171,1.1593085911226,0,1.51299643335733,2.17740048243874,1.74202100882311,1.3767774041418,1.371013662951,1.31213570282212,0
Calm2,0,0,0,0,0,0,0.904022204059927,0,0.720566056213113,0,0,0.976365921750893,1.14162979230411,0,0,0,0.54807901921015,0,0.869870510236161,0.26838151741179,0,0,0,0.827585458504469,0
Calr,0,0,0,0,0,0,0.579659298798824,0,0,0,0,0.230471310282229,0,0,0,0,0,0,0,0,0,0,0,0,0
Calu,0,0,0,0,0,0,0,0,0,0,0,0.230471310282229,0,0,0,0,0,0,0,0,0,0,0,0,0
Capns1,0,0,0,0,0,0,0,0,0,0,0,0.468992276403594,0,0,0,0,0,0,0,0,0,0,0,0,0
Car3,0,0.530596742024605,0,1.21389401414846,0,0,0,0,0,0,0,0,0,0,0,0,0,0,0,0,0,0,0,0,0
Cat,0,0.943626270545253,0,1.48627596054186,0.486101223030336,0,0,0.297193746468345,0,0,0,0,0,0,0,0,0,0,0,0,0,0,0,0,0
Cav1,0,0,1.17723661622304,0,0,0,0,0,0,0,2.02252649784352,1.48905955748331,0.792660575217333,0,0,0,0,0,0,0,0,0,0,1.14254580610188,0
Ccl7,0,0,0,0,0,0,0,0,0,0,0,0,0,0,0,0,0,0,0,0,0,0,0,0,0
Ccnd2,0,0,0,0,0,0,0,0,0,0,0,0,0,0,0,0,0,0,0,0,0,0,0,0,0
Cd248,0,0,0,0,0,0,0,0,0,0,0,0,0,0,0,0,0,0,0,0,0,0,0,0,0
Cd24a,0,0,0,0,0,0,0,0,0,0,0,0,0,0,0,2.59289141347743,0,0,0,0,0,0,0,0,0
Cd34,0,0,0,0,0,0,0,0,0,0,0,0,0,0,0,0,1.03183512000492,0,0,0,0,0,0,0,0
Cd36,0,0.221619023923354,0,0.469956461007029,0,0,0,0,0,0,1.51943777754678,0,0,0,0,0,0,0,0,0,0,0,0,0,0
Cd44,0,0,0,0,0,0,0,0,0,0,0,0,0,0,0,0,0,0,0,0,0,0,0,0,0
Cd63,1.40566857727236,0.649685653114381,1.65521775185474,1.07532161759193,0.82297309898309,0.731731868841842,1.46514403944546,0.384773904637865,2.10066596251399,1.44367801369066,0,1.47888624693008,1.52417295224767,1.4444981471123,1.55568178732346,1.40937215807619,1.42515996962129,1.49910031452391,2.84492147605064,0.790125410785096,1.4832393200604,0,1.26887230078614,1.42143989442227,1.48564737798969
Cd81,0,0,0,0,0,0,0,0,0,0,0,0,0,0,0,0,0,0,0,0,0,0,0,0.74200831677288,0
Cd9,0,0,0,0,0,0.98362325492591,0,0,0,0,0,1.63671484453693,0.394912414304645,1.20638292839442,0,0,0,0,0,1.07115633450089,1.05704684780855,0,0,0,0
Cdc42,0,0,0,0,0,0,0.952044089309081,0,0.79601492265596,0,0.599815453024403,0.976899995802663,0,0,0,0,0.7224028066392,0,0,0.906959800568079,0,1.07427614547151,0,0,0
Cdkn1a,0,0.40954658009007,0,0,0,0,0.760848104447805,0,0.96992337490472,0,0.998912488228373,0,0,0,0,0,0,0,0,1.16491339574571,0,0.941132810293715,0,0,0
Cdkn1c,0,0,0,0,0,0,0,0,0,1.0349158899701,0,0,0,0,1.30132035099247,0,1.7974879711223,0,0,0,0.657301527633509,0,0,0,1.89441786624282
Cdo1,0,0.599205459415087,0,1.4904717425494,0.802811719318907,0,0,0,0,0,0,0,0,0,0,0,0,0,0,0,0,0,0,0,0
Cebpd,0,0,0,0,0,0,0,0,0,0,0,0.371141174671928,0,0,0,0,0,0,0,0,0,0,0,0,0
Cfd,1.56308526723068,2.16930477956308,1.27407789404212,4.47453392725589,1.90737966038461,1.00749446361291,0.992745844656754,1.85592693746158,0.720566056213113,0.997731236012252,0.988007329941512,0,0.96992337490472,1.0140212231415,1.07636862308446,1.3149231990057,0.887980559652672,2.71392154242941,0.921775273187633,0,1.0870608606048,1.20419155923265,1.20554142839864,1.2055287228608,1.06271458879547
Cfl1,0,0,0,0.54141811116701,0,1.11374108038984,1.74829800201605,0,1.52549473608503,0,1.14755597954789,1.86047096413082,1.14162979230411,1.47252491950305,0,1.40566857727236,0,0,1.49957228317956,2.08791898869236,1.47409133503787,2.03392699698103,1.50827723189957,1.19871481261386,0
Chchd10,1.30350880126829,3.53766735554943,0.932961966609281,2.70706894250102,3.34081959467096,0.393399699508411,0,3.02215284686269,0,0,0,0,0,0,0,0,0,2.01725959723898,0.961972871392082,0,0.666537350682727,1.02270641399231,1.25861783785826,0.974563117319614,0.849815761507912
Chchd2,0.799625127586325,1.59398429816739,0,1.36733990938229,1.5250538635363,0.930477307813653,1.04782953683865,1.43175036594689,1.17019555897801,0,0.951932790409167,1.1114645317953,0,0,0.59261121385558,1.07594930918514,0.549131735147249,1.19159050526521,0.935774648344722,0.91650108637296,0.768105506427714,0.932339515745204,1.05033643339583,1.11390760060439,0.873601459903364
Cidea,0,2.58237438399916,0,0,2.12605756012333,0,0,1.88345879357322,0,0,0,0,0,0,0,0,0,1.27647634179039,0,0,0,0,0,0,0
Cidec,0,0.546612060315001,0,1.49108547319859,0.511440103502665,0,0,0,0,0,0,0,0,0,0,0,0,0,0,0,0,0,0,0,0
Cisd1,0,0.677080461330932,0,0.673544657201403,0,0,0,0.756207294559333,0,0,0,0,0,0,0,0,0,0,0,0,0,0,0,0,0
Clic1,0,0,0,0,0,0,0,0,1.20525438039164,0,0.826666954653724,0.862050018441622,0.503527159249842,0,0,0,0.708324511310247,0,0,0,0,1.20419155923265,0,0,0
Clk1,0,0,0,0,0,0,0,0,0,0,0,0.209181383353852,0,0,0,0,0,0,0,0,0,0.932339515745204,0,0,0
Clmp,0,0,0,0,0,0,0,0,0,0,0,0,0,0,0,0,0,0,0,0,0,0,0,0,0
Clta,0,0,0,0,0.47927465830652,0,1.02979187117645,0,0,0,0,0.238520966121365,0,0,0,0,0,0,0,0,0,0,0,0,0
Cma1,0,0,0,0,0,0,0,0,5.35063696050849,0,0,0,0,0,0,0,0,1.4823250382056,0,0,0,0,0.611815521798204,0,0
Cnbp,0,0.390208671919828,0,0.536363190543924,0.486101223030336,0,0,0,0,0,0,0.665341473620036,0,0,0,0,0,0,0,0,0,0,0,0,0
Col1a1,2.21072850403528,0.431496419867472,2.99352145131149,0.551357497128192,0.606521696892622,0.92616193295518,0,1.1220752953649,0.795117587430907,3.11357637025685,0.94408975854792,0.509856004018319,2.04204147792578,1.72153282540994,3.15531868944457,1.28861430164653,4.12695159433341,2.27349984729377,0.933596057450757,0.461552387834844,2.11893489354549,0.932339515745204,1.64133502271382,1.38928449163615,1.50592675971746
Col1a2,2.28008655369368,0.116508857898194,3.11747923568739,0.533077970570248,0.871973147976019,0.607555612038569,0.992745844656754,0.722237856444464,0.717283815800546,3.42188665199499,0.76602747678483,0,2.07350596245066,1.90344937869536,3.43964951084616,1.54290869758691,4.68201545665824,2.22239819451003,0.717002233531748,0,2.40562394331209,1.05061215688046,1.43106570628802,1.62882858815051,1.89156467950764
Col3a1,2.50930861616633,0.416724575947955,3.84287135376754,0.463039650097204,0.845725978765378,1.00749446361291,0,0.972534755143526,0.579188920280335,3.80114321989438,0.858816607506401,0.852102869557419,2.7287158515957,2.46847059101882,3.67749974068633,1.53660774735832,5.10033004107052,2.19987741314162,0.974401444136234,0.461552387834844,2.20783851169926,1.02270641399231,1.25363655400888,1.46652275517324,1.88165512337972
Col4a1,0,0,0,0,0,0,0,0,0,0,0,0,0,0,0,0,0,0,0,0,0,0,0,0,0
Col4a2,0,0,0,0,0,0,0,0,0,0,0,0,0,0,0,0,0,0,0,0,0,0,0,0,0
Col5a1,0,0,0,0,0,0,0,0,0,0,0,0,0,0,0,0,0.7224028066392,0,0,0,0,0,0,0,0
Col5a2,0,0,0,0,0,0,0,0,0,0.729470522386962,0,0,0,0,0,0,1.21925393198017,0,0,0,0,0,0,0,0
Col6a1,0,0,0.829763636903675,0,0,0,0,0,0,1.09212070416861,0,0,0.851359941148805,0,0,0,0.819143787223532,0,0,0,1.22098502524598,0,0,0,0
Col6a2,0,0,0,0,0,0,0,0,0,0,0,0,1.01226653484723,0,0,0,0,0,0,0,1.22260029802988,0,0,0,0
Col6a3,0,0,0,0,0,0,0,0,0,0,0,0,0,0,0,0,0,0,0,0,0.717888731757761,0,0,0,0
Cops9,0,0.318839247974036,0,0,0,0,0,0,0,0,0,0.230471310282229,0,0,0,0,0,0,0,0,0,0,0,0,0
Coq8a,0,1.15491628367073,0,0,0.845725978765378,0,0,0.916697571276579,0,0,0,0,0,0,0,0,0,0,0,0,0,0,0,0,0
Cox4i1,2.04749306477194,3.39576866432646,1.5857670763119,2.20614082463157,2.96007853388727,1.48564737798969,1.57433653089471,2.79851497492407,1.32655329967874,1.56868877513977,1.47857011834912,1.86809988301014,1.5330323847805,1.55718993281587,1.5857670763119,1.65311000104188,1.43358328525421,2.56263450022923,1.55667536674174,1.48210260158983,1.64214555488626,1.3767774041418,1.30979614282307,1.67994230986241,2.00904386178302
Cox5a,0.997015852869156,2.73464932610597,0,1.11426706429497,2.58038325211406,0,0.606779840785753,2.16291619582585,0,0,0,0.737639611711939,0,0,0,0,0,1.47082283284508,0.978107887200848,0,0.262858352047946,0,0.465238653906827,0,0
Cox5b,0,1.79839638865807,0,0.530492552787784,1.77128144426069,0,0,1.639949989072,0,0,0,0,0,0,0,0,0,1.30855564583236,0,1.16794104047358,0,0,0,0,0
Cox6a1,1.27288226315584,3.25413096980059,0.906362854776077,1.62558571910075,3.27335734949751,0.872786521453574,0.763107087565015,2.9881141050101,0.720566056213113,0.95399687903562,0.859041587869792,1.06538890078193,0.921280476115108,0.401177448995301,0.532154409666697,0,0.7224028066392,1.51282128656295,1.33950476489187,0,1.08532028036978,1.05061215688046,1.19603648065121,1.0732677539607,1.06271458879547
Cox6b1,1.25037998970705,3.17215085832257,0.885736699116953,1.45699305818792,3.09959259292087,1.13534086662796,0.978782822970474,2.72623000968863,0.579188920280335,0.729470522386962,0.782926679109777,1.11965306345,1.04585134946608,0.914670566090487,0.899169905200164,1.07762793338408,0.766625370393984,1.51629442446737,1.1708110639182,1.21549421536883,0.990646124777686,1.233602367711,0,0.879268234226124,1.1372198836069
Cox6c,1.57244899424543,2.97084500983672,2.17986810349024,1.41665827951527,2.78113318312014,1.16786822800754,0.992745844656754,2.75897944422903,0.630125720363878,1.1269654010213,1.19213894484371,1.38413955342209,2.06474978157417,1.56514568278269,1.40717436078094,1.19996001734252,0.819143787223532,2.01891209107336,1.14711606532169,1.04466956810634,1.45314717431006,1.05061215688046,0.380015022330869,1.40829257696711,0.987811947742726
Cox7a1,0,0.784269396171054,0,0,0.838415495841412,0,0,0,0,0,0,0,0,0,0,0,0,0,0,0,0,0,0,0,0
Cox7a2,0,2.01116051315175,0,1.03036115755306,2.02777864842542,0,0.43143135774819,1.93379692029754,0,0,0,0.509856004018319,0.792660575217333,0,0,0,0,1.16720506735608,0.251763579624921,0,0,0,0.380015022330869,0,0
Cox7a2l,0,0.546507601756009,0,0,0.632504880448264,0,0,0,0,0,0,0,0,0,0,0,0,0,0,0,0,1.02270641399231,0,0,0
Cox7b,0,2.26155728844545,0,1.20260325610849,2.24426280929112,0.950099564033501,0.817242818282767,1.75348644074133,0,0,0,0.831781412729482,0,0,0,0,0,1.27647634179039,0,0,0,0,0,0,0
Cox7c,0,2.38312162398874,0,1.33245162640367,2.39361498282678,0,0.617024391864297,2.26699849598997,0,0,0,0.947976770125202,0,0.949600704974628,0,0,0.798719431859525,0,0.90544510064812,0.335576033221581,0,0,0,0,0
Cox8a,1.36142433459926,3.14056525032508,1.05300956849376,1.93694435101155,3.02641321892447,1.05461419947712,1.25639049411186,2.84630678693616,0.79601492265596,1.09472074307512,0.95497928820971,0.957607046453555,0.833695895053106,1.21927044458042,0.965225776636582,0.956941679043849,0.970598959624148,1.50421380832114,1.32084464435621,1.07115633450089,0.828914424384711,1.3331100754892,0.465238653906827,1.2392266287157,1.16621181330636
Cox8b,0,1.86396954605079,0,0,1.82897043904242,0,0,1.96928623559579,0,0,0,0,0,0,0,0,0,0.980851224588408,0,0,0,0,0,0,0
Cpa3,0,0,0,0,0,0,0,0,5.2923237136063,0,0,0,0,0,0,0,0,0,0,0,0,0,0,0,0
Cpe,0,0,0,0,0,0,0,0,0,0,0,0.209181383353852,0,0,0,0,0,0,0,0,0,0,0,0,0
Crip1,0,0,0,0,0,0,1.02979187117645,0,1.49318217455167,0,0.933701110994814,0.925445919810294,1.33973660880945,1.25694319728914,0,0,1.35048713921545,0,0,2.39772030600409,1.64162921967947,0.941132810293715,0,2.66360666034764,0
Cryab,0,0,0,0,0,0,0,0,0,0,0,0,0,0,0,0,0,0,0,0,0,0,0,0,0
Csrp1,0,0,0,0,0,0,0,0,0,0,0,0,0,0,0,0,0,0,0,0,0,0,0,0,0
Cst3,0,1.4683696583603,0,0,1.34419363844868,0,1.59155103760757,1.15893404671695,0,0,0,0.209181383353852,0.892503647724855,0.979232595708152,0,0,0,0,0,2.24736284906834,1.11674344443392,1.02270641399231,0,0,0
Ctsb,0,0.914997452377486,0,0.693013627659667,0.617291692542407,0,2.63448880094829,0.883171096292128,0,0,0,0.642476212568882,0,0,0,0,0,0,0,1.40665679490297,0,1.3410703906139,0,0,0
Ctsl,0,0.379812341318719,0,0.967630459158408,0,0.762901158461955,1.20313071815067,0,0,1.28130219530269,0.863441724345582,0.556875401728065,0,0.949600704974628,1.10970292487217,0.982581839000185,1.72250456881533,0,1.41541427344683,0,0,0,0.380015022330869,0,0
Cxcl1,0,0,0,0,0,0,0,0,0,0,0,0,0,0,0,0,0,0,0,0,0,0,0,0.906655789596046,0
Cxcl10,0,0,0,0,0,0,0,0,0,0,0,0,0,0,0,0,0,0,0,0,0,0,0,0,0
Cxcl12,0,0,0,0,0,0,0,0,0,0,0,0,0,0,0,0,0,0,0,0,0,0,0,0,0
Cyb5a,0,1.00640479834738,0,1.92387053667956,0.597875468082579,0,0,0,0,0,0,0.994225626472735,0,0,0,0,0,0,1.07825604838241,0,0,0,0,0,0
Cyc1,0,1.24640876492441,0,0,0.849045830607373,0,0,0,0,0,0,0,0,0,0,0,0,0,0,0,0,0,0,0,0
Cycs,0,0.98747193353008,0,0.560948689914932,0.885736699116953,0,0,0.352752774732168,0,0,0,0,0,0,0,0,0,0,0,0,0,0,0,0,0
Cyp2f2,0,0,0,0,0,0,0,0,0,0,0,0,0,0,0,0,0,0,0,0,0,0,0,0,0
Cyr61,0,0,0,0,0,0,0,0,0,0,0,0,0,0,0,0,0,0,0,0,0,0,0,0,0
Dad1,0,0,0,0,0,0,0,0,0,0,0,0,0,0,0,0,0,0,0,0,0,0,0,0,0
Dbi,0,1.16550490425139,0,1.98120460794505,1.27407789404212,0,0,1.1107224061635,0,0,0,0,0,1.9909738693816,0,0,0,0,0,0,0,0,0,0,0
Dcn,1.55200876597589,0,2.30916750701838,0,0,0.397643010359752,0,0.33573460779772,0,2.71392154242941,0,0.501806348179184,1.30855564583236,1.02639764466668,2.65893503961843,1.08867403693308,3.22962876088462,1.50421380832114,0,0,1.280093308504,0,1.19049153289434,0,1.32655329967874
Dct,0,0,0,0,0,0,0,0,0,0,0,0,0,0,0,0,0,0,5.20501448637026,0,0,0,0,0,0
Ddah2,0,0,0,0,0,0,0,0,0,0,0,0,0,0,0,0,0,0,0,0,0,0,0,0,0
Ddx5,1.05783883129109,0.783621013722711,0.8607476808558,1.32807799269608,0.871973147976019,1.13534086662796,1.04782953683865,0.33573460779772,1.73178508470515,0,1.53129720244653,0.895276811202008,1.05300956849376,1.29871896780604,0.866624311719342,1.33973660880945,0.596625006551973,1.20952558292167,0.668858640666879,1.47453447388003,1.00840884181239,1.21599279259524,1.47550659477923,1.33245441192181,1.22804157883076
Dlk1,0,0,0,0,0,0,0,0,0,2.51489012709373,0,0,0,0,0.913475010015133,0,2.86150685936689,0,0,0,0,0,0,0,1.31109474892874
Dnajb1,0,0,0,0,0,0,0,0,0,0,0,0,0,0,0,0,0,0,0,0,0,0,0,0,0
Dpep1,0,0,0,0,0,0,0,0,0,0,0,0,0,0,1.02085808345195,0,0.766625370393984,0,0,0,0,0,0,0,0
Dpt,0,0,0,0,0,0,0,0,0,0,0,0,0,0,0.721723933370234,0,1.33840566482199,0,0,0,0,0,0,0,0
Dusp1,0,0,0,0,0,0,0.99203786889267,0,1.19890703866256,0,1.35730661829565,0.805777747816381,0,0,0.855183455074134,0,0,0,0,0.335576033221581,0,0,1.44932404457285,0,0
Dynll1,0,0,0,0,0,0.92616193295518,0,0,1.02648951495684,0,1.01750468295317,0.902680155862994,1.10880972410184,1.08806927415091,0,1.03183512000492,0,0,0,0,1.05825127927285,0,0,1.01593756846042,0
Dynlrb1,0,0.436168495620498,0,0,0,0,0,0,0,0,0,0.509856004018319,0.649387844718621,0.940292425644585,0,0.737832741394083,0.604464541105669,0,0,0,0,0,0,0,0
Ebf1,0,0,0,0,0,0,0,0,0,0,0,0,0,0,0,1.08867403693308,0,0,0,0,0,0,0,0,0
Ech1,0,1.2542966934952,0,0,0.845725978765378,0,0,0.480283285296991,0,0,0,0.439652693636081,0,0,0,0,0,0,0,0,0,0,0,0,0
Eci1,0,1.24062898392436,0,0.662446864280082,0.82297309898309,0,0,0.371433389921468,0,0,0,0,0,0,0,0,0,0,0,0,0,0,0,0,0
Eef1a1,1.38387983588678,0.993738861084011,1.84182628924109,1.06991192016259,0.634902364733567,1.96287361463467,1.33575225189659,0,1.34040314438203,1.61916894069066,1.75753181870613,1.77195565683621,1.68977169319543,1.30428013717464,1.68262869624932,1.48564737798969,1.52066038310657,0,1.78174127185607,1.81356517021018,1.59691372764507,1.86631919775279,0,1.49285539122175,1.91320571122336
Eef1b2,0,0.495859868363879,1.01374434434071,0.553217982495686,0.59737464604355,1.36882207371262,0.43143135774819,0.197727755231367,0.569713786229517,0.95399687903562,0.679566478168582,0.831781412729482,1.09995992971579,0,1.05221487460842,0,0.7224028066392,0,0,1.07115633450089,0.881343450710916,0.724249141247406,0,0,1.2358416635648
Eef1d,0,0,0,0,0,0,0,0,0,0,0,0,0,0,0,0,0,0,0,0,0,0,0,0,0
Eef1g,0,0,0,0,0,0,0,0,0,0,0,0.556875401728065,0,0,0,0,0,0,0,0,0,0,0,0,0
Eef2,1.16621181330636,0.69974122868549,1.29353866049047,0.892788013145923,0.764551782663402,1.21490984556443,0,0,0.630125720363878,1.18539382810558,1.31238941273301,0.831781412729482,1.24374757500695,0.445684212484552,1.25119257118795,1.05703074413076,1.22363104359641,1.29477602649783,0.90544510064812,0.787587135251545,1.09414089964801,0,0,1.08525077102045,1.2960159193085
Egfl6,0,0,0,0,0,0,0,0,0,0,0,0,0,0,0,0,0,0,0,0,0,0,0,0,0
Egr1,0,0,0,0,0,0,0,0,0,0,0,0,0,0,0.997384212497942,0,0,0,0,0,0,0,0.585097779489005,0.366433960298374,1.08439759634187
Eif2s2,0.611727294429621,0.393511634240946,0.961891781937223,0.80167392014664,0.525909927531205,0.393399699508411,0,0,0,0,0.665982461004417,0,1.25407151138505,0,0,0.945594174886852,0,0,0,0,0.295470271554392,0,0,0,0
Eif3e,0,0,0,0,0,0,0,0,0,0,0,0,0,0,0,0,0,0,0,0,0,0,0,0,0
Eif3f,0,0,0,0,0.47927465830652,0.661777355234696,0,0,0,0,0,0.501806348179184,0,0,0,0,0,0,0,0,0,1.02270641399231,0,0,0
Eif3h,0,0,0,0,0,0.397643010359752,0,0,0,0,0,0,0,0,0,0,0,0,0,0,0,0,0,0,0
Eif3k,0,0.261824549788983,0,0,0,0.879074722025015,0,0,0,0,0,0.238520966121365,0,0,0,0,0,0,0,0,0,0,0.380015022330869,0,0.845217600740772
Eif4a1,0,0,0,0.693013627659667,0,0.763313130452673,0,0,0,0,0.778980064895883,0.509856004018319,0.487589677722747,0,0,0,0,0,0,0.915552685945257,0.31243638858595,1.05061215688046,0.465238653906827,0,0
Eif4ebp1,0,0.584888622379437,0,0,0.764551782663402,0,0,0,0,0,0,0,0,0,0,0,0,0,0,0,0,0,0,0,0
Eif5,0,0,0,0.525234720124654,0,0,0,0,0.555535003726939,0,0,0.230471310282229,0,0,0,0,0,0,0,0.925093971750137,0,0,0,0,0
Eif5a,0,0.370928456449175,0,0.576157916262485,0,0,0,0,0,0,0,0.763643276625039,0,0,0,0,0,0,0,0.790524731759697,0,1.233602367711,0,0,0
Eln,0,0,0,0,0,0,0,0,0,0,0,0,0,0,0,0,0,0,0,0,0,0,0,0,0
Elob,0,0.479602404533137,0,0,0.486101223030336,0,0,0,0,0,0,0.209181383353852,0.724990375822469,0.818519924843918,0,0,0,0,0,0,0.844582657798313,0,0,0,0
Emp1,0,0,0,0,0,0,0,0,0,0,1.04628140632292,0.209181383353852,0.487589677722747,0,0,0,0,0,0,0,0,0,0,0,0
Emp3,0,0,0,0,0,0,0.617024391864297,0,0,0,0,0,0,0,0,0,0.810660152150472,0,0,0.913563489864808,0.967997373728037,0.941132810293715,0,0,0
Etfb,0,1.32244471017407,0,0.574296342630982,1.42363992913411,0,0,1.14150670054193,0,0,0,0,0,0,0,0,0,0,0,0,0,0,0,0,0
Eva1b,0,0,0,0,0,0,0,0,0,0,0,0,0,0,0,0,0,0,0,0,0,0,0,0,0
Fabp4,1.31877561386928,3.12949966610506,0,3.74369609419154,2.79978369459471,0,0,2.51526889363877,0,0.965221457631681,3.30062947189856,0,0,0,1.38174439416534,0,0,1.54471936287856,0,0,0,0,1.16377379058515,1.4940989978873,0
Fam195b,0,0,0,0,0,0,0,0,0,0,0,0,0,0,0,0,0,0,0,0,0,0,0,0,0
Fbn1,0,0,0,0,0,0,0,0,0,0,0,0,0,0,0,0,1.3774841194046,0,0,0,0,0,0,0,0
Fcer1g,0,0,0,0,0,0,1.70427225263657,0,1.42363992913411,0,0,0,0,0,0,0,0,0,0,0.454948698538116,0,1.21599279259524,1.30979614282307,0,0
Fkbp1a,0,0,0,0,0,0,0,0,0,0,0.656931830757163,0.994225626472735,0,0,0,0,0,0,0,0,0,0,0,0,0
Fkbp9,0,0,0,0,0,0,0,0,0,0,0,0,0,0,0,0,0,0,0,0,0,0,0,0,0
Fn1,0,0,0,0,0,0,0,0,0,0,0,0,0,0,0,0,1.87047349063599,0,0,0,0,0,0,0,0
Fos,0.974673064135297,0,1.06271458879547,0,0.525909927531205,1.08015616921392,1.02979187117645,0,0,1.14671394657984,0.829941700084783,1.226845932289,1.07931204598487,0.930308595032672,1.45472471885496,1.50250509490911,0.766625370393984,1.20313071815067,0,0.452011102029964,0.797895831437765,0,0,1.41990750998215,1.36142433459926
Fstl1,1.1978560112244,0,1.65733146379966,0,0,0,0,0.849740164384051,0,1.41459267634243,0,0.624477746005311,1.35456643635527,0.417342475848617,1.36211460080318,1.28861430164653,2.72104912344083,1.20525438039164,0,0,2.10219232415914,0,0,0,0.831724990218679
Ftl1,1.68536499539735,1.34397102858528,1.63440402852304,2.62234881861741,1.14194616253265,1.27767917389511,3.38383966693464,1.04225157100699,2.72072410273868,1.43899986360171,1.62322591444565,1.64791169431669,1.31620466277664,1.4316916637762,1.67159177399219,1.75428127549449,1.97536463797473,1.57812656457429,1.5985632555033,2.92807527934439,1.58770018805852,2.62261038252261,3.36767962329813,1.34922623252901,1.33840566482199
Fxyd1,0,0,0,0.687073117102601,0,0,0,0,0,0,0,0,0,0,0,0,0,0,0,0,0,0,0,0,0
Gabarap,0,0.76172832503278,0.915252936273576,0.559544642137041,0.617291692542407,0,0.906362854776077,0.831059549194751,0.79601492265596,0,0.698210570776174,0.82233061824251,0.503527159249842,1.1830173398633,0.518099730855321,0,0.930477307813653,1.19996001734252,0.958538048326531,0.603957550633371,0.66564888189545,0,0.991830544129073,0,0
Gabarapl1,0,0.500589495673795,0,0,0.495001082467733,0,0,0,0,0,0,0,0,0,0,0,0,0,0,0,0,0,0,0,0
Gadd45b,0,0,0,0,0,0,0.606779840785753,0,0,0,0,0,0,0,0,0,0,0,0,1.08092460143482,0,0,0,1.64829946909661,0
Gadd45g,0,0.579306659904384,0,0,0,0,0,0.78963822646741,0,0,0.744259112661246,0,0,0,0,0,0,0,0,0,0,0,0,0,0
Gapdh,0,0.62687406909234,0,0,0.511440103502665,0.92616193295518,1.09039451844675,0.197727755231367,0,0,0,0.720469334980451,0.487589677722747,0,0,0,0,0,0,0,0.31243638858595,1.20419155923265,0,0.351180721476305,1.16621181330636
Gas1,0,0,0,0,0,0,0,0,0,0,0,0,0,0,0,0,0,0,0,0,0,0,0,0,0
Gas5,1.19733122743985,0.481367750218549,1.50080060257907,0.864990133442949,0.838415495841412,0.987811947742726,0,0.197727755231367,0.751148712949011,1.39905471643558,1.19717100648053,0.992884907770702,1.17597273681997,0.949600704974628,1.51803752316397,1.13863344305144,0.66580680743116,0.881283873137558,0.971557331421281,0.521743893373306,1.25694319728914,1.05061215688046,0,0.869936883063015,1.34576111458765
Gltscr2,0,0,0,0,0,0,0,0,0,0,0,0.238520966121365,0,0,0,0,0,0,0,0,0,0,0,0,0
Glul,0,0.973484852179373,0,0.911231425068759,0.511440103502665,0,0,0.632928354266066,0,0,0,0,0,0,0,0,0,0,0,0,0,0,0,0,0
Gm10736,0,0.405500371686354,1.11599785340355,0.526593850273214,0.59737464604355,0.880730512961458,0.760848104447805,0,0.717283815800546,1.02573056389169,0.704196890989713,0.894427785564559,1.01226653484723,0,1.08399304145897,0,0.970598959624148,0,0.656395435954255,0.47699843951781,1.04903591169539,0,0,0,0.873601459903364
Gm15427,0,0,0,0,0,0,0,0,0,0,0,0.501806348179184,0,0,0,0,0,0,0,0,0,0,0,0,0
Gm1673,0,0,0,0,0,0,0,0,0,0,0,0,0,0,0,0,0,0,0,0,0,0,0,0,0
Gm4149,0,0.467859964585936,0.984318806738021,0,0.350641106876168,1.00749446361291,0.43143135774819,0.197727755231367,0.630125720363878,0.695475802952754,0.976040988014156,0.798870757552627,0.743256922983605,0,1.01597176430855,0.870351077426244,0,0,1.25950238639937,1.02522909928567,0.9962380809447,1.07427614547151,0,0,0
Gm42418,0,0,0,0,0,1.05541843142237,0,0,0,0,0,0,0,0,0,0,0,0,0,0,0,0,0,0,0
Gnas,1.47245413077092,1.82441208797805,1.50764396609626,0.944637283333666,1.41160442619694,0.967007078787989,0,1.38337701638796,0.810660152150472,2.10576029121804,1.90352154694774,2.75468202606374,1.48731462570695,0.965238733916813,1.58002910446848,1.94954482073716,1.83223157616492,1.2622280225084,1.50850470532431,0,1.6568041578351,0,0,2.16986205386567,2.02722184389899
Gpc3,0,0,1.19159050526521,0,0,0,0,0,0,1.12881537883209,0,0,0.743256922983605,0,1.27707775784275,0,1.25484349461423,0,0,0,0,0,0,0,0
Gpx1,0,0,0,0.918407425651705,0,0.872786521453574,0.952044089309081,0,0.810660152150472,0,0,0.434636573144454,0,0,0,0,0,0,0,0,1.06484728844694,0,0,0,0
Gpx3,1.9044817950061,3.47566136437232,1.30476661360911,1.8344892327887,3.14772942643092,0.98362325492591,1.19996001734252,2.64000671945802,0.826839360771808,1.67175706627045,1.20288807286122,0.798870757552627,1.2313716579719,1.39833055231525,1.4635307318353,1.50250509490911,1.36073519331209,2.78639764346146,1.32955499744678,0,1.14913921796936,1.65205835248355,1.63360768086171,1.32721446006842,1.58768992396299
Gpx4,0,1.16440099992688,0,0,0.82297309898309,0,0,0.775500520930928,0,0,0,0,0,0,0,0,0,0,0,0,0,0,0,0,0
Gpx7,0,0,0,0,0,0,0,0,0,0,0,0,0,0,0,0,0,0,0,0,0,0,0,0,0
Gpx8,0,0,0,0,0,0,0,0,0,0,0,0,0,0,0,0,0,0,0,0,0,0,0,0,0
Gsn,0,0,0,1.21115170065397,0,0,0,0,0,1.38817926111818,0,0,0,0,1.19109083288624,0,1.40198591370358,0,0,0,0,0,0,0.884081994541659,0
Gstm1,0,0,0,0.533373045364716,0,0,0,0,0,0,0,0,0,0,0,0,0,0,0,0,0,0,0,0,0
H19,0,0,0,0,0,0,0,0,0,1.57244899424543,0.176784533442203,1.32861741283767,0,0,0,0,2.6452328265908,0,0,0,0,0,0.380015022330869,0,1.25291542631125
H3f3a,0,0,0,0,0,0,0.430010334332436,0,0,0,0,0,0,0,0,0,0,0,0,0,0,0,0.380015022330869,0,0
H3f3b,1.29107147624257,0.720932643219239,1.41160442619694,1.36769132656797,0.849045830607373,1.92202147559141,1.02270641399231,0.707167997719188,1.69420409360038,1.20313071815067,1.63466106223748,1.1114645317953,1.88165512337972,2.17043344830044,1.23081771262091,2.19382901082328,0.750351831419677,1.25291542631125,1.56103900051301,1.47309005836537,1.39856067698038,1.56370571163288,2.0623361911457,1.77355340486425,1.251761602717
Hba-a1,1.25522986496591,0,0.985015380889675,0,0.778024755546738,0.574527332997013,0.782769121799175,0,0.79601492265596,1.01226653484723,0.688212992216747,0.230471310282229,0.704629310617338,0.48462438254812,0.804874641116418,1.08781592604447,0.596625006551973,2.56655223844767,0,0,0.687713861462138,1.05061215688046,0.380015022330869,1.24114280097336,0
Hba-a2,0.732867920596748,0,0,0,0,0,0,0.533462363029088,0,0,0,0.230471310282229,0,0,0,0,0,2.03224588835213,0,0,0,0.932339515745204,0,0,0
Hbb-bs,2.13430586255148,0.804993790290766,1.63645934193313,1.09864978048152,1.0322191703643,1.25755340591165,1.09039451844675,1.48649427095615,1.20525438039164,1.52681902475649,1.31526413919721,0.624477746005311,1.47901880044271,2.04968759178371,1.46676605752281,1.48731462570695,1.23472093911015,3.43902980721165,1.44977182718767,1.48419720333341,1.51196919528182,1.3410703906139,1.84187406709829,1.72041343168121,1.53930125407651
Hbb-bt,0,0,0,0,0,0,0,0,0,0,0,0,0,0,0,0,0,1.32135732239251,0,0,0,0,0,0,0
Hdc,0,0,0,0,0,0,0,0,2.63134974026708,0,0,0,0,0,0,0,0,0,0,0,0,0,0,0,0
Hes1,0,0,0,0,0,0,0,0,0,0,1.53039879420592,1.24606141584759,0,0,0,1.07762793338408,0,0,0,0,1.03242326774424,0,0,0,0
Hint1,1.17723661622304,1.39432211223767,0.901694001419021,1.14188533937488,1.18676498039806,0,0.906362854776077,1.02333525814651,0,1.04348778674661,0.581173617454093,1.08199295626526,1.05783883129109,0.949600704974628,1.01597176430855,1.03568908159304,0.66580680743116,1.33047905997195,0.978107887200848,0.893574959923358,0.897213168542638,1.02270641399231,1.19049153289434,1.19708732055557,1.06271458879547
Hmgn1,0,0,0,0,0,0.64206207012883,0,0,0,0,0,0,0,0,0,0,0,0,0,0,0,0,0,0,0
Hmgn3,0,0,0,0,0,0,0,0,0,0,0,0,0,0,0,0,0,0,0,0,0,0,0,0,0
Hmox1,0,0,0,0,0,0,1.03260351882507,0,0,0,0,0,0,0,0,0,0,0,0,0,0,0,2.25007667966929,0,0
Hnrnpk,0,0,0,0,0,0,0,0,0.555535003726939,0,0.534195826677642,0.480516421250806,0.649387844718621,0,0,0,0,0,0,0,0,0,0,0,0
Hp,0,0,0,0,0,0,0,0,0,0,0,0,0,0,0,0,0,0,0,0,0,0,0,0,0
Hsd17b10,0,0.914207115603774,0,1.44448343482545,0.486101223030336,0,0,0,0,0,0,0.303003038567485,0,0,0,0,0,0,0,0,0,0,0,0,0
Hsp90aa1,0,0,0,0,0,0,0,0,0.931717923545765,0,1.04982121899404,0,0,0,0,0,0,0,0,0.335576033221581,0,0.932339515745204,0,0,0
Hsp90ab1,1.22363104359641,1.16053635726584,1.11059763627297,0.982929231967382,1.01857840112109,1.25930206916993,1.02979187117645,0.987340534653215,1.05541843142237,1.11962872408032,1.53840284583589,1.32821610444895,0.955303357157455,1.15199757846876,1.0223310007925,1.07511204650477,0.944954157324429,0,0.954753776868441,1.46555111212179,1.28069957915585,0,0,1.22920144126484,1.1372198836069
Hspa1a,0,0,0,0,0,0.762901158461955,0,0,0,0,0,0,0,0,0,0,0,0,0,0,0,0,0,0,0
Hspa5,0,0,0,0,0,0,0,0,1.00276896243716,0,0.724863374335627,0,0,0,0,0,0,0,0,0.335576033221581,0,1.07427614547151,0,0,0
Hspa8,1.53571219930811,1.06887590816744,1.49910031452391,1.56242210537406,0.82297309898309,1.69087737410063,1.61515899145005,0.831059549194751,1.98697679937597,1.41011540107251,2.41605643096132,1.39186362221496,1.60129481251278,1.49952826809626,1.66003643070418,1.54290869758691,1.36073519331209,1.55752544742587,1.59070196771587,2.1223089425322,1.60171965656516,2.11862378696258,1.17882368608944,2.13638020544666,1.88165512337972
Hspb1,0,0.518488991059983,0,0,0,1.03375835642748,0,0.688487382529888,0,0,1.18796961804929,0,0,0,0,0,0,0,0,0,0.993183355969669,0,0,1.1474225257671,0
Hspe1,0,0.807062767359066,0,0.893927722874116,0,0,0,0.911921571185769,0,0,0,0,0,0,0,0,0,0,0,0,0,0,0,0,0
Htra1,0,0,0,0,0,0,0,0,0,0,0,0,0,0,0,0,0,0,0,0,0,0,0,0,0
Htra3,0,0,0,0,0,0,0,0,0,0,0,0,0,0,0,0,0.973991583741346,0,0,0,0,0,0,0,0
Icam1,0,0,0,0,0,0,0,0,0,0,1.24246556231139,0,0,0,0,0,0,0,0,0,0,0,0,0,0
Id1,0,0,0,0,0,0,0,0,0,0,1.42592174488941,0,0,0,0,0,0,0,0,0,0,0,0,0,0
Id2,0,0,0,0,0,0,0,0,0.955630556306187,0,0,0,0,0,0,0,0,0,0,0,0,0.932339515745204,0,0,0
Id3,0,0,0,0,0,0,0,0,0,0,1.45156537126391,0,0,0,0,0,0,0,0,0,0,0,0,1.35462982572576,0
Idh2,0,0.572689887910164,0,0,0.350641106876168,0,0,0,0,0,0,0,0,0,0,0,0,0,0,0,0,0,0,0,0
Idh3b,0,1.29944263710477,0,0,0.885736699116953,0,0,0,0,0,0,0.209181383353852,0,0,0,0,0,0,0,0,0,0,0,0,0
Idh3g,0,0.837799778233035,0,0,0.617291692542407,0,0,0,0,0,0,0,0,0,0,0,0,0,0,0,0,0,0,0,0
Ier2,0,0,0,0,0,0.682765016195897,0,0,0,0,1.03068846224937,0.516011674113339,0,0,0.873874240217431,1.2291494824082,0,0,0,0,0.921266371898255,0,0,0,0.873601459903364
Ier3,0,0,1.21979925675979,0,0,0.501411825746429,0.928622778546057,0,1.32525021264683,0,2.77036543911176,0.88134296779073,0.503527159249842,0.639619076391582,1.02234718100592,1.05703074413076,0,1.12054032022637,0,0.812574472739391,0,1.3767774041418,1.20629094357909,0.992769449767784,0
Ifitm1,0,0,0,0,0,0,0,0,0,0,0,0,0,0,0.998452504518955,0.906362854776077,0,0,0,0,1.0185785438716,0,0,0,0
Ifitm2,1.06846267532834,0,1.17723661622304,0,0.47927465830652,0.762901158461955,0.767458032300646,0,0,1.07931204598487,0.774620556044847,0.82233061824251,0.791993179955266,0,1.13253454514385,1.08781592604447,0.934834489601585,1.4358992685809,0,0,1.28434582157175,1.05061215688046,0.465238653906827,0,1.19159050526521
Ifitm3,0,0,0,0,0,0,0.817242818282767,0,0,1.32655329967874,2.25428127280978,1.36149331013259,0,0,1.27708499348482,0,0.967902461489409,1.25061003360515,0,0,0.666537350682727,1.25407151138505,0.585097779489005,1.39758757542136,1.08439759634187
Ifrd1,0,0,0,0.203091223604828,0,0,0,0,0.555535003726939,0,0,0,0,0,0,0,0,0,0,1.34505281077149,0,1.22804157883076,0,0,0
Ift20,0,0,0,0,0,0,0,0,0,0,0,0,0,0,0,0,0,0,0,0,0,0,0,0,0
Igf2,0,0,0,0,0,0,0,0,0,0.70761761889769,0,0.88134296779073,0,0,0,0,1.66906467746933,0,0,0,0,0,0,0,0
Igfbp4,0,0,0,0,0,0,0,0,0,0,0,0,0,0,0,0,0,0,0,0,1.280093308504,0,0,0,0
Igfbp6,0,0,0,0,0,0,0,0,0,0,0,0,0,0,0,0,1.03646347870084,0,0,0,0,0,0,0,0
Igfbp7,0,0,0,0,0,0,0,0,0,1.3278591304288,1.9230832040274,0,0,0,0.935773779500329,0,0,0,0,0,1.26694702853348,0,0,2.16023094230219,0
Impdh1,0,1.20077316131649,0,0,0.838415495841412,0,0,1.00281687567568,0,0,0,0,0,0,0,0,0,0,0,0,0,0,0,0,0
Itih5,0,0,0,0,0,0,0,0,0,0,0,0,0,0,0,0,0,0,0,0,0,0,0,0,0
Itm2a,0,0,0,0,0,0,0,0,0,1.35320373749732,0,0,0,0,0,0,2.5310628788666,0,0,0,0,0,0,0,1.45631563024171
Itm2b,0,1.02972848826316,0,0.979650634222421,0.880730512961458,0.607555612038569,1.7427546744389,0,1.47572853930482,1.22253364790528,1.3635056786557,1.22539271088775,0.892503647724855,1.18153817516087,1.01411463944456,0,1.21925393198017,0,1.01455313487351,0.723330215949906,0.626470053830273,0,0.578676011096141,1.18646804792344,0
Ivns1abp,0,0.909837219818847,0,1.16176961541918,0.634902364733567,0,0,0.478306774462583,0,0,0,0,0,0,0,0,0,0,0,0,0,0,0,0,0
Jun,0,0,0,0.669729001725241,0,1.08015616921392,0,0,0,0,0.560225680088817,0.854646673780636,0,0,0,0,0,0,0,0,0,0,0,0.74200831677288,0
Junb,0,0,0,0,0,0.661777355234696,0.617024391864297,0,0,0,1.22363208806804,0,0,0,0,0,0,0,0,0.918490282453409,0,1.05061215688046,0,1.3327848586548,0
Jund,0,0,0,0,0,0,0,0,0,0,0,0,0,0,0,0,0,0,0,0,0,0,0,0,0
Klf9,0,0,0,0,0,0,0,0,0,0,0,0,0,0,0,0,0,0,0,0,0,0,0,0,0
Krtcap2,0,0,0,0,0,0,0,0,0,0,0,0.603187819076934,0,0,0,0,0.788012871446164,0,0,0,0,0,0,0,0
Laptm4a,0,0,0,0,0,0,0.833695895053106,0,0,0,0,0.957607046453555,0,0,0,0,0.881837950630202,0,0,0,0,0,0,0,0
Ldha,0,0.392272800864784,0,0,0,0,0,0,0.96992337490472,0,0,0,0,0,0,0,0,0,0.892385884234168,0,0,0,0,0,0
Ldhb,0,1.08760166375394,0,0,0.634902364733567,0,0,1.11834965859533,0,0,0,0,0,0,0,0,0,0,0,0,0,0,0,0,0
Lgals1,2.23982878532184,1.35600452879235,3.05103619902246,0.883041410788151,1.49402450934987,0.92616193295518,2.33137914388385,1.11834965859533,1.85262151519246,2.01068081065918,1.07389973510162,1.08305853431775,3.34205041643256,1.5555794746774,1.89584937408423,2.41381042306099,1.79242914811269,2.52238029557826,1.89776574484221,1.28575830671802,3.07999337617373,1.233602367711,1.25307289010139,1.99685308683242,2.10758671791827
Lgals3,0,0,0,0,0,0,1.7427546744389,0,1.02648951495684,0,0,0,0,0,0,0,0,0,0,2.92486788510284,0,1.20419155923265,0,0,0
Lhfp,0,0,0,0,0,0,0,0,0,0,0,0,0,0,0,0,0,0,0,0,0,0,0,0,0
Lmna,0,0,0,0,0,0,0.928622778546057,0,1.2426115938666,0,0.94408975854792,0.765147610395009,0.921280476115108,0.914670566090487,0,0,0,0,0,0.799117617136874,1.03609438476337,0,0,0,0
Lmo4,0,0,0,0,0,0,0,0,0,0,0,0,0,0,0,0,0,0,0,0,0,0,0,0,0
Lox,0,0,0,0,0,0,0,0,0,0,0,0,0,0,0,0,0,0,0,0,0,0,0,0,0
Lpl,1.15055844388689,1.25061203139838,0,2.95196358612193,0.995588280786998,0,1.2291494824082,0.33573460779772,0,1.55200876597589,0,0,0,0,1.52300166720515,0,0.641483259155821,1.47737168057895,0,0,0,0,1.04391466500297,0,0
Lum,0,0,1.27767917389511,0,0,0,0,0,0,0,0,0,0,0,0,0,0.944315036248272,0,0,0,0,0,0,0,0
Lxn,0,0,0,0,0,0,0,0,0,0,0,0,0,0,0,0,0,0,0,0,0,0,0,0,0
Ly6a,0,0,0,0,0,0,0,0,0,0,0,0,0,0,1.04035364952182,0,2.03504953037004,0,0,0,0,0,0,0,0
Ly6c1,0,0,0,0,0,0,0,0,0,0,1.52242827396023,0,0,0,0,0,0,0,0,0,0,0,0,0,0
Ly6e,0,0,0,0,0,0,0,0,0,0,0.736878137224705,0,0,0,0,0,0,0,0,0,0,1.56370571163288,0,0,0
Lyz2,0,0,0,0,0,0,1.61515899145005,0,0,0,0,0,0,0,0,0,0,0,0,1.01572475108735,0,3.36254579039255,2.8455993652384,0,0
Malat1,0,0,0,0,0,0,0,0,0,0,0,0.209181383353852,0,0,0,0,0,0,0,0,0,0,0.465238653906827,0,0
Map1lc3a,0,0.474443083063114,0,0,0.537974484328093,0,0,0.197727755231367,0,0,0,0,0,0,0,0,0,0,0,0,0,0,0,0.74200831677288,0
Map1lc3b,0,1.6925400156244,0,1.3331100754892,1.54887553661164,0,0,1.27754616268592,0.909897397076232,0,0.891934481167939,0.509856004018319,0,0,0,0,0.750351831419677,0,0,0,0.636538548265761,0.941132810293715,0,0.769446195550514,0
Marcksl1,0,0,0,0,0,0,0,0,0,0,0,0.209181383353852,0,0,0,0,0,0,0,0.797128421056425,0,0,0.465238653906827,0,0
Mcpt4,0,0,0,0,0,0,0,0,2.58536831799983,0,0,0,0,0,0,0,0,0,0,0,0,0,0,0,0
Mdh1,0,0.441727896224925,0,0.761668872836127,0,0,0,0,0,0,0,0,0,0,0,0,0,0,0,0,0,0,0,0,0
Meg3,1.17320225154596,0,1.29850331820559,0,0,0,0,0.197727755231367,0,2.43770460401402,0,0,0.954649654911874,1.22369789419902,1.37468090953908,1.23248594283362,2.74197677308971,1.02573056389169,0,0,1.00840884181239,0,1.19691330128721,1.22989780402503,2.48185467670207
Mfap2,0,0,0,0,0,0,0,0,0,0,0,0,0,0,0.872244879809976,0,0.887980559652672,0,0,0,0.967997373728037,0,0,0,0
Mfap4,0,0,0,0,0,0,0,0,0,0,0,0,0,0,0.808799329163589,0,0,0,0,0,0.806237360536497,0,0,0,0
Mfap5,0,0,0,0,0,0,0,0,0,0.862862865354962,0,0,0,0,0,0,2.19699229422228,0,0,0,0,0,0,0,0
Mfge8,0,0,0,0,0,0,0,0,0,0,0,0,0,0,0,0,0.673697832546719,0,0,0,0,0,0,0.366433960298374,0
Mgst1,0,0.940976520415738,0,2.26097619655076,0.862862865354962,0,0,0,0,0,0,0,0,0,0,0,0,0,0,0,0,0,0.973740928931305,0,0
Minos1,0,0.949826885490686,0,0.318800896542069,1.27407789404212,0,0,0.33573460779772,0,0,0,0,0,0,0,0,0,0,0.286341957677822,0,0,0,0,0,0
Mmp14,0,0,0,0,0,0,0,0,0,0.82009768084113,0,0.303003038567485,0,0,0.500234779624929,0,0.927390667450465,0,0,0,0,0,0,0,0
Mmp2,0,0,0,0,0,0,0,0,0,0,0,0,0,0,0,0,1.02346070889361,0,0,0,0,0,0,0,0
Morf4l2,0,0,0,0,0,0,0,0,0,0,0,0,0,0,0,0,0,0,0,0,0,0,0,0,0
Mpc2,0,1.00061209789338,0,0.892503647724855,0.802811719318907,0,0,0.737526679370033,0,0,0,0,0,0,0,0,0,0,0,0,0,0,0,0,0
Mrfap1,0,0,0,0,0,0,0,0,0,0,0,0,0,0,0,0,0,0,0,0,0,0,0,0,0
Mrpl30,0,0.69765142392824,0,0,0,0,0,0.707167997719188,0,0,0,0.447702349475216,0,0,0,0,0,0,0,0,0,0,0,0,0
mt-Nd2,1.65627386096477,2.47868581233488,1.54471936287856,2.02182728808108,3.02641321892447,1.96686872978545,1.36096482387582,3.59227505555683,1.46353025060589,1.36142433459926,1.54653468289096,1.67181934359219,1.5250538635363,2.15835072649277,1.3207112206858,2.02222650519854,1.16225654547986,1.83515127649874,1.88579355703879,1.16794104047358,1.60065992954788,1.3331100754892,0,1.9088641043171,1.4086297594025
mt-Nd3,0,0.587171276134389,0,0.854086928951257,0.880730512961458,0,0,1.14904257603342,0,0,0,0.57433807646444,0,0,0,0,0,0,0,0,0,0,0,0,0
mt-Nd5,1.36557496773627,2.49516168707448,1.28494716727593,1.43977727671246,3.01663305357315,1.37115160818308,1.03260351882507,3.50680341448454,1.29477602649783,1.09472074307512,1.34042055581659,1.54624699456177,1.26812351659869,1.35662526886668,0.96455552674833,1.38340388936991,1.01745859406869,1.52681902475649,1.40272742727433,0.463541583915293,1.08959117571002,0.724249141247406,0.668538774519877,1.28133835642285,1.12788959308882
Mt1,1.78615048825117,3.29907990228831,1.3200651189791,2.49859699773796,3.44686192783312,1.69087737410063,1.95669592861209,4.06217552838509,1.49842137275203,1.38387983588678,1.01226877329602,0,0.96992337490472,1.22750135078415,1.45076150511878,1.3149231990057,1.21925393198017,2.6271789872278,2.64047393331619,2.0278763350119,1.03923840421921,1.25407151138505,1.64133502271382,1.79654622437193,1.74117808156019
Mt2,0,1.4094750525467,0,0.539454694010632,1.70472282064436,0.661777355234696,0,1.90175652271331,0,0,0,0,0,0,0,0,0,1.07177657772549,0.974401444136234,0,0,0,0,1.2392266287157,0
Mtdh,0,0,0,0,0,0,0,0,0,0,0,0,0,0,0,0,0,0,0,0,0,0,0,0,0
Myl12a,0,0,0,0,0,0.661777355234696,0.904022204059927,0,0,0,0.6697642022033,0.957607046453555,0,0,0,0,0,0,0,0,1.02465572478407,0,0,0,0
Myl6,0,0,0,0,0.778024755546738,0.393399699508411,1.03260351882507,0,0,0,0,0.82233061824251,0,0,0,0,0.89650053203178,1.08354652423713,0.251763579624921,0,1.03546626291269,0,0.578676011096141,1.34981017944406,0
Myl9,0,0,0,0,0,0,0,0,0,0,0,0,0,0,0,0,0,0,0,0,0,0,0,1.55038363159814,0
Naca,1.17622528365314,0.945316748184014,1.13346836434468,0.978795371957889,0.82297309898309,1.16820010627945,0.833695895053106,0.985364023818807,0.555535003726939,0.987811947742726,1.0111612562545,0.609662140793292,1.05300956849376,0.942950711113866,1.06603364891122,1.06189870409418,0.54807901921015,1.41309684714321,0.935774648344722,0.720392619441754,1.01098133935269,1.20419155923265,0,1.20429057293231,0.873601459903364
Nbl1,0,0,0,0,0,0,0,0,0,0,0,0,0,0,0,0,0,0,0,0,0,0,0,0,0
Ndufa1,0,1.13605947190533,0,0,0.82297309898309,0,0,1.13778106377236,0,0,0,0,0,0,0,0,0,0,0,0,0,0,0,0,0
Ndufa10,0,0.98747193353008,0,0,0.871973147976019,0,0,0,0,0,0,0,0,0,0,0,0,0,0,0,0,0,0,0,0
Ndufa13,0,1.05157270075084,0,0,1.01932636609635,0,0,1.09745683490044,0,0,0,0,0,0,0,0,0,0,0,0,0,0,0,0,0
Ndufa2,0,1.26292773882283,0,0.631740745155788,1.0322191703643,0,0,0.78963822646741,0,0,0,0.533474348849714,0.704629310617338,0,0,0,0,0,0.855122916889285,0,0.262858352047946,0,0,0,0
Ndufa3,0,1.68201017616556,0,0.649245472929386,1.75028734286066,0,0,1.71726645910723,0,0,0,0.509856004018319,0,0,0,0,0,0,0,0,0,0,0,0,0
Ndufa4,0,2.17320007073798,0,1.01448718893467,2.27656795600881,0,0.833695895053106,2.18575983411464,0,0,0,0.588543402398595,0,0,0,0,0,0,0.961972871392082,0,0,0,0,0,0
Ndufa5,0,1.15979887716518,0,0.465959017157276,1.23621571797309,0,0.579659298798824,1.14150670054193,0,0,0,0,0,0,0,0,0,0,0,0,0,0,0,0,0
Ndufa6,0,1.6759618090653,0,0.971953553308295,1.27407789404212,0,0,1.62237196731331,0,0,0.176784533442203,0.209181383353852,0,0,0,0,0,0,0,0,0,0,0,0,0.873601459903364
Ndufa7,0,1.30137656413262,0,0.440677304030496,1.24831363099084,0,0,0.567670433313981,0,0,0,0,0,0,0,0,0,0,0,0.723330215949906,0,0,0,0,0
Ndufb10,0,0.781903088592678,0,0,0.778024755546738,0,0,0,0,0,0,0,0,0,0,0,0,0,0,0,0,0,0,0,0
Ndufb11,0,1.32770554224181,0,0,1.18676498039806,0,0,1.25452227853854,0,0,0,0,0,0,0,0,0,0,0,0,0,0,0,0,0
Ndufb5,0,1.23253295469497,0,0.177438247623989,1.14194616253265,0,0,0.602592077060912,0,0,0,0,0,0,0,0,0,0,0,0,0,0,0,0,0
Ndufb6,0,1.12169614295675,0,0.635611315482991,1.04822611183306,0,0,1.21945592412687,0,0,0,0,0,0,0,0,0,0,0,0,0,0,0,0,0
Ndufb8,0,1.94297016704447,0,0.673094148177675,1.46433666287009,0,0,1.71347713624221,0,0,0,0.588543402398595,0,0,0,0,0,1.12054032022637,0,0,0,0,0,0,0
Ndufb9,0.909897397076232,2.58638347847778,0,1.17825070588487,2.38916464005969,0,0,2.40088822500272,0,0,0,0,0.724990375822469,0,0,0,0,1.40419301239233,1.33778190842582,0,0,0,0,0,0
Ndufc1,0,0.820696472249939,0,0,0.838415495841412,0,0,1.1220752953649,0,0,0,0,0,0,0,0,0,0,0,0,0,0,0,0,0
Ndufc2,0,0.99434346136323,0,0,0.82297309898309,0,0,0.671469215595441,0,0,0,0,0,0,0,0,0,0,0,0,0,0,0,0,0
Ndufs2,0,0.712260840030149,0,0,0.350641106876168,0,0,0.297193746468345,0,0,0,0,0,0,0,0,0,0,0,0,0,0,0,0,0
Ndufs4,0,0.931124549196131,0,0,0.537974484328093,0,0,1.05010922220574,0,0,0,0,0,0,0,0,0,0,0,0,0,0,0,0,0
Ndufs7,0,0.830019810253784,0,0.411656073665037,0.778024755546738,0,0,0,0,0,0,0,0,0,0,0,0,0,0,0,0,0,0,0,0
Ndufv3,0,0.644976974802024,0,0,0.525909927531205,0,0,0,0,0,0,0,0,0,0,0,0,0,0,0,0,0,0,0,0
Nedd4,0,0,0,0,0,0,0,0,0,0,0,0,0,0,0,0,0,0,0,0,0,0,0,0,0
Nedd8,0,0,0,0,0.350641106876168,0,0,0,0,0,0,0,0,0,0,0,0,0,0,0,0,0,0,0,0
Nfkbia,0,0,0,1.06272048838788,0,1.25755340591165,0.927390667450465,0,0.717283815800546,0,2.25249902419165,0.690404685660655,0.595628450392803,0,0.684917297560061,1.03568908159304,0,0,0,1.39511210337268,0,0.932339515745204,1.19691330128721,1.8513768939087,0.828298847324641
Npc2,0,0.522844018944142,0,0.143052296341875,0,0,1.63543097176535,0,0.789776824178046,0,0,0,0,0,0.87170245705379,0,0.673697832546719,0,0.892385884234168,1.33198677143244,0,1.02270641399231,0,0,0
Npm1,0,0.330153984491111,0,0.353493580191285,0,1.13534086662796,0,0,0.720566056213113,0.756370934129032,0,0.763643276625039,0.704629310617338,0,0.995944908034918,0,0,0,1.26938526384379,0,0.861830574793046,0,0,0,1.06271458879547
Nrep,0,0,0,0,0,0,0,0,0,0,0,0.238520966121365,0,0,0,0,0,0,0,0,0,0,0,0,0
Oaz1,0.461833001776825,0.592536505323613,1.05622394524255,0.660097944297974,0.432340582299952,0.98362325492591,0.952044089309081,0.33573460779772,0.825385147756337,0,0.627839007681403,0.976899995802663,1.20525438039164,1.14909270075876,0.719210804497273,0,0.788012871446164,0,0.871453089428799,0,0.979127053100411,1.07427614547151,0,1.09656589209641,1.16621181330636
Olfml3,0,0,0,0,0,0,0,0,0,0,0,0,0,0,0,0,0,0,0,0,0,0,0,0,0
Osr2,0,0,0,0,0,0,0,0,0,0,0,0,0,0,0,0,0,0,0,0,0,0,0,0,0
P4hb,0,0,0,0,0,0,0,0,0,0,0,0,0.96924876509624,0,0,0,0.927390667450465,0,0,0,0,0,0,0,0
Pabpc1,0,0.623746062443457,0,0.562456771317317,0.486101223030336,0.98362325492591,0.906362854776077,0,0,0.985015380889675,0.786599352477386,0.230471310282229,0.487589677722747,0,0.873874240217431,0,0,0,0,0.26838151741179,0,0.724249141247406,0,0,0
Pcbp1,0,0,0,0,0,0,0,0,0,0,0.371671561968604,0.70786736039703,0,0,0,0,0,0,0,0.335576033221581,0,0,0,0,0
Pcbp2,0,0,0,0,0,0,0,0,0,0,0,0.439652693636081,0,0,0,0.870351077426244,0,0,0,0,0,0,0,0,0
Pcolce,0,0,0,0,0,0,0,0,0,0,0,0,0,0,0,0,1.3925075344942,0,0,0,0,0,0,0,0
Peg3,0,0,0,0,0,0,0,0,0,0,0,0,0,0,0,0,0,0,0,0,0,0,0,0,0
Penk,0,0,0.727596941155508,0,0,0,0,0,0,0,0,0,0,0,1.25639505943497,0,0,0,0,0,0,0,0,0,0
Pfdn5,0,0.27643415484794,0,0,0.495001082467733,0,0,0,0,0,0,0,0,0,0,0.870351077426244,0,0,0,0,0,0,0,0,0
Phlda1,0,0,0,0,0,0,0,0,0,0,0,0,0,0,0,0,0,0,0,0,0,0,0,0,0
Plin2,0,0,0,0.61633634067578,0,0,0.723509452409814,0,0,0,0,0,0,0,0,0,0,0,0,0,0,0.941132810293715,0,0,0
Plpp3,0,0,0,0,0,0,0,0,0,0,0,0,0,0,0,0,0.673697832546719,0,0,0,0,0,0,0,0
Pmp22,0,0,0,0,0,0,0,0,0.649684413040681,0,0,0,0,1.14086179455503,0,0,0,0,0,0,0,0,0,0,0
Pnpla2,0,1.51803971152179,0,1.4090245787649,1.27407789404212,0,0,0.849740164384051,0,0,0,0,0,0,0,0,0,0,0,0,0,0,0,0,0
Pnrc1,0,0,0,0.642576400808472,0,0,0,0,0,0,0.999444613895151,0,0,0,0,0,0,0,0,0,0,0,0,0,0
Postn,0,0,0,0,0,0,0,0,0,1.68207669290101,0,0,0,0,0,0,2.41549813801797,0,0,0,0,0,0,0,0
Ppia,0,0.407391755797861,0,0,0.59737464604355,1.36234435577884,0.927390667450465,0.297193746468345,0.712954665171048,0,0.534195826677642,1.71408285896487,1.5250538635363,0,0,0,0,0,1.33881449868795,0.906959800568079,1.03153003175707,0.724249141247406,0,0,0
Ppib,0,0,0,0,0,0,0,0,0,0,0,0,0,0,0,0,0,0,0,0,0,0,0,0,0
Ppic,0,0,0.914654661578657,0,0,0,0,0,0,0,0,0,0,0,0,0,0.66580680743116,0,0,0,0,0,0,0,0
Ppp1ca,0,0,0,0,0,0,0.617024391864297,0,0,0,0,0,0,0,0,0,0,0,0,0,0,0,0,0,0
Prdx1,0,0.718284904310561,0,1.00385550249934,0.597875468082579,0,1.09039451844675,0,0,0,0.585452813665721,0.994225626472735,0.95924513909438,0.953610736154055,0,0,0,0,0.933596057450757,1.15245805118405,0,0,0,0,0
Prdx2,0,0,0,0,0,0,0,0,0,0,0,0,0,0,0,0,0,0,0,0,0,0,0,0,0
Prkcdbp,0,0,0,0,0,0,0,0,0,0,0,0.480516421250806,0,0,0,0,0.673697832546719,0,0,0,0,0,0,0,0
Psap,0,0,0,0,0,0,1.35867225353602,0,0,0,0,0.494721747184962,0,0,0,0,0,0,0,0,0,1.02270641399231,0,0,0
Psma6,0,0.519285600642287,0,0.99363311580947,0.47927465830652,0,0,0.33573460779772,0,0,0,0,0,0,0,0,0,0,0,0,0,0,0,0,0
Psma7,0,0.77429697840969,0,0.523269350788896,0.82297309898309,0,0,1.03156735056932,0,0,0,0.533474348849714,0,0,0,0,0,0,0,0,0,0,0,0,0
Ptgds,0,0,0,0,0,0,0,0,0,0,0,0,0,0,0,0,0,0,3.33112736188573,0,0,0,0,0,0
Ptma,0.997731236012252,0.577093315897918,1.10791802996862,0.719196734018051,0.486101223030336,1.57622904721541,0,0,0.79601492265596,0.644972125151079,1.06104002469959,0.798870757552627,1.87651138880355,1.30299733762414,0.969591912952732,1.88306353448379,0,0,1.02842515745045,0,1.32720621505377,0,0,1.3635056786557,0.873601459903364
Ptms,0,0.271899069319424,0,0,0.59737464604355,0,0,0,0,0,0,0.494721747184962,0.921280476115108,0,0,0,0,0,0,0.26838151741179,0.295470271554392,0,0,0,0
Ptov1,0,0,0,0,0,0,0,0,0,0,0,0.209181383353852,0,0,0,0,0,0,0,0,0,0,0,0,0
Rabac1,0,0.559323170844148,0,0,0,0,0,0.33573460779772,0,0,0,0.271335037896955,0,0,0,0,0.708324511310247,0,0,0,0,0,0,0,0
Rack1,0.459172204587359,0.335403896432106,0.916451915263815,0.80673159883104,0,1.03918340420901,0.723509452409814,0,0.649684413040681,0.987811947742726,0.903047252093498,1.00528914742835,0.95924513909438,0,1.09046582634725,0.808335492183287,0.89650053203178,0,1.1003758340583,0.925093971750137,1.05220979772981,0.932339515745204,0,0.767176040860196,1.16621181330636
Raly,0,0,0,0,0,0,0,0,0,0,0,0.238520966121365,0,0,0,0,0,0,0,0,0,0,0,0,0
Rarres2,0,0,0,0,0,0,0,0,0,0,0,0,0,0,0,0,0.750351831419677,0,0,0,0,0,0,0,0
Rbm39,0,0,0,0,0,0,0,0,0,0,0,0,0,0,0,0,0,0,0,0,0,0,0,0,0
Rcn3,0,0,0,0,0,0,0,0,0,0,0,0,0,0,0,0,0.72647750200028,0,0,0,0,0,0,0,0
Reep5,0,0.749177142793452,0,0.503505040291186,0.82297309898309,0,0,0,0.410240500269274,0,0,0.238520966121365,0,0,0,0,0,0,0,0,0,0,0,0,0
Retn,0,0,0,0.965974035302052,0,0,0,0,0,0,0,0,0,0,0,0,0,0,0,0,0,0,0,0,0
Rgs2,0,0.769348171049244,0,0,0.495001082467733,0,0,0,0.955630556306187,0,0,0,0,0,0,0,0,0,0,0,0,0,0,0,0
Rhoc,0,0,0,0,0,0,0,0,0,0,0,0,0,0,0,0,0,0,0,0,0,0,0,0,0
Rn7sk,0,0,0,0,0,0,0,0,0,0,0,0.271335037896955,0,0,0,0,0,0,0,0,0,0,0,0,0
Rnase4,0,0,0,0,0,0,1.04782953683865,0,0,0.966560031425189,0,0,0,0,1.31974257433805,0,1.3774841194046,0,0,0,0,0,0,0,0
Rpl10a,1.21167321758702,0.654171293742526,1.30350880126829,0.867395500792266,0.838415495841412,1.1691969351292,0.723509452409814,0,0.729282720963815,1.20313071815067,0.876380015578037,0.746180601888664,1.09559030707923,0,1.27888563341132,1.18436765670148,0.881837950630202,1.40566857727236,1.14139285824493,0.47699843951781,1.28069957915585,1.02270641399231,0.641257368303191,1.29669045762782,1.45631563024171
Rpl12,0,0.371455306204697,0.781902106011792,0.499751733559169,0.511440103502665,1.25988610598227,0.430010334332436,0,0.717283815800546,0.695475802952754,0,0.642476212568882,0.828298847324641,0.979232595708152,0.794676159459526,0,0.604464541105669,0,0.538105537302743,0,0.946930413578416,0.941132810293715,0,0,0.92616193295518
Rpl15,1.04981554973972,0.660269139663412,1.29725834712959,0.89900423168111,0.632504880448264,1.4027207821261,0.817242818282767,0,0.569713786229517,1.2291494824082,1.22871200442643,1.16311369694226,1.14005070220924,0,1.37960895244389,1.00567149065527,0.887980559652672,0,1.34370228108277,0.812574472739391,1.24062898392436,1.49402450934987,0,0.969034506639372,1.45631563024171
Rpl17,1.21167321758702,0.864273894810136,1.37255342188507,1.06047734635616,0.871973147976019,1.41759460954561,1.19996001734252,0,0.977066059435989,1.35320373749732,1.30103302692857,1.16311369694226,1.14242106379678,0.401177448995301,1.43358731561425,1.15152381127514,0.949453216120148,0,1.01455313487351,1.04466956810634,1.24923257508591,1.68317120881622,0.380015022330869,0.946581238311441,1.57812656457429
Rpl19,1.3410703906139,1.22353952150748,1.40125187441868,1.11842119270445,1.14194616253265,1.48564737798969,1.02979187117645,0.776297711751012,0.995588280786998,1.27647634179039,1.30613241230227,1.48965203439251,1.53065888845623,1.57434649030222,1.33147142072332,0.963886722942715,0.887980559652672,1.29107147624257,1.47212267490612,1.79762961982478,1.24602727306499,1.88165512337972,0.627614932482954,1.2963840890314,1.33840566482199
Rpl22,0.808103778327294,0.851668132737404,1.20738598631728,0.895355177727855,0.808335492183287,1.36234435577884,0.782769121799175,0.776297711751012,0.962555810297015,1.1848805078727,1.02346128882366,1.00306221576099,1.20525438039164,1.04767778601659,1.29077011247208,1.07762793338408,1.02346070889361,0,1.15260394976243,1.47453447388003,1.07746837543956,1.233602367711,0,1.01522271809571,1.25755340591165
Rpl22l1,0,0.490528170242384,0,0.810312657573167,0.617291692542407,1.1691969351292,0.760848104447805,0,0,1.02573056389169,0.865411631364714,0.928683820776095,0.95924513909438,0.401177448995301,0,0,0.880730512961458,0,0,0.976692591911422,0.781710980054274,0,0,0.366433960298374,0
Rpl27,1.0291550841413,0.961731566643198,1.22363104359641,1.09602581330747,0.82297309898309,1.45631563024171,0.906362854776077,0.668627136389813,0.901694001419021,1.17019555897801,1.10818033196292,0.854646673780636,1.25407151138505,0.953610736154055,1.14528110506682,1.03568908159304,0.880730512961458,0,1.00440848252194,1.48419720333341,1.14913921796936,1.20419155923265,0,0.72675507795081,1.251761602717
Rpl27a,1.18232092915337,1.33168380277943,1.29477602649783,0.938921173941129,1.32330070652686,1.42136642142063,1.12420234394642,1.15276821280299,0.717283815800546,1.25291542631125,1.18900049770183,1.1848576144021,1.10436624044988,1.0107596157245,1.40051907584748,0.952368978874877,0.970598959624148,0,0.935774648344722,1.05917608995431,1.1229488328399,1.3767774041418,0,1.09570126815622,1.25291542631125
Rpl28,1.38387983588678,1.16817509273918,1.40566857727236,1.01264691234287,0.885736699116953,1.45631563024171,0.43143135774819,1.0213587473121,0.933585277976516,1.36626938305858,1.25349573384145,0.98376926641188,1.30131384486207,1.35935952688603,1.47041672168899,1.30982388347868,0.967902461489409,1.48731462570695,1.07996314879961,1.55511584203542,1.22260029802988,1.05061215688046,1.19603648065121,1.19789991419523,1.45631563024171
Rpl29,0,0.421061264188393,0.989920222699367,0.72231219115117,0.764551782663402,1.21490984556443,0.928622778546057,0,0.795117587430907,0.948163249100243,1.02649478466434,0.895276811202008,0.876055711694655,1.12918440042394,1.02686957600936,0,0.708324511310247,0,0,0,1.04981806939946,0.932339515745204,0,0.799749547547158,1.33840566482199
Rpl3,1.39686496701535,0.816970677081066,1.54471936287856,1.26517576955355,0.910489257798411,2.03224588835213,1.26575830480048,0.297193746468345,1.29107147624257,1.4823250382056,1.55568178732346,1.38413955342209,1.36418840789171,1.51533985762222,1.43667712271637,1.66051326927093,1.32655329967874,1.44996700604919,1.7439536072926,1.48877939462136,1.77067961158755,1.88165512337972,0,1.42974297820748,1.88165512337972
Rpl36a,1.36975286663427,0.85201486721992,1.48177288378616,1.06476416617054,0.995588280786998,1.64265971043315,0.927390667450465,1.00281687567568,0.995588280786998,1.48315410865834,1.19871874606681,1.46926569486916,1.3831660481174,1.4500862794005,1.55799085911474,1.23248594283362,0.927390667450465,1.18951735763557,1.29102939949363,1.06997455314116,1.50429009707325,1.89728088192564,0,1.2627894246415,1.72790466101415
Rpl36al,0,0,0,0.488465489439715,0,0,0,0,0,0,0,0.238520966121365,0,0,0,0,0,0,0,0,0,0.941132810293715,0,0,0
Rpl39,1.48398418745347,1.12283870543355,1.89346571467134,1.2469819327718,1.23621571797309,1.92128328108069,1.66051326927093,1.24976580264849,1.62017486161487,1.80428332698499,1.42592174488941,1.79419683563977,1.77868105224181,1.263700249546,1.92502776644862,1.45631563024171,1.29477602649783,1.40566857727236,1.51423257779831,1.40477483282607,1.86817590825705,1.91466858355224,0,1.56967686582718,1.85443468658415
Rpl5,0.754756204190978,0.512451720124345,1.1269654010213,0.67067786461798,0,1.20525438039164,0,0,0.569713786229517,1.04902020242619,0.801226381370925,1.18316961928702,0.743256922983605,0.401177448995301,1.10883684433702,0.737832741394083,0.641483259155821,0,0.871453089428799,0.26838151741179,1.00198381078894,0.932339515745204,0.465238653906827,0.869936883063015,0.987811947742726
Rpl6,1.36557496773627,0.790518969945358,1.46919545217553,1.10994011305148,0.871973147976019,1.57622904721541,1.25291542631125,0.939178766688786,0.950099564033501,1.40788820351543,1.45314131814545,1.43370039640552,1.3200651189791,1.33534626780202,1.5809828964975,1.37395831853668,1.28984164177258,1.21167321758702,1.54444429179483,1.07446844188431,1.40720795252797,1.41759460954561,0.380015022330869,1.21817409022882,1.58768992396299
Rpl7a,0,0,0,0,0,0,0,0,0,0,0,0,0,0,0,0,0,0,0,0,0,0,0,0,0
Rpl9,1.07678793698378,1.31279227824553,1.33179317731814,1.41011709279972,0.862862865354962,1.45472283403175,0.928622778546057,0.756207294559333,0.950099564033501,1.23696454763648,1.32662052500165,0.947976770125202,1.32265223310767,1.39833055231525,1.46111869504807,1.07594930918514,0.967902461489409,0,1.2677292973784,1.34067543406571,1.36219869851518,1.89728088192564,0,0.863979191536377,1.33840566482199
Rps10,0.452796357751077,0.596064562384793,1.1978560112244,0.782993646890642,0,1.41272342286961,0.617024391864297,0,0.579188920280335,0.849815761507912,0.947204816562786,0.950362256837793,1.06928914100654,0,1.3083550351711,1.05141002696586,0.766625370393984,0,0.668858640666879,1.08092460143482,1.22260029802988,1.07427614547151,0,0.742782405861995,1.12788959308882
Rps18,1.47572853930482,1.34185054680028,1.91907258263106,1.56494883087658,1.07427614547151,2.4096037240922,1.48898594658638,1.21945592412687,1.29107147624257,1.92423995752733,1.59788944649748,1.73168664654849,1.76883023988417,1.43130386381089,2.11339503788848,1.58640745667621,1.29477602649783,1.20313071815067,1.53809074757243,2.09038660974386,1.90015875435291,1.50592675971746,0,1.3635056786557,2.04920363281975
Rps25,1.35456643635527,1.06909447282189,1.47572853930482,1.22034923879314,1.32330070652686,1.65839056381545,1.35867225353602,1.00281687567568,1.05541843142237,1.43899986360171,1.41083034793479,1.49676599523499,1.5330323847805,1.25750033972,1.59269062121548,1.47572853930482,0.952044089309081,1.21167321758702,1.3683953217935,1.46154536683509,1.43375971547077,1.21599279259524,0,1.21980158228711,2.00577919279676
Rps27l,0,1.13013312632503,0,0.917955314147152,0.888261866950254,0,0,0.707167997719188,0,0,0,0.556875401728065,0,0,0,0,0,0,0,0,0,0,0,0,0
Rps28,1.2380895979146,1.16721498341346,1.45154853622411,1.08824498148878,1.23621571797309,1.69087737410063,1.02270641399231,0.885147607126535,1.06708819600849,1.44524472057613,1.46031850565142,1.52509689477079,1.35593208185167,0,1.56355434625268,1.15152381127514,0.952044089309081,0,1.38757629313202,1.34505281077149,1.36180822234812,2.06824189202375,0,1.05927074862523,1.58768992396299
Rps4x,1.33840566482199,0.723518889996321,1.49910031452391,1.06476416617054,0,1.69087737410063,1.2291494824082,0.371433389921468,0.947519626027604,1.52681902475649,1.25569402543178,1.81545278263528,1.41721861616974,1.18153817516087,1.56869123331133,1.30100092328839,1.23472093911015,1.3278591304288,1.14139285824493,1.26824058559777,1.64214555488626,1.22804157883076,0,1.16797135767946,1.76516767203466
Rps6,0,0.378457468026785,0,0.815707059993458,0,0.950746824203116,0,0,0,0,0.875806199975172,0.439652693636081,0,0,0,0,0,0,0,0.720392619441754,0,0.724249141247406,0,0,0
S100a1,0,0.611075088683195,0,0,0.632504880448264,0,0,0,0,0,0,0,0,0,0,0,0,0,0,0,0,0,0,0,0
S100a10,0,0,1.03723908422673,0,0,0,1.52066038310657,0,0,1.12881537883209,1.03395292705199,1.92441257374479,1.42974120354357,0,1.16795794235753,1.37536630898774,1.46433666287009,0,0,1.12171257575916,2.20316121367646,0,0,0,0
S100a11,0,0,0,0,0,0,0,0,0,0,0,1.43370039640552,0.96992337490472,0,0,0,1.1593085911226,0,0,1.34067543406571,1.51545030186113,1.13067174862954,1.98473741170419,0.997016385647545,0
S100a6,1.4312753626476,0,1.53392452036208,0,0.525909927531205,0.702187607997215,1.35867225353602,0.297193746468345,0,1.56494822153287,0,1.44386159153148,1.42974120354357,1.50767871149305,1.69754867650451,2.709410606444,1.85534278254238,1.54290869758691,0,1.34070045586278,2.26469432912484,1.20419155923265,1.6253410172302,1.39097315199135,1.19159050526521
S100a8,0,0,0,0,0,0,0,0,0,0,0,0,0,0,0,0,0,0,0,0,0,0,5.78671956821177,0,0
Saa3,0,0,0,0,0,0,0,0,0,0,0,0,0,0,0,0,0,0,0,0,0,0,0,0,0
Scp2,0,0.442629114966096,0,0.892219655710867,0,0,0,0,0,0,0,0,0,0,0,0,0,0,0,0,0,0,0,0,0
Sdhb,0,1.30137656413262,0,0,0.871973147976019,0,0,1.02333525814651,0,0,0,0,0,0,0,0,0,0,0,0,0,0,0,0,0
Sec61b,0,0,0,0,0,0,0,0,0,0,0,0.798870757552627,0,0,0,0,0,0,0,0.335576033221581,0,0,0,0,0
Sec61g,0,0,0,0,0,0,0,0,0,0,0,0,0,0,0,0,0,0,0,0,0,0,0,0,0
Sec62,0,0.365866712977661,0,0.365839137941742,0.59737464604355,0,0,0,0,0,0,0.82233061824251,0,0,0,0.619438592503927,0.641483259155821,0,0,0,0,0,0,0,0
Selenof,0,0,0,0,0,0,0,0,0,0,0,0,0,0.863026688333169,0,0,0,0,0,0,0,0,0,0,0
Selenop,0,0.398785932037804,0,0.636466161878942,0,0,1.98910504272808,0,0,0,0.246903407117566,1.50530303215664,0,0,0,0,0,0,0,0,0,0,0,0,0
Selenow,0,0,0,0,0.350641106876168,0,0,0,0,0,0,0,0,0,0,0,0.66580680743116,0,0,0,0,0,0,0,0
Serbp1,0,0.595709915316304,0,0.811831022346326,0.350641106876168,1.14432483070352,0,0,0,0,0.528059665599123,0.230471310282229,0.885177559961252,0,0,0,0,0,0,0,0,1.07427614547151,0,0,0
Serf2,0,0.528110547497101,0,0,0,0,0.904022204059927,0.688487382529888,0,0,0,0.230471310282229,0,0,0,0,0.54807901921015,0,0,0,0,0,0,0,0
Serpinb1a,0,0,0,0,0,0,0,0,3.12532511117342,0,0,0,0,0,0,0,0,0,0,0,0,0,0,0,0
Serpinf1,0,0,0,0,0,0,0,0,0,0,0,0,0,0,0.928933987632059,0,1.31748879810671,0,0,0,0,0,0,0,0
Serping1,0,0,0,0,0,0,0,0,0,0,0,0,0,0,0,0,0,0,0,0,0,0,0,0,0
Serpinh1,0,0,1.25061003360515,0,0,0,0,0,0,0.877425335594529,0.794765386429699,0.699161204178919,0.595628450392803,0,1.02120647479091,0,1.54200510442548,0,0,0,1.18593526660837,0,0,0,0
Sertad1,0,0,0,0,0,0,0,0,0,0,0,0,0,0,0,0,0,0,0,0,0,0,0,0,0
Sh3bgrl3,0,0,0,0,0,0,0.833695895053106,0,0.729282720963815,0,0,0.720469334980451,0,0,0,0,0,0,0,1.21114186046012,0,0,0,0,0
Sh3glb1,0,0.85952054946913,0,0.371274528737373,0.511440103502665,0,0.617024391864297,0.756207294559333,0,0,0,0,0,0,0,0,0,0,0,0,0,0,0,0,0
Slc25a3,0,0.26949439637517,0,0.541130308672205,0,0,0.817242818282767,0,0.410240500269274,0,0.554587908634481,0.271335037896955,0,0.417342475848617,0,0,0,0,0.286341957677822,0.787587135251545,0,0,0,0.882851828504366,0
Slc25a4,0,0.317976486959375,0,0,0.537974484328093,0,0,0,0,0,0,1.1114645317953,0.681454513713702,0.445684212484552,0,0,1.01745859406869,0,1.48738794730499,0,1.04902585769967,0,0,0.879268234226124,0.831724990218679
Slc25a5,1.25061003360515,1.60105164238811,1.03879393231504,2.24962712508973,1.27407789404212,1.92202147559141,1.37913615852468,1.02333525814651,1.3781916149565,0,1.23143993574691,1.36149331013259,1.1978560112244,1.45047407936581,1.01820541737845,1.13863344305144,0.72647750200028,1.40419301239233,1.49113748613473,1.27831360956361,1.09820843486305,1.91466858355224,1.74962313800584,1.48006450741577,0
Slc38a2,0,0,0,0,0,0,0,0,0.751148712949011,0,0,0,0,0,0,0,0,0,0,0,0,0,0,0,0
Slc3a2,0,0,0,0,0,0,0.606779840785753,0,1.53481779109146,0,0,0,0,0,0,0,0,0,1.39536746867878,1.21114186046012,0,0.724249141247406,0,0,0
Snhg1,0,0,0,0,0,0,0,0,0,0,0,0,0,0,0,0,0,0,0,0,0,0,0,0,0
Snhg5,0,0,0,0,0,0,0,0,0,0,0,0,0,0,0,0,0,0,0,0,0,0,0,0,0
Snrpb,0,0,0,0,0,0,0,0,0,0,0,0,0,0,0,0.737832741394083,0,0,0,0,0,0,0,0,0
Snrpg,0,0,0,0,0,0.987811947742726,0,0,0,0,0,0.70786736039703,0.954649654911874,0.914670566090487,0,0,0,0,0,0,0,0,0,0,0
Sod2,0,0.576740677003479,0,0.537369296750646,0.432340582299952,0,0,0,0,0,0,0,0,0,0,0,0,0,0,0,0,0,0,0,0
Son,0,0.466498893431433,0,0.795790459144504,0,0.393399699508411,0.817242818282767,0.927825877487384,0.977066059435989,0,1.01722244816447,0,1.04981554973972,0.863026688333169,0.806947250462003,1.33973660880945,0,0,0,0,0.262858352047946,0,0,0.87903160215942,0
Sparc,3.13520859123619,1.04152680057698,3.89066598470516,1.44564262024387,1.36050564588291,1.41272342286961,1.48731462570695,1.62685540199386,1.36696455707537,3.85646137277318,2.66102340477858,1.6655096830058,3.13520859123619,3.95188499351138,3.81422893721624,2.18981859507123,4.81482054907927,3.2153557009023,1.49584524137897,1.0097830476027,3.53464855303768,1.3331100754892,2.09829217388489,3.20791917540714,2.82330277546781
Sparcl1,0,0,0,0,0,0,0,0,0,0,0.903564786531183,0,0,0,0,0,0,0,0,0,0,0,0,1.30132919705132,0
Sqstm1,0,0,0,0,0,0,1.0049442213328,0,1.3781916149565,0,0,0.209181383353852,0,0,0,0,0,0,0.465238653906827,0.976692591911422,0,0,1.04391466500297,0,0
Srgn,0,0,0,0,0,0,0.723509452409814,0,2.7067132290402,0,0,0,0,0,0,0,0,0,0,1.54908923523281,0,1.3767774041418,2.48573830228384,0,0
Srsf11,0,0,0,0,0,0,0,0,0,0,0,0.556875401728065,0,0,0,0,0,0,0,0,0,0,0,0,0
Srsf2,0,0,0,0,0,0,0,0,0,0,0,0,0,0,0,0,0,0,0,0,0,0,0,0,0
Srsf3,0,0,0,0,0,0.39863535080219,0,0,0,0,0,0.765147610395009,1.02801093302499,0,0,0,0,0,0,0,0,1.05061215688046,0,0,0
Ssr2,0,0,0,0,0,0,0,0,0,0,0,0,0,0,0,0,0,0,0,0,0,0,0,0,0
Stmn1,0,0,0,0,0,0,0,0,0,0,0,0,1.14005070220924,0,0,0,0,0,0,0,0,0,0,0,0
Sub1,0,0.116508857898194,0,0,0,0,0.430010334332436,0.33573460779772,1.27527591771882,0,0,0.303003038567485,0,0,0,0,0,0,1.10300391784787,0,0,1.05061215688046,0,0,0
Suclg1,0,0.797742295758196,0,0,0.486101223030336,0,0,0,0,0,0,0,0,0,0,0,0,0,0,0,0,0,0,0,0
Swi5,0,0.37097631793526,0,0.326506632668509,0,0,0,0,0,0,0,0,0,0,0,0,0,0,0.404631856329334,0.26838151741179,0,0,0,0,0
Tagln2,0,0,0,0,0,0,1.0049442213328,0,0.74403846710225,0,1.15321865352696,1.47930645190976,1.10880972410184,0.445684212484552,0,0,0.641483259155821,0,0,0.913563489864808,1.15491628367073,0,0,0,0
Tceal9,0,0,0,0,0,0,0,0,0.79601492265596,0,0,0,0,0,0,0,0,0,0,0,0,0,0,0,0
Tcf4,0,0,0,0,0,0,0,0,0,0,0,0.230471310282229,0,0,0,0,0,0,0,0,0,0,0,0,0
Thbs2,0,0,0,0,0,0,0,0,0,0,0,0,0,0,0,0,0,0,0,0,0,0,0,0,0
Thy1,0,0,0,0,0,0,0,0,0,0,0,0.895276811202008,0,0,0,0,0,0,0,0,0,0,0,0,0
Timp2,0,0,0,0,0,0,0,0,0,0,0,0,0,0,0,0,0.7224028066392,0,0,0,0,0,0,0,0
Tmed3,0,0,0,0,0,0,0,0,0,0,0,0,0,0,0,0,0,0,0,0,0,0,0,0,0
Tmem258,0,0,0,0,0,0,0,0,0,0,0,0.209181383353852,0,0,0,0,0,0,0,0,0,0,0,0,0
Tmem50a,0,0.811325560736589,0,0.396127162782221,0.778024755546738,0,0.43143135774819,0.671469215595441,0.630125720363878,0,0,0.480516421250806,0,0,0,0,0,0,0.467417244800793,0,0,0,0,0,0
Tmem59,0,0,0,0,0,0,0,0,0,0,0,0.468992276403594,0,0,0,0,0,0,0,0,0,0,0,0,0
Tmsb10,1.16423063971575,0,1.39395675660264,0,0.617291692542407,0.872786521453574,0.904022204059927,0,0.995588280786998,1.18745181320087,1.52470649000345,2.1536739542288,1.53036276562993,1.30000176735654,1.17901784842278,1.47901880044271,1.72250456881533,1.38102942767083,1.1708110639182,0.548230659767856,1.93116672754444,1.233602367711,1.05033643339583,1.33778395985427,1.32655329967874
Tmsb4x,1.29850331820559,0,1.43435438183103,0,0.778024755546738,1.34778220653,4.58530380900439,0.371433389921468,1.44524472057613,1.6232009142429,3.05570166924895,3.08450821460224,1.41721861616974,1.67255834866518,1.49995465447006,1.47572853930482,2.15384821118411,1.41609192628993,0,4.48453132617167,2.31967364218866,3.47513521222868,3.73840032677654,2.26049591762644,1.32655329967874
Tnfaip6,0,0,0,0,0,0,0,0,0,0,0,0,0,0,0,0,0,0,0,0,0,0,0,0,0
Tpm1,0,0,0,0,0,0,0,0,0,0,0,0,0,0,0,0,0,0,0,0,0,0,0,1.46657064734632,0
Tpm2,0,0,0,0,0,0,0,0,0,0,0,0,0,0,0,0,0,0,0,0,0,0,0,1.36722150547964,0
Tpm4,0,0,0,0,0,0,0,0,0,0,0,0.238520966121365,0,0,0,0,0,0,0,0,0,0,0,0,0
Tppp3,0,0,0,0,0,0,0,0,0,0,0,0,0,0,0,0,0.596625006551973,0,0,0,0,0,0,0,0
Tpsb2,0,0,0,0,0,0,0,0,4.85767491734461,0,0,0,0,0,0,0,0,0,0,0,0,0,0,0,0
Tpst1,0,0,0,0,0,0,0,0,0,0,0,0,0,0,0,0,0,0,0,0,0,0,0,0,0
Trf,0,0,0,0,0,0,0,0,0,0,0,0,0,0,0,0,0,0,0,0,0,0,0,0,0
Tsc22d1,0,0,0,0,0,0,0,0,0,0,1.29047154943284,0,0,0,0,0,0,0,0,0,0,0,0,0,0
Tspan3,0,0,0,0,0,0,0,0,0,0,0,0,0,0,0,0,0,0,0,0,0,0,0,0,0
Tspo,0,1.25964141494978,0,1.4431696305249,0.910489257798411,0,0,0.985364023818807,0,0,0,0.230471310282229,0,0,0,0,0,0,0,0,0,0,0,0,0
Tuba1a,0,0,0,0,0,0,0,0,0,0,0,0.271335037896955,0,0,0,0,0,0,0,0,0,0,0,0,0
Tuba1b,0,0,0,0,0,0,0,0,0,0,0,0,1.54471936287856,0,0,0,0,0,0,0,0,0,0,0,0
Tubb5,0,0,0,0,0,0,0,0,0,0,0,0,1.49122073824437,0,0,0,0,0,0,0,0.768763591364832,0,0,0,0
Twist2,0,0,0,0,0,0,0,0,0,0,0,0,0,0,0,0,0,0,0,0,0,0,0,0,0
Txn1,0,0.544685848254533,0,0.372790609954044,0,0,0,0,0,0,0,0,0,0,0,0,0,0,0,0,0,0,0,0,0
Txnip,0,0.953097980871592,0,0,0.511440103502665,0,0,1.05010922220574,0,0,0,0.209181383353852,0,0,0,0,0,0,0,0,0,0,0,0,0
Ubc,0.864057367303055,0.550615409237467,0,1.23276491509899,0.59737464604355,0.574527332997013,1.19996001734252,0.33573460779772,1.40566857727236,0,1.56124891895798,0.947976770125202,0.954649654911874,0,0.847485685257886,1.08781592604447,0,0.553598206540063,0,1.16491339574571,0,1.07427614547151,1.371013662951,1.15827413437237,0
Ube2b,0,0.470708898492246,0,0,0,0,0,0,0,0,0,0,0,0,0,0.945594174886852,0,0,0.690973814007157,0,0,0,0,0,0
Ube2d3,0,0.513690209508971,0,0.65627947625773,0,0,1.03260351882507,0.33573460779772,0,0,0,0.271335037896955,0,0,0,0,0,0,0,0,0,0,0,0,0
Uqcr10,0,1.8795472934123,0,0.806034201833901,1.77128144426069,0,0,1.40646917962979,0,0,0,0.852102869557419,0,0,0,0,0,1.28251473660638,0,0.26838151741179,0,0,0.585097779489005,0,0.831724990218679
Uqcr11,0,1.51891126087009,0,0.503831057894249,1.49402450934987,0,0,1.38147834901767,0,0,0,0.524061329952475,0,0,0,0,0,0,0,0,0,0,0,0,0
Uqcrb,0,1.51008436513874,0,1.10688213659684,1.34374650635043,0,0.767458032300646,1.28941265919026,0,0,0,0.839500894973998,0,0,0,0,0,0,0.871453089428799,0,0,0,0,0,0
Uqcrfs1,0,1.14095314811393,0,0.719655086911753,0.995588280786998,0,0,1.07891496326402,0,0,0,0.720469334980451,0,0,0,0,0,0,0,0,0,0,0,0,0
Uqcrh,1.1593085911226,2.10584999408343,1.10348202011101,1.21464101994164,1.75028734286066,0.950746824203116,0.927390667450465,1.90712036904622,1.02648951495684,1.09298594536713,0.959617645532102,0.509856004018319,0.833695895053106,1.04767778601659,1.05824481371528,0.553383850348643,0,1.3781916149565,0.903266509754154,0.723330215949906,1.14393173706747,0.724249141247406,0,1.16922924616239,0.831724990218679
Uqcrq,0,1.78690147217333,0,0.854337461824401,1.58653560095231,0,0,1.3037826436874,0,0,0,0,0,0,0,0,0,1.13440380336756,0,0,0,0,0,0,0
Use1,0,0,0,0,0,0,0,0,0,0,0,0,0,0,0,0,0,0,0,0,0,0,0,0,0
Usmg5,0,1.39262819035115,0,1.08017345276351,1.5250538635363,0,0.430010334332436,1.17371608760052,0.448971529011858,0,0,0.798870757552627,0.704629310617338,0,0,0,0.596625006551973,0,0.251763579624921,0,0,0,0,0,0
Vim,1.16621181330636,0,1.4823250382056,0,0,0,1.92745479723401,0,1.3781916149565,1.64265971043315,1.55522176785271,2.64048497164831,1.68977169319543,1.60320475782259,1.75729224052052,1.40937215807619,1.35684415422993,0,0.842659712176662,1.60142853093201,2.18185817036087,1.02270641399231,1.28035429631808,1.51328491427205,1.35116519200592
Wif1,0,0,0,0,0,0,0,0,0,0,0,0,0,0,0,0,0,0,0,0,0,0,0,0,0
Wls,0,0,0,0,0,0,0,0,0,0,0,0,0,0,0,0,0,0,0,0,0,0,0,0,0
Wsb1,0,0,0,0,0,0,0,0,0,0,0.281156258481557,0,0,0,0,0,0,0,0,0,0,1.05061215688046,0,0,0
Xist,0,0,0,0,0,0,0,0,0,0,0,0.209181383353852,0,0,0,0,0,0,0,0,0,0,0,0,0
Ypel3,0,0.330153984491111,0,0,0.432340582299952,0,0,0,0,0,0,0,0,0,0,0,0,0,0,0,0,0,0,0,0
Ywhab,0,0,0,0,0,0,0,0,0.826839360771808,0,0,0.994225626472735,0,0,0,0,0,0,0,0,0,0,1.24497540203803,0,0
Zfas1,0,0,0,0,0,0,0,0,0,0,0,0.209181383353852,0,0,0,0,0,0,0,0,0,0,0,0,0
Zfp36,0,0,0,0,0,0,0.782769121799175,0,0.78581925205786,0,0.835204882203177,0,0,0,0,0,0,0,0,1.01955131453662,0,0,0,0,0
