,Pancreas_22,Pancreas_9,unassigned,Pancreas_11,Pancreas_4,Pancreas_10,Pancreas_7,Pancreas_12,Pancreas_3,Pancreas_14,Pancreas_6,Pancreas_2,Pancreas_5,Pancreas_8,Pancreas_16,Pancreas_1,Pancreas_17,Pancreas_20,Pancreas_18,Pancreas_19,Pancreas_15,Pancreas_13,Pancreas_21
1810011O10Rik,0,0,0,0,0,0,0,0,0,0,0,0,0,0,0,0,0,0,0,0,0,0,0
2210010C04Rik,0,0,0,0,0,0,0,0.375235841326878,0,0.424253450519185,5.01379887799445,0,0,0.572951208793428,0,1.4994386157717,0,0.738410107159659,0,0,0,0,0
8430408G22Rik,0,0,0,0,0,0,0,0,0,0,0,0,0,0,0,0,0,0,0,0,0,0,0
Abca8a,0,0,0,0.701410044869365,0,0,0,0,1.13742744097875,0,0,0,0,0,0,0,0,0,0,0,0,0,0
Ace,0,0,0,0,0,0,0.698805582285453,0,0,0,0,0,0,0,0,0,0,0,0,0,0,0,0
Acta2,0,0,0,0,0,0,0,0,0,0,0,0,0,0,0,0,3.15189518684067,0,0,0,0,0,0
Actb,1.20306063496044,0,0,0.659288369952576,0.923630678311557,0.221316743852933,0.903952707534115,0,0.794867188269994,2.29201110233287,0,1.23054807484925,2.01362819952914,1.1009946364588,1.20742860721091,1.19710674104401,1.33148942274174,1.08256970336459,1.37480060171481,2.04106359305278,1.02334551750203,1.30119322465894,1.40894721342339
Actg1,0.62308196772533,0,0,0.65657948522677,0.986675696931918,0,0.758522842768659,0,0,1.39760383201959,0,0.95776796196615,0,0.63478053598633,0.930574493248918,0,0.553406651153878,0,1.43222096907357,1.59959054378056,0,0,1.19228185902146
Actn4,0.107036489552961,0,0,0,0,0,0,0,0,0,0,0,0,0,0.471615080874212,0,0.553406651153878,0,0,0,0,0,0
Acvrl1,0,0,0,0,0,0,0,0,0,0,0,0,0,0,0,0,0,0,0,0,0,0,0
Adamts1,0,0,0,0,0,0,0,0,0,0,0,0,0,0,0,0,0,0,0,0,0,0,0
Adamts2,0,0,0,0.836542023151533,0,0,0,0,0,0,0,0,0,0,0,0,0,0,0,0,0,0,0
Adamts5,0,0,0,0,0,0,0.566745878450499,0,0,0,0,0,0,0,0,0,0,0,0,0,0,0,0
Adgre1,0,0,0,0,0,0,0,0,0,0,0,0,0,0,0,0,0,0,0,0,0,0,0
Adgrf5,0,0,0,0,0,0,0,0,0,0,0,0.863726934458278,0,0.939903891434603,0,0,0,0,0,0,0,0,0
Adgrl4,0,0,0,0,0,0,0,0,0,0,0,0,0,0,0,0,0,0,0,0,0,0,0
Adh1,0,0,0,0,0,0,0,0,0,0,0,0,0,0,0,0,0,0,0,0,0,0,0
Aebp1,0,0,0,0.778218159802582,0,0,0.676179712847971,0,0,0,0,0,0,0,0,0,0,0,0,0,0,0,0
Ahnak,0.551599566681346,0,0,0,0,0,0,0,0,0,0,0,0,0,0,0,0,0,0,0,0,0,0
Aif1,0,0,0,0,0,0,0,0,0,0,0,0,0,0,0,0,0,0,0,0,0,0,0
Alas2,0,0,0,0,0,0,0,1.96229116407152,0,0,0,0,0,0,0,0,0,0,0,0,0,0,0
Alox5ap,0,0,0,0,0,0,0,0,0,0.8293932731953,0,0,0,0,0,0,0,0,0,1.15212497316422,0,0,0
Ambp,0,0,0,0,0.984525835850332,0,0,0,0,0,0,0,0,0,0,0,0,0,0,0,0,0,0
Angptl2,0,0,0,0,0,0,0,0,0.891038477300587,0,0,0,0,0,0,0,0,0,0,0,0.37531765187395,0,0
Anxa1,0,0,0,0,0,0,1.07203881718956,0,0,0,0,0,0,0,0,0,0,0,0,0,0,0,0
Anxa2,0.135382876453096,0,0,0.893371117646451,0,0,0.754967842888388,0,0.623130115916865,0.726215621603775,0,0,0,0,0.930574493248918,0,0,0,0.921755465271472,0.611057916754173,0,0,0
Anxa3,0,0,0,0,0,0,0.260554602153463,0,0,0,0,0,0,0,0,0,0,0,0,0,0,0,0
Anxa5,0.41812053204333,0,0,0.835012781228253,1.73717816852474,0.507383409074628,0.815813208557979,0,0.956089262638722,0,0,0,0.659288369952576,0.959466146339136,0.434113486434659,1.19335449569657,0,0,0,0.991730174075013,0,0,1.37047732928361
Aplnr,0,0,0,0,0,0,0,0,0,0,0,0,0,0,0,0,0,0,0,0,0,0,0
Aplp2,0,0,0,0,0.555837673456964,0,0,0,0,0,0,0,0,0,0,0,0,0,0,0,0,0,0
Apoc1,0,0,0,0,0,0,0,0,0,0,0,0,0,0,0,0,0,0,0,0,0,0,0
Apod,0,0,0,0,0,0,0,0,0,0,0,0,0,0,0,0,0,0,0,0,0,0,0
Apoe,1.1856884111771,0.763113117286962,1.2760181276231,0.945448340568869,3.17480061397401,0.81310549852291,0.863232817955492,1.30765353607381,1.16113706279025,1.03192817066902,1.32745242470344,1.36475977222454,4.23300822575626,1.33186451247204,1.55196254656518,2.28792173623183,0,1.42468346357638,1.38794820714962,2.21128503168741,1.28872397689566,1.30119322465894,3.15830549780183
Aqp1,0.107036489552961,0,0,0,0,0,0,0,0,0,0,1.73516662992173,0,0.256056191960442,2.54359325117107,0,0,0,0,0,0,0,0
Arhgap31,0,0,0,0,0,0,0,0,0,0,0,0,0,0,0,0,0,0,0,0,0,0,0
Arhgef15,0,0,0,0,0,0,0,0,0,0,0,0,0,0,0,0,0,0,0,0,0,0,0
Arpc1b,0.502361587250534,0,0,0.754334614511432,0,0,0.722512956196108,0,0.644264875735973,1.25094188004403,0,0,1.05687932438177,0.294141551368089,0.595340637977403,0,0,0.738410107159659,0,1.33964278741447,0,1.00797216720713,0
Atox1,0.243710474154324,0,0,0,0,0,0,0,0,0.774085666122303,0,0,0,0.635104111554403,0.975321069567589,0,0,0,0,0.827951619944907,0,0,0
Atp1a1,0.13209898905369,0,0,0,0.858034342559659,0,0,0,0,0,0,0,0,0,0,0,0,0,0,0,0,0,0
Atp1b1,0,0,0,0,1.50998514868756,0,0,0,0,0,0,0,0,0,0,0,0,0,0,0,0,0,0
AW112010,0,0,0,0,0,0,0,0,0,0,0,0.948419214112581,0,0,0,0,0,0,0,0,0,0,0
Axl,0,0,0,0,0,0,0.836670220882662,0,0,0,0,0,0,0,0,0,0,0,0,0,0,0,0
B2m,1.12808671626583,0,1.18696910170458,1.66359413145483,0.651229073664996,0,1.40003829910112,0.375235841326878,1.6441254880033,2.19403756028574,0,2.88431254092768,1.91788185056354,2.69294893831019,2.20708946745439,0.410751888381832,1.32410820321618,2.44069452057223,1.47966414564043,3.09787899274968,1.28872397689566,2.73242049312461,1.04865864058276
BC028528,0,0,0,0,0,0,0,0,0,0,0,0,0,0,0,0,0,0,0,0,0,0,0
Bcam,0,0,0,0,0,0,0,0,0,0,0,0,0,0,0,0,0,0,0,0,0,0,0
Bgn,0.493171873479647,0,0,2.62925572777563,0,0,0.582666368044146,0,1.44497696663271,0,0,0,0,0,0.434113486434659,0,0,0,0,0,0,0,0
Bicc1,0,0,0,0,0.804174474335369,0,0,0,0,0,0,0,0,0,0,0,0,0,0,0,0,0,0
Bpgm,0,0,0,0,0,0,0,1.30506121187703,0,0,0,0,0,0,0,0,0,0,0,0,0,0,0
Bsg,0.493171873479647,0,0,0.668520464300826,1.04378997076358,0.926678875210543,0,0,0,0,0,0,0,0,0,0,0,0,0,0.827951619944907,0,0,0
Bst2,0,0,0,0,0,0,0,0,0,0,0,0,0,0,0,0,0,0,0,0,0,0,0
Btnl9,0,0,0,0,0,0,0,0,0,0,0,0,0,0,0,0,0,0,0,0,0,0,0
C1qa,0.135382876453096,0,0,0,0,0,0,0,0,0,0,0,2.61203199968618,0,0,0,0,0,0,0,0,0,0
C1qb,0,0,0,0,0,0,0,0,0,0,0,0,2.35319922219767,0,0,0,0,0,0,0,0,0,0
C1qc,0,0,0,0,0,0,0,0,0,0,0,0,2.25872407502691,0,0,0,0,0,0,0,0,0,0
C1s1,0,0,0,0.65657948522677,0,0,0.819540520110461,0,0.940219312631544,0,0,0,0,0,0,0,0,0,0,0,0,0,0
C3,0,0,0,0,0,0,1.37558293997556,0,0,0,0,0,0,0,0,0,0,0,0,0,0,0,0
C4b,0,0,0,0,0,0,0,0,0,0,0,0,0,0,0,0,0,0,0,0,0,0,0
Cald1,0,0,0,0.545598899732457,0,0,0,0,0,0,0,0,0,0,0,0,1.72520476772026,0,0,0,1.13735925318921,0,0
Calm1,1.36965609974127,1.35207544798161,1.29162938711798,0.937627184966296,1.12689723798453,1.48877903964367,1.09173636261445,0.639803999913145,0.958112133213168,2.15527058023893,0,2.57196331419796,1.48990972990597,2.22185984759871,2.20708946745439,1.39537178812043,1.48476773000692,1.44943367657855,1.05234136892905,1.89652636503904,1.39294453695903,1.82697655066119,1.37047732928361
Car4,0,0,0,0,0,0,0,0,0,0,0,0,0,0,0,0,0,0,0,0,0,0,0
Cav1,0,0,0,0,0,0,0,0,0,0,0,1.09160809167369,0,1.17190967248762,0.826454444781208,0,0.671765271493683,0,0,0,0,0,0
Cav2,0,0,0,0,0,0,0,0,0,0,0,0,0,0,0,0,0,0,0,0,0,0,0
Cbr2,0,0,0,0,0,0,0,0,0,0,0,0,1.52611274471675,0,0,0,0,0,0,0,0,0,0
Ccl11,0,0,0,0,0,0,0,0,1.20360389201886,0,0,0,0,0,0,0,0,0,0,0,0,0,0
Ccl5,0,0,0,0,0,0,0,0,0,0,0,0,0,0,0,0,0,0,0,0,0,0,0
Ccl6,0,0,0,0,0,0,0,0,0,0.746672616401216,0,0,0,0,0,0,0,0,1.51800223136184,0.85109768292808,0,0,0
Ccl9,0,0,0,0,0,0,0,0,0,0,0,0,0,0,0,0,0,0,0,0,0,0,0
Ccnd1,0,0,0,0,1.15411491035696,0,0,0,0,0,0,0,0,0,0,0,0,0,0,0,0,0,0
Ccnd2,0.637112843169951,0.693548526224209,0,0,0,0.889323598741482,0,0,0,0,0,0,0,0,0,0,0,0,0,0,0,0,0
Cd163,0,0,0,0,0,0,0,0,0,0,0,0,0,0,0,0,0,0,0,0,0,0,0
Cd200,0,0,0,0,0,0,0,0,0,0,0,0,0,0.821013265775368,1.03790303077446,0,0,0,0,0,0,0,0
Cd248,0,0,0,0,0,0,1.16807491947463,0,0,0,0,0,0,0,0,0,0,0,0,0,0,0,0
Cd24a,0,0,0,0,0.966637171558047,0,0,0,0,0,0,0,0,0,0,0,0,0,0,0,0,0,0
Cd300lg,0,0,0,0,0,0,0,0,0,0,0,1.03342394681173,0,0.871969993857942,0,0,0,0,0,0,0,0,0
Cd34,0.107036489552961,0,0,0.778218159802582,0,0,1.23609809568612,0,0.697515374439561,0,0,1.09964154605046,0,0,1.03790303077446,0,0,0,0,0,0,0,0
Cd36,0,0,0,0,0,0,0,0,0,0,0,0,0,1.15864661523547,0,0,0,0,0,0,0,0,0
Cd52,0,0,0,0,0,0,0,0,0,2.01217689638218,0,0,0,0,0,0,0,1.46916813470806,1.38794820714962,1.70526688326474,0,1.26988547492779,0
Cd53,0,0,0,0,0,0,0,0,0,0.562172322642616,0,0,0,0,0,0,0,0,0,0,0,0,0
Cd63,1.03113794145286,1.13022547166936,0,1.47207979304821,0.894542169781358,0.927247228940038,1.32277654809327,0,1.66469072099038,0,0,0,0.991004814068578,0,0,0.908438683194526,0,0,0,0,1.12071753691123,0,0
Cd68,0,0,0,0,0,0,0,0,0,0,0,0,0,0,0,0,0,0,0,0,0,0,0
Cd74,0.671718809661525,0,0,0,0,0,0,0,0,4.69407087853846,0,0,2.57602255377987,0,0,0,0,2.67010748071599,0,0,0,0,0
Cd81,0.282737655590234,0,0,0.867833409377949,0.789388062741727,0,0,0,0.92488520929917,0,0,1.30023688636148,0,1.2162724624336,0.543257468319281,0,0,0,0,0,0.901624449892655,0,0.905226001991838
Cd9,0,0,0,0.366981495165729,0.632218721249607,0,0,0,0,0,0,0,0,0,0.434113486434659,0,0,0,0,0,0,0,1.85539718222206
Cd93,0,0,0,0,0,0,0,0,0,0,0,0,0,0,0,0,0,0,0,0,0,0,0
Cdh5,0,0,0,0,0,0,0,0,0,0,0,0,0,0,0,0,0,0,0,0,0,0,0
Cdk14,0,0,0,0,0,0,0,0,0,0,0,0,0,0,0,0,0,0,0,0,0,0,0
Cdkn1c,0,0,0,0,0,0,0,0,0,0,0,0,0,0,0,0,0,0,0,0,0,0,0
Cel,0,0,0,0,0,0,0,0,0,0,2.74075039122285,0,0,0,0,0,0,0,0,0,0,0,0
Cela1,0.67688040758375,0,0,0,0.729580949073757,0.482225200773982,0,0.671765271493683,0,0,5.03421723722151,0,0,0,0.434113486434659,1.47881777673166,0,0.355580210211378,1.34790383314076,0.611057916754173,0,0,0
Cela2a,0,0,0,0,0,0,0,0,0,0,2.69256043986529,0,0,0,0,0,0,0,0,0,0,0,0
Cela3b,0.532199054915557,0.573598207551434,1.0240010730583,0,0.800658161832126,0.597135966688906,0.621737105662581,0.848460361522771,0,0.754238080436369,4.95986631380086,0.810374053856817,0.916793159667066,0.683760556288635,1.09382049305976,2.11552141251989,0.868384565842113,0.987185986865193,1.42437129088687,0.827951619944907,0.966815234196041,0,1.19228185902146
Ces1d,0,0,0,0,1.26020253928883,0,0,0,0,0,0,0,0,0,0,0,0,0,0,0,0,0,0
Cfh,0,0,0,0.836542023151533,0,0,0,0,0,0,0,0,0,0,0,0,0,0,0,0,0,0,0
Cfl1,1.16269401995598,0.320298478820143,0,0.701410044869365,0.712260893956403,0.680322632402388,0.723080980711711,0,0.865088399830966,1.88218452123247,0,1.14767413345277,1.25900319496616,1.12893900710462,1.09382049305976,0,1.35487194113744,1.06636911187736,0,1.12170854259297,1.02814414845617,1.51800223136184,1.25900319496616
Cfp,0,0,0,0,0,0,0,0,0,0,0,0,0,0,0,0,0,0,0,0,0,0,0
Chga,0,2.55638213805495,0,0,0,1.84014765599399,0,0,0,0,0,0,0,0,0,0,0,0,0,0,0,0,0
Chgb,0,0.641283965962341,0,0,0,0.97227324081886,0,0,0,0,0,0,0,0,0,0,0,0,0,0,0,0,0
Cldn3,0,0,0,0,1.02245166947169,0,0,0,0,0,0,0,0,0,0,0,0,0,0,0,0,0,0
Clec14a,0,0,0,0,0,0,0,0,0,0,0,0,0,0,0,0,0,0,0,0,0,0,0
Clec3b,0,0,0,0.683379139255996,0,0,1.45307713562167,0,1.05687932438177,0,0,0,0,0,0,0,0,0,0,0,0,0,0
Clps,0.658968316217959,0.827951619944907,1.11378755574851,0.583100270258954,1.12311865947736,0.800479505880713,0.748027632893998,0.76058371482794,0.781757138349442,0.704554555567314,5.09442119449415,0.948419214112581,1.40438996052006,0.960483516626901,0,2.12122082053682,0.553406651153878,0.996018852500471,1.51800223136184,1.01098491372439,1.0522703741655,1.30119322465894,1.37047732928361
Cltc,0,0,0,0,0,0,0,0,0,0,0,0,0.594067796317385,0,0,0,0,0,0,0,0,0,0
Clu,0.416101351345492,0.699457182404407,0.816613632250214,0,3.53331896339705,0.836588174016879,0,0.928037009864529,0,0.201028408766181,1.24716054694085,0,0.706431512405923,0.960483516626901,0.746568222429553,1.57500694582911,0,1.0615060962989,0,0,0,0.983811375890773,1.25900319496616
Cmtm8,0,0,0,0,0,0,0,0,0,0,0,0,0,0,0,0,0,0,0,0,0,0,0
Col14a1,0,0,0,0.681359228101258,0,0,0.825964317154082,0,0,0,0,0,0,0,0,0,0,0,0,0,0,0,0
Col15a1,0,0,0,1.10735196014353,0,0,0,0,1.40590551015069,0,0,0,0,0,0.692274960867436,0,0,0,0,0,0,0,0
Col1a1,0.749524914886275,0,0,2.88901162433386,0,0,1.93123396302845,0,1.75302450404714,0,0,0,0,0,0,0,0,0,0,0,0,0,0
Col1a2,0.493171873479647,0,0,3.61670717099748,0,0,2.73422999289949,0,2.6071297010923,0,0,0,0,0,0,1.26745489047431,0,0.956474127266943,0,0,0.917270272200071,0,0
Col3a1,0.760843084576809,0,0,3.87972374941528,0,0,3.58524278980162,0,3.33948028665808,0,0,0,0,0,0,1.36547066769835,0,0,0,0,1.29420028880523,0,1.37047732928361
Col4a1,0.46883787415641,0,0,0.951070596543795,0,0,1.02555783787453,0,1.9853961677113,0,0,1.47459851632993,0,1.09165335969537,0.434113486434659,1.16315995755342,0,0.738410107159659,0,0,1.56907463696663,0,1.19228185902146
Col4a2,0,0,0,0.731127784045041,0,0,0.750726446970914,0,1.40742459005367,0,0,1.22298826466839,0,0,0,0,0,0,0,0,1.30576965736281,0,1.42125737167506
Col5a1,0,0,0,0.681359228101258,0,0,0.609252275426737,0,0.491714158734764,0,0,0,0,0,0,0,0,0,0,0,0,0,0
Col5a2,0,0,0,0.901635567859729,0,0,0.844587358264999,0,0.808436101725869,0,0,0,0,0,0,0,0,0,0,0,0,0,0
Col5a3,0,0,0,0,0,0,0,0,0,0,0,0,0,0,0,0,0,0,0,0,0,0,0
Col6a1,0.13209898905369,0,0,1.5547891505576,0,0,1.27777187120271,0,1.69036287526669,0,0,0,0,0,0,0,0,0,0,0,0,0,0
Col6a2,0.547368319620961,0,0,1.45090604227421,0,0,1.15438054382615,0,1.48136110062256,0,0,0,0,0,0,0,0,0,0,0,0,0,0
Col6a3,0,0,0,0.702479936366801,0,0,0.815301921004011,0,1.14915357196083,0,0,0,0,0,0,0,0,0,0,0,0,0,0
Coro1a,0,0,0,0,0,0,0,0,0,1.20201164953455,0,0,0,0,0,0,0,0,0,1.53248664927651,0,1.23436506835812,0
Cotl1,0.449551073906853,0,0,0,0,0,0,0,0,0.738370420476086,0,0,0,0,0,0,0,0,0,1.01098491372439,0,0,0
Cp,0,0,0,0,0.599192572954327,0,0,0,0,0,0,0,0,0,0,0,0,0,0,0,0,0,0
Cpa1,0,0,0,0,0,0,0,0,0,0,4.36360192545063,0,0,0,0,0,0,0,0,0,0,0,0
Cpa2,0,0,0,0,0,0,0,0,0,0,2.725882413917,0,0,0,0,0,0,0,0,0,0,0,0
Cpb1,0,0,0,0,0,0,0,0,0,0,3.85062353065687,0,0,0,0,0,0,0,0.950073405775043,0,0,0,0
Cpe,0,1.74567077609855,0,0,0,1.79228258419501,0,0,0,0,0,0,0,0,0,0,0.553406651153878,0,0,0,0,0,0
Crip1,1.47420920169938,0.292228135957562,0,2.04210932742522,0.429580041629944,0,1.54003928811585,0,1.20414871054737,2.64074309774892,0,1.23092853561484,1.40438996052006,1.82586498503986,1.25304266880491,1.28721865416068,3.27183458849622,0.452613000995919,0.620066883957794,1.15212497316422,2.11267136350818,1.23436506835812,1.40894721342339
Crip2,0.107036489552961,0,0,0.688482702449139,0.562806559312877,0,0,0,0.75268588330327,0,0,1.01479871811191,0,1.32235681202384,1.14130809354637,0,1.23666741656147,0,0,0,1.23640484752441,0,0
Crispld2,0,0,0,1.65307569485082,0,0,0,0,1.68245692882059,0,0,0,0,0,0,0,0,0,0,0,0,0,0
Csf1r,0,0,0,0,0,0,0,0,0,0,0,0,1.44096438551809,0,0,0,0,0,0,0,0,0,0
Cst3,1.52239168823155,0.751864278267804,0,1.53126809256951,0.599192572954327,1.85450120527053,0.405010515867644,0.375235841326878,0.941846940248064,3.09331377945781,0.291061770300511,1.15349100022226,2.19461537104625,1.55636611335852,1.24362945540843,1.11244705334601,1.40666460799511,1.08035303859955,1.37480060171481,1.8627069039617,1.09254903215497,0,1.42125737167506
Ctla2a,0,0,0,0,0,0,0,0,0,0,0,0,0,0,0,0,0,0,0,0,0,0,0
Ctrb1,0.243710474154324,0.315120266760931,0,0,0.594830838114131,0.538060621314092,0,0.64546514288742,0,0.709154205713297,5.66793770372133,0,0.95474559270757,0,0,1.53615747167888,0,0.908251072049315,1.34790383314076,0.611057916754173,0,0,0
Ctrl,0.107036489552961,0,0,0,0,0,0,0.623130115916865,0,0,4.48208407998761,0,0,0,0.434113486434659,1.46623891922054,0,0,0,0,0,0,0.905226001991838
Ctsb,0.571759874781646,0,0,0.322210636392941,0.216511588821199,0,0.742946393736833,0.623130115916865,0.793032170125029,0,0,0,2.0407152913003,0,0.692274960867436,0,0.553406651153878,0,0,1.09115565502318,0,0,0
Ctsc,0,0,0,0,0,0,0,0,0,0,0,0,1.08499025279238,0,0,0,0,0,0,0,0,0,0
Ctsh,0,0,0,0,0,0,0,0,0,0.589004896996657,0,0,0,0,0,0,0,0,0,0,0,0,0
Ctsl,0.454531209822994,0,0,1.47740809611428,0,0,1.25900592121223,0,1.32879517817306,0,0,0,0,0.694068554506828,0,0,0,0,0,0,0,0,0
Ctss,0,0,0,0,0,0,0,0,0,1.05216664933809,0,0,1.00052137637197,0,0,0,0,0,0,1.49335930278342,0,0,0
Cuzd1,0,0,0,0,0,0,0,0,0,0,0.284627461150273,0,0,0,0,0,0,0,0,0,0,0,0
Cxcl12,0,0,0,0.520331096091861,0,0,0,0,0,0,0,0,0,0.843045379859799,0,0,0,0,0,0,0,0,0
Cxcl14,0,0,0,0,0,0,0,0,0,0,0,0,0,0,0,0,0,0,0,0,0,0,0
Cyb5a,0,0,0,0.701410044869365,0,0,0.592105475601658,0,0.919267390694872,0,0,0,0,0,0,0,0,0,0,0,0,0,0
Cyba,0,0,0,0,0,0,0,0,0,0.871816909476373,0,0,0.893371117646451,0,0,0,0,0,0,1.17649208219043,0,0,0
Cybb,0,0,0,0,0,0,0,0,0,0,0,0,0,0,0,0,0,0,0,1.09115565502318,0,0,0
Cygb,0,0,0,1.15661253284007,0,0,0,0,0.846886023125366,0,0,0,0,0,0,0,0,0,0,0,0,0,0
Cyp1a1,0,0,0,0,0,0,0,0,0,0,0,0,0,0,0,0,0,0,0,0,0,0,0
Cyr61,0,0,0,0,0,0,0,0,0,0,0,0,0,0,0,0,0,0,0,0,0,0,0
Cyth4,0,0,0,0,0,0,0,0,0,0,0,0,0,0,0,0,0,0,0,0,0,0,0
Dab2,0,0,0,0,0,0,0,0,0,0,0,0,1.14816668565167,0,0,0,0,0,0,0,0,0,0
Dbi,0,0,0,0,2.50796881768631,0,0,0,0,0.223225041753004,0,0,0,0,0,0,0,0.355580210211378,1.05234136892905,0,0,0,1.85539718222206
Dcn,0.660432435300717,0.467510726358033,1.17857184840552,3.69915667174531,0,0,3.67372066151856,0.928037009864529,4.13447596760133,0,1.14718513498497,0.78917270953786,0.855352668681921,0.729691220375948,0,1.96045578178325,0.671765271493683,1.06442123882554,1.43222096907357,1.17649208219043,1.22304212717365,1.04137327748858,0
Ddx5,0.416235096658473,0.596362901038567,0,0.624813960145924,0.568092474328135,0.850106818643215,0,0,0.646971885838971,0.978509386618119,0,1.12549403753675,0,1.05731445229187,1.09382049305976,0,1.28346107781139,1.30546060490712,1.43222096907357,0.85109768292808,0.517096354427655,1.00797216720713,0
Degs1,0.13209898905369,0,0,0,0.952737409221766,0,0,0,0,0,0,0,0,0,0,0,0,0,0,0,0,0,0
Dlc1,0,0,0,0,0,0,0,0,0,0,0,0,0,0,0,0,0,0,0,0,0,0,0
Dmbt1,0,0,0,0,0,0,0,0,0,0,1.22247162291234,0,0,0,0,0,0,0,0,0,0,0,0
Dpep1,0,0,0,0,0,0,1.09011356879988,0,1.3037691587752,0,0,0,0,0,0,0,0,0,0,0,0,0,0
Dpt,0,0,0,0.759325435365324,0,0,1.84670300508828,0,1.34513804697479,0,0,0,0,0,0,0,0,0,0,0,0,0,0
Dsg2,0,0,0,0,0.656994761927187,0,0,0,0,0,0,0,0,0,0,0,0,0,0,0,0,0,0
Dusp1,0,0,0,0,0,0,0,0,0,0,0,0,0,0,0.73935986159926,0,0,0,2.19461537104625,0,0,1.00797216720713,0
Dynll1,0.545848641510347,0,0,0.543681669515102,0,0,0.492272877377973,0,0,0,0,0,0,0,0.913719657482801,0,1.19980470681486,0,0,0,0,0,0
Ebf1,0,0,0,0,0,0,0.207587500065493,0,0,0,0,0,0,0,0,0,0,0,0,0,0,0,0
Ece1,0,0,0,0,0,0,0,0,0,0,0,0,0,0,0,0,0,0,0,0,0,0,0
Ecscr,0,0,0,0,0,0,0,0,0,0,0,0,0,0,0,0,0,0,0,0,0,0,0
Ednrb,0,0,0,0,0,0,0,0,0,0,0,0,0,0,0,0,0,0,0,0,0,0,0
Eef1a1,0.586395501056871,0.544106541541642,0,1.15661253284007,1.28638059855795,1.0652563216715,1.26593468707715,0,0.974270462068043,1.4965412703612,0,1.00985308659963,0.647879369563047,0.980969067702403,1.50031085806032,0,1.33148942274174,0.987185986865193,0,1.49335930278342,0,1.86667006380259,0
Efemp1,0,0,0,0,0,0,1.42538415886666,0,0,0,0,0,0,0,0,0,0,0,0,0,0,0,0
Egfl7,0,0,0,0,0,0,0,0,0,0,0,1.82159695078987,0,1.55164945070625,1.46873598289282,0,0,0,0,0,0,0,0
Egr1,0,0,0,0,0,0,0,0,0,0,0,0,0,0,0,0,0,0,0,0,0,0,0
Ehd4,0,0,0,0,0,0,0,0,0,0,0,0,0,0,1.09382049305976,0,0,0,0,0,0,0,0
Eif1,1.08632108461013,1.19656837902915,0,0.951070596543795,1.08762361465998,0.925675754359227,1.04465106500883,0,1.13839500081258,1.10061257585811,0,1.16595412297067,0.831971469984155,1.13004458648617,1.09382049305976,0,1.23666741656147,0,1.88098208000317,1.49335930278342,1.06791619647292,1.09204242218226,1.40894721342339
Eln,0,0,0,1.14472658302469,0,0,0,0,0,0,0,0,0,0,0,0,0,0,0,0,0,0,0
Emcn,0,0,0,0,0,0,0,0,0,0,0,1.52747385167561,0,1.07467559854214,1.34055532257866,0,0,0,0,0,0,0,0
Emp1,0.13209898905369,0,0,0.659288369952576,0,0,0,0,0.964234343019198,0,0,0,0,0,0,0,0,0,0,0,0,0,0
Emp3,0.655887218472619,0,0,0.521889668550305,0,0,0.588166333208443,0,0.41127074862566,0,0,0,0,0,0,0,0,0,0,0,0,0,0
Eng,0,0,0,0,0,0,0,0,0,0,0,1.21183132032329,0,1.078469390761,1.09382049305976,0,0,0,0,0,0,0,0
Eno1,0.239135478606651,0,0,0,0.795097177860955,0,0,0,0,0,0,0,0,0,0,0,0,0,0,0,0,0,0
Entpd2,0,0,0,0.521889668550305,0,0,0,0,0.448311464786606,0,0,0,0,0,0,0,0,0,0,0,0,0,0.905226001991838
Epas1,0,0,0,0,0,0,0,0,0,0,0,0,0,1.15813949779034,0,0,0.808912478387242,0,0,0,0,0,0
Ero1lb,0,0.705889993354135,0,0,0,0,0,0,0,0,0,0,0,0,0,0,0,0,0,0,0,0,0
Esam,0,0,0,0,0,0,0,0,0,0,0,1.06229966518773,0,1.04768775962204,1.09382049305976,0,0,0,0,0,0,0,0
Esm1,0,0,0,0,0,0,0,0,0,0,0,0,0,0,0,0,0,0,0,0,0,0,0
Ets1,0,0,0,0,0,0,0,0,0,0,0,0,0,0,0,0,0,0,0,0,0,0,0
Ets2,0,0,0,0,0,0,0,0,0,0,0,0,0,0,0,0,0,0,0,0,0,0,0
Exoc3l2,0,0,0,0,0,0,0,0,0,0,0,0,0,0,0,0,0,0,0,0,0,0,0
F11r,0,0,0,0,0,0,0,0,0,0,0,0,0,0,0,0,0,0,0,0,0,0,0
F13a1,0,0,0,0,0,0,0,0,0,0,0,0,1.32745242470344,0,0,0,0,0,0,0,0,0,0
Fabp4,0,0,0,0,0,0,0,0.661809142239202,0,0,0,3.57414842700405,0,3.23238248591669,3.6144800188656,1.36333797559218,0,0,0,0,0,0,0
Fabp5,0,0,0,0,0,0,0,0,0,0,0,0,0,0,0,0,0,0,0,0,0,0,0
Fbln2,0,0,0,0,0,0,0.646739271645064,0,0.655233516142856,0,0,0,0,0,0,0,0,0,0,0,0,0,0
Fbn1,0,0,0,0.549474706376196,0,0,1.58940098547098,0,0,0,0,0,0,0,0,0,0,0,0,0,0,0,0
Fcer1g,0,0,0,0,0,0,0,0,0,0.669970463595082,0,0,1.33284093399366,0,0,0,0,0,0,1.57392549820126,0,0,0
Fcgr3,0,0,0,0,0,0,0,0,0,0,0,0,0.823971473520054,0,0,0,0,0,0,0,0,0,0
Fcgrt,0,0,0,0,0,0,0,0,0,0,0,0,0,0,0,0,0,0,0,0,0,0,0
Fcna,0,0,0,0,0,0,0,0,0,0,0,0,0,0,0,0,0,0,0,0,0,0,0
Fcrls,0,0,0,0,0,0,0,0,0,0,0,0,0,0,0,0,0,0,0,0,0,0,0
Fez2,0,0,0,0,0,0,0,0,0,0,0,0,0,0,0,0,0,0,0,0,0,0,0
Fgfr3,0,0,0,0,0.415791791795556,0,0,0,0,0,0,0,0,0,0,0,0,0,0,0,0,0,0
Flt1,0,0,0,0,0,0,0,0,0,0,0,1.45964296388296,0,1.43896819687714,0.975321069567589,0,0,0,0,0,0,0,0
Fn1,0,0,0,0,0,0,2.05865852053257,0,0,0,0,0,0,0,0,0,0,0,0,0,0,0,0
Folr2,0,0,0,0,0,0,0,0,0,0,0,0,0,0,0,0,0,0,0,0,0,0,0
Fos,0.282737655590234,0,0,0,0,0,0,0,0,0.824820202815999,0,0,0,0,1.01553934351269,0,0,0,1.38794820714962,0.667231457115562,0,0,0
Fstl1,0.242419366006057,0,0,1.44982411272139,0,0,1.81712671371802,0,1.16012839221648,0,0,0,0,0,0,0,0,0,0,0,0,0,0
Ftl1,1.47063694969407,1.26260852907851,0.615938691807414,1.44838425461188,1.03024792430922,0.686955977009984,1.36619755092996,1.32277555345706,1.34101208962548,1.48221169517464,0,0.954746081167665,2.2811036309852,1.21878450919563,1.01553934351269,0,0.779983537484928,0.355580210211378,1.50733325039219,1.70526688326474,0.855941357939946,0,0
Fxyd3,0,0,0,0,0,0,0,0,0,0,0,0,0,0,0,0,0,0,0,0,0,0,0
Fxyd5,0,0,0,0,0,0,0,0,0,0.943817343414581,0,0,0,0,0,0,0,0,0.921755465271472,0,0,0,0
G0s2,0,0,0,0,0,0,0,0,0.94676502245012,0,0,0,0,0,0,0,0,0,1.34790383314076,0,0,0,0
G6pc2,0,1.66578891443931,0,0,0,0,0,0,0,0,0,0,0,0,0,0,0,0,0,0,0,0,0
Gas6,0,0,0,1.49566868837253,0.74778360838143,0,0,0,0,0,0,0,0,0,0,0,0,0,0,0,0,0,0
Gcg,0.302156573786246,0.398282512189218,0.525233179050146,0,0,7.13921642208899,0.593221779090678,0.797173240981209,0.490159834638688,0,0.977960577692205,0.549399215220352,0.934407750605406,0,0,2.09215921430087,0.800891601250132,1.24479473220601,1.37480060171481,0,0,0.64546514288742,1.04865864058276
Gdf10,0,0,0,1.24246334497279,0,0,0,0,0.648789445473988,0,0,0,0,0,0,0,0,0,0,0,0,0,0
Gimap4,0,0,0,0,0,0,0,0,0,0,0,0,0,0,0,0,0,0,0,0,0,0,0
Gimap6,0,0,0,0,0,0,0,0,0,0,0,0,0,0,0,0,0,0,0,0,0,0,0
Gja4,0,0,0,0,0,0,0,0,0,0,0,0,0,0.77811601353648,0,0,0,0,0,0,0,0,0
Gnai2,0.249327654012342,0,0,0,0,0,0,0,0,0.452558869725635,0,0,0.722323817139927,0,0.471615080874212,0,0,0,0.620066883957794,0.991730174075013,0,0,0
Gnas,0.626090066235941,0.763113117286962,0,1.21404544306166,0.815642766154767,2.37687938638721,1.04017719664177,0,1.08324208028815,0,0,1.28847596031187,0,1.38723133820393,1.14130809354637,0,1.26462099418998,0,0,0.611057916754173,1.32257377206468,0,1.27972808022487
Gng11,0,0,0,0,0,0,0,0,0,0,0,0.939371721866575,0,0.664893729012872,1.03790303077446,0,0,0,0,0,0.977662425549321,0,0
Gngt2,0,0,0,0,0,0,0,0,0,0,0,0,0,0,0,0,0,0,0,0.827951619944907,0,0,0
Gp2,0,0,0,0,0,0,0,0,0,0,1.97242362576399,0,0,0,0,0,0,0,0,0,0,0,0
Gpihbp1,0,0,0,0,0,0,0,0,0,0,0,1.39425145254917,0,1.06673164767457,0,0,0,0,0,0,0,0,0
Gpx1,0.267481865506785,0,0,0.543681669515102,0,0,0,1.5491471683316,0,1.88098712301228,0,0,1.13742744097875,0,1.03790303077446,0,0.95240356261153,0,0,1.97823703151421,0.460566071121666,0,0
Gpx3,0.755071501286084,0.472732551802051,0,2.01725297430455,0,2.06548544877539,1.26382623632629,0.73541633257819,2.19461537104625,0.474755502712458,0.957507841614408,0,0,0.555623039106969,0,1.51621264469243,0,1.04833057486915,0,0,0.521894985381791,0,0
Grn,0,0,0,0,0,0,0,0,0,0.562172322642616,0,0,1.14130809354637,0,0,0,0,0,0,0,0,0,0
Gsn,1.17573820441522,0.829956544006424,1.44497696663271,3.12643571795586,0.915561198296305,0.950755307578845,3.87043347501785,1.20852611009465,4.29306992557397,0.7004243780709,1.48648600981635,1.2760181276231,1.3115627063738,1.21018932681523,1.24362945540843,2.65393123959511,1.64733518606015,1.64268602026162,1.92444687685418,1.17649208219043,1.82523829084305,1.35909002480464,2.37292694240053
Gstm1,0,0,0,0.731127784045041,0,0,1.25038889510667,0,0.863449960466575,0,0,0,0,0.605807685076096,0,0,0.553406651153878,0,0,0,0.39537528681828,0,0
H2-Aa,0,0,0,0,0,0,0,0,0,3.36811285309999,0,0,1.3576808696611,0,0,0,0,0,0,0,0,0,0
H2-Ab1,0.107036489552961,0,0,0,0,0,0,0,0,3.63915771518985,0,0,1.03340123469588,0,0,0,0,1.15783305131342,0,0,0,0,0
H2-D1,0.29887268638684,0,0,0.366981495165729,0,0,0,0,0,1.09651814135682,0,1.36976002494834,0.647879369563047,1.37531771382174,1.39239109252324,0,0,0.738410107159659,0.921755465271472,1.15212497316422,0,1.53248664927651,0
H2-Eb1,0.107036489552961,0,0,0,0,0,0,0,0,3.39448354943988,0,0,1.15912156574968,0,0,0,0,0,0,0,0,0,0
H2-K1,0,0,0,0,0,0.44779708700697,0,0,0,0.748207903342373,0,1.27417203818882,0.66658884878733,1.16366707499854,0.975321069567589,0,0,0.382829896948281,0,0.991730174075013,0,1.83330774133224,0
H3f3b,1.19648579069331,0.26365268872481,0,0.549474706376196,1.63378877912027,0.672192394500768,0.720451297278664,0,0.690545942805172,0.950506780278223,0,0.89645392234753,0.924257503638034,0.728005215440466,1.09382049305976,0,0.800891601250132,0,1.51800223136184,1.38280323360465,0,1.19015073975725,0
Hba-a1,1.35734113133907,1.73396713352236,2.23902619653596,1.40590551015069,1.51979643171057,1.47969788391501,1.5642931776766,7.37050338661228,1.51889875362536,1.48163364121218,2.30479926828078,1.9416044874249,1.88315045312641,1.96715676223799,1.39239109252324,3.42376296676231,1.47459851632993,1.89319079650038,3.02774716561817,1.53248664927651,2.06909211844192,2.13466083107551,2.25211221736196
Hba-a2,0.937084263722082,1.3072207188363,1.92040079147786,1.03737128605988,1.25304266880491,1.33275906279086,1.26837521795165,7.08446835560832,1.30592410018542,1.00116072003229,1.9449745157858,1.53249619129875,1.47124229238708,1.47587719365771,1.34859718537892,3.03123059162802,1.64733518606015,1.20879660189459,2.50076503697167,1.53248664927651,1.59262136595646,1.9340324459362,1.52701975676364
Hbb-bt,0,0.755161753335603,1.39387886678515,0.683041640657896,0.73541633257819,0.694115597939565,0.773844321019472,6.23776100500175,0.766085932140813,0.727551817456586,1.27172650988067,1.13189994965627,1.03024792430922,1.06292440119375,1.14130809354637,2.2590962916441,0,1.18830015015815,1.47966414564043,1.01098491372439,1.49336148056698,0,1.19228185902146
Hes1,0,0,0,0,1.02245166947169,0,0,0,0,0,0,0,0,0,0,0,0,0,0,0,0,0,0
Hlx,0,0,0,0,0,0,0,0,0,0,0,0,0,0,0,0,0,0,0,0,0,0,0
Hsd11b1,0,0,0,0,0,0,0,0,1.00922520500677,0,0,0,0,0,0,0,0,0,0,0,0,0,0
Hspa1a,0,0,0,0,0,0,0,0,0,0.201028408766181,0,0,0,0,0,0,0,0,0,1.12170854259297,0,0,0
Hspa1b,0,0,0,0,0,0,0,0,0,0,0,0,0,0,0,0,0,0,0,0,0,0,0
Hspb1,0,0,0,0,0,0,0,0,0,0,0,1.23931335558607,0,1.06993069276084,1.60564465220091,0,0,0,0,0,0,0,0
Hspg2,0,0,0,0,0,0,0,0,0.910667371258365,0,0,0,0,0,0,0,0,0,0.921755465271472,0,0,0,0
Htra1,0,0,0,0,0,0,0,0,0.629921412800419,0,0,0,0,0,0,0,0,0,0,0,0,0,0
Htra3,0.242419366006057,0,0,0.751044505226114,0,0,1.07203881718956,0,1.19442105598599,0,0,0,0,0,0,0,0,0,0,0,0,0,0
Iapp,1.41407834589842,5.81311236087988,2.21761406390518,1.14718158125387,1.27478655890455,2.10915462330712,1.32679986306986,1.8730797303976,1.29862812595289,1.10971327051005,1.97646605175865,1.52159759115025,1.52520690797841,1.50235471418757,1.49163234738529,3.54167552861534,1.40666460799511,2.06657991528418,2.494738312598,1.35068183725299,2.25027584229576,1.63986734107128,1.53065960751709
Icam2,0,0,0,0,0,0,0,0,0,0,0,0,0,0,0,0,0,0,0,0,0,0,0
Id1,0,0,0,0,0,0,0,0,0,0,0,0,0,1.078469390761,0,0,0,0,0,0,0,0,0
Id2,0,0,0,0,0.741347877021987,0,0,0,0,0,0,0,0,0,0,0,0,0,0,0,0,1.04137327748858,0
Id3,0,0,0,0,0,0,0,0,0,0,0,1.54169382850717,0,1.7076738206247,1.13261545676058,0,0,0,0,0,0,0,0
Ier2,0,0,0,0,0,0,0,0,0,0,0,0,0,0,0,0,0,0,0,0,0,0,0
Ier3,0,0,0,0,0,0,0,0,0,0,0,0,0,0,1.26562978689835,0,0,0,0,0,0,0,0
Ifi27l2a,0,0,0,0,0,0,1.0051024431483,0,0,0,0,0,0,0,0,0,0,0,0,0.93184862558407,0,0,0
Ifitm1,0,0,0,0,0,0,0,0,0,0,0,0,0,0,0,0,0,0,0.921755465271472,0,1.29420028880523,0,0
Ifitm2,0.449684819219834,0,0,1.11010049721728,0,0,0.717256387681503,0,1.1212393293646,0.589004896996657,0,1.00834788416759,0,1.03662634922696,0.802295174775685,1.07848679344155,0.95240356261153,0,0,1.12170854259297,0.982461056503457,0,0
Ifitm3,0.950961851171155,0.553186716038711,1.38353571690022,1.73021107408114,0.813708125242486,0.633192168939279,1.59308927390179,0.797173240981209,2.11498048480117,1.3045135343645,1.03222911614222,2.08206364900576,1.6516364194635,2.1076662347141,2.48477319463979,1.56238219794563,1.33148942274174,0.808193211207297,0,2.87352694501384,2.0408320527552,0,1.19228185902146
Igfbp3,0,0,0,0,0,0,0,0,0,0,0,0.7065312213568,0,1.05815283964426,0,0,0,0,0,0,0,0,0
Igfbp4,0.332322408948201,0,0,1.10370936506553,0,0,1.31505877434731,0,1.38061077911079,0,0,0,0,0,0.73935986159926,0,0,0,1.30247983274851,0,0,0,0
Igfbp5,0,0,0,0,0,0,0,0,0,0,0,0,0,0,0,0,0.868384565842113,0,0,0,0,0,0
Igfbp6,0,0,0,1.1452166980091,0,0,1.20469640253635,0,0,0,0,0,0,0,0,0,0,0,0,0,0,0,0
Igfbp7,1.0705062292115,0.782647040871165,1.55102284342004,3.06626173952768,1.06523576814524,1.07174606872655,1.55039817102922,0.945448340568869,2.62794806439943,0,1.24716054694085,3.93698096120824,0.806062827141346,3.20695100517139,3.01277808838768,2.19633794095919,2.88706405801664,0.451414553832575,1.42437129088687,0.611057916754173,2.6962412099923,1.19015073975725,2.59324971912072
Ighm,0,0,0,0,0,0,0,0,0,0,0,0,0,0,0,0,0,2.94552161464235,0,0,0,0,0
Igkc,0.267481865506785,0,0,0,0,0,0,0,0,0,0,0,0,0,0,1.38942746999265,0,3.35444674554412,0.620066883957794,0,0,0,0
Iigp1,0,0,0,0,0,0,0,0,0,0,0,0,0,0,0,0,0,0,0,0,0,0,0
Il11ra1,0,0,0,0.714472298850486,0,0,0,0,0.666909995406629,0,0,0,0,0,0,0,0,0,0,0,0,0,0
Il1b,0,0,0,0,0,0,0,0,0,0,0,0,0,0,0,0,0,0,2.70675642592776,0,0,0,0
Inmt,0,0,0,0,0,0,0,0,0,0,0,0,0,0,0,0,0,0,0,0,0,0,0
Isg15,0,0,0,0,0,0,0,0,0,0,0,0,0,0,0,0,0,0,0,0,0,0,0
Itih5,0,0,0,0,0,0,0,0,0.448311464786606,0,0,0,0,0,0,0,0,0,0,0,0,0,0
Itm2a,0,0,0,0,0,0,0,0,0.823476716846179,0,0,0,0,0,0,0,0,0,0,0,0,0,0
Itm2b,1.12573240051698,0.763113117286962,1.00200235757489,1.53248664927651,1.36050232204306,1.39053713091991,1.58979013034747,0.7346327779451,1.89701684539985,1.13005771314053,0,1.92698575587273,1.83603633110914,2.27809375731837,1.73116833877452,1.22978752709221,1.60564465220091,0.921426593479067,1.50733325039219,1.15212497316422,0,1.30119322465894,1.25900319496616
Ivns1abp,0.107036489552961,0,0,0,0,0,0,0,0,0,0,0.88297566626154,0,0,0,0,0,0,0,0,0,0,0
Jam2,0,0,0,0,0,0,0,0,0,0,0,0,0,0,0.595340637977403,0,0,0,0,0,0,0,0
Jam3,0,0,0,0,0,0,0,0,0,0,0,0,0,0,0,0,0,0,0,0,0,0,0
Jchain,0,0,0,0,0,0,0,0,0,0,0,0,0,0,0,0,0,0,0,0,0,0,0
Jun,0,0,0,0,0,0,0,0,0,0,0,0,0,0,1.24362945540843,0,0,0,0,0,0,0,0
Junb,0,0,0,0,0,0,0,0,0,0,0,0,0,0,1.14130809354637,0,0,0,2.06579332103501,1.01098491372439,0,0.886986447706671,0
Kdr,0,0,0,0,0,0,0,0,0,0,0,1.51533390379359,0,1.21878450919563,0,0,0,0,0,0,0,0,0
Klf2,0,0,0,0,0,0,0,0,0,0,0,0,0,0,0,0,0,0,0,0.85109768292808,0,0,0
Klf7,0,0,0,0,0,0,0,0,0,0,0,0,0,0,0,0,0,0,0,0,0,0,0
Klk1,0,0,0,0,0,0,0,0,0,0,2.18231619866224,0,0,0,0,0,0,0,0,0,0,0,0
Krt18,0,0,0,0,1.44256652134359,0,0,0,0,0,0,0,0,0,0,0,0,0,0,0,0,0,0
Krt8,0,0,0,0,1.74323485005825,0,0,0,0,0,0,0,0,0,0,0,0,0,0,0,0,0,0
Lama2,0,0,0,0,0,0,0,0,0.629921412800419,0,0,0,0,0,0,0,0,0,0,0,0,0,0
Lamb1,0,0,0,0,0,0,0.656011184607362,0,0.836797456730995,0,0,0,0,0,0,0,0,0,0,0,0,0,0
Lamc1,0,0,0,0,0,0,0.627674418583236,0,0,0,0,0,0,0,0,0,0,0,0,0,0,0,0
Laptm4a,0.384844275778419,0.433306474725921,0,1.277664164854,0.527220260818922,0,1.22172309662865,0,1.34238439327911,0,0,0.961191206423192,0,1.07892346776699,1.23609097604909,0,1.23666741656147,0,0,0,1.23640484752441,0,0
Laptm5,0,0,0,0,0,0,0,0,0,0.860551046377584,0,0,1.15411491035696,0,0,0,0,0,0,0.688140049765868,0,0,0
Lcp1,0,0,0,0,0,0,0,0,0,0.572127665533889,0,0,0,0,0,0,0,0,0,0,0,0,0
Lfng,0,0,0,0,0,0,0,0,0,0,0,0,0,0,0,0,0,0,0,0,0,0,0
Lgals1,1.09828059612465,0,0,1.73597247356663,0,0,1.55795010091564,0,1.72758468260894,0,0,0,1.29862812595289,0,0,0,1.28346107781139,0,0,0,1.32257377206468,0,0
Lgals3,0,0,0,0,0,0,0,0,0,0.855191130061022,0,0,0,0,0,0,0,0,0,1.46679302605013,0,0,0
Lgmn,0,0,0,0,0,0,0,0,0,0,0,0,0.685411287319685,0,0,0,0,0,0,0,0,0,0
Loxl1,0,0,0,0.662442402889721,0,0,0.723080980711711,0,0,0,0,0,0,0,0,0,0,0,0,0,0,0,0
Lpl,0.637112843169951,0,0,1.1297487457089,0,0,1.01328580273812,0,1.80739596040961,0,0,0,0,0,0,0,0,0,0,0,0,0,0
Lrp1,0,0,0,0.549474706376196,0,0,0.697615734001521,0,0.460878616357901,0,0,0,0,0,0,0,0,0,0,0,0,0,0
Lsp1,0.303657845466637,0,0,0,0,0,0.693666144157115,0,0,1.16636727817355,0,0,0,0,0,0,0,0,0,0.827951619944907,0,0,0
Ltbp4,0,0,0,0.657410573337269,0,0,0.595756230291081,0,0.572771362461196,0,0,0,0,0.971248789477652,0,0,0,0,0,0,0,0,0
Lum,0.242419366006057,0,0,1.52701975676364,0,0,0.980302864226599,0,1.2859626581035,0,0,0,0,0,0,0,0,0,0,0,0,0,0
Lurap1l,0,0,0,0,0.562806559312877,0,0,0,0,0,0,0,0,0,0,0,0,0,0,0,0,0,0
Ly6a,0.547928186937585,0,0.950737958760218,0.731127784045041,0,0,1.85086221262486,0,0.878430199512896,0.201028408766181,0.793491194910851,2.0489410187353,0,2.47594724598535,1.14130809354637,1.47628287030825,0,1.52657365298783,0,0,0,1.00797216720713,0
Ly6c1,0,0.321693573123328,0.773405297432601,0.521499141249667,0,0,1.04827109965519,0.905426336529429,0,0,0.823230252654636,2.46513471750973,0,2.74071854576326,1.75920585510537,1.50381312693412,0,0.834244450780856,1.30247983274851,0,0.77069293869223,0,1.04865864058276
Ly6e,0.909906253574518,0,1.12170854259297,0.945448340568869,1.77677680910423,0.68544027767879,0.913107933636492,0.945448340568869,1.35487194113744,1.05224088288706,0.956822078725152,2.19668507583834,1.03103437021289,2.49315861953847,2.49567761747031,1.40439171909356,0,1.69036220536592,0.620066883957794,2.02210958610825,1.12171343088179,1.63986734107128,0
Lyve1,0,0,0,0,0,0,0,0,0,0,0,0,0,0,0,0,0,0,0,0,0,0,0
Lyz2,0.37909335060742,0,0,0,0,0,0,0,0,1.85376793521351,0,0,3.4769556256925,0,0,1.4127698105056,0,0,1.34790383314076,4.79136329271927,0,0,0
Maf,0,0,0,0,0,0,0,0,0,0,0,0,1.30895382566122,0,0,0,0,0,0,0,0,0,0
Malat1,0.443933894048835,0,0,0,0,0,0,0,0,0,0,0,0,0,0,0,0,0,0,0,1.17120904835823,0,0
Marcks,0.439040721919732,0,0,0,0,0,0.635421868731513,0,0.800891601250132,0,0,0,0.400561407730909,0,0,0,0,0,0,0,0,0,1.04865864058276
Mef2c,0,0,0,0,0,0,0,0,0,0,0,0,0,0,0,0,0,0,0,0,0,0,0
Meg3,0.577165471857638,0.823724018883833,0,0.683379139255996,0,1.34998656991568,1.22341131456914,0,1.28847465021787,0,0,0,0,0,0,0,0,0,0,0,0,0,0
Mest,0,0,0,0,0,0,0,0,0,0,0,0,0,0,0,0,0,0,0,0,0,0,0
Mfap5,0,0,0,0.683379139255996,0,0,1.63282507794298,0,0,0,0,0,0,0,0,0,0,0,0,0,0,0,0
Mfge8,0,0,0,0.560539276871928,0,0,0,0,0,0,0,0,0,0,0,0,1.1064389498264,0,0,0,1.94936365014432,0,0
Mgl2,0,0,0,0,0,0,0,0,0,0,0,0,0,0,0,0,0,0,0,0,0,0,0
Mgll,0,0,0,0,0,0,0,0,0,0,0,1.47333915468907,0,1.5463435594654,0,0,0,0,0,0,0,0,0
Mgp,0,0,0,1.25740783748101,0,0,0,0,1.47207979304821,0,0,0,0,0,0,0,0,0,0,0,0,0,0
Mgst1,0,0,0,0,1.18696910170458,0,0,0,0,0,0,0,0,0,0,0,0,0,0,0,0,0,0
Mmp2,0,0,0,0.840132745536321,0,0,0.761221656845575,0,0.863449960466575,0,0,0,0,0,0,0,0,0,0,0,0,0,0
Mmrn2,0,0,0,0,0,0,0,0,0,0,0,0,0,0,1.01553934351269,0,0,0,0,0,0,0,0
Mrc1,0,0,0,0,0,0,0,0,0,0,0,0,1.22411593939391,0,0,0,0,0,0,0,0,0,0
Ms4a4d,0,0,0,0.668520464300826,0,0,0,0,0.948747182572562,0,0,0,0,0,0,0,0,0,0,0,0,0,0
Ms4a6c,0,0,0,0,0,0,0,0,0,0,0,0,0,0,0,0,0,0,0,1.09115565502318,0,0,0
Msn,0,0,0,0,0,0,0,0,0,0,0,0,0,0,0,0,0,0,0,0.827951619944907,0,0,0
mt-Co1,1.12808671626583,1.0871837920794,0,0.684732537993934,1.2107274602109,1.18116505566378,0.697015934383046,0,0.874495233366118,1.19533231635198,0,0.7065312213568,0,1.06208601384136,1.25304266880491,0,1.44982411272139,1.33380075691384,0,0.688140049765868,0,1.31549692229559,0
mt-Cytb,1.94596241961014,2.58611569381875,1.44820449001666,2.24616978212554,2.34187377260546,2.26069412957585,1.92319272740991,0,2.05157729134206,1.71454931651768,0,1.6559657417368,1.49856637348307,1.53615747167888,1.79215483469084,1.39016625401676,2.73715394939262,2.24230422433804,0,0.991730174075013,2.09320861226002,2.10610176334402,1.52701975676364
mt-Nd2,1.12605263913912,1.45579644943518,0.748596115683715,1.45226091591207,1.38207158388461,1.61448202435471,1.37236050309048,0,1.34307167392685,0.92098430824651,0,1.20688721808329,1.14619825371665,1.06736069722255,1.46873598289282,0,1.82382944795393,1.08326818112619,0,1.12170854259297,1.48991189009168,1.28096984100492,0
mt-Nd4,1.93196961059242,2.06866413032671,1.31221666287324,1.95837713390278,2.09801715297139,2.1484209088161,1.78314916789852,0.76058371482794,1.94549349321671,1.5256652988233,0,1.38061243719069,1.52520690797841,1.44016476032735,1.84842967348341,1.42203493164936,2.7520827926908,1.9357048663944,1.41970591712944,1.33964278741447,2.02469066586775,2.00189153302211,1.40894721342339
mt-Rnr1,0,0,0,0,0,0,0,0,0,0,0,0,0,0,0,0,0,0,0,0,0,0,0
mt-Rnr2,0.434237156409713,0.431169148486865,0,1.04947469794236,0.830962751961445,0.723484430318581,0.529427471360599,1.01401646174828,0.94348041265354,0.517049415036626,0,1.24655521346971,0.818562500252677,1.28659782502396,0,0,0,0.838467968001676,0.921755465271472,1.17649208219043,1.11667525786431,1.09739489450751,1.19228185902146
Mt1,0.571759874781646,0.331576491381883,0,0,0.816613632250214,0,0,0,0,0.323485942919486,1.1733878649534,0,0,0,0,0,0,0,0,0,0,0,0
Mt2,0,0,0,0,0,0,0,0,0,0,0,0,0,0,0,0,0,0,0,0,0,0,0
Mxra8,0,0,0,0.618133424729931,0,0,0,0,0,0,0,0,0,0,0,0,0,0,0,0,0,0,0
Myct1,0,0,0,0,0,0,0,0,0,0,0,0,0,0,0,0,0,0,0,0,0,0,0
Myl12a,0,0,0,0.684732537993934,0.844275436205804,0,0.565278744384306,0,0,0,0,1.00126642253843,0,1.16366707499854,0.913719657482801,0,1.1064389498264,0,0,0.667231457115562,0,0,0
Myl9,0,0,0,0,0,0,0,0,0,0,0,0,0,0,0,0,2.94103066281979,0,0,0,1.42760464772036,0,0
Nbl1,0,0,0,0.91617675100896,0,0,0.196183871439816,0,0,0,0,0,0,0,0,0,0,0,0,0,0,0,0
Ndrg1,0,0,0,0,0,0,0,0,0,0,0,0,0,0,0,0,0,0,0,0,0,0,0
Nfib,0,0,0,0,0,0,0,0,0,0,0,0,0,0,0,0,0,0,0,0,0,0,0
Nfkbia,0,0,0,0,0,0,0,0,0,0,0,0,0,0,1.46873598289282,0,0,0,0,0.611057916754173,0,0,0
Nid1,0,0,0,0.707517096713296,0,0,1.34170387901713,0,1.02206508129205,0,0,0,0,0,0,0,0,0,0,0,0,0,0
Nrp1,0,0,0,0,0,0,0,0,0,0,0,1.20088759889036,0,0,0,0,0,0,0,0,0,0,0
Nupr1,0,0,0,0,0,0,0,0,0,0,0,0,0,0,0,0,0,0,0,0,0,0,0
Oaz2,0,0,0,0,0,0,0,0,0,0,0,0,0,0,0,0,0,0,0,0,0,0,0
Ogn,0,0,0,0,0,0,1.19554362235944,0,0.910667371258365,0,0,0,0,0,0,0,0,0,0,0,0,0,0
Olfml3,0,0,0,1.00089119476125,0,0,0,0,0,0,0,0,0,0,0,0,0,0,0,0,0,0,0
Pcolce,0.55311924479196,0,0,1.73597247356663,0,0,0.863500984656715,0,1.50821608827609,0,0,0,0,0,0,0,0,0,0,0,0,0,0
Pcsk1n,0,1.19228185902146,0,0,0,2.57633785520473,0,0,0,0,0,0,0,0,0,0,0,0,0,0,0,0,0
Pcsk2,0,1.32477560537532,0,0,0,2.46231905832645,0,0,0,0,0,0,0,0,0,0,0,0,0,0,0,0,0
Pdia2,0,0,0,0,0,0,0,0,0,0,1.07332494843238,0,0,0,0,0,0,0,0,0,0,0,0
Pdzk1ip1,0,0,0,0,0.569487990398219,0,0,0,0,0,0,0,0,0,0,0,0,0,0,0,0,0,0
Pecam1,0,0,0,0,0,0,0,0,0,0,0,1.09248807404147,0,0.976056343333185,0.930574493248918,0,0,0,0,0,0,0,0
Penk,0,0,0,1.0593718443082,0,0,1.10577298443703,0,1.36475817860807,0,0,0,0,0,0,0,0,0,0,0,0,0,0
Pf4,0,0,0,0,0,0,0,0,0,0,0,0,2.50303437050617,0,0,0,0,0,0,0,0,0,0
Pi16,0,0,0,0,0,0,0.711029693825494,0,0,0,0,0,0,0,0,0,0,0,0,0,0,0,0
Pla1a,0,0,0,0,0,0,0.72731415881294,0,0,0,0,0,0,0,0,0,0,0,0,0,0,0,0
Pla2g1b,0,0,0,0,0,0,0,0,0,0,2.02270036288134,0,0,0,0,0,0,0,0,0,0,0,0
Plac8,0,0,0,0,0,0,0,0,0,0,0,0,0,0,0,0,0,0,0,1.35487194113744,0,0,0
Plpp1,0,0,0,0,0,0,0,0,0,0,0,1.42359189125526,0,0,0,0,0,0,0,0,0,0,0
Plpp3,0.13209898905369,0,0,0,0,0,1.24130417377472,0,0.799027985177473,0,0,1.58221745903089,0,1.21018932681523,0,0,0,0,0,0,0,0,0
Plscr2,0,0,0,0,0,0,0,0,0,0,0,0,0,0,0,0,0,0,0,0,0,0,0
Pltp,0,0,0,0.702479936366801,0,0,0,0,0,0,0,0,0,0,0,0,0,0,0,0,0,0,0
Plvap,0,0,0,0,0,0,0,0,0,0,0,2.85340119605904,0,2.45888708238871,2.88784267054184,0.410751888381832,0,0,0,0,0,0,0
Plxdc2,0,0,0,0,0,0,0,0,0,0,0,0,0,0,0,0,0,0,0,0,0,0,0
Pmp22,0,0,0,0.684055156708126,0,0,0,0,0,0,0,0,0,0,0,0,0,0,0,0,0,0,0.905226001991838
Pnlip,0.242419366006057,0.390181431097612,0,0.509679053858889,0,0.68068879215297,0,0.73541633257819,0,0.715373158586814,5.31251519248139,0,0,0,0.73935986159926,1.51353744424211,0,0,1.41970591712944,0.667231457115562,0,0,0
Pnliprp1,0.13209898905369,0.315120266760931,0,0,0,0,0,0.655233516142856,0,0,4.09892155157685,0,0,0,0,1.45716174141311,0,0,0,0.93184862558407,0,0,0
Pnliprp2,0,0,0,0,0,0,0,0,0,0,1.77405878260246,0,0,0,0,0,0,0,0,0,0,0,0
Podxl,0,0,0,0,0,0,0,0,0,0,0,0.978749590689251,0,1.33218278513552,0,0,0,0,0,0,0,0,0
Postn,0,0,0,0,0,0,0,0,0,0,0,0,0,0,0,0,0,0,0,0,1.03899133980945,0,0
Ppia,1.77999782509188,0.498388106913135,0,0.90372640570384,1.26020253928883,0.705457371730685,0.834001553265423,0,0.903427101813219,1.11380770501134,0,1.27070634210564,0.722323817139927,1.29999572577286,1.60564465220091,0,1.28346107781139,0.451414553832575,0,0.688140049765868,0.521894985381791,0,0
Ppp1r1a,0,0.705889993354135,0,0,0,0,0,0,0,0,0,0,0,0,0,0,0,0,0,0,0,0,0
Ppy,0,0,0,0,0,4.19964069357774,0,0,0,0,0,0,0,0,0,0,0,0,0,0,0,0,0
Prelp,0,0,0,0.684732537993934,0,0,0,0,0.766085932140813,0,0,0,0,0,0,0,0,0,0,0,0,0,0
Prkcdbp,0,0,0,0.253521725623658,0,0,0.496314099047052,0,0,0,0,0,0,0,0.802295174775685,0,0.800891601250132,0,0,0,0,0,0
Prss2,0.655887218472619,0.742545939173845,1.23782200985541,0.683041640657896,0.880127809888996,0.682539457376932,0.778684297748241,1.12832109934935,0.823476716846179,0.72410298622921,5.5136576819085,1.01079786638918,1.22751222176288,0.980969067702403,0.595340637977403,2.23506385647919,0,0.996018852500471,1.37480060171481,0.991730174075013,1.40015834812011,0,1.83603633110914
Prss23,0,0,0,0,0,0,0.596204326620827,0,0,0,0,0,0,0,0,0,0,0,0,0,0,0,0
Psap,0.948698557928131,0.399989226831269,0,0.769943136250421,0,0,0.778893607274138,0,0.835012781228253,2.31147290591684,0,0,1.18275474509305,0,0,0,0.671765271493683,0,0,1.33964278741447,0.901624449892655,0,0
Psmb8,0,0,0,0,0,0,0,0,0,0.741164402119689,0,0,0,0,0,0,0,0,0,0,0,0,0
Psme1,0.356497888878284,0,0,0,0,0,0,0,0,0.474755502712458,0,0,0,0,0.595340637977403,0,0,0,0,0,0,0,0
Ptma,1.97526712061025,0.638184034964875,0,0.885548489300962,1.23589895582606,0.65988910505613,0.693666144157115,0,0.793032170125029,0.839049766881026,0,1.21626814601391,0.647879369563047,1.21878450919563,1.20742860721091,0,1.28346107781139,0,0,0.688140049765868,1.06311756551879,1.04137327748858,1.27972808022487
Ptn,0,0,0,1.2578062739697,0,0,0,0,0,0,0,0,0,0,0,0,0,0,0,0,0,0,0
Ptpn18,0,0,0,0,0,0,0,0,0,0,0,0,0,0,0,0,0,0,0,0,0,0,0
Ptprb,0,0,0,0,0,0,0,0,0,0,0,0.586097080819144,0,1.18065938742183,0.746568222429553,0,0,0,0,0,0,0,0
Pyy,0.107036489552961,0,0,0,0,4.21841407739941,0,0.368525482780934,0,0,0,0,0,0,0,1.39462790098947,0,0,0,0,0,0,1.19228185902146
Ramp2,0,0,0,0,0,0,0,0,0,0,0,0.771579616016402,0,0.976421413767251,1.24596865935292,0,0,0,0,0,0,0,0
Ramp3,0,0,0,0,0,0,0,0,0,0,0,0,0,0,0,0,0,0,0,0,0,0,0
Rarres2,0,0,0,1.19068276491952,0,0,0.917437935409825,0,1.13646160857333,0,0,0,0,0,0,0,0,0,0,0,0,0,1.40894721342339
Rasip1,0,0,0,0,0,0,0,0,0,0,0,0,0,0,0,0,0,0,0,0,0,0,0
Rbp4,0,0,0,0,0,1.42321090148738,0,0,0,0,0,0,0,0,0,0,0,0,0,0,0,0,0
Rbp7,0,0,0,0,0,0,0,0,0,0,0,0,0,0.728005215440466,0,0,0,0,0,0,0,0,0
Rcn3,0,0,0,1.01515817685558,0,0,0.446870000592099,0,0.764384285035284,0,0,0,0,0,0,0,0,0,0,0,0,0,0
Rdx,0,0,0,0,0,0,0,0,0,0,0,0,0,0,0,0,0,0,0,0,0,0,0
Reg1,0,0,0,0,0,0,0,0,0,0,4.0228175644596,0,0,0,0,1.06906271070677,0,0,0,0,0,0,0
Reg2,0,0,0,0,0,0,0,0,0,0,1.13357784403134,0,0,0,0,0,0,0,0,0,0,0,0
Reg3b,0,0,0,0,0,0,0,0,0,0,0,0,0,0,0,0,0,0,0,0,0,0,0
Resp18,0,0.673072190897309,0,0,0,1.60589804608956,0,0,0,0,0,0,0,0,0,0,0,0,0,0,0,0,0
Retnla,0,0,0,0,0,0,0,0,0,0,0,0,0,0,0,0,0,0,0,0,0,0,0
Rflnb,0,0,0,0,0,0,0,0,0,0,0,0,0,0.83628248558359,0,0,0,0,0,0,0,0,0
Rgcc,0,0,0,0,0,0,0,0,0,0,0,1.41200493542314,0,0,0,0,0,0,0,0,0,0,0
Rgs5,0,0,0,0,0,0,0,0,0,0,0,0,0,0,0,0,2.10516520006809,0,0,0,1.54793267613395,0,0
Rhob,0,0,0,0,0,0,0,0,0,0,0,0,0,0,0,0,0,0,0,0,0,0,0
Rnase1,0,0,0,0,0,0,0,0,0,0,4.16745160773446,0,0,0,0,1.2717189893788,0,0,0,0,0,0,0
Rnase4,0,0,0,0.946435496045351,0,0,1.48991189009168,0,1.39387886678515,0,0,0,0,0,0,0,0,0,0,0,0,0,0
Robo4,0,0,0,0,0,0,0,0,0,0,0,0,0,0,0,0,0,0,0,0,0,0,0
Rpl10,1.35734113133907,1.03630949912584,0,1.26927565656665,1.46790260373686,1.70971774653217,1.23093302867655,0,1.02594472018919,1.87702215003445,0,0.931449608521156,1.17029896738899,0.975709638747582,1.52339875058994,0,1.19980470681486,1.70512466305822,0,1.7335666866601,0.881566814948325,1.43064356193699,0
Rpl23a,0.791035823657296,0,0,1.22946193630761,1.1973757301186,0.950755307578845,1.27632712936009,0,0.93956989087242,1.86061835625026,0,0.935066252798949,0.951403475549146,0.846778116104912,1.13261545676058,0,1.1064389498264,1.06636911187736,0,1.09115565502318,0.966815234196041,1.71341408248023,0
Rpl35a,0.830797106333948,0.296297825576729,0,0.658035295332198,1.01249832614875,0.931808430445461,0.84535776454129,0,0,1.10061257585811,0,0,0,0,1.09382049305976,0,0,1.08200254803534,0,1.01098491372439,0,1.32344151965377,0
Rpl9,0.744696080256921,0.374433659782672,0,1.03737128605988,1.00722189706392,1.16325458812497,0.969591694737657,0,0.670788467492935,0.939472502335868,0,0,0,1.04622430567317,1.14130809354637,0,0.671765271493683,1.0615060962989,0,0.991730174075013,0,1.43064356193699,0
Rplp0,1.11512670713559,0.696987696436335,0,1.41047339352376,1.3733562581454,1.17376184939902,1.26230915642208,0,1.03896822743438,2.03660601998449,0.787777196639378,0.953743448209566,0.958112133213168,0.980257292682733,1.46873598289282,0,1.33148942274174,1.26115642909116,0,1.57392549820126,0,1.74567077609855,0
Rps16,0.718385034617625,0,0,1.00089119476125,1.03313769052052,0.819908065667099,0.832241777004338,0,0.749818266982545,1.2874023116839,0,0.790777404541184,0.76269035548251,0.724363115402289,1.31483946953354,0,0,1.16549102961811,0,1.36856523422437,0,1.3968647094557,0.905226001991838
Rps18,0.67688040758375,0.295798481807996,0,0.902231930255041,1.12784605911775,0.813467030578908,0.950698930333342,0,0.506532038376079,1.20295260334353,0,0,0,0,1.23609097604909,0,0,1.32304191411691,0,1.59959054378056,0,1.94861787909572,0
Rps2,0.868729455760918,0.629778394014204,0,1.44982411272139,1.25126618094057,0.979302800472912,1.41416443869807,0,1.01325680211837,1.47719251245264,0,0.952070442385456,0.994642682351397,0.64256913681797,1.46226271207626,0,0,0.834244450780856,0,1.09115565502318,0.835883722995616,1.53248664927651,0
Rps23,0.685822684340875,0.576810253348245,0,1.26805788679086,1.2859626581035,1.15275174946626,1.29083353787557,0,1.0240010730583,1.70851706899887,0,1.03104000598084,1.17132637509946,1.0707718514626,1.75920585510537,0,1.15611209812509,1.24536188753526,0,1.53248664927651,0,2.04630474612854,0
Rps27,1.42756281728255,1.13094135373031,0.91617675100896,1.73021107408114,1.98050847775332,1.88434867979582,1.78797511321826,0,1.44203204795294,2.62248462691407,0,1.71928687295087,1.44016476032735,1.96389363318891,2.30093502511499,1.22187265053538,1.52114512127947,2.25315879787811,1.38451366059495,2.3837818344162,1.12071753691123,3.10199669410423,1.37047732928361
Rps28,0.881008755811064,0.399989226831269,0,1.1250046167718,0.957436857964121,0.731198352108327,1.07245257294535,0,0.799493054914711,1.48997389924117,0,0,1.03340123469588,0,1.25304266880491,0,0,1.45964949816598,0,0.85109768292808,0,1.53431846201696,0
Rps29,1.52757572455091,0.87542883142179,0.72081473825716,1.83398902840968,1.72718752105143,1.72681999692033,1.86138363760727,0.797173240981209,1.40212322664185,2.68577913097256,0,1.55952593569952,2.16454754659377,1.66198592811406,2.13853771871273,0,1.18275474509305,2.31304312836055,1.30247983274851,2.60322449656293,0.77069293869223,2.77764163282765,0
Rps3,0.759003839167354,0.544106541541642,0,1.22946193630761,1.30119322465894,0.915331496819623,1.01917568427767,0,0.813225935915331,1.62425772785091,0,0.950405682267631,0.994642682351397,0.704991895115275,1.55196254656518,0,0.553406651153878,1.5955247385445,0,1.59959054378056,0.39537528681828,2.18912480900765,0
Rps3a1,1.28303324156183,0.772319952656027,0,1.25740783748101,1.19549369870835,1.32499827267653,1.2702131664294,0,1.00348790524274,1.82219720110777,0,0.97325545258597,0.991004814068578,1.10314679862368,1.39239109252324,0,1.31287131625548,1.4425572634685,0,1.36856523422437,0.855941357939946,2.13659720595778,0
Rps5,0.773201540994419,0,0,0.836542023151533,1.03313769052052,0.482225200773982,1.02887779679883,0,0.652917170060273,1.5095539105773,0,0,0,0.27681338168163,1.31483946953354,0,0,0.355580210211378,0,0.688140049765868,0,1.43064356193699,0
Rps7,0.658968316217959,0.541146468778638,0,1.24246334497279,1.09829232278422,0.926678875210543,1.04786766788523,0,0.821012057640214,1.67151238741926,0,0.832265739191563,0.698573177784441,1.00556858478462,1.24362945540843,0,0.808912478387242,1.46916813470806,0,1.09115565502318,0,2.02666694086613,0
Rsad2,0,0,0,0,0,0,0,0,0,0,0,0,0,0,0,0,0,0,0,0,0,0,0
S100a10,0.242419366006057,0,0,0.836542023151533,0,0,1.41280571364006,0,0.813225935915331,0.66182305977471,0,0,0,0,0.73935986159926,0,0,0,0,0,0,1.23436506835812,0.905226001991838
S100a11,0.762084936912695,0,0,1.24246334497279,1.29990932541129,0.693334390945073,1.37988824135106,0,1.03896822743438,0.839049766881026,0,0,0,0,0,0,1.12832109934935,0,2.16016081725621,0,0,0,1.37047732928361
S100a4,0,0,0,0,0,0,0,0,0,0.372275764208471,0,0,0,0,0,0,0,0,0,1.33964278741447,0,0,0
S100a6,0.951168839285642,0.375738962436274,0,2.49455055661621,0,0,2.3712332532615,0.797173240981209,2.29020533427303,1.25094188004403,0,0,0,0.27681338168163,0.930574493248918,1.42359189125526,1.18275474509305,0,1.43222096907357,1.35487194113744,0.39537528681828,1.26988547492779,1.52701975676364
S100a8,0,0,0,0,0,0,0,0,0,0,0,0,0,0,0,0,0,0,4.71477449678647,0,0,0,0
S100a9,0,0,0,0,0,0,0,0,0,0,0,0,0,0,0,0,0,0,4.00699697401841,0,0,0,0
S1pr1,0,0,0,0,0,0,0,0,0,0,0,0,0,0,0,0,0,0,0,0,0,0,0
Scarb1,0,0,0,0,0,0,0,0,0,0,0,1.06188770458725,0,0,0,0,0,0,0,0,0,0,0
Scg2,0,1.81598325298809,0,0,0,0.76843002790299,0,0,0,0,0,0,0,0,0,0,0,0,0,0,0,0,0
Scg3,0,0.705889993354135,0,0,0,0,0,0,0,0,0,0,0,0,0,0,0,0,0,0,0,0,0
Scg5,0,0.820030430452989,0,0,0,1.32311068681337,0,0,0,0,0,0,0,0,0,0,0,0,0,0,0,0,0
Sdpr,0,0,0,0,0,0,0,0,0,0,0,0.727657115623732,0,0,1.39239109252324,0,0,0,0,0,0,0,0
Selenop,0.34928658889222,0,0,0.543681669515102,0,0,0.566745878450499,0,0.988114364079453,0,0,0,2.50606810131006,0,0.913719657482801,0,0,0,0,0,0,0,0
Serinc3,0.366997117227661,0,0,0,0,0,0,0,0,0,0,0.997573588990105,1.54603204867204,1.05692276639236,1.09382049305976,0,0,0.738410107159659,0,0.611057916754173,0,0.983811375890773,0
Serpine2,0,0,0,0,0,0,0,0,0.988114364079453,0,0,0,0,0,0,0,0,0,0,0,0,0,0
Serpinf1,0,0,0,1.44016476032735,0,0,0.723461693194326,0,0.823476716846179,0,0,0,0,0,0,0,0,0,0,0,0,0,0
Serping1,0,0,0,1.80336148065465,0,0,1.59069439553248,0,1.41764298890023,0,0,0,0,0,0,0,0,0,0,0,0,0,0
Serpinh1,0.637112843169951,0,0,1.83330774133224,0,0,1.68449411753751,0,1.90837832997863,0,0,0,0,0,0,0,0,0,0,0,0,0,1.40894721342339
Sgk1,0,0,0,0,0,0,0,0,0,0,0,0,0,0,0,0,0,0,0,0,0,0,0
Sh3bgrl3,0.624570388125328,0,0,0,0.553186716038711,0,0,0,0,1.46200867857549,0,0,0.960823137076398,0,0,0,0,0,1.05234136892905,0.667231457115562,0,1.3968647094557,0
Slc3a2,0,0,0,0,0,0,0,0,0,0,0,0,0,0.648383481563631,0,0,0,0,0,0,0,0,0
Slc43a3,0,0,0,0,0,0,0,0,0,0,0,0,0,0,0,0,0,0,0,0,0,0,0
Slc6a6,0,0,0,0,0,0,0,0,0,0,0,0,0,0,0,0,0,0,0,0,0,0,0
Slc9a3r2,0,0,0,0,0,0,0,0,0,0,0,0.887566461308768,0,1.20732565857715,0,0,0,0,0,0,0,0,0
Slfn5,0,0,0,0,0,0,0,0,0,0,0,0,0,0,0,0,0,0,0,0,0,0,0
Smoc2,0,0,0,0,0,0,0,0,1.45253221957769,0,0,0,0,0,0,0,0,0,0,0,0,0,0
Snca,0,0,0,0,0,0,0,1.10918272953395,0,0,0,0,0,0,0,0,0,0,0,0,0,0,0
Snrk,0,0,0,0,0,0,0,0,0,0,0,0,0,0,0,0,0,0,0,0,0,0,0
Sox9,0,0,0,0,0.662759495858668,0,0,0,0,0,0,0,0,0,0,0,0,0,0,0,0,0,0
Sparc,1.74021216755206,1.03843534424952,2.18027169209947,4.39596307270362,1.1973757301186,1.17670946090585,3.87751414167825,1.49422441271317,3.93044599495046,0.676090494021586,1.63511517444718,2.82446198868214,1.3626266838438,2.88090655474255,2.30093502511499,2.84865294404014,2.75823414961785,1.41204793882475,2.0323972479712,1.35487194113744,3.30872193029814,1.43222096907357,3.99085490278244
Sparcl1,0,0,0,1.58590409063258,0,0,0,0,1.07373150659496,0,0,1.30603899055541,0,1.09079579735277,0,0,1.35487194113744,0,0,0,0,0,0
Spink1,0,0,0,0,0,0,0,0,0,0,2.3825304554385,0,0,0,0,0,0,0,0,0,0,0,0
Spp1,0.493038128166666,0.375738962436274,0.662125618502517,0,4.74257731554278,0.592610603896205,0,0.846886023125366,0,0,0.898955488445508,0.415958799106893,0,0.586915741328984,0,1.91047844759994,0,0,1.42437129088687,1.09115565502318,0.39537528681828,1.04137327748858,1.37047732928361
Sptbn1,0,0,0,0.543681669515102,0,0,0,0,0,0,0,0.770185817482637,0,0,0,0,0,0,0,0,0,0,0
Srgn,0,0,0,0,0,0,0,0,0,0.871816909476373,0,0.921444675543701,0,0.951143435185766,0,0,0,0,2.63330800853035,1.01098491372439,0,1.00797216720713,0
Sst,0.107036489552961,0,0,0,0,0.885307888822398,0,0,0,0,0,0,0,0,0,1.36475817860807,0,0,0,0,0,0,1.37047732928361
Stab1,0,0,0,0,0,0,0,0,0,0,0,0,1.19764510305887,0,0,0,0,0,0,0,0,0,0
Stc1,0,0,0,0,0,0,0,0,0,0,0,0,0,0,0,0,0,0,0,0,0,0,0
Sult1a1,0,0,0,0,0,0,0,0,0,0,0,0,0,0,0,0,0,0,0,0,0,0,0
Sycn,0,0,0,0,0,0,0,0,0,0,3.49704926831636,0,0,0,0,0,0,0,0,0,0,0,0
Tagln2,0.771501778985068,0,0,0.401250203300232,0.966293150207661,0,0,0,0,0.503880023433846,0,0,0,0,0.746568222429553,0,0,0,0,0,0,0.64546514288742,1.04865864058276
Tcf4,0,0,0,0,0,0,0,0,0,0,0,0,0,0,0,0,0,0,0,0,0,0,0
Tff2,0,0,0,0,0,0,0,0,0,0,2.33054719255297,0,0,0,0,0,0,0,0,0,0,0,0
Tgfbi,0,0,0,0,0,0,0,0,0,0,0,0,0,0,0,0,0,0,0,0,0,0,0
Thbd,0,0,0,0,0,0,0,0,0,0,0,0,0,0,0.471615080874212,0,0,0,0,0,0,0,0
Thy1,0.107036489552961,0,0,0.756544448528671,0,0,0,0,0,0,0,0,0,0,0,0,0,0,0,0,0,0,0
Tie1,0,0,0,0,0,0,0,0,0,0,0,0,0,0,0,0,0,0,0,0,0,0,0
Timp2,0.135382876453096,0,0,0.901635567859729,0,0,1.49746987374314,0,0.876739325208809,0,0,0,0,0,0,0,0,0,0,0,0,0,0
Timp3,0,0,0,0.520331096091861,0,0,0.643571212927326,0,0,0,0,0.978487182458099,0,1.07244972514916,0.930574493248918,0,1.40666460799511,0,0,0,2.46512156406,0,0.905226001991838
Tinagl1,0,0,0,0,0,0,0,0,0,0,0,0,0,0,0,0,0.671765271493683,0,0,0,0,0,0
Tm4sf1,0,0,0,0,0,0,0,0,0,0,0,1.07954676162015,0,2.30989725251856,1.69225743701474,0,1.23666741656147,0,0,0,0,0,0
Tm4sf4,0,0,0,0,0.978134221429637,0,0,0,0,0,0,0,0,0,0,0,0,0,0,0,0,0,0
Tmem176a,0.13209898905369,0,0,0,0.804174474335369,0,0,0,0,0,0,0,0,0,0,0,0,0,0,0,0,0,0
Tmem176b,0.16677369733315,0,0,0,1.17442004329598,0,0,0,0,0,0,0,1.04621839542993,0,0.595340637977403,0,0,0,0,0,0,0,0
Tmem204,0,0,0,0,0,0,0,0,0,0,0,0.173713985244356,0,0,0,0,0,0,0,0,0,0,0
Tmem27,0,0.638184034964875,0,0,0,1.5689489480628,0,0,0,0,0,0,0,0,0,0,0,0,0,0,0,0,0
Tmem88,0,0,0,0,0,0,0,0,0,0,0,0.793722608933788,0,0,0.746568222429553,0,0,0,0,0,0,0,0
Tmsb10,0.892177427405484,0,0,1.50557094766519,1.50031085806032,0.509193866336204,1.60010721483809,0,1.62897907525196,1.97311613675512,0,0,0,0,1.2258115882613,1.32344151965377,0,0.838467968001676,0.950073405775043,1.81579283409253,0.615464267807419,2.06162332342779,1.19228185902146
Tnfaip1,0,0,0,0,0,0,0,0,0,0,0,0,0,0,0,0,0,0,0,0,0,0,0
Tnxb,0,0,0,0,0,0,1.16108369272258,0,0,0,0,0,0,0,0,0,0,0,0,0,0,0,0
Tpm4,0.381560388379013,0,0,0,0,0,0,0,0,0,0,0,0,0,0.434113486434659,0,0,0,0,0,0,0,0
Tppp3,0,0,0,0,0,0,0.742247716143625,0,0,0,0,0,0,0,0,0,0,0,0,0,0,0,0
Trf,0,0,0,0,0,0,0,0,0,0,0,0,1.13742744097875,0,0,0,0,0,0,0,0,0,0
Try4,0.13209898905369,0.372047676103674,0,0,0.449898744214446,0,0,0.877302204072726,0,0.201028408766181,5.3605195253802,0,0.680019363502425,0,0,1.50821665199548,0,0.968769165763568,1.37480060171481,0,0,0,0
Try5,0.37909335060742,0.24363455282089,0,0,0,0,0,0,0,0,4.73906014906339,0,0,0,0,1.39090673283568,0,0,0,0,0.460566071121666,0,0.905226001991838
Tsc22d1,0.107036489552961,0,0,0,0,0,0,0,0,0,0,0,0,1.16417419244367,0,0,0,0,0,0,0,0,0
Tspan4,0.107036489552961,0,0,0,0,0,0,0,0,0,0,0,0,0,0,0,0,0,0,0,0,0,0
Tstd1,0,0,0,0,0.912496209790183,0,0,0,0,0,0,0,0,0,0,0,0,0,0,0,0,0,0
Ttr,0.333454997703314,1.40460625196923,0,0,0.74778360838143,3.26190065712978,0,0,0,0,0,0,0,0,0,0,0,0,0,0,0,0,0
Tuba1a,0.414836644643924,0,0,0.701410044869365,0,0,0.773844321019472,0,0,0,0,0,0,0,0,0,0,0,0,0,0,0,0
Txnip,0,0,0,0,0,0,0,0,0.460878616357901,0,0,0.544851876543673,0,0.909300593154594,0.73935986159926,0,0.808912478387242,0,0,0,0,0,0
Tyrobp,0,0,0,0,0,0,0,0,0,1.39760383201959,0,0,1.3576808696611,0,0,0,0,0,2.06579332103501,2.30867352324667,0,0,0
Ubc,0.640193940915291,0.315120266760931,0,0.543681669515102,0.896010447476812,0,0.723650832250507,0,0.629921412800419,0.826997057844975,0,0.91006614255112,0,0,0.913719657482801,0,0,0.738410107159659,0,0.667231457115562,0,0,0
Ube2l6,0,0,0,0,0,0,0,0.671765271493683,0,0,0,0,0,0,0,0,0,0,0,0,0,0,0
Ucn3,0,0.541146468778638,0,0,0,0,0,0,0,0,0,0,0,0,0,0,0,0,0,0,0,0,0
Ucp2,0,0,0,0,0,0,0,0,0,0.72410298622921,0,0,0,0,0,0,0,0,0,1.12170854259297,0,0,0
Unc93b1,0,0,0,0,0,0,0,0,0,0,0,0,0,0,0,0,0,0,0,0,0,0,0
Ushbp1,0,0,0,0,0,0,0,0,0,0,0,0,0,0,0,0,0,0,0,0,0,0,0
Vim,0.877927658065724,0,0,1.14472658302469,0,0,1.11754033338194,0,0.931051870269383,0.877731594538671,0,0,0,0,0.826454444781208,0,1.01553934351269,0,0,0,0,0,1.04865864058276
Wfdc17,0,0,0,0,0,0,0,0,0,0,0,0,0.707879714790609,0,0,0,0,0,0,1.03896822743438,0,0,0
Zbtb20,0,0,0,0,0,0,0,0,0.606784880638976,0,0,0,0,0,0,0,0,0,0,0,0,0,1.19228185902146
Zfp36,0,0,0,0,0,0,0,0,0,0,0,0,0,0,1.39239109252324,0,0,0,0,0,0,0,0
Zg16,0,0,0,0,0,0,0,0,0,0,3.9234744808625,0,0,0,0,0,0,0,0,0,0,0,0
