,Placenta_1,Placenta_3,Placenta_9,unassigned,Placenta_27,Placenta_6,Placenta_5,Placenta_19,Placenta_23,Placenta_15,Placenta_10,Placenta_11,Placenta_7,Placenta_22,Placenta_13,Placenta_25,Placenta_4,Placenta_2,Placenta_14,Placenta_16,Placenta_8,Placenta_26,Placenta_28,Placenta_12,Placenta_21,Placenta_17,Placenta_18,Placenta_24,Placenta_20
1500009L16Rik,0,0,0,0,0,0,1.06366967229913,0,0,0,0,0,0,0,0,0,0,0,0,0,0,0,0,0,0,0,0,0,0
1600012P17Rik,1.71468028630974,0,0,0,0,0,0,0,0,0,0,0,0,0,0,0,0,0,0,0,0,0,0,0,0,0,0,0,0
1700025G04Rik,0,0,0,0,0,0,0,0,0,0,0,0,0,0,0,0,0,0,0,0,0,0,0,0,0,0,0,0,0
2010204K13Rik,0,0,0,0,0,0,0,0,0,0,0,0,0,0.20524514529766,0,0,0,0,0.86790864945783,0,0,0,0,0,0,0,0,0,0
3830417A13Rik,0,0,0,0,0,0,0,0,0,0,0,0,0,0,0,0,0,0.942975706284759,0,0,0,0,0,0,0,0,0,0,0
4930486L24Rik,0,0,0,0,0,0,0,0,0,0,0,0,0,0,1.63477284602205,0,0,0,0,0,0,0,0,0,0,0,0,0,0
AA467197,0,0,0,0,0,0,0,1.29054292327897,0,0,0,0,0,0,0,0,0,0,0,0,0,0,0,0,0,0,0,0,0
Acod1,0,0,0,0,0,0,0,0,0,0,0,0,0,0,0,0,0,0,0,0,0,0,0,0,0,0,0,0,0
Acta2,0,0,0,0,0,0,0,0,0,0,0,1.21746276527572,0,4.25116993005599,0,0,0,0,0,0,0,0,0,0,0,0,0,0,0
Actg2,0,0,0,0,0,0,0,0,0,0,0,0,0,2.89078207952342,0,0,0,0,0,0,0,0,0,0,0,0,0,0,0
Ada,0,0,0,0,0,0,0.775568878686434,0,0,0,0,0,0,0,0,0,0,0,0,0,0,0,0,0,0,1.08101470306684,0,0,0
Adgre5,0,0,0,0,0,0,0,0,0,0,0,0,0,0,0,0,0,0,0,0,0,0,0,0,0,0,0,0,0
Afp,0,0,0,0,0,0,0,0,0,0,0,0,0,0,0,0,0,0,6.30106692552122,0,0,0,0,0,0,0,0,0,0
Aif1,0,0,0.865394075782497,0,0,0,0,0,0,0,0,0,0,0,0,0,0,0,0,0,0,0,0,0,0,0,0,0,0
Alas2,0,0,0,0,0,0,0,0,0,0,0,0,0,0,0,0,0,0,0,0,0,0,0,0,0,0,0,0,0
Alox5ap,0,0.753055783641017,0,0,1.29890128334407,0,0,0,0,0,0,0,0,0,0,0,0,0,0,0,1.27353960546997,0,0,0,1.94768909382221,0,0,0,0
Anxa1,0,0,0,0,0,0,0,0,0,0,0,0,0,0,0.730841336419592,0,0,0,0,0,0,0,0,0,0,0,0,0,0
Anxa2,0,1.64698760084191,0,0,1.12939453710537,0,1.77841863452501,1.31770299476563,0,0.582370784635115,0,1.23909893021932,1.68612815591694,0.999146447347411,0,1.60818874746709,0,0,0,0,0,0.803510240430972,0,1.21935615552626,1.1131808514068,0,0,0,0
Apoa1,0,0,0,0,0,0,0,0,0,0,0,0,0,0,0,0,0,0,4.86427454426205,0,0,0,0,0,0,0,0,0,0
Apoa2,0,0,0,0,0,0,0,0,0,0,0,0,0,0,0,0,0,0,4.35872655680228,0,0,0,0,0,0,0,0,0,0
Apoa4,0,0,0,0,0,0,0,0,0,0,0,0,0,0,0,0,0,0,2.66373639021857,0,0,0,0,0,0,0,0,0,0
Apoc1,0,0,0,0,0,0,0,0,0,0,0,0,0,0,0,0,0,0,2.00809461656941,0,0,0,0,0,0,0,0,0,0
Apoe,0,1.40383672958837,3.81033650700599,1.14410831955582,1.55400383357863,0,0,0,0.365884845666389,0,0,0,0,0,0,0,1.47810010048782,0,2.40328601834408,1.26279490705016,0,0,0,0,0.908512829972024,0,1.34599431770625,1.43736769227631,2.11145396861968
Apom,0,0,0,0,0,0,0,0,0,0,0,0,0,0,0,0,0,0,2.3292594828039,0,0,0,0,0,0,0,0,0,0
Aprt,1.11635351215245,1.03197724884242,0,0,1.22412597959087,0,2.14124263445835,0,0.767790193481183,1.39779077117999,1.13926215065518,0,0,0,0.914512286700805,0.320072688349837,0,1.65861169859334,1.33477988310296,0,0,0,0.373224312972288,1.03208759353342,0.812464604855891,2.02779069523174,0,0,0
Aqp8,0,0,0,0,0,1.66012213319864,0,0,0,0,0,0,0,0,0,0,0,0,0,0,0,0,0,0,0,0,0,0,0
Arg1,0,1.1135836273765,0,0,0,0,0,0,0,0,0,0,0,0,0,0,0,0,0,0,0,0,0,0,0,0,0,0,0
Arhgap45,0,0,0,0,0,0,0,0,0,0,0,0,0,0,0,0,0,0,0,0,0,0,0,0,0,0,0,0,0
Arhgdib,0,0,0,0,1.02041249553488,0,0,0,0,0,0,0,0,0,0,0,0,0,0,0,0,0,0,0,0,0,0,0,0
Atf3,0,0,0,0,0.878856561905616,0,0,0,0,0,0,0,1.34128144728201,0,0,0,0,0,0,0,0.849979272796783,0,0,0,0,0,0,0,0
AW112010,0,0,0,0,0,0,0,1.30649424710921,0,0,0,0,0,0,0,0,0,0,0,0,0,1.65119506649516,0,0,0,0,0,0,0
B2m,0,3.58909032369681,3.32064275090941,2.28144795873707,1.65495169219974,0.670861164970189,0,2.36531280790989,1.12598644274703,1.38211624899825,0.82910626738552,1.15447253937481,1.05276397877406,0.631988279546667,3.49574066503052,2.38927170993919,3.67632788474225,0,1.01198348092436,1.26933094169246,2.89363990843529,3.13192188900799,0,1.52448562152226,1.58086063895306,0,2.45516808988018,2.69297182775674,1.70372485048522
Bcl2a1b,0,0,0,0,0,0,0,0,0,0,0,0,0,0,0,0,0,0,0,0,0,0,0,0,0,0,0,0,0
Bex1,0,0,0,0,0,0,0,0,0,0,0,0,0,0,0,0,0,0.628287473404839,1.29000236463479,0,0,0,0,0,0,0,0,0,0
Bex2,0,0,0,0,0,0,0,0,0,0,0,0,0,0,0,0,0,0,1.33920031687966,0,0,0,0,0,0,0,0,0,0
Bex3,0,0,0,0,0,0,0.289610745125416,0,0.384083639972883,0,0,0,1.46945753406496,0,0,0,0,0,1.34187302941573,0,0,0,0,0,0,0,0,0,0
Bex4,0,0,0,0,0,0,0,0,0,0,0,0,0,0,0,0,0,0,1.51501699344683,0,0,0,0,0,0,0,0,0,0
Bglap3,0,0,0,0,0,0,0,0,0,0,0,0,0,0,0,0,0,0,0,0,0,0,0,0,0,0,0,0,0
Blvrb,0,0,0,0,0,0,0,0,0,0,0,0,0,0,0,0,0,0,0,0,0,0,0,0,0,0,0,0,0
Bst2,0,0.897597546136224,0.939096776892615,0,0,0,0,0,0,0.567939584713088,0,0,0,0,0,0,0,0,0,0,0,0,0,0,0,0,0,0,0
Btg2,0,0,0,0,0.312327519554097,0,0,0,0,0,0,0,0,0,0,0,0.882517439153623,0,0,0,0,0,0,0,0,0,1.39133554485444,0,0
C1qa,0,0,1.73325492172316,0,0,0,0,0,0,0,0,0,0,0,0,0,0,0,0,0,0,0,0,0,0,0,0,0,0
C1qb,0,0,2.22079697200329,0,0,0,0,0,0,0,0,0,0,0,0,0,0,0,0,0,0,0,0,0,0,0,0,0,0
C1qc,0,0,2.14542172767619,0,0,0,0,0,0,0,0,0,0,0,0,0,0,0,0,0,0,0,0,0,0,0,0,0,0
C3ar1,0,0,0,0,0,0,0,0,0,0,0,0,0,0,0,0,0,0,0,0,0,0,0,0,0,0,0,0,0
Cald1,0,0,0,0,0,0,0.482525570165162,0,0,0,0,0,0,1.41379611061295,0,0,0,0,0,0,0,0,0,0,0,0,0,0,0
Calr,2.00677721439867,0.63049003030744,0,0,0.159569084396757,0.839892702231472,0,0.229327617993344,0.629874889427477,1.48555087478347,1.08735375112357,0.822496555716957,0.96887596125211,0.783602719115273,0,0.738546616568756,0,0,0,0,0,0,0,0,0,0,0,0,0
Capg,0,1.3635850577302,0,0,0.722950054805064,0,0,0,0,0,0,0,0,0,0,1.10845716871162,0,0,0,0,0,0,0,0,0,0,0,0,0
Car2,0,0,0,0,0,0,2.95015089036096,0,0,1.31861419896781,1.26234995391298,0,0,0,0,0,0,0,0,0,0,0,0,0,0,0,0,0,0
Ccl12,0,0,0,0,0,0,0,0,0,0,0,0,0,0,0,0,0,0,0,0,0,0,0,0,0,0,0,0,0
Ccl2,0,1.11140811244757,0,0,0,0,0,0,0,0,0,0,0,0,0,0,0,0,0,0,0,0,0,0,0,0,0,0,0
Ccl27a,0.951448295825157,0,0,0,0,0,0,0,0,0,0,0,0,0,0,0,0,0,0,0,0,0,0,0,0,0,0,0,0
Ccl3,0,0,1.34081594987565,0,0,0,0,0,0,0,0,0,0,0,0,0,0,0,0,0,0,0,0,0,3.61057411288391,0,0,0,0
Ccl4,0,0,1.26987312902093,0,0,0,0,0,0,0,0,0,0,0,0,0,0,0,0,0,0,0,0,0,2.817556254224,0,0,0,0
Ccl5,0,0,0,0,0,0,0,0,0,0,0,0,0,0,0,0,0,0,0,0,0,1.1357956459609,0,0,0,0,0,0,0
Ccl6,0,2.80192883651988,0,0.993794422082482,1.58174503306503,0,0,0,0,0,0,0,0,0,0,0,1.6329704004871,0,0,1.05751093580555,1.2830726133295,0,0,0,2.04038724845331,0,2.11656660641576,1.2830726133295,1.60628905601221
Ccl7,0,1.01680020770655,0,0,0,0,0,0,0,0,0,0,0,0,0,0,0,0,0,0,0,0,0,0,0,0,0,0,0
Ccl8,0,0,0,0,0,0,0,0,0,0,0,0,0,0,0,0,0,0,0,0,0,0,0,0,0,0,0,0,0
Ccl9,0,1.48098854967609,0,0,1.13583595244142,0,0,0,0,0,0,0,0,0,0,0,0.699871031167938,0,0,0,0,0,0,0,3.16669240356346,0,0,0,0
Ccr2,0,0,0,0,0.840802033069382,0,0,0,0,0,0,0,0,0,0,0,0,0,0,0,0,0,0,0,0,0,0,0,0
Ccr7,0,0,0,0,0,0,0,0,0,0,0,0,0,0,0,0,0,0,0,0,0,0,0,0,0,0,0,1.21553606398409,0
Ccrl2,0,0,0,0,0,0,0,0,0,0,0,0,0,0,0,0,0,0,0,0,0,0,0,0,0,0,0,0,0
Cd209a,0,0,0,0,0,0,0,0,0,0,0,0,0,0,0,0,0,0,0,0,0,0,0,0,0,0,0,0,0
Cd24a,0,0,0,0,0,0,0,0,0,0,0,0,0,0,0,1.71267660206773,0,0,0,0,0,0,0,0,0,0,0,0,0
Cd34,0,0,0,0,0,0,0,0,0,0,0,0,0,0,0,0,0,0,0,0,0,0,0,0.797124072774391,0,0,0,0,0
Cd36,0,0,0,0,0,0,0,0,0,0,0,0,0,0,0,0,0,0,0,0,0,0,0,0.83664723383822,0,0,0,0,0
Cd52,0,1.10964128799874,0,0,1.91611274285009,0,0,0,0,0,0,0,0,0,0,0,2.15723452334486,0,0,0,2.03149403728061,2.15299165669426,0,0,1.5385584687725,0,1.6329704004871,1.62047507749076,0.693137958882802
Cd53,0,0.500062316449982,0,0,0,0,0,0,0,0,0,0,0,0,0,0,0,0,0,0,0,0,0,0,0.908512829972024,0,0,0,0
Cd63,1.26260643648985,1.90274366873279,1.14536772996128,0,0,1.95373348634654,0,0,0,0,0,2.10357720115086,2.82386462290197,1.78030042315335,2.08155544255773,0.800703424767597,0,0,2.4513506277037,0,0,0.584591669094372,0,0,1.67939379101304,0,0,0,1.51755778799002
Cd68,0,1.53227596341388,0,0,0.550759919803678,0,0,0,0,0,0,0,0,0,0.558760268599028,0,0,0,0,0,0,0,0,0,0,0,0,0,0
Cd69,0,0,0,0,0,0,0,0,0,0,0,0,0,0,0,0,0,0,0,0,0,0,0,0,1.4708880541268,0,0,0,0
Cd7,0,0,0,0,0,0,0,0,0,0,0,0,0,0,0,0,0,0,0,0,0,0,0,0,0,0,0,0,0
Cd74,0,0,0,0.704656777541188,0,0,0,0,0,0,0,0,0,0,0,0,2.58600283685512,0,0,0.522541503568746,4.84583929609092,0,0,0,0,0,1.099134766927,3.8301240287088,1.92381279354248
Cd81,0,0,0,0,0,0,0,0,0,0,0,0,0,0.787103818723122,0,0.701289046077778,0,0,0,0,0,0,0,0.817852767705844,0,0,0,0,0
Cd83,0,0,0,0,0,0,0,0,0,0,0,0,0,0,0,0,0,0,0,0,0,0,0,0,0,0,0,1.02671604815015,0
Cd9,0,1.12062147131759,0,0,0,0.922468334990997,0,0,0,1.86922731194826,1.41861349786655,0,1.24582289406488,0,0,1.45351975067182,0,0,0.582613218340743,0,0,0,1.78680841787258,0,1.37503515175503,0,0,0,0
Cdkn1a,0,0.888760777586864,0,0,0,0,0,0,0,0,0,0,0,0,0,0.701289046077778,0,0,0,0,0,0,0,0,0,0,0,0,0
Cdkn1c,0,0,0,0,0,0,2.377204906158,0,0,3.42642759162271,3.20964698287891,1.28574985494786,0,0.54228283612751,0,0,0,2.88350823650256,1.75301484766954,0,0,0,0,4.17391182283746,0,0,0,0,0
Ceacam11,4.5993608139438,0,0,0.700072539423477,0.517684490497827,0,0,0,0,0,0,0,0,0,0,0,1.13666159849201,0,0,1.23017849014878,0,1.1357956459609,0.888758216612428,0,0,2.48687647522912,1.5385584687725,1.62047507749076,2.38150687584718
Ceacam12,3.7615813771724,0,0,0,0,0,0,0,0,0,0,0,0,0,0,0,0,0,0,0,0,0.876073274030344,0,0,0,1.65216442944379,0,0,1.56270283826726
Ceacam13,1.85130854520101,0,0,0,0,0,0,0,0,0,0,0,0,0,0,0,0,0,0,0,0,0,0,0,0,0.427260485852862,0,0,0
Ceacam14,4.2761627639882,0.482203997479151,0,1.15896788692689,0,0.745215550251421,0.289610745125416,0.624479050078981,0,0,0,0.696944882040092,0,0.544943391554298,0,0.320072688349837,1.14706125376797,0,0,1.51150032482478,1.14746934239551,1.29059296018266,0,0,0.908512829972024,2.42537379264813,1.59953762265623,1.67177011454167,2.4348999325155
Ceacam3,0,0,0,0,0,0,0,0,0,0,0,0,0,0,0,0,0,0,0,0,0,0,0,0,0,0,0,0,0
Ceacam5,1.35672920891578,0,0,0,0,0,0,0,0,0,0,0,0,0,0,0,0,0,0,0,0,0,0,0,0,0,0,0,0
Cfp,0,0,0,0,0.251458484377225,0,0,0,0,0,0,0,0,0,0,0,0,0,0,0,0,0,0,0,0,0,0,0,0
Chil3,0,0,0,0,0,0,0,0,0,0,0,0,0,0,0,0,2.50571042100297,0,0,0,0,0,0,0,0,0,0,0,1.48683991695708
Cited1,0.431626062442565,0,0,0,0,1.34758559262839,0,0,0,0,0,0,0,0,0,0,0,0,0.610133813390376,0,0,0,0,0,0,1.19340701364965,0,0,0
Cited2,0,0,0,0,0,0,0,0,0,0,0,0,0,0,0,0,0,0,0,0,0,0,0,0,0,0,0,0,0
Cldn5,0,0,0,0,0,0,0,0,0,0,0,0,0,0,0,0,0,0,0,0,0,0,0,0.914774990426337,0,0,0,0,0
Clec4a1,0,0,0,0,0,0,0,0,0,0,0,0,0,0,0,0,0,0,0,0,0,0,0,0,0,0,0,0,0
Clec4a3,0,0,0,0,0,0,0,0,0,0,0,0,0,0,0,0,0,0,0,0,0,0,0,0,0,0,0,0,0
Clec4d,0,0.645692899938745,0,0,0,0,0,0,0,0,0,0,0,0,0,0,0,0,0,0,0,0,0,0,0,0,0,0,0
Clec4e,0,0,0,0,0,0,0,0,0,0,0,0,0,0,0,0,0,0,0,0,0,0,0,0,0,0,0,0,0
Clec4n,0,1.1618544746487,0,0,0,0,0,0,0,0,0,0,0,0,0,0,0,0,0,0,0,0,0,0,0,0,0,0,0
Clec7a,0,0,0,0,0,0,0,0,0,0,0,0,0,0,0,0,0,0,0,0,0,0,0,0,0,0,0,0,0
Clic1,0,1.10417093153144,1.19663331817684,0,1.36822778723594,0,0,0.711724414540609,0.687115535514266,0,0,0.8733784360432,0.661935462011067,0.892792772462723,0,1.10845716871162,1.08664143759403,0,0,0,1.0634300821724,0.918469288067532,1.02041249553488,1.40028625497321,1.35432783653661,0,0,0,0
Clps,0,0,0,0,0,0,0,0,0,0,0,0,0,0,0,0,0,0,0,0,0,0,0,0,0,0,0,0,0
Clu,0,0,0,0,0,0,0,0,0,0,0,0,0,0,0,2.54334872177976,0,0,0,0,0,0,1.44009782138896,0,0,0,0,0,0
Cmtm7,0,0,0,0,0,0.424093031939052,0,0,0,0,0,0,1.00516019985525,0,0,0,0,0,0,0,0,0,0,0,0,0,0,0,0
Col1a1,0,0,0,0,0,0,0,0,0,0,0,2.46004678340481,0,1.47565297262499,0,0,0,0,0,0,0,0,0,0,0,0,0,0,0
Col1a2,0,0,0,0,0,0,0,0,0,0,0,3.24912441194315,0,1.79037353309874,0,0,0,0,0,0,0,0,0,0,0,0,0,0,0
Col3a1,0,0,0,0,0,0,0,0,0,0,0,2.39673188979462,0,1.46202823047147,0,0,0,0,0,0,0,0,0,0,0,0,0,0,0
Col4a1,0,0,0,0,0,1.66614026163828,0,0,0,0,0,0,2.87569214799705,0,0,0,0,0,0,0,0,0,0,0,0,0,0,0,0
Col4a2,0,0,0,0,0,2.33392330659418,0,0,0,0,0,0,3.54743999158303,0.337037690829851,0,0,0,0,0,0,0,0,0,1.17601236003213,0,0,0,0,0
Coro1a,0,0,0,0,1.81733881228737,0,0,0,0,0,0,0,0,0,0,0,1.61343749004128,0,0,0,1.51525869391657,1.16633310624857,0,0,1.53934862597741,0,0,1.21553606398409,0
Cotl1,0,1.06120830976819,1.0595984665566,0,1.36391841831976,0,0,0,0,1.24033613275512,0.936043775202699,0,0,0,0,0,1.15127690136039,0,0,0,0,0.570828386014626,0,0,1.03411705857344,0,0,0,0
Cpe,0,0,0,0,0,0,0,0,0,0,0,0,0,0,1.30786247678792,0,0,0,0,0,0,0,0,0,0,0,0,0,0
Creg1,5.41145889762202,1.79325205040374,1.50324825450295,1.70669673715553,1.21994104530684,1.23391841308705,1.22707314852699,1.15397003671958,1.08134595607414,0.800673937564673,0.89740114795115,1.15511083284273,1.11397224153931,0.812685973896591,1.39857180588317,0.756950724934928,1.65582701569221,0.728528735728379,1.54970369843141,2.02565920261915,1.62047507749076,2.01542096146945,1.87060366938968,1.24582289406488,1.80836652482812,3.5396223188618,2.3743536741993,2.21772157450162,3.32876941935609
Crip1,0,1.41828252859143,0,0.526656466047299,0.937603274760796,1.00423316327482,0,0,0.483097257747285,0,0,1.38813622578346,1.53226897648315,2.69126402584431,0,0,1.8822802058462,0,1.68612877138813,0,2.59807760792048,1.27144159154984,0,1.56593169159144,1.46164330443795,0,0,1.2830726133295,0
Cryab,0,0,0,0,0,0,0,0,0,0,0,0,0.817019049054756,0.925693789435651,2.40178165869733,0,0,0,0,0,0,0,0,0,0,0,0,0,0
Csf1r,0,0,0.91507915218989,0,0,0,0,0,0,0,0,0,0,0,0,0,0,0,0,0,0,0,0,0,0,0,0,0,0
Csf2ra,0,0,0,0,0.566919566020921,0,0,0,0,0,0,0,0,0,0,0,0,0,0,0,0,0,0,0,0,0,0,0,0
Cst3,0,1.40459240225107,2.13953076850509,1.28360668394487,1.76463216555642,1.50965341618196,0,0.42374216345496,0.571832787571021,0.716240036447262,0.47642977159223,1.10348022845019,1.66047740519531,1.08913527855152,1.59439591921965,0,2.22196014029049,0.425778401714865,0.47159465790982,0,3.2455199688941,0,0,1.05276397877406,0.812464604855891,0,1.07874797227993,1.29167497293474,1.63839096009021
Cstb,1.14662714036673,1.15191932001531,0,0,0,0,0,0,0,0.785681391800974,0.395007972526713,0,0,0,0,0,0,0,1.043016068928,0,0,0,0,0,0,1.73387446497171,0,0,0
Ctla2a,1.39388029707723,0,0,0,0,0,0.387173142034644,0.898946676633567,0,0,0,0,0,0,6.05260364246038,0,0,0,0,1.08300128373403,0,0.803510240430972,3.81929172473981,1.07653150025754,0,1.02154818398389,0.987594746010718,0,1.63839096009021
Ctla2b,0,0,0,0,0,0,0,0,0,0,0,0,0,0,0,0,0,0,0,0,0,0,1.39133554485444,0,0,0,0,0,0
Cts3,2.23417430507818,0,0,0,0,0,0,0,0,0,0,0,0,0,0,0,0,0,0,0,0,0,0,0,0,0,0,0,0
Ctsb,1.69487537926989,2.96596081837762,2.83540033728271,1.65861169859334,1.41566901280475,0.975433630635593,0.868450916023118,0.855401527965268,0,1.36172626421179,1.27885070976384,0,1.52526007143226,0,2.54648487820959,1.25035306667242,1.94925403981531,0.670998099537663,1.73367347799736,1.70229977731102,1.29059296018266,1.30040122640395,1.02041249553488,0,0,1.37096514808093,1.67557232756747,1.67177011454167,2.45063994436989
Ctsc,0,0,1.20937329151894,0,1.81736952762382,0,0,0,0,0,0,0,0,0,0,0.756950724934928,1.14621447764028,0,0,0,0,0,0,0,0,0,0,0,0
Ctsd,0,2.36657620676854,1.47383282755973,0.999443716809112,0.680989274847734,0.901191450382634,0.483383614579715,1.31571176106728,0,0.893490749920789,0.662623505613035,0,0,0,0.862357598617503,0.824373813578768,0,0.453055150779516,0.654777433734007,0.894343667786355,0,0.918469288067532,0.475909107459743,0,0,0,1.63477284602205,0,1.65985137584152
Ctsh,0,0.814528545132497,0,0,0,0,0,0,0,0,0,0,0,0,0,0.749198609385809,0,0,0,0,0,0,0,0,0,0,0,0,0
Ctsj,0,0,0,0,0,0,0,0,0,0,0,0,0,0,0,0,0,0,0,0,0,0,0,0,0,0,0,0,0
Ctsk,0,0,0,0,0,0,0,0,0,0,0,0,0,0,1.73552393862034,0,0,0,0,0,0,0,0,0,0,0,0,0,0
Ctsl,1.92428659094688,1.98554797593223,1.43941458872638,1.00452167849393,0.784919726466753,2.41967369155456,1.11160160468292,0,0,0.459081807084336,0,1.38854786041171,4.46987501424018,1.06307103506781,2.93983087792202,2.12799847143692,0,0,3.26396560101521,0,0,0,0,1.4666055304854,0,0.94542535069049,0,0,1.67200881348704
Ctsm,1.26484611492522,0,0,0,0,0,0,0,0,0,0,0,0,0,0,0,0,0,0,0,0,0,0,0,0,0,0,0,0
Ctsr,0,0,0,0,0,0,0,0,0,0,0,0,0,0,0,0,0,0,0,0,0,0,0,0,0,0,0,0,0
Ctss,0,2.90385956448124,1.48099319844346,1.07030290666599,1.59387858492794,0,0,0,0,0,0,0,0,0,0,0,2.49343838172449,0,0,0,1.55939532966214,0,0,0,0,0,1.07874797227993,1.21553606398409,1.45990485555057
Ctsz,0,1.05417320142033,0.654878177163144,0,0.566919566020921,0,0,0,0,0,0,0,0,0,0,0,0,0,0.412508208054719,0,0,0,0,0,0,0,0,0,0
Cxcl10,0,0,0,0,0,0,0,0,0,0,0,0,0,0,0,0,0,0,0,0,0,0,0,0,0,0,0,0,0
Cxcl2,0,0,0,0,0,0,0,0,0,0,0,0,0,0,0,0,0,0,0,0,0,0,0,0,0,0,2.24282056182601,0,0
Cyba,0,1.82531194412577,1.28254492146987,0,1.53715741773947,0,0,0,0,0,0,0,0,0,0,0.980867224835685,1.41132361157175,0,1.28931679406168,0,1.14746934239551,1.1357956459609,1.36398846731896,0,1.1131808514068,0,1.39260666954569,0,0
Cybb,0,0,0,0,0.159569084396757,0,0,0,0,0,0,0,0,0,0,0,1.2127823050846,0,0,0,0,0,0,0,0,0,0,0,0
Cyp11a1,0,0,0,0,0,0,0,0,0,0,0,0,0,0,0,0,0,0,0,0,0,0,0,0,1.15340141332277,0,0,0,0
Cyp4f18,0,0,0,0,0,0,0,0,0,0,0,0,0,0,0,0,0,0,0,0,0,0,0,0,0,0,0,0,0
Cyr61,0,0,0,0,0,0,0,0,0,0,0,0,1.2032937745788,0,0,0,0,0,0,0,0,0,0,0,0,0,0,0,0
Cytip,0,0,0,0,0,0,0,0,0,0,0,0,0,0,0,0,0,0,0,0,0,0,0,0,0,0,0,0,0
Dab2,0,0,0,0,0,0,0,0,0,0,0,0,0,0,0,0,0,0,0,0,0,0,0,0,0,0,0,0,0
Dbi,1.81290029828782,0.772729884726061,0,0,0.851554186303304,0,1.50766205936897,0,0.676614616193622,1.17230616629863,1.40513259799881,0,0,0,1.14327129725085,0.756594797998188,0,2.3590193796198,2.16313600345512,0,0,0,0,0.618931030286042,0,2.22504278459917,0,0,0
Dcn,0,0,0,0,0,0,0,0,0,0,0,2.44027014257816,0,0,3.196531810438,0,0,0,0,0,0,0,0,0,0,0,0,0,0
Des,0,0,0,0,0,0,0,0,0,0,0,0,0,0,0.849527832985382,0,0,0,0,0,0,0,0,0,0,0,0,0,0
Dio3,0,0,0,0,0,0,0,0,0,1.06852288555285,0.946486911881479,0,0,0,0,0,0,0,0,0,0,0,0,0,0,0,0,0,0
Dlk1,0,0,0,0,0,0,0,0,0,0,0,1.67716742111301,0,0,0,0,0,0,0,0,0,0,0,2.00201205934678,0,0,0,0,0
Dpcr1,0,0,0,0,0,0,0,0,0,0,0,0,0,0,0,0,0,0,0,0,0,0,0,0,0,0,0,0,0
Dusp1,0,0.366914779516268,0.256768469013268,0,1.27101494192311,0,0,0,0,0,0,0,0,0,0,0,1.27196563496844,0,0,0,0,0,0,0,2.21591126412015,0,1.71067813058932,0,0
Dusp2,0,0,0,0,0,0,0,0,0,0,0,0,0,0,0,0,0,0,0,0,0,0,0,0,0,0,0,0,0
Ear2,0,0,0,0,0,0,0,0,0,0,0,0,0,0,0,0,0,0,0,0,0,0,0,0,0,0,0,0,0
Egr1,0,0,0,0,0,0,0,0,0,0,0,0,0,0,0,0,0,0,0,0,0,0,0,0,0,0,0,0,0
Emcn,0,0,0,0,0,0,0,0,0,0,0,0,0,0,0,0,0,0,0,0,0,0,0,0,0,0,0,0,0
Emp2,0,0,0,0,0,0,0,0,0,0,0,0,0,0,0,0,0,0,0,0,0,0,0,0,0,0,0,0,0
Emp3,0,1.1636169473245,0,0,0.722950054805064,0,0,0,0,0,0,0.750439408790002,0,0.769434019563996,0,0,0,0,0,0,0,0,0,0,0,0,0,0,0
Erv3,0,0,0,0,0,0,0,0,0,0,0,0,0,0,0.453055150779516,0,0,0,0,0,0,0,0,0,0,0,0,0,0
Esd,0,1.42081409501986,0,0,0,0,0,0,0,0,0,0,0,0,0,0,0,0,0,0,0,0,1.11635351215245,0,0,0,0,0,0
Evi2a,0,0,0,0,0,0,0,0,0,0,0,0,0,0,0,0,0,0,0,0,0,0,0,0,0,0,0,0,0
F13a1,0,0,0,0,0.276764755007704,0,0,0,0,0,0,0,0,0,0,0,0,0,0,0,0,0,0,0,0,0,0,0,0
F3,0,0,0,0,0,0,0,0,0,0,0,0,0,0,0,1.45351975067182,0,0,0,0,0,0,0,0,0,0,0,0,0
Fabp3,0,0,0,0,0,1.58811004837711,0,0,0,0,0,0,1.71401181098889,0,0,0,0,0,0.417875905338713,0,0,0,0,0,0,0,0,0,0
Fabp4,0,0,0,0,0,0,0,0,0,0,0,0,0,0,1.24783199494593,0,0,0,0,0,0,0,0,0.716549011221316,0,0,0,0,0
Fabp5,0,1.38188140439621,0,0,0,0,0,0,0,0.780980527429439,0,0,0,1.0501330367849,1.2830726133295,0,0,0,1.22266750684477,0,0,0,0,0.965337653756709,0,0,0,0,0
Fbln7,0,0,0,0,0,0,0,0,0,0,0,0,0,0,0,0,0,0,0,0,0,0,0,0,0,0,0,0,0
Fcer1g,0,1.89601095619347,2.36251664337551,1.38943353345382,1.7780641802234,0,0,1.63377742726029,0,0,0,0,0,0,0,0,2.30599952250326,0,0,0.379010281970902,1.54650018298692,1.33080557648657,0.915125504751906,0,1.87182480411063,0,1.66610254398429,1.41989086803049,2.21682696969411
Fcgr1,0,0,0,0,0,0,0,0,0,0,0,0,0,0,0,0,0,0,0,0,0,0,0,0,0,0,0,0,0
Fcgr2b,0,0,0,0,0,0,0,0,0,0,0,0,0,0,0,0,0,0,0,0,0,0,0,0,0,0,0,0,0
Fcgr3,0,0.621752564573496,1.02256616355851,0,0,0,0,0,0,0,0,0,0,0,0,0,0,0,0,0,0,0,0,0,0,0,0,0,0
Fcgr4,0,0,0,0,0,0,0,0,0,0,0,0,0,0,0,0,0,0,0,0,0,0,0,0,0,0,0,0,0
Fcgrt,0,0,0,0,0,0,0,0,0,0,0,0,0,0,0,0,0,0,0.919012941859218,0,0,0,0,0,0,0,0,0,0
Fcrls,0,0,1.19560354393584,0,0,0,0,0,0,0,0,0,0,0,0,0,0,0,0,0,0,0,0,0,0,0,0,0,0
Fgb,0,0,0,0,0,0,0,0,0,0,0,0,0,0,0,0,0,0,2.18833996848472,0,0,0,0,0,0,0,0,0,0
Fgg,0,0,0,0,0,0,0,0,0,0,0,0,0,0,0,0,0,0,2.08687945126738,0,0,0,0,0,0,0,0,0,0
Fkbp11,0,0,0,0,0,0,0,0,0,0,0,0,0,0,0,0,0,0,0,0,0,0,0,0,0,0,0,0,0
Fkbp9,0,0,0,0,0,0,0,0,0,0,0,0,0.988828244684797,0,0,0,0,0,0,0,0,0,0,0,0,0,0,0,0
Flt1,1.66735831878462,0,0,0,0,0,0,0,0,0,0,0,0,0,0,0,0,0,0,0,0,0,0,0,0,0,0,0,0
Fn1,0,0,0,0,0,0,0,0,0,0,0,0,0,0.751286392930883,0,0,0,0,0,0,0,0,0,0,0,0,0,0,0
Fos,0,0.341931421021821,0.91716405748122,0,0.653146167251944,0,0,0,0,0,0,0.931447457907007,0.912154949607659,0.294950588716816,0,0,1.37195006504949,0,0,0,1.29059296018266,0,0,0,1.26415608382961,0,1.59610577597863,0,0
Foxo4,0,0,0,0,0,0,0,0,0,0,0,0,0,0,0,0,0,0,0,0,0,0,0,0,0,0.94542535069049,0,0,0
Fst,0,0,0,0,0,0,0,0,0,0,0,0,1.15596354338539,0,0,0,0,0,0,0,0,0,0,0,0,0,0,0,0
Fstl1,0,0,0,0,0,0,0,0,0,0,0,1.28174097850446,0,1.69684301497706,0.682327712951164,0,0,0,0,0,0,0,0,0,0,0,0,0,0
Fthl17a,0,0,0,0,0,0,1.17423991257851,0,0,0.772092448308471,0,0,0,0,0,0,0,1.05806895651062,0,0,0,0,0,0,0,0,0,0,0
Ftl1-ps1,0,1.1581093372174,0,0,0,0,0,0,0,0,0,0,0,0,0,0,0,0,0,0,0,0,0,0,0,0,0,0,0
Fxyd3,0,0,0,0,0,0.99412945861283,0,0,0,0,0,0,1.01614576911702,0,0,1.57876851006123,0,0,0,0,0,0,0,0,0,0,0,0,0
Fxyd5,0,0.984842989176367,0,0,0.611628954980551,0,0,0.953103320957484,0,0,0,0,0,0,0,0,1.31824109284066,0,0,0,1.16546149348791,1.0416301751198,0,0,1.5385584687725,0,1.62224719397543,0,0
G0s2,0,0,0,0,0,0,0,0,0,0,0,0,0,0,0,0,0,0,0,0,0,0,0,0,0,0,0,0,0
Gadd45b,0,0,0,0,0,0,0,0,0,0.280738720201665,0,0,0,0,0,0,0,0,0,0,0,0,0,0,0,0,0,0,0
Gadd45g,0,0,0,0,0,0,0,0,0,0.725098539864419,0,0,0,0.783602719115273,0.849527832985382,0,0,0,0,0,0,0,0,0,0,0,0,0,0
Gatm,0,0,0,0,0,0,0,0,0,0,0,0,0,0,0,0,0,0,0,0,0,0,0,0,0,0,0,0,0
Gbp2,0,0,0,0,0,0,0,0,0,0,0,0,0,0,0,0,1.0283481881402,0,0,0,0,0,0,0,0,0,0,0,0
Gkn1,0,0,0,0,0,0,0,0,0,0,0,0,0,0,0,0,0,0,0,0,0,0,0,0,0,0,0,0,0
Gkn2,0,0,0,0,0,0,0,0,0,0,0,0,1.95305847000809,0,0,0,0,0,0,0,0,0,0,0,0,0,0,0,0
Glipr1,0,0,0,0,0,0,0,0.500103237444746,0,0,0,0,1.60645028685768,0,0,0,0,0,0,0,0,0,0,0,0,0,0,0,0
Glrx5,0,0,0,0,0,0,1.11397224153931,0,0.778763476002662,1.25416734673995,1.30266102089844,0,0,0,0,0,0,1.16026050390642,0.580569958693093,0,0,0,0,0,0,0,0,0,0
Gm5155,0,0,0,0,0,0,0,0,0,0,0,0,0,0,0,0,0,0,0,0,0,0,0,0,0,0,0,0,0
Gm5483,0,0,0,0,0,0,0,0,0,0,0,0,0,0,0,0,0,0,0,0,0,0,0,0,0,0,0,0,0
Gm9112,0,0,0,0,0,0,0,0,0,0.450141913996221,0.744328546669005,0,0,0,0,0,0,0.975733495085765,0,0,0,0,0,0,0,0,0,0,0
Gng11,0,0,0,0,0,0,0,0,0,0,0,0,0,0,0.742290744026102,0,0,0,0,0,0,0,0.373224312972288,1.31372918723794,0,0,0,0,0
Gngt2,0,0,0,0,0,0,0,0,0,0,0,0,0,0,0,0,0,0,0,0,0,0,0,0,0,0,0,0,0
Gpnmb,0,0.681800556365746,0,0,0,0,0,0,0,0,0,0,0,0,0,0,0,0,0,0,0,0,0,0,0,0,0,0,0
Gpx3,0,0,0,0,0,0,0,0,0,0,0,1.15854374031131,1.84379489837339,0,4.73916345394074,2.38479268152162,0,0,2.85865885344168,0,0,0,0,1.02738430338725,0,0,0,0,1.55392717272478
Grina,0,0,0,0,0,0,0,0,0,0,0,0,0,0,0,0,0,0,0,0,0,0,0,0,0.908512829972024,0,0,0,0
Grn,0,1.33524678821347,1.42488913841791,0,0.58945624643967,0,0,0,0,0,0,0,0,0,0,0.445515607849246,0,0,0,0,0,0,0,0,0,0,0,0,0
Gzmc,0,0,0,0,0,0,0,4.60782080222901,0,0,0,0,0,0,0,0,0,0,0,0,0,0,0,0,0,0,0,0,0
Gzmd,0,0,0,0,0,0,0,5.21513111741399,0,0,0,0,0,0,0,0,0,0,0,0,0,0,0,0,0,0,0,0,1.41800911127427
Gzme,0,0,0,0,0,0,0,4.43326582478647,0,0,0,0,0,0,0,0,0,0,0,0,0,0,0,0,0,0,0,0,0
Gzmf,0,0,0,0,0,0,0,5.6264923235549,0,0,0,0,0,0,0,0,0,0,0,0,0,0.792011433544142,0,0,0,0,0,0,1.57419484121122
Gzmg,0,0,0,0,0,0,0,5.14678480217853,0,0,0,0,0,0,0,0,0,0,0,0,0,0,0,0,0,0,0,0,0
H19,0,0,0,0,0,1.23072628686506,2.3966711539113,0,0,1.71404848587146,1.78732376893419,2.31433068105061,0,2.4685100594249,0,0,0,2.20274218878546,2.16054418377238,0,0,0,0,2.99703861128212,0,0,0,0,0
H2-Aa,0,0,0,0,0,0,0,0,0,0,0,0,0,0,0,0,0.924337669136398,0,0,0,3.52208471031129,0,0,0,0,0,0,2.26035531617925,1.41800911127427
H2-Ab1,0,0,0,0,0,0,0,0,0,0,0,0,0,0,0,0,1.29766300440747,0,0,0,3.49337397561573,0,0,0,0,0,0,1.96208342206852,1.54575647662029
H2-D1,0,1.42857460796764,1.12469117684742,0,0,0,0,0.465190164913018,0,0,0,0,0,0,1.68903272540708,1.17823587268884,1.51908882814268,0,0,0,1.32163952023817,1.32126052931426,0,0,0,0,1.2600326451898,0,0
H2-DMa,0,0,0,0,0,0,0,0,0,0,0,0,0,0,0,0,0,0,0,0,1.35672920891578,0,0,0,0,0,0,0,0
H2-DMb1,0,0,0,0,0,0,0,0,0,0,0,0,0,0,0,0,0,0,0,0,1.31148763344723,0,0,0,0,0,0,0,0
H2-Eb1,0,0,0,0,0,0,0,0,0,0,0,0,0,0,0,0,0,0,0,0,2.90373890101547,0,0,0,0,0,0,2.05541216896375,0
H2-K1,0,1.66989756818288,1.33023112108282,0.807555175995751,0,0,0,0.833912362328461,0,0,0,0,0,0,2.15977393275633,1.11107623309988,1.87961333857722,0,0,0,1.46945753406496,1.73913937222263,0,0,0,0,1.099134766927,1.68323466495412,1.57585164999246
H2-Q7,0,0,0,0,0,0,0,0,0,0,0,0,0,0,0,0,0,0,0,0,0,1.2798781017991,0,0,0,0,0,0,0
Hba-a1,0,0,0,1.37689498872688,1.16095780090507,1.03891144463431,0,1.41216188039459,0,0,0,0,0,0,0,0.617516630680326,2.0214753239559,0,0,6.87533187915601,1.53698081107781,1.98274491342442,1.67177011454167,0,2.21591126412015,1.67626815167054,2.36867607940637,2.70916158267331,3.85340894548391
Hba-a2,0,0,0,0.904900623000299,0.732540453971234,0,0,0.223489372831474,0,0,0,0,0,0,0,0,1.41395052921732,0,0,6.25734005779256,0,1.28789636117201,1.25288497976906,0,1.50917474030651,1.35809860283522,1.68131179159282,1.53383607767925,2.8453949321241
Hba-x,0,0,0,0,0,0,0,0,0,0,0,0,0,0,0,0,0,0,0,4.25370892725987,0,0.584591669094372,0,0,0.694950026377597,0,0,1.39388029707723,2.31201191597765
Hbb-bh1,0,0,0,0,0,0,0,0,0,0,0,0,0,0,0,0,0,0,0,0,0,0,0,0,0,0,0,0,0
Hbb-bs,0,0.629389436422644,0.731302244831523,1.51373269746921,1.32164605912996,1.05710100737778,0,0.476515155759938,0,0,0,0,0,0,0,0.800703424767597,1.88372337511485,0,0,5.15883849918184,1.58422074212419,1.67557232756747,1.41989086803049,0,2.04038724845331,1.72696972978225,2.3030193292958,2.69540894824929,3.74961872775373
Hbb-bt,0,0,0,0.323227837466332,0.598602870852907,0,0,0.223489372831474,0,0,0,0,0,0,0,0,1.27988654646007,0,0,4.84922575794354,0,0.313464253525309,0.373224312972288,0,1.22031515436399,0.455295176943563,1.22901859699324,1.56922245656361,2.82190155708545
Hbb-y,0.838399946508198,1.29456616731182,1.1976842577792,2.3847292062744,2.41719058345743,2.16835326749176,0.482525570165162,2.04705080402537,0,0,0,0,0,0,0,0.800703424767597,3.42019119945082,0,0,6.84831874064528,3.07208295477633,3.26584601279056,2.87108653649785,0,3.37025887055303,3.0632145650406,3.84523852696108,4.02700969106983,5.3131884444211
Hcar2,0,0,0,0,0,0,0,0,0,0,0,0,0,0,0,0,0,0,0,0,0,0,0,0,0,0,0,0,0
Hdc,0,0,0,0,0,0,0,0,0,0,0,0,0,0,0,0,0,0,0,0,0,0,0,0,2.18391500385382,0,0,0,0
Hes1,0,0,0,0,0,0,0,0,0,0,0,0,0,0,0,0,0,0,0,0,0,0,0,0,0,0,0,0,0
Hexa,0,0.368842745347461,0,0,0,0,0,0,0,0,0,0,0,0,0.453055150779516,0,0,0,0.700549240820558,0,0,0,1.02041249553488,0,0,0,0,0,0
Hexb,0,0,0,0,0,0,0,0,0,0.445539127129083,0,0,0,0,0,0,0,0,0,0,0,0,0,0,0,0,0,0,0
Hist1h1c,0,0,0,0,0,0,0,0,0,0,0,0,0,0,0,0,0,0,0,0,0,0,1.31148763344723,0,0,0,0,0,0
Hist1h2bc,0,0,0,0,0,0,0,0,0,0,0,0,0,0,0.859574889327566,0,0,0,0,0,0,0,1.67177011454167,0,0,0,0,0,0
Hmgn1,0,0,0,0,0,0,0,0,0.657496901080618,0,0,0.777795219169181,0,1.20438052765859,0,0,0,1.19222224352428,0,0,0,0,0,0.73888539631412,0,0,0,0,0
Hmox1,0,2.44250329025193,0,0,0,0,0,0,0,1.0986905832428,0.831218741278956,0,0,0,0,0,0,0.365231985846837,0,0,0,0,0,0,0,0,0,0,1.41182180502096
Hp,0,0,0,0,0.159569084396757,0,0,0,0,0,0,0,0,0,0,0,0,0,0,0,0,0,0,0,0,0,0,0,0
Hs3st1,0,0,0,0,0,0.615066273450127,0,0,0,0,0,0,0,0,0,0,0,0,0,0,0,0,0,0,0,0,0,0,0
Hsd11b1,0,0,0,0,0,0,0,0,0,0,0,0,0,0,0,0,0,0,0,0,0,0,0,0,0,0,0,0,0
Hspa1a,0,0,0,0,0,0,0,0,0,0,0,0,0,0,0,0,0,0,0,0,0,0,0,0,0,0,0,0,0
Hspb1,0,0,0,0,0,0,1.34481277642823,0,0,3.0413208576688,3.07056263571842,0,1.12114825528317,1.28952153925042,1.49271482980641,1.82511681229512,0,2.75006977977584,1.44052147463877,0,0,0,0,0.761969916698987,0,0,0,0,0
Hspe1,0,0,0,0,0,0,0.960080150058804,0,1.61959061959003,1.15436729835685,1.66652232979256,0,0,0.991117508050368,0,0,0,2.06915671938271,0.939687707231509,0,0,0,0,0,0,0,0,0,0
Htra3,0,0,0,0,0,0,0,0,0,0,0,0,0,0,1.5001479168995,0,0,0,0,0,0,0,0,0,0,0,0,0,0
I830127L07Rik,0,0,0,0,0,0,0,0,0,0,0,0,0,0,0,0,0,0,0,0,0,0,0,0,0,0,0,0,0
Icam2,0,0,0,0,0,0,0,0,0,0,0,0,0,0,0,0,0,0,0,0,0,0,0,1.05276397877406,0,0,0,0,0
Id2,0,0,0,0,0,0,0,1.34152904515035,0,0,0,0,0,0,0,0,0,0,0,0,0,0,0,0,0,0,0,0,0
Id3,0,0,0,0,0,0,0,0,0,0,0,0,0,0.708034438598288,0,0,0,0,0,0,0,0,0,0,0,0,0,0,0
Ier2,0,0,0,0,0.812270854872422,0,0,0,0,0,0,0,0,0,0,0,0,0,0,0,0,0,0.475909107459743,0,1.64751420623532,0,0,0,0
Ier3,0,0.823099893993225,0.669635067366411,0,0,0,0,0,0,0,0,0,0,0.92180950474712,0,1.6493523637725,0,0,0,0,0,0,0,0.903874004940103,2.83587692721826,0,0,0,0
Ifi203,0,0,0,0,0,0,0,0,0,0,0,0,0,0,0,0,0,0,0,0,0,0,0,0,0,0,0,0,0
Ifi204,0,0,0,0,0,0,0,0,0,0,0,0,0,0,0,0,0,0,0,0,0,0,0,0,0,0,0,0,0
Ifi209,0,0,0,0,0,0,0,0,0,0,0,0,0,0,0,0,0,0,0,0,0,0,0,0,0,0,0,0,0
Ifi27l2a,0,1.32392782749291,1.20799067630322,0,0,0,0,0,0,0,0,0,0,0,0,0,1.93003706924787,0,0,0,1.18676676759871,0,0,0,0,0,1.34599431770625,1.29167497293474,0
Ifi30,0,0.506361970075708,0,0,1.28622942539104,0,0,0,0,0,0,0,0,0,0,0,1.09993311708376,0,0.680293093829709,0,1.41724275437707,0,0,0,0,0,0,0,0
Ifi47,0,0,0,0,0,0,0,0,0,0,0,0,0,0,0,0,0.921929431619188,0,0,0,0,0,0,0,0,0,0,0,0
Ifit1,0,0,0,0,0,0,0,0,0,0,0,0,0,0,0,0,0,0,0,0,0,0,0,0,0,0,0,0,0
Ifit3,0,0,0,0,0,0,0,0,0,0,0,0,0,0,0,0,0,0,0,0,0,0,0,0,0,0,0,0,0
Ifitm1,0,0,0,0,0,0,0,0,0,0,0,0,0,0,0,0,0,0,0,0,0,0,0,0,4.01925058337977,0,0,0,0
Ifitm2,0,0,0,0,0.845234891327656,0,0,0,0,0,0,0.958062507190691,0,0.20524514529766,0,0,0,0,0,0,0,0,0,0,0.965925509303167,0,0,0,0
Ifitm3,0,1.94324087968682,1.68718393103974,1.66798699373602,2.71343496194639,0,0,0,0,0,0,1.32334812247885,0,1.30760953900359,0.979654249273372,0.803376124927927,3.45122328919061,0,0,1.24232874312809,3.10134572497849,0.876073274030344,0,2.04358535692573,0.965337653756709,0,2.08782013765311,1.46093738498995,2.28458015267686
Ifitm6,0,0,0,0,0.677206679077248,0,0,0,0,0,0,0,0,0,0,0,1.0777781815518,0,0,0,0,0,0,0,0,0,0,0,0
Ifngr1,0,0,0,0,0,0,0,0,0,0,0,0,0,0,0,0,0,0,0,0,0,0,0,0,0,0,0,0,0
Igf2,0,0,0,0,0,0,0,0,0,0,0,1.31240546191848,0,1.35154464057049,0,0,0,0,0,0,0,0,0,1.78059872711513,0,0,0,0,0
Igfbp4,0,0,0,0,0,0,0,0,0,0,0,0,0,0,0,0,0,0,0,0,0,0,0,0,0,0,0,0,0
Igfbp7,0,0,0,0,0,0,0,0,0,0,0,0,0,1.56516847880659,0,2.58736040103292,0,0,0,0,0,0,0,2.23879631675523,0,0,0,0,0
Ighm,0,0,0,0,0,0,0,0,0,0,0,0,0,0,0,0,0,0,0,0,0,0,0,0,0,0,0,1.91445258689703,0
Igkc,0,0,0,0,0,0,0,0,0,0,0,0,0,0,0,0,0,0,0,0,0,0,0,0,0,0,0,2.83937907934662,0
Il1b,0,0,0,0,0,0,0,0,0,0,0,0,0,0,0,0,1.13540237170801,0,0,0,0,0,0,0,0,0,3.60408233628632,0,0
Il1r2,0,0,0,0,0,0,0,0,0,0,0,0,0,0,0,0,0,0,0,0,0,0,0,0,0,0,0,0,0
Il1rn,0,0.497396248975163,0,0,0,0,0,0,0,0,0,0,0,0,0,0,0,0,0,0,0,0,0,0,0,0,0,0,0
Irf1,0,0,0,0,0,0,0,0,0,0,0,0,0,0,0,0,0,0,0,0,0,0,0,0,0,0,0,0,0
Irf7,0,0,0,0,0,0,0,0,0,0,0,0,0,0,0,0,0,0,0,0,0,0,0,0,0,0,0,0,0
Irf8,0,0,0,0,0,0,0,0,0,0,0,0,0,0,0,0,0,0,0,0,0,0,0,0,0,0,0,0,0
Isg15,0,0,0,0,0,0,0,0,0,0,0,0,0,0,0,0,0,0,0,0,0,0,0,0,0,0,1.08620569296968,0,0
Isg20,1.11595589208884,0,0,0,0,0,0,0,0,0,0,0,0,0,0,0,0,0,0,0,0,0,0,0,0,1.70779910959716,0,0,0
Itgb2,0,0,0,0,0,0,0,0,0,0,0,0,0,0,0,0,0,0,0,0,0,0,0,0,0,0,0,0,0
Itgb7,0,0,0,0,0,0,0,0,0,0,0,0,0,0,0,0,0,0,0,0,0,0,0,0,0,0,0,0,0
Itm2a,0,0,0,0,0,0,0,0,0,0.482978089739173,0,1.90105554733809,0,1.72546274983335,0,0,0,0,0,0,0,0,0,0,0,0,0,0,0
Itm2b,0,1.40211432977638,2.25751560996006,0,1.33054658083676,0,0,0,0,0,0,1.09029208917866,0.813288805385144,0.500195734014475,0.717824697845905,1.42521928102052,1.60732365894924,0,0.848494745093233,0,1.17779046082643,0.999443716809112,1.44009782138896,0.931918895924456,2.04038724845331,0,0,0,0
Jun,0,0,0,0,0,0,0,0,0,0,0,0,0,0,0,0,0,0,0,0,0,0,0,0,0,0,0,0,0
Junb,0,0,0,0,0.598602870852907,0,0,0,0,0,0,0,0,0,0,0,1.04630223073393,0,0,0,0,0,0.598602870852907,0,1.3888007725783,0,1.52448562152226,0,0
Kdelr3,0,0,0,0,0,0.749919962558534,0,0,0,0,0,0,0,0,0,0,0,0,0,0,0,0,0,0,0,0,0,0,0
Klf2,0,0,0,0,0,0,0,0,0,0,0,0,0,0,0,0,0,0,0,0,0,0,0,0,0,0,0,0,0
Krt18,1.12356187996405,0,0,0,0,0,1.32850133437085,0,0,2.58862873309657,2.0174901888155,0,1.50464658458741,0,0,2.13891091540866,0,1.47053014083904,1.18655639034667,0,0,0,0,0,0,1.59838691596446,0,0,0
Krt19,0,0,0,0,0,0,0.592484631532128,0,0,1.3919489647415,1.07801657563114,0,0,0,0,1.72783285250133,0,1.35432783653661,0,0,0,0,0,0,0,0,0,0,0
Krt8,1.27670047959064,0,0,0,0,0.958020965454951,1.75166416076974,0,0,2.73743107817957,2.27009909256048,0,1.61518425006273,0,0,2.43842489512879,0,2.02415139524475,1.34146053851545,0,0,0,0,0,0,1.19512713942151,0,0,0
Lama1,0,0,0,0,0,1.09836531153117,0,0,0,0,0,0,0.866096866154438,0,0,0,0,0,0,0,0,0,0,0,0,0,0,0,0
Lamb1,0,0,0,0,0,0.931652610082762,0,0,0,0,0,0,0.858651423105648,0,0,0,0,0,0,0,0,0,0,0,0,0,0,0,0
Lamc1,0,0,0,0,0,0,0,0,0,0,0,0,0,0,0,0,0,0,0,0,0,0,0,0,0,0,0,0,0
Laptm5,0,0,0.939096776892615,0,1.05104410369228,0,0,0,0,0,0,0,0,0,0,0,0.949602925325019,0,0,0,0,0,0,0,0,0,0,0,0
Lat2,0,0,0,0,0,0,0,0,0,0,0,0,0,0,0,0,0,0,0,0,0,0,0,0,0,0,0,0,0
Lcn2,0,0,0,0,0,0,0,0,0,0,0,0,0,0,0,4.13356965167313,0,0,0,0,0,0,0,0,0,0,0,0,0
Ldoc1,0,0,0,0,0,0,1.05842460784825,0,0,1.58230966779839,1.53201050898922,0,0,0,0,0,0,1.55453214216277,0,0,0,0,0,0,0,0,0,0,0
Lgals1,1.32334785977224,2.00603600022809,1.76494968746278,1.50917474030651,1.69097806362659,0,3.23121495755961,1.57772905273761,1.64856402648596,2.70807895241641,2.64515685719622,2.73357550237922,0,2.26829772635318,1.29384481112596,0,0,2.57185888995178,0.718216790221468,1.06552881152747,1.25491836574178,1.30814057522884,0.888758216612428,1.0013416846412,1.92741613008342,1.57829140381718,1.45252362029043,1.21553606398409,2.24275416558133
Lgals3,1.41460527712789,3.54890029415382,0,1.55130842296056,2.09165347198448,0,1.9366109028948,2.30628850286154,0,1.20586980895756,1.03285217481893,0,0,0,2.75532694898882,0.7061984936922,1.75500548254518,0.835337634358917,0,1.30846802715781,1.61167813429406,1.45113151932277,0,0,1.4708880541268,1.728897095216,1.56102380909279,0,2.24718116452501
Lgals3bp,0,0.511539676049894,0,0,0,0,0,0,0,0,0,0,0,0,0,0,0,0,0,0,0,0,0,0,0,0,0,0,0
Lgals9,0,0,0,0,0,0,2.13625339900968,0,0,1.22986760601872,0,0,0,0,0,0,0,0,0,0,0,0,0,0,0,0,0,0,0
Lgmn,0,0.504033767401943,1.20282983572198,0,0,0,0,0,0,0,0,0,0,0,0,0,0,0,0,0,0,0,0,0,0,0,0,0,0
Lilr4b,0,0.839221615697378,0,0,0,0,0,0,0,0,0,0,0,0,0,0,0,0,0,0,0,0,0,0,1.79714309667724,0,0,0,0
Lilrb4a,0,1.4048086310245,0,0,0,0,0,0,0,0,0,0,0,0,0,0,0,0,0,0,0,0,0,0,1.20096931446445,0,1.33311838772329,0,0
Lpl,0,1.80226087149834,0,0,0,0,0,0,0,0,0,0,0,0,0,0,0,0,0,0,0,0,0,0,0,0,0,0,0
Lrpap1,0,0,0,0,0,1.05525360900486,0,0,0,0,0,0,1.66798699373602,0,0,0,0,0,1.01230232002155,0,0,0,0,0,0,0,0,0,0
Lsp1,0,0,0,0,0.812270854872422,0,0,0,0,0,0,0,0,0,0,0,0,0,0,0,1.25695877575924,0,0,0,0,0,0,0,0
Lst1,0,0,0.87070404114628,0,0.81859014984807,0,0,0,0,0,0,0,0,0,0,0,0,0,0,0,0,0,0,0,0,0,0,0,0
Lum,0,0,0,0,0,0,0,0,0,0,0,1.75008770113721,0,0,0,0,0,0,0,0,0,0,0,0,0,0,0,0,0
Ly6a,0,0,0,0,0,0,0,0,0,0,0,0,0,0,2.15637650406102,2.84539477806386,0,0,0,0,0,0,0,0,0,0,0,1.29167497293474,0
Ly6c1,0,0,0,0,0,0,0,0,0,0,0,0,0,0,2.08155544255773,0,0,0,0,0,0,0,0,0,0,0,0,0,0
Ly6c2,0,0,0,0,1.17820081930398,0,0,0,0,0,0,0,0,0,0,0,3.4500825420852,0,0,0.310770627943002,1.16546149348791,1.1357956459609,0,0,0,0,0,0,1.69784453266798
Ly6e,0,2.06197044927953,1.60993135789509,1.35193556173883,2.28631233053937,0,0,0,0.778763476002662,0.515243120386204,0,0,0,0,0,2.96506185120915,2.87396413723024,0,0,0,2.25092111912102,1.6670441783313,0,0,1.51424099052279,0,1.62224719397543,2.2833889327374,1.61468961082831
Ly6i,0,0,0,0,0,0,0,0,0,0,0,0,0,0,0,0,0,0,0,0,0,0,0,0,0,0,0,0,0
Lyz2,0.708679603047644,3.83827152018343,1.87898501624805,2.39158710204036,4.63633348987751,1.1904044973613,0,1.19460947524599,0.568432342606642,0,0,0.718259412640602,0.743661882364879,0,0.881881168844771,0,5.07212574200536,0,0,2.39712775743057,2.07843952486594,1.65119506649516,1.11635351215245,0,1.94858163602691,1.55871655069506,2.87108653649785,2.85285543432105,3.87908590077183
Maf,0,0,0.800647200255089,0,0,0,0,0,0,0,0,0,0,0,0,0,0,0,0,0,0,0,0,0,0,0,0,0,0
Maged2,0,0,0,0,0,0,0,0,0,0,0,0,0,0,0,0,0,0,0,0,0,0,0,2.53371134794737,0,0,0,0,0
Malat1,0,0,0,0,0,0,0,0,0,0,0,0,0,0,0,0,0,0,0,0,0,0,0.861427970061596,0,0,0,0,0,0
Mcpt8,0,0,0,0,0,0,0,0,0,0,0,0,0,0,0,0,0,0,0,0,0,0,0,0,0,0,0,0,0
Meg3,0,0,0,0,0,0.904930760800538,0,0,0,0,0,1.74091498109466,0,0.658086339589703,0,0,0,0,0.847599504036467,0,0,0,0,2.07224022691239,0,0,0,0,0
Mest,0,0,0,0,0,0,0,0,0,0,0,0,0,0.783602719115273,0,0,0,0,0,0,0,0,0,1.69748657563465,0,0,0,0,0
Mfap5,0,0,0,0,0,0,0,0,0,0,0,0,0,0,0,0,0,0,0,0,0,0,0,0,0,0,0,0,0
Mfge8,0,0,0,0,0,0,0,0,0,1.53713538567562,0.98759833743991,0,1.66234776891797,0,0,0,0,0,0,0,0,0,0,0,0,0,0,0,0
Mgst1,0,0,0,0,0,0,0,0,0,0,0,0,0,0,0,0,0,0,0.855992375207219,0,0,0,0,0,0,0,0,0,0
Mmp12,0,0,0,0,0,0,0,0,0,0,0,0,0,0,0,0,0,0,0,0,0,0,0,0,0,0,0,0,0
Mmp8,0,0,0,0,0,0,0,0,0,0,0,0,0,0,0,0,0,0,0,0,0,0,0,0,0,0,0,0,0
Mndal,0,0,0,0,0,0,0,0,0,0,0,0,0,0,0,0,0,0,0,0,0,0,0,0,0,0,0,0,0
Mpeg1,0,0,0,0,0,0,0,0,0,0,0,0,0,0,0,0,0,0,0,0,0,0,0,0,0,0,0,0,0
Mrps6,0,0,0,0,0,0,0,0,0,1.57011232423979,1.04683876008248,0,0,0,0,0.470285026325216,0,0,0,0,0,0,0,0,0,0,0,0,0
Ms4a4c,0,0,0,0,0,0,0,0,0,0,0,0,0,0,0,0,1.47103936753198,0,0,0,0,0,0,0,0,0,0,0,0
Ms4a6b,0,0,0,0,0,0,0,0,0,0,0,0,0,0,0,0,0.923839643433958,0,0,0,0,0,0,0,0,0,0,0,0
Ms4a6c,0,0,0.890546986646457,0,0.917884665495491,0,0,0,0,0,0,0,0,0,0,0,1.52992877990096,0,0,0,0,0,0,0,0,0,0,0,0
Ms4a6d,0,0.414948965929399,0,0,0,0,0,0,0,0,0,0,0,0,0,0,0,0,0,0,0,0,0,0,0,0,0,0,0
Ms4a7,0,0,0,0,0,0,0,0,0,0,0,0,0,0,0,0,0,0,0,0,0,0,0,0,0,0,0,0,0
Msn,0,0,0,0,0,0,0,0,0,0,0,0,0,0,0,0,0,0,0,0,0,0,0,0,0,0,0,0,0
Msrb1,0,0.626238681030701,0,0,0.78630068965387,0,0,0,0,0,0,0,0,0,0,0,1.40610643545459,0,0,0,0,0,0,0,0,0,1.53226897648315,0,0
mt-Co1,0,1.06020774755388,1.59617848611404,1.25593769034496,1.77317575694791,2.25690033135659,1.55453214216277,1.23430670268622,1.4190069774128,2.48585422955441,2.62691734647263,1.5651909313003,1.59525034366662,1.4704594072666,0.944096346862459,1.49005848984147,1.23934572502178,2.24904555946524,2.6313769212215,0,1.39515643534623,1.57418715193421,1.4346487325006,1.63477284602205,1.64751420623532,0,1.45252362029043,1.68131179159282,1.49791962303448
mt-Cytb,0,1.10030255767723,2.15472170655382,1.478086249496,1.95589715017082,2.88304395027009,1.698795534512,0.846458394207437,2.65820562126133,3.17304774637387,3.442384721904,2.61882907315325,2.0640412360911,2.77492565572422,1.79048399045717,1.61811888673766,1.26158116608033,3.05697878422992,3.42196834845355,0.423414759459122,1.48390014739092,1.80656016610747,1.21935615552626,2.66700373346415,1.4708880541268,0,1.099134766927,2.05541216896375,1.64203576784571
mt-Nd1,0.819944727364316,1.36126235453991,2.35497460810873,1.60298575092896,2.07838117479742,2.47491318986717,2.08259650782652,1.55792059411207,2.91983472725373,3.08627466480661,3.18817401987635,2.69030085333748,1.69227310293238,2.94495658728587,1.36887448813732,1.62937864507748,1.52062663325898,2.9987663264935,3.68306123684634,1.27426350488351,1.66047740519531,1.9366109028948,1.21935615552626,2.79777396165836,1.64751420623532,1.13618941075126,1.56102380909279,2.41208298743996,1.66903121088911
mt-Nd4,0,0.790208727641258,1.57004799546768,1.32163952023817,1.70747431417366,2.3750680404238,1.39133554485444,1.09432785934491,1.90507182301496,2.25481813736214,2.43045684023007,2.09478623520934,1.67939379101304,2.20015863398693,1.14327129725085,1.6411161851798,1.28450460888613,2.26988470360137,2.95200096344828,1.02988314624473,1.37133162492044,1.65119506649516,1.11635351215245,1.94324041494899,1.26415608382961,0,1.34599431770625,1.59781967194302,1.51525869391657
mt-Rnr2,0,0,0,0,0.65692876302243,0.749555596257241,0,0,0.870818184689926,1.20647047577259,1.14573695050378,1.3697008878695,0,0.892792772462723,0.622018246118171,1.23983656994272,0,0.872403764247395,2.09736415738822,1.12644197767856,0,1.1357956459609,1.65027314583888,1.34955232965069,0.812464604855891,0,1.53226897648315,1.24282208306067,0
Mt1,0,2.46628693129384,1.16813643196928,1.28094105536215,0.690579674013903,1.0107690893187,1.34599431770625,3.10037040498773,1.05206084141477,0,0,0,1.07505913710892,0,4.35020010014874,2.58680207971015,0.997005330808196,0.456219983528033,3.4473387980433,1.65137991987904,1.04716619528334,0,1.03751805557871,0.877517843993912,0,1.05495045958313,1.34599431770625,1.37256375031359,2.28857170241618
Mt2,0,1.10987930980252,0,0,0,0,2.13459639198371,2.08712628350201,0,0,0,0,0,0,3.36429376464627,0.826500222080497,0,0.418904042645195,2.36532982057568,0,0,0,0,0,0,0,0,0,0
Myl9,0,0,0,0,0,0,0,0,0,0,0,0,0,2.81127791000755,0,0,0,0,0,0,0,0,1.41989086803049,0,0,0,0,0,0
Mylk,0,0,0,0,0,0,0,0,0,0,0,0,0,1.97535638098867,0,0,0,0,0,0,0,0,0,0,0,0,0,0,0
Napsa,0,0,0,0,0.528223239384929,0,0,0,0,0,0,0,0,0,0,0,0,0,0,0,0,0,0,0,0,0,0,0,0
Ncf2,0,0,0,0,0,0,0,0,0,0,0,0,0,0,0,0,0,0,0,0,0,0,0,0,0,0,0,0,0
Neat1,0,0,0,0,0,0,0,0,0,0,0,0,0,0,0,0,0,0,0,0,0,0,0,0,0,0,0,0,0
Nfkbia,0,0,0,0,0,0,0,0,0,0,0,0,0,0,0,0,0,0,0,0,0,0,0,0,1.6456805756012,0,0,0,0
Nid1,0,0,0,0,0,0,0,0,0,0,0,0,0,0,0,0,0,0,0,0,0,0,0,0,0,0,0,0,0
Nnat,0,0,0,0,0,0,0,0,0,0,0,0.82145604068478,0,0,0,0,0,0,0,0,0,0,0,0,0,0,0,0,0
Npm1,0,0,0,0,0.753117444079272,0,1.25593769034496,0,2.28232972843432,1.49158123880425,1.71281839598142,1.1508834422264,0,0.772328120686961,0,0.581868829507669,0,1.65675063018539,0,0,0,0,0,0.797124072774391,0,0,0,0,0
Nr4a1,0,0,0,0,0,0,0,0,0,0,0,0,0,0,0,0,0,0,0,0,0,0,0,0,0,0,0,0,0
Nupr1,0,0,0,0,0,0,0,0,0,0,0,0,0,0,0,0,0,0,0,0,0,0,0,0,0,0,0,0,0
Oasl2,0,0,0,0,0,0,0,0,0,0,0,0,0,0,0,0,0,0,0,0,0,0,0,0,0,0,0,0,0
Osm,0,0,0,0,0,0,0,0,0,0,0,0,0,0,0,0,0,0,0,0,0,0,0,0,1.63477284602205,0,0,0,0
P3h4,0,0,0,0,0,0,0,0,0,0,0,0,1.01614576911702,0,0,0,0,0,0,0,0,0,0,0,0,0,0,0,0
P4ha2,0,0,0,0,0,0,0,0,0,0,0,0,1.25390079714522,0,0,0,0,0,0,0,0,0,0,0,0,0,0,0,0
P4hb,1.84300800392457,0.621868939807644,0,0,0.598602870852907,1.72276424403005,0.592484631532128,0,0,0.703180175546137,0.565049020621172,1.39379013233789,2.11224940880959,0.404592437144371,1.19865432721667,0.7061984936922,0,0.683482145476216,1.24986964102763,0,0,0,0,0,0,0,0,0,0
Pappa2,0,0,0,0,0,0,0,0,0,0,0,0,0,0,0,0,0,0,0,0,0,0,0,0,0,0,0,0,0
Pcolce,0,0,0,0,0,0,0,0,0,0,0,0,0,0,0,0,0,0,0,0,0,0,0,0,0,0,0,0,0
Pdlim1,0.824161790633449,0,0,0,0,0,0,0,0,0.747903361967394,0,0,1.65304233279108,0,0,1.10845716871162,0,0,0,0,0,0,0.861427970061596,0,0,1.55817652637988,0,0,0
Pdpn,0,0,0,0,0,1.21174121934735,0,0,0,0,0,0,0.990064948626972,0,0,0,0,0,0,0,0,0,0,0,0,0,0,0,0
Pf4,0,0,3.12966186455636,0,0,0,0,0,0,0,0,0,0,0,0,0,0,0,0,0,0,0,4.11284247845574,0,0,0,0,0,0
Pga5,0,0,0,0,0,3.24426571850735,0,0,0,0,0,0,2.55191141630169,0,0,0,0,0,0,0,0,0,0,0,0,0,0,0,1.49644101529565
Pglyrp1,0,0,0,0,0,0,0,0,0,0,0,0,0,0,0,0,0,0,0,0,0,0,0,0,0,0,0,0,0
Phf11a,0,0,0,0,0,0,0,0,0,0,0,0,0,0,0,0,0,0,0,0,0,0,0,0,0,0,0,0,0
Phf11b,0,0,0,0,0,0,0,0,0,0,0,0,0,0,0,0,0,0,0,0,0,0,0,0,0,0,0,0,0
Phf11d,0,0,0,0,0,0,0,0,0,0,0,0,0,0,0,0,0,0,0,0,0,0,0,0,0,0,0,0,0
Phlda2,0,0,0,0,0,0,0,0,0,1.3787250363994,1.91091053412062,0,0,0,0,0,0,0,0.646672401790694,0,0,0,0,0,0,0,0,0,0
Pim1,0,0,0,0,0,0,0,0,0,0,0,0,0,0,0,0,0,0,0,0,0,0,1.36398846731896,0,0,0,1.08620569296968,0,0
Pla2g7,0,0,0,0,0,0,0,0,0,0,0,0,0,0,0,0,0,0,0,0,0,0,0,0,0,0,0,0,0
Plac1,0,0,0,0,0,0,0.819525456828892,0,0,0,0,0,0,0,0,0,0,0.77669331447657,0,0,0,0,0,0.805527499121756,0,0,0,0,0
Plac8,0,0,0,0,1.51658955230301,0,2.88124453282615,1.38575726633272,0,0,0,0,0,0,0,0.756594797998188,3.39246863236088,0,0,0,2.25154713676802,0,0,0,1.94858163602691,0,1.33311838772329,1.9939709960364,1.51755778799002
Plbd1,0,0,0,0,0,0,0,0,0,0.411050032274675,0,0,0,0,0,0,0,0,0,0,0,0,0,0,0,0,0,0,0
Pld4,0,0,0,0,0,0,0,0,0,0,0,0,0,0,0,0,0,0,0,0,0,0,0,0,0,0,0,0,0
Plek,0,0,0,0,0,0,0,0,0,0,0,0,0,0,0,0,0,0,0,0,0,0,1.25288497976906,0,0,0,0,0,0
Plod2,0,0,0,0,0,0,0,0,0,0,0,0,0,0,0,0,0,0,0,0,0,0,0,0,0,0,0,0,0
Plod3,0,0,0,0,0,0,0,0,0,0,0,0,1.30040122640395,0,0,0,0,0,0,0,0,0,0,0,0,0,0,0,0
Plvap,0,0,0,0,0,0,0,0,0,0,0,0,0,0,0,0,0,0,0,0,0,0,0,1.56593169159144,0,0,0,0,0
Pmaip1,0,0,0,0,0,0,0,0,0,0,0,0,0,0,0,0,0,0,0,0,0,0,0,0,0,0,0,0,0
Pnoc,0,0,0,0,0,0,0,0,0,0,0,0,0,0,0,0,0,0,0,0,0,0,0,0,0,0,0,0,0
Prap1,0,0,0,0,0,0,0,0,0,0,0,0,0,0,0,4.00269735781106,0,0,0,0,0,0,0,0,0,0,0,0,0
Prdx1,0,2.40097030576433,1.4469853565231,1.10222392053235,0.92038846707856,0.260214257295501,0.747806540861279,0,1.12842202160247,1.02860435686196,1.34034315530308,1.06417410821076,0,1.18077910831557,1.698795534512,1.06032564073097,0,1.48976397536858,1.39540332121038,0,0,0.584591669094372,0.598602870852907,1.22707314852699,0,0,0,1.02671604815015,0
Prdx5,0,0.677436102145439,0,0,1.16437429066173,0,0,0,0,0.963377145456907,0.6057745957738,0,0,1.04044236423425,0,1.04855980901152,1.49716503467971,0,0,0,0,0,0,0,0,0,0,0,0
Prdx6,0,1.3555832765914,0,0,0,0,0,0,0.864846738660453,0,0,0,0,0,0,0.320072688349837,0,0,0,0,0,0,0,0,0,0,0,0,0
Prf1,0,0,0,0,0,0,0,1.5465074023438,0,0,0,0,0,0,0,0,0,0,0,0,0,0,0,0,0,0,0,0,0
Prl2a1,0,0,0,0,0,0,0,0,0,0,0,0,0,0,0,0,0,0,0,0,0,0,0,0,0,0,0,0,0
Prl2b1,4.84219825340343,0,0,1.20422622473962,0,0.741648252104422,0.573649763271763,0,0.483097257747285,0.480235212492773,0.447802625013797,1.02803067888774,0.59183661928717,0.79155333707296,0,0,0.900398261550332,0.520594879311136,0,1.20265243002374,0.973635779221578,1.31372918723794,0.861427970061596,0.980260347493853,0.965337653756709,2.55230824483905,1.53226897648315,1.54650018298692,2.77156992037459
Prl2c5,1.77083529463094,0,0,0,0,0,1.25220873872986,0,0,0,0,0,0,0,0,0,0,0,0,0,0,0,0,0,0,0,0,0,0
Prl3b1,5.9021133491954,1.21792243258099,1.66987855413885,1.93969821230507,1.51127934967956,1.60213497940035,1.28094105536215,1.70063699335199,0.975133191072402,0.720555426877223,1.02906176310823,1.4920431171634,1.60645028685768,1.4168407943988,1.42789972017845,1.17823587268884,1.94391277444063,0.998182555025917,0.969798706536526,2.49312981238949,1.93925647746532,2.46214493097812,1.65027314583888,1.54410826801835,1.92220668174264,4.13038328503379,2.95212751695217,2.40618332704776,3.6593786691507
Prl4a1,0,0,0,0,0,0,0,0,0,0,0,0,0,0,0,0,0,0,0,0,0,0,0,0,0,0,0,0,0
Prl6a1,0,0,0,0,0,0,0,0,0,0,0,0,0,0,0,0,0,0,0,0,0,0,0,0,0,0,0,0,0
Prl7a1,0,0,0,0,0,0,0,0,0,0,0,0,0,0,0,0,0,0,0,0,0,0,0,0,0,0,0,0,0
Prl7a2,3.31796631916567,0,0,0,0,0,0,0,0,0,0,0,0,0,0,0,0,0,0,0,0,0,0,0,0,1.12820023417184,0,0,0
Prl7d1,1.41460527712789,0,0,0,0,0,0,0,0,0,0,0,0,0,0,0,0,0,0,0,0,0,0,0,0,0,0,0,0
Prl8a1,0,0,0,0,0,0,0,0,0,0,0,0,0,0,0,0,0,0,0,0,0,0,0,0,0,0,0,0,0
Prl8a2,0,0,0,0,0,0,0,0,0,0,0,0,0,0,2.66842971616197,0,0,0,0,0,0,0,0,0,0,0,0,0,0
Prl8a6,0,0,0,0,0,0,0,0,0,0,0,0,0,0,0,0,0,0,0,0,0,0,0,0,0,0,0,0,0
Prl8a8,3.8020767270123,0,0,0,0,0,0,0,0,0,0,0,0,0,0,0,0,0,0,0.956620964045331,0,0,0,0,0,2.16935997176843,0,0,1.59954576345379
Prl8a9,4.6102713166249,0,0,0,0,0,0,0,0,0,0,0,0,0,0,0,0,0,0,0,0,0,0,0,0,2.18490879430245,0,0,0
Procr,0,0,0,0,0,0,0,0,0,0,0,0,1.21744293733846,0,0,0,0,0,0,0,0,0,0,0,0,0,0,0,0
Psap,0,2.14735529962974,0.841385276196023,1.16026050390642,2.11672630302086,0,0,0,0,0.72852934372578,0,0,0.598161606552773,0,1.2798781017991,0,2.38207323874737,0,0,0,1.64751420623532,0,0,0,0,0,0.901317950507021,1.21553606398409,1.59025094948983
Psg-ps1,1.65304233279108,0,0,0,0,0,0,0,0,0,0,0,0,0,0,0,0,0,0,0,0,0,0,0,0,0,0,0,0
Psg16,1.67595360501669,0,0,0,0,0,0,0,0,0,0,0,0,0,0,0,0,0,0,0,0,0,0,0,0,0,0,0,0
Psg17,1.26157557990839,0,0,0,0,0,0,0,0,0,0,0,0,0,0,0,0,0,0,0,0,0,0,0,0,0,0,0,0
Psg18,2.42849122852628,0,0,0,0,0,0,0,0,0,0,0,0,0,0,0,0,0,0,0,0,0,0,0,0,0,0,0,0
Psg19,1.16895620873875,0,0,0,0,0,0,0,0,0,0,0,0,0,0,0,0,0,0,0,0,0,0,0,0,0,0,0,0
Psg21,4.09676129694521,0,0,0.432311222307021,0,0,0,0,0,0,0,0,0,0,0,0,0.253966640250497,0,0,1.23983656994272,0,1.27144159154984,1.04925806863959,0,0,1.64314084688598,1.5859066853704,1.49865486039968,2.32408753827397
Psg23,2.60423136203688,0,0,0,0,0,0,0,0,0,0,0,0,0,0,0,0,0,0,0,0,0,0,0,0,0,0,0,0
Psg25,0.552026396966594,0,0,0,0,0,0,0,0,0,0,0,0,0,0,0,0,0,0,0,0,0,0,0,0,0,0,0,0
Psg26,0,0,0,0,0,0,0,0,0,0,0,0,0,0,0,0,0,0,0,0,0,0,0,0,0,0,0,0,0
Psg27,3.13660681390136,0,0,0,0,0,0,0,0,0,0,0,0,0,0,0,0,0,0,0,0,1.0416301751198,0,0,0,1.2169000546882,0,0,1.6475707951378
Psg28,2.13184142025842,0,0,0,0,0,0,0,0,0,0,0,0,0,0,0,0,0,0,0,0,0,0,0,0,0,0,0,0
Psmb8,0,0.55754701557957,0,0,0.632177285062296,0,0,0,0,0,0,0,0,0,0,0,1.38188384150336,0,0,0,1.22127575195825,0,0,0,0,0,0,0,0
Pth1r,0,0,0,0,0,1.01977854895941,0,0,0,0,0,0,0,0,0,0,0,0,0,0,0,0,0,0,0,0,0,0,0
Ptma,0,0.454047095932972,0,0,0.840802033069382,1.09111151871434,1.19957918927208,0,1.96344544281707,1.37939076900854,1.55525950645827,1.07655051189953,0,1.41754484534287,0,1.17823587268884,0,1.83129513463209,0.193403539244892,0,0,0.803510240430972,0,1.40286643713719,0,0,0,0,0
Ptn,0,0,0,0,0,0,0,0,0,0,0,0,0,0,0,0,0,0,0,0,0,0,0,0,0,0,0,0,0
Ptpn18,0,0,0,0,0.70664041303597,0,0,0,0,0,0,0,0,0,0,0,0,0,0,0,0,0,0,0,0,0,0,0,0
Pycard,0,0,0,0,0,0,0,0,0,0,0,0,0,0,0,0,0,0,0,0,0,0,0,0,0,0,0,0,0
Rac2,0,0,0,0,1.13039082173281,0,0,0,0,0,0,0,0,0,0,0,0,0,0,0,0,0,0,0,1.21268757802763,0,0,1.2830726133295,0
Ramp2,0,0,0,0,0,0,0,0,0,0,0,0,0,0,0,0,0,0,0,0,0,0,0,1.55130842296056,0,0,0,0,0
Rarres2,1.61459873016024,0,0,0,0,0,0,0,0,0,0,0,0,0,2.6764511708902,0,0,0,0,0,0,0,0,0,0,0,0,0,1.54575647662029
Rbp4,0,0,0,0,0,0,0,0,0,0,0,0,0,0,0,0,0,0,3.53018590931299,0,0,0,0,0,0,0,0,0,0
Rcn1,0,0,0,0,0,0,0,0,0,0,0,0,0,0,0,0,0,0,0,0,0,0,0,0,0,0,0,0,0
Rcn3,0,0,0,0,0,0,0,0,0,0,0,1.16329271536257,2.03296998863835,0,0,0,0,0,0,0,0,0,0,0,0,0,0,0,0
Retnla,0,0,0,0,0,0,0,0,0,0,0,0,0,0,0,0,0,0,0,0,0,0,0,0,0,0,0,0,0
Retnlg,0,0,0,0,0,0,0,0,0,0,0,0,0,0,0,0,0,0,0,0,0,0,0,0,0,0,1.48829329965108,0,0
Rgs1,0,0.122392675908332,0,0,0,0,0,0,0,0,0,0,0,0,0,0,0,0,0,0,0,0,0,0,1.23391094663112,0,0,0,0
Rgs10,0,0,0,0,0,0,0,0,0,0,0,0,0,0,0,0,0,0,0,0,0,0,1.78680841787258,0,0,0,0,0,0
Rgs2,0,0,0,0,0.840802033069382,0,0,0,0,0,0,0,0,0,0,0,1.21097166573396,0,0,0,0,0,0,0,0.722002887882889,0,0,0,0
Rhox5,0.759093500902826,0,0,0,0,1.03571447792179,1.43194086885958,0,0,1.46710018767501,1.41641540151637,0,0,0,0,0,0,1.67557232756747,1.43029064581297,0,0,0,0,0,0,1.30500026973073,0,0,0
Rhox6,0.879451592796115,0,0,0,0,0,1.19957918927208,0,0,2.26952963006137,2.43962049922884,0,0,0,0,0,0,2.86278790111957,0,0,0,0,0,0,0,1.56555545648146,0,0,0
Rhox9,1.40675598352367,0,0,0,0,0,1.57377211109438,0,0,2.52666180616432,2.8282747767301,0,0,0,0,0,0,3.19390631101191,0,0,0,0,0,0,0,1.79103698657838,0,0,0
Rnase4,0,0,0,0,0,0,0,0,0,0,0,0,0,0,0,0,0,0,0,0,0,0,0,0,0,0,0,0,0
Rpl22l1,0,0,0,0,0.831396757510054,0,1.45812108223235,0,1.36520645896155,1.31230467763962,1.45391877877352,1.03448219656995,0,0.924796201109624,0,0.471644352035187,0,1.41856547735797,0,0,0,0,0,0,0,0,0,0,0
Rps4l,0,0,0,0,0,0,0.800171071693982,0,0,1.52501404046252,1.34085574572483,0,0,0,0,0,0,1.08023093289248,0,0,0,0,0,0,0,0,0,0,0
Rsad2,0,0,0,0,0,0,0,0,0,0,0,0,0,0,0,0,0,0,0,0,0,0,0,0,0,0,0,0,0
Rtp4,0,0,0,0,0,0,0,0,0,0,0,0,0,0,0,0,0,0,0,0,0,0,0,0,0,0,0,0,0
S100a10,0,1.1655341945413,0,0,0.299301435426454,0,0,0,0,0,0,0,0.996297003705501,0.999146447347411,0.427616547574522,0.756950724934928,0,0,0.477409263764858,0,0,1.30814057522884,0.861427970061596,0.618931030286042,1.22031515436399,0,0,0,0
S100a11,0,0.969193159488092,0,0,0.971303527238142,0,1.23423857202061,1.2609029716842,0,1.04246246466579,0,1.28360692083474,1.11635351215245,1.69684301497706,1.27144159154984,2.34975505484826,0,0,0,0,0,0,0,0,0,0,1.18226063335727,0,0
S100a4,0,0,0,0,0,0,0,0,0,0,0,0,0,0,0,0,0.924337669136398,0,0,0,0,0,0,0,0,0,0,0,0
S100a6,1.14104552188788,1.96153939523158,0,1.45252362029043,1.36508783110666,0,3.42904536361929,2.33021929658356,0,1.99903969833622,1.4990570254138,1.35194008309365,2.18441433598804,1.3270708830163,2.52307763214678,2.70398338353657,2.07301311554181,1.95638656781525,0,1.26506777272616,1.61167813429406,1.80987493860481,0,0,1.35432783653661,1.49053259103531,2.24904555946524,1.43736769227631,2.21050309032803
S100a8,0,0,0,0,0.580140156519572,0,0,0,0,0,0,0,0,0,1.76796545946162,0,0,0,0,1.09683034356421,0,0.803510240430972,0,0,0,0,4.73569192391123,0,1.66107381673912
S100a9,0,0,0,0,0,0,0,0,0,0,0,0,0,0,0,0,0,0,0,0,0,0,0,0,0,0,4.49973624593398,0,0.585355932444459
S100g,0,0,0,0,0,2.70030056641105,0,0,0,0,0,0,0,0,0,0.581868829507669,0,0,3.45626109763292,0,0,0,0,0,0,0,0,0,0
Samhd1,0,0,0,0,0,0,0,0,0,0,0,0,0,0,0,0,1.41859882448385,0,0,0,0,0,0,0,0,0,0,0,0
Sat1,0,0,0,0,0.690579674013903,0,0,0,0,0,0,0,0,0,0,1.22465049473657,1.12242046840649,0,0,0,0,0,0,0,0,0,0,0,0
Scgb1a1,0,0,0,0,0,0,0,0,0,0,0,0,0,0,0,0,0,0,0,0,0,0,0,0,0,0,0,0,0
Sct,1.78827660822304,0,0,0,0,0,4.13973251138142,0,0,2.86697103058785,2.67687932701885,0,0,0,0,0.470285026325216,0,1.48098700009559,0,0,0,0,0,0,0,1.44655543701059,0,0,1.46609216180389
Selenop,0,0,2.07549904041309,0,0,0,0,0,0,0,0,0,0,0,1.0395698744464,0,0,0,1.62390971669861,0,0,0,0,0,0,0,0,0,0
Sell,0,0,0,0,0,0,0,0,0,0,0,0,0,0,0,0,0,0,0,0,0,0,0,0,0,0,0,0,0
Serpinb9e,0,0,0,0,0,0,1.27318942498767,0,0,1.30533321318437,0,0,0,0,0,0,0,0,0,0,0,0,0,0,0,0,0,0,0
Serpinb9g,0,0,0,0,0,0,1.15255002473533,0,0,1.43940974659033,0.725919024814936,0,0,0,0,0,0,0,0,0,0,0,0,0,0,0,0,0,0
Serping1,0,0,0,0,0,0,0,0,0,0,0,0,0,0,1.45113151932277,0,0,0,0,0,0,0,0,0,0,0,0,0,0
Serpinh1,1.05771355471159,0,0,0,0,2.69721686662843,0.645822563972822,0,0,0,0,2.32933056454805,2.77650300675294,1.67788928815109,0,0,0,0,0,0,0,0,0,1.04025569621774,0,0,0,0,0
Sgk1,0,0,0,0,0,0,0,0,0,0,0,0,0,0,0,0,0,0,0,0,0,0,0,0,0,0,0,0,0
Shisa5,0,0.28110419370077,0,0,0,0,0,0,0,0,0,0,0,0,0,0,0,0,0,0,0,1.29059296018266,0,0,0,0,0,1.56922245656361,0
Sin3b,0.37144608035311,0,0,0,0,0,2.05087772957757,0,0.441302739550328,3.07973658108169,2.71660607977304,0,0,0,0,0.471644352035187,0,2.40324669503104,0,0,0,0,0,0,0,1.02945160055684,0,0,0
Slc25a5,0,1.44421553878954,1.62322549015805,1.20609571724778,1.94967616201097,1.45569280461044,0.88236874575098,1.00073716647318,2.45594089106512,1.86709738130297,2.1175436976697,1.048641714579,1.01614576911702,1.27201539362934,0.622018246118171,0.824373813578768,1.54175299363392,1.72749279283981,1.69559880457025,0,1.42521928102052,1.28789636117201,0,1.44490264617447,1.22031515436399,0,0,0,0
Slc38a4,0.838399946508198,0,0,0,0,0,0,0,0,0,0.482108933947882,0,0,0,0,0,0,0.595091134871126,0,0,0,0,0,0,0,0,0,0,0
Slfn1,0,0,0,0,0,0,0,0,0,0,0,0,0,0,0,0,0,0,0,0,0,0,0,0,0,0,0,0,0
Slfn2,0,0,0,0,0,0,0,0,0,0,0,0,0,0,0,0,0,0,0,0,0,0,0,0,0,0,0,0,0
Slfn4,0,0,0,0,0,0,0,0,0,0,0,0,0,0,0,0,0,0,0,0,0,0,0,0,0,0,0,0,0
Slpi,0,0,0,0,0,0,0,0,0,0,0,0,0,0,0,0,0,0,0,0,0,0,0,0,0,0,0,0,0
Smpdl3a,0,0,0,0,0,0,0,0,0,0,0,0,0,0,0,0,0,0,0,0,0,0,0,0,0,0,0,0,0
Sp100,0,0,0,0,0,0,0,0,0,0,0,0,0,0,0,0,0,0,0,0,0,0,0,0,0,0,0,0,0
Sparc,1.63657969336753,0,0,1.1316867324012,0.686797078243417,4.6817435776227,2.13459639198371,0.223489372831474,0,0,0,3.80180726008499,5.80313417154605,3.666093885981,2.0053449163131,0.320072688349837,1.03604905903282,0.682039725204611,1.00420283939673,1.57088116614967,0.973635779221578,1.0416301751198,0.598602870852907,3.04657745377846,0.908512829972024,1.51679478976634,1.63477284602205,1.46093738498995,2.23822836044519
Spi1,0,0,0,0,0.82167613043175,0,0,0,0,0,0,0,0,0,0,0,0,0,0,0,0,0,0,0,0,0,0,0,0
Spink1,0,0,0,0,0,0,0,0,0,0,0,0,0,0,0,0,0,0,2.98946321516076,0,0,0,0,0,0,0,0,0,0
Spp1,0,4.21613891548905,0,0,0,0,0,4.85778008505724,0,0,0,0,0,0,0,1.17115164802529,0,0,0,1.23983656994272,0,1.50917474030651,0,0,1.15340141332277,0,1.63477284602205,1.36642678819113,2.35373844887407
Spp2,0,0,0,0,0,0,0,0,0,0,0,0,0,0,0,0,0,0,2.74108482032647,0,0,0,0,0,0,0,0,0,0
Srgn,0,1.74956550401592,0.663976654615206,1.32620561091764,1.71737054309237,2.24065197657895,0,2.45942961109148,0.854064555501221,0,0,0,2.44250263204601,0,3.47651186899867,0,2.18309180916574,0,0,0.894343667786355,1.59439591921965,1.99326506837422,1.60471596000338,0.786195121280386,3.64690680200858,0,3.09923042431422,1.59781967194302,1.65489648148824
Stat1,0,0,0,0,0,0,0,0,0,0,0,0,0,0,0,0,0,0,0,0,0,0,0,0,0,0,0,0,0
Stfa1,0,0,0,0,0,0,0,0,0,0,0,0,0,0,0,0,0,0,0,0,0,0,0,0,0,0,0,0,0
Tac2,0,0,0,0,0,0,0,0,0,0,0,0,0,0,0,0,0,0,0,0,0,0,0,0,0,0,0,0,0
Taf7l,0.725250824271173,0,0,0,0,0,0,0,0,0,0,0,0,0,0,0,0,0,0,0,0,0,0,0,0,1.53792887228167,0,0,0
Tap1,0,0,0,0,0,0,0,0,0,0,0,0,0,0,0,0,0,0,0,0,0,0,0,0,0,0,0,0,0
Tbrg1,0,0,0,0,0,0,1.27248967838703,0,0,1.46048857930676,1.14538585929019,0,0,0,0,0,0,1.13277938505478,0,0,0,0,0,0,0,0,0,0,0
Tceal9,0,0,0,0,0,1.34305153238919,0.645822563972822,0,0,0,0,1.42367788163723,1.64202682243449,0.980008672198531,0.859574889327566,0,0,0,1.33828466708527,0,0,0,0,1.31710690901162,0,0.47037133376005,0,0,0
Tff1,0,0,0,0,0,0,0,0,0,0,0,0,0,0,0,0,0,0,0,0,0,0,0,0,0,0,0,0,0
Tgfbi,0,0.615277738161222,0,0,0.65692876302243,0,0,0,0,0,0,0,0,0,0,0,0,0,0,0,0,0,0,0,0,0,0,0,0
Thbs1,0,0,0,0,0,0,0,0,0,0,0,0,0,0,0,0,0,0,0,0,0,0,1.67177011454167,0,0,0,0,0,0
Themis2,0,0,0,0,0,0,0,0,0,0,0,0,0,0,0,0,0,0,0,0,0,0,0,0,0,0,0,0,0
Tinagl1,0,0,0,0,0,0,0,0,0,0,0,0,1.66798699373602,0,0,0,0,0,0,0,0,0,0,0,0,0,0,0,0
Tmem100,0,0,0,0,0,0,0,0,0,0,0,0,0,0,0,0,0,0,0,0,0,0,0,0.920062016709642,0,0,0,0,0
Tmem14c,0,0,0,0,0,0,0.800171071693982,0,1.00997616205845,2.71743577974233,2.19693888739762,0,0,0,0,0,0,0.675483666747056,0.636794385931788,0,0,0,0.598602870852907,0,0,0,0,0,0
Tmem176b,0,0,0,0,0,0,0,0,0,0,0,0,0,0,0,0,0,0,0,0,0,0,0,0,0,0,0,0,0
Tmem37,0,0,0,0,0,0,0,0,0,0,0,0,0,0,0,0,0,0,1.63824691362451,0,0,0,0,0,0,0,0,0,0
Tmsb4x,1.21174121934735,4.23632490701695,5.18868664056434,3.79963667742975,5.00140167673087,2.41209297206939,2.90587149878947,5.05130724694173,3.21374398190758,1.72665897940191,1.87275144006094,3.62915704266306,4.37486090699596,4.29782394519898,2.76602316380391,4.30142930892584,4.66357076701203,3.13816056718447,2.3616415247754,2.71514047257307,4.84699782080657,4.64084897133749,5.53760650370858,1.61870722579461,4.8691592796987,1.68190318594675,4.15729374366977,3.94902597993967,3.59614222421038
Tnfrsf9,1.38753710937272,0,0,0,0,0,0.982997453631633,1.64938872630994,0,0,0,0,0,0,0,0,0,0,0,0,0,0,0,0,0,0,0,0,0
Tpbpa,7.05824375794065,1.70669931040088,2.14824130763787,2.61556388487854,1.80403077639074,2.31986714613798,4.44417708608945,2.29397429318174,1.69243548481959,1.20868217153768,1.38141247831415,2.13740112317416,2.1723401083367,1.96686687430227,1.92741613008342,1.33253937878382,2.57913617853457,1.48584917488587,1.52434202518099,3.19955977165552,2.7171011273004,2.87800222815155,1.91316718095731,2.38365075633799,2.71809775975589,5.8365055572211,3.58928073451571,3.29952125934295,4.54165671457429
Tpbpb,5.87541535259763,0.715940549349677,1.14494921880879,1.4469724965919,1.04029598268796,1.1441109000197,1.25085857962403,0.979753789624079,0.466654020607436,0.62160571731211,0.550533119772302,0.872412513791363,1.01975364912108,0.931766723528135,0.884814992544431,0,1.4048086310245,0.483240393345539,0,1.65637622296208,1.48390014739092,1.45113151932277,1.03751805557871,1.03820105614212,1.51424099052279,4.58185914130098,2.12745080724757,1.68323466495412,2.68186117780676
Tpm1,0,0,0,0,0,0,0.940186117387701,0,0,0,0,0.732303727413543,1.05065750394424,2.82645343050941,0,1.33253937878382,0,0,0,0,0,0,0.475909107459743,0,0,0,0,0,0
Trap1a,0,0,0,0,0,0,0.535316084117321,0,0,0,0,0,0,0,0,0,0,0.973486300457104,0.193403539244892,0,0,0,0,0,0,0,0,0,0
Trem2,0,0,0,0,0,0,0,0,0,0,0,0,0,0,0,0,0,0,0,0,0,0,0,0,0,0,0,0,0
Trf,0,0,0,0,0,0,0,0,0,0,0,0,0,0,0,0,0,0,3.7225045179848,0,0,0,0,0,0,0,0,0,0
Tsc22d1,0,0,0,0,0,0,0,0,0,1.27280377606392,0.768001560531313,0,1.11874549149719,0,1.03751805557871,0,0,0,0,0,0,0,2.78921513538166,0.932465361677875,0,0,0,0,0
Tspo,0,1.23302728674765,0,0,1.34266344999321,0,0,0.194414545461616,0,0,0,0,0,0,0,0.800703424767597,1.22513745440896,0,0,0,0,0,0,0,0,0,0,0,0
Ttr,0,0,0,0,0,0,0,0,0,0,0,0,0,0,0,0,0,0,5.33739317557957,0,0,0,0,0,0,0,0,0,0
Tuba1b,0,0,0.757663779254355,0,0.66114594005518,0,0.666847603645543,0,1.12598644274703,0.745215802616995,0.8273635228879,0.816812252673667,0,0.379010281970902,0,0,0,1.08122194567891,0,0,0,0,0,1.25085857962403,0,0,0,0,0
Txndc12,0,0,0,0,0,1.1676929676572,0,0,0,0,0,0,1.55050477837322,0,0,0,0,0,0,0,0,0,0,0,0,0,0,0,0
Tyrobp,0,2.20048966574177,2.04401435672903,1.54650018298692,2.27416247341025,0,0,1.60562438242446,0,0,0,0,0,0,0,0,2.62213706930835,0,0,1.19914842451045,2.061494526392,1.60298575092896,0,0,2.42909305049531,0,2.87108653649785,1.43736769227631,2.17973837674147
Ube2l6,0,0,0,0,0,0,0,0,0,0,0,0,0,0,0,0,0,0,0,0,0,0,0,0,0,0,0,0,0
Ucp2,0,1.03922837617993,0.779962221674461,0,1.22412597959087,0,0,0.95222230438903,0,0,0,0,0,0,0,0,1.49308946375769,0,0,0,1.27775781915439,1.0416301751198,0,0,0,0,0,0,0
Unc93b1,0,0,0,0,0,0,0,0,0,0,0,0,0,0,0,0,0,0,0,0,0,0,0,0,0,0,0,0,0
Vim,0,1.47161392019793,0,0,1.37684630599291,0,0,0,0,0,0,0.958062507190691,0,1.03758410050384,0,0,0,0,0,0,0.718144344148335,0,0,0.980260347493853,0,0,0,0,0
Wfdc1,0,0,0,0,0,0,0,0,0,0,0,0,0,0,0,0,0,0,0,0,0,0,0,0,0,0,0,0,0
Wfdc17,0,1.12175521140123,0,0,0,0,0,0,0,0,0,0,0,0,0,0,0.956712080316899,0,0,0,0,0,0,0,0,0,0.901317950507021,0,0
Zbp1,0,0,0,0,0,0,0,0,0,0,0,0,0,0,0,0,0,0,0,0,0,0,0,0,0,0,0,0,0
Zfp36,0,0,1.17126056863184,0,0.550759919803678,0,0,0,0,0,0,0,0,0,0,0,1.32853966959884,0,0,0,1.30040122640395,0,0,0,1.55939532966214,0,1.40028625497321,0,0
Zyx,0,0,0,0,0,0,0.536905497476869,0,0,0,0,0,0,0,0,0,0,0,0,0,0,0,2.08624983607752,0,0,0,0,0,0
