,Stomach_4,unassigned,Stomach_7,Stomach_2,Stomach_3,Stomach_9,Stomach_10,Stomach_6,Stomach_8,Stomach_16,Stomach_17,Stomach_14,Stomach_1,Stomach_12,Stomach_13,Stomach_11,Stomach_5,Stomach_15
1810010D01Rik,0,0,0,0,0,0,3.34108634046789,0,0,0,0,0,0,0,0,0,0,0
2010107E04Rik,1.4139729776815,1.27597533135879,1.5746969224627,1.40812837459843,1.47897427100971,0,2.65076337605329,1.3027979501455,1.42285380558706,1.12617167894082,0.879647184406589,1.62869221221839,1.37422226353635,1.37357196283249,0,1.32721414007661,0,1.21911500047829
2200002D01Rik,0,0,1.01785022106329,0.698192213564158,0.75246492093711,0,0,0.652673936804341,0.584656212969355,0.284680372996965,0.80492116579551,0,0,0,0,0,0,0
2210407C18Rik,0.698358347369907,2.6693619471738,3.41026984530347,1.99437456342054,3.83988073112716,2.55018208002815,0.657349408032772,4.02202219240588,1.24755856326507,1.4709862125572,4.38307081492668,0,3.1363593121965,0.965890685207339,1.44134188961739,1.89703950681938,3.12623030783472,1.25283419824013
A4gnt,0,0,0,0,0,0,0,0,0,0,0,0,0,0,0,0,0,0
Acta2,0,0,0,0,0,0,0,0,0,0,0,0,0,0,0,0,0,0
Actb,1.27587775509736,1.89538396573231,2.14531302370676,1.94156276045964,2.2319477751337,2.67084879817041,1.11861045391621,2.19168623734795,1.90554074777061,2.29019588041349,2.45478178829155,1.2486667232122,1.86199495149023,2.06025327695737,2.150439640428,1.93334828312826,2.05227206550472,2.17469081802138
Actg1,1.79331846728468,2.04223995337374,2.51838101361189,2.2415972441103,2.88818821090074,1.56600567228863,2.58828101745049,2.12943761072426,2.23812102382649,2.57366531754286,2.18200116241662,1.71345100611299,1.98353708964381,2.23680034774853,2.17833873377318,2.18200116241662,2.05227206550472,2.2867579653055
Adh1,0,0,0,0,0,0,0,0,0,3.28935270287479,0,0,0,0,0,0,0,0
Adh7,0,0,0,0.954650952416111,0.919429725563043,0,0,1.06311329493163,0.907584323426872,0,1.28774827358847,0,0.973063792150354,0,0,0,0,0
Agr2,3.98048529652109,2.31910534658392,3.22173652843773,2.62640194128245,2.23485811393604,1.7439917584977,0.667642358383103,1.98500288344546,2.77227846266049,1.79164447669709,1.71740741383108,4.92611948288882,2.33300100958357,0,0,3.69421034784,2.76689006017487,0
Agt,0,0,0,0,0,0,0,0,0,0,0,0,0,0,0,0,0,0
Akr1a1,1.11543074848466,0,1.22638426127992,1.2633399816861,1.25999743317111,0,1.85971974411253,1.26797819886746,1.1944604784309,1.07643894022697,0.993947095140134,1.52943597998685,1.00423857326076,0,0,1.03291808059589,0,0
Akr1b8,0,0,0.837456172048132,0,0,0,0,0,0,0,0,0,0,0,0,0,0,0
Aldh3a1,0,0,0.478659487681048,1.38587731292506,1.49824383581872,0,0,1.39204541760065,0.399939700019933,0,1.42215255928909,0,1.41103906370705,0,0,0,0,0
Aldoa,0,0,1.25819845549072,0.973301937752842,1.04910438213653,0,1.2606288861074,1.24120790776353,0.787762914562747,1.17396628169209,1.40897610188358,0.423981762420024,0.950668952370809,1.07715449832246,0,1.00440638157034,0,0
Alox5ap,0,0,0,0,0,0,0,0,0,1.98195466265774,0,0,0,0,0,0,0,0
Ambp,0,0,0,0,0,0,0,0,0,0,0,0,0,0,0,0,0,0
Anxa10,1.41902345206925,1.88802890244086,2.79189210245093,2.19960319487906,2.45683266721825,2.03652325124686,1.47040547141592,2.5887669882836,2.05278055387449,2.03258158649618,2.57486017126272,0,2.27553873154978,0.943832560927873,0,1.70289012650499,1.72879152709611,0
Anxa2,0,0,1.44026113030497,0,0.394852242405048,0,0,0,0,0,0,0.538883953834247,0,0,0,1.07021063136558,0,0
Apoa1,0,0,0,0,0,0,4.28449681917758,0,0,0,0,0,0,0,0,0,0,0
Apoe,0,0,0,0,0,0,0,0,0,0,0,0,0,0,0,0,0,0
Aqp1,0,0,0,0,0,0,0,0,0,0,0,0,0,0,0,0,0,0
Aqp5,0,0,0,0,0,0,0,0,0,0,0,1.3543530701993,0,0,0,0,0,0
Areg,0,0,0,0,0,0,0,0,0,0,0,0,0,0,0,0,0,0
Arpc2,0.660228814183456,0,1.29030135876656,1.30950880358479,1.48111606172153,0,0.552217681812607,1.24553716158832,1.22481593294092,1.38088552485319,1.3843872466905,0,1.10059146842925,0,0,1.22468555179175,0,0
Atf3,0,0,0,0,1.21235908924454,0,0,0,0,0,0,0,0,1.70202431236638,0,0,0,1.24382555087194
Atp1b1,1.10454860005836,0,0.652796640527094,0.827120985185697,0.833328366076515,0,1.42698618265885,0.796244184069076,0.920921416353385,1.4663897040943,0.783023673001551,1.24767821995174,0,1.23885091852166,0,0.53775895060658,0,0
Atp4a,0,0,0,0,0,0,4.05324473400883,0,0,0,0,0,0,0,0,0,0,0
Atp4b,0,0.438572828576557,0,0,0,0,5.1247698097492,0,0,0,0,0,0,0,0,0,2.26045057010593,0
Atp5a1,1.11647254438219,0.893259151485555,1.4633320932916,1.29716292320339,1.25023550514235,0,2.48979943922664,1.23599478711679,1.4576195307129,1.28198315231162,0.879647184406589,1.33421010802572,1.03149683149713,0,0,1.38389167025317,0,0
Atp5b,1.79045133911691,1.9802393645669,2.04751775744613,1.97277688386709,1.97036981990883,1.369253463005,3.27923078348624,1.96279668740575,2.06565693048307,1.79519180595399,1.96178754478392,1.79874440430809,1.7745490347328,1.50957590183349,0,2.25250096653114,2.01570142589267,0
Atp5c1,1.11448572476527,0,1.48030869581127,1.36038692323882,1.23451009591453,0,2.47254115985815,1.17129880096624,1.43714902852825,1.13345613609136,1.38670499417172,1.33421010802572,1.26962389974852,1.24487824933945,0,1.52897874700598,0,0
Atp5d,1.1690948954895,1.17788916330165,1.55443785921885,1.48206285152282,1.4248433073455,0,2.23850490841505,1.35547165770251,1.36846498571701,0.841563293075967,1.2935317463454,1.16301227344309,1.41865934450049,0,0,1.39203419359308,0,1.24382555087194
Atp5e,1.36202475862236,1.30366759280679,1.54473029071304,1.49335890734491,1.39000653356015,0,1.92536219321195,1.47413151712165,1.45271667931261,1.54980317006435,1.71740741383108,1.59077491186101,1.46656875164831,0.965890685207339,0,1.22468555179175,0,0
Atp5f1,0.970442574457566,0,1.29563120315781,1.23130309319143,1.21842253783282,0,2.34836426826414,1.19013538835467,1.53973021376536,0.883840896958765,1.3843872466905,1.33799515991832,1.24910802615876,0,0,1.38389167025317,0,0
Atp5g1,1.32340980288859,1.67249908924035,1.82311974800781,1.64108267032135,1.72204786342923,0,3.11497236406459,1.60555461588418,1.59652102622656,1.42723497158577,1.99573822842945,1.57297602386638,1.7133569758769,0,0,1.58793428585334,2.01189947884148,0
Atp5g3,1.01656394053547,0,1.18583377124246,1.01759622398937,1.1208157683955,0,2.33602083874889,1.14887421491536,1.05666216155261,1.05674349939122,0.870063356121737,1.16488025787875,0.896555397905105,0,0,1.1175182765571,0,0
Atp5h,1.42110719819276,1.46348312844473,1.51037363494859,1.43114515663866,1.47687966088754,0,2.86804648559029,1.38572417094805,1.53474144691729,1.25246727607224,1.46838056654022,1.13854972876845,1.43524067429964,1.37033035149929,0,1.51277235713232,2.01799059054995,0
Atp5j,1.4940331144465,1.6311926427664,1.86199495149023,1.7396061037977,1.74280501564582,0,3.00825646292632,1.76939357659122,1.79708174190536,1.3502158515143,1.77348579646605,1.99067889088565,1.62165875996918,1.37617714185456,0,2.11565826092111,1.81748607487671,0
Atp5j2,1.50139108415225,1.67523129373142,1.83993038682713,1.75272059726007,1.60986665662135,0,2.74545681348599,1.75079123410997,1.66962594815011,1.5658015201985,1.38847650931505,1.50672694629254,1.66092883990774,1.36581960005634,0,1.76323111649242,1.96897619478383,0
Atp5k,1.45445687593237,1.79084034196515,1.79358508758553,1.69582699236969,1.62861258623152,0,2.71194885742955,1.73121485245442,1.70156952564527,1.56351658806899,1.77227241733592,1.6467244845149,1.69564761485015,1.26144050743523,0,1.79416911771617,1.92535610765884,0
Atp5o,1.1223241930461,0.924485728876515,1.4603581251193,1.29471672382605,1.22443167884961,0,2.34205330333098,1.23612505589447,1.29169036364984,0.779040696365415,1.26688358333049,1.42174020993659,1.23911168878155,0,0,1.51117228739421,0,0
Atpif1,1.8541013298596,1.65360145787965,1.52224790392358,1.95430474796933,1.76745585080513,0,2.38234566478355,1.56861681221703,1.99765644813941,1.85382450555633,1.93918334716963,1.45595439446531,1.85945740974829,1.50957590183349,0,1.68898350084742,1.85189163302603,1.02375223404837
AW112010,0,0,0,0,0,0,0,0,0,0,0,0,0,0,0,0,0,0
B2m,1.26852651349972,0,0,0,0.662501098402068,0,0,0,0,0,2.01837270350227,0.879599241688265,0,0.808336066545178,2.14778434230602,0,0,3.20882288999834
Bgn,0,0,0,0,0,0,0,0,0,0,0,0,0,0,2.21944585613146,0,0,0
Birc5,0,0,0,0,0,0,0,0,0.875251771211793,0,0,0,0,0,0,0,0,0
Bpifb1,0,0,0,0,0,0,0,0,0,0,0,0,0,0,0,0,0,0
Bsg,1.46296466453724,0.970244738522779,1.43882284191258,1.67016847419019,1.38067970555028,1.369253463005,1.10667899236623,1.3424200862592,1.46457517273051,0.985654276031108,1.33664492811687,1.2343405521449,1.45961667920563,1.55231617194413,0,1.22468555179175,0,0
Btg2,0,0,0,0,0.964424363699147,0,0,0,0,0,0,0,0,0,1.26962389974852,0,0,0
C1qa,0,0,0,0,0,0,0,0,0,0,0,0,0,0,0,0,0,0
Calm1,2.22668800595427,2.25052399547882,3.15778055284761,2.76966004711528,2.83852965110763,1.7439917584977,1.60557886051159,2.94029290921167,2.78129474047654,2.87342991160148,2.93015925712858,2.40790904508675,2.79781036838749,2.68906708908031,2.45072686731018,2.9388041115319,2.16024234443673,2.35698305093554
Car2,2.14944595912999,2.20006671806415,2.64117018913902,2.93775268714926,2.78033751337429,2.34819344288455,2.64594936850391,2.50918619099024,2.73672159153354,2.07064241043981,2.763599974439,1.33421010802572,2.51619032308539,0,0,2.62062479802953,0,0
Cbr1,0.45560451146696,0.762550609099932,1.62196976908962,1.86848041545286,1.84559543183439,0,0.91863941424767,1.69547390946332,1.50744658816612,1.53074361337009,2.03296282158605,0,1.72130178932999,0,0,1.54221964917357,0,0
Ccl2,0,0,0,0,0,0,0,0,0,0,0,0,0,0,0,0,0,0
Ccl4,0,0,0,0,0,0,0,0,0,0,0,0,0,0,0,0,0,0
Ccl7,0,0,0,0,0,0,0,0,0,0,0,0,0,0,0,0,0,0
Cd24a,2.78754429250293,1.35784416934515,1.25247830778531,1.71099955946125,1.57447918328693,0,2.65231811351381,1.13667564340898,1.54536087509959,4.00068795214369,1.3843872466905,2.396983551151,1.34002592521663,1.44062118855419,0,1.42848739359497,0.933910975403323,0
Cd44,0,0,0,0,0,0,0,0,0,0,0,0,0,0,0,0,0,0
Cd52,0,0,0,0,0,0,0,0,0,0,0,0,0,0,0,0,0,1.64728488792332
Cd63,1.76271727272176,1.2073947248951,1.75414450487902,1.64729052514285,1.75782833258007,0,0.547867453864073,1.79723080337489,1.44770844196365,1.37332165751221,1.42215255928909,1.66958558608796,1.75336736094133,2.05465886544403,2.54750612790804,1.58793428585334,0,0
Cd74,0,0,0,0,0,0,0,0,0,0,0,0,0,0,0,0,0,4.3503499099401
Cd83,0,0,0,0,0,0,0,0,0,0,0,0,0,0,0,0,0,0
Cdkn1a,0,0,0,0,0,0,0,0.427475294023636,0,0.56983387121636,0,0,0,0,0,0,0,0
Cdkn1c,0,0,0,0,0,0,0,0,0,0,0,0,0,0,0,0,0,0
Cela1,0,0,0,0,0,0,0,0,0,0,0,2.93346252769935,0,0,0,1.26579097566527,0,0
Cfi,1.39516644549341,0,0,0,0,0,0,0,0,0,0,0.167232870236051,0,0,0,0,0,0
Cfl1,1.11605303128688,0,1.38141950042562,1.36455606719283,1.4812689307577,0,0.985039782398113,1.22532311921046,1.54350176746366,1.70616211247279,1.83368771926675,1.28231414113343,1.03936456343674,1.24015593540059,1.71599614546837,1.39538739530096,0,1.90169280373997
Chchd10,0.838380354714176,1.16667919586551,1.61085566986358,1.18528044100696,1.34023307688315,0,2.9405375330336,1.50929023483664,1.17490675190196,0,0.891281870810822,1.63280914745081,1.23443556548833,0.934199705199892,0,1.38521405636118,0,0
Chchd2,1.80712717162068,1.97331856545929,2.05492446426787,1.94045474546332,2.19137615322539,1.82716802358454,2.62923044789133,2.11326517377162,2.05203935835639,2.23770826678039,2.36140787113546,1.95065974529984,1.90147062772119,1.97914282495132,0,1.92125180801563,1.88519215778398,1.91310291617372
Chga,0,0,0,0,0,0,0,0,0,0,0,0,0,1.24487824933945,0,0,0,0
Chgb,0,0,0,0,0,0,0,0,0,0,0,0,0,2.33515679016823,0,0,0,0
Chia1,0,0,0,0,0,0,0,0,0,0,0,0,0,0,0,0,0,0
Chil4,0,0,0,0,0,0,0,0,0,0,0,0,0,0,0,0,0,0
Ckb,0,0,0,0,0,0,1.70302487947643,0,0,0,0,0,0,0,0,0,0,0
Ckmt1,0,0,1.5746969224627,1.18607394994001,1.42928723960846,0,1.00083813029572,1.413356765135,1.10319979150712,0.847342963176986,1.46931961929372,1.06722080625324,1.21359783400085,0,0,1.15276996819883,0,0
Clca1,0,0,0,0,0,0,0,0,0,0,0,0,0,0,0,0,0,0
Clic1,0,0,1.55259869718393,0.949323945035895,1.22725781536602,0,0,1.23845999587744,1.22562447048513,0.87202588194083,1.02532648528502,0.303734768444352,1.01201861960446,0,0,0,0,0
Clic6,0,0,0,0,0,0,0.896686950431218,0,0,0,0,0,0,0,0,0,0,0
Clu,3.71622597337861,2.38611017685952,1.86199495149023,2.85669366540172,2.57631753980575,2.1148056225377,0.888933467163733,2.1701013977177,3.02882365828625,2.30462257286041,2.24344108898883,2.95961235571096,2.33214004403275,3.09257339571659,0,2.56956729787961,3.05559313126771,1.24382555087194
Cmtm7,0,0,0,0.512263270289564,0,0,0,0,0.747144961145228,0,0,0,0,0,0,0,0,0
Col1a1,0,0,0,0,0,0,0,0,0,0,0,0,0,0,1.77416914247119,0,0,0
Col1a2,0,0,0,0,0,0,0,0,0,0,0,0,0,0,2.65738928964992,0,0,0
Col3a1,0,0,0,0,0,0,0,0,0,0,0,0,0,0,2.94492815454447,0,0,0
Col6a1,0,0,0,0,0,0,0,0,0,0,0,0,0,0,1.6376899702529,0,0,0
Col6a2,0,0,0,0,0,0,0,0,0,0,0,0,0,0,1.76623336483902,0,0,0
Cotl1,0,0,1.51759480933455,1.44976773909621,1.4558626023634,0,0,1.47507672506299,1.31991191862219,0.271142660612007,1.31466155564329,0,1.43524067429964,0,0,1.23340150398728,0,1.61654603340846
Cox4i1,2.00434512443803,2.25762743307418,2.30540658892424,2.1869688029492,2.05260282139415,1.56600567228863,3.63848630267599,2.16592572569207,2.06427598266469,2.0089541091167,1.93918334716963,2.11955905044285,2.093914713602,1.60414591834,1.44134188961739,2.25845688115211,2.2806219694708,0
Cox5a,1.61544719625787,2.25335905739358,2.43966022068946,1.95805326534927,2.24092119184091,1.85314774486638,3.39708580506521,2.34152749993514,2.01265887163679,2.24021263531496,2.26726075029993,1.94943119217208,2.14161857624538,0.943832560927873,0,2.30660300662138,2.67537390218336,1.55656590715354
Cox5b,1.07618477003213,1.41984229837242,1.47763984620816,1.30513006360222,1.42344803941237,0,2.67711553609426,1.447488414543,1.3703304334452,1.48797347273404,1.21743753151787,1.40575636876472,1.21911500047829,1.17314486813929,0,1.32993741397367,2.03496378372625,0
Cox6a1,2.15421787028427,2.35038338970146,2.44709149192637,2.43858033840669,2.40659285132433,1.56399282445555,3.91324482664522,2.38593807241151,2.29884850747697,2.27962988643105,2.47946302374588,2.17047071117736,2.39939059183021,1.66487324739075,0,2.31698457937334,2.27452534263288,0
Cox6b1,2.14657007768254,2.37143853818355,2.70094721942953,2.58188367473905,2.45100005646256,1.71917514491184,3.96212681869159,2.67655483156309,2.47143023427216,2.30175879526362,2.72806143888667,2.22221253998043,2.60537795364468,1.68694470196356,1.46631922666324,2.80205764925534,2.27655320403039,1.6708289695124
Cox6c,1.75420403411984,2.0920851549791,2.03159442549627,1.94953441167383,1.990721788401,1.63959905820614,3.61752118913653,1.9436925446029,2.05727445755993,2.29968677981394,2.08271669540749,2.00924871354714,1.91310291617372,1.92398578036759,1.76623336483902,2.073988693749,2.11822102310066,0
Cox7a1,0,0,0,0,0,0,1.71026003708258,0,0,0,0,0,0,0,0,0,0,0
Cox7a2,1.46819801071983,1.86072519875536,2.05068444533288,1.76327895514767,1.80549587536716,0,3.15633974432937,1.88712279518608,1.93593870042199,1.50754791973301,1.65871919708989,1.48768921017765,1.85189163302603,1.30584953460711,0,1.68898350084742,2.08793967771846,0
Cox7b,1.46880877995801,1.78199366379376,1.76962463718649,1.7519881931095,1.81823843065727,1.38141950042562,3.38356109375195,1.88707811276208,1.82081749854353,1.54189897444574,1.8862384297642,2.06929940059927,1.80160408196141,0,0,2.09125421184499,0,0
Cox7c,1.65314341392102,1.71794316567064,2.09101705139504,1.949541073799,1.96394050935335,0,3.23072070959195,1.87722875880693,1.94046647587387,2.1650264619173,2.28394071911694,1.82415748193197,1.87868276401008,1.47536056333976,0,1.96465575074247,0,0
Cox8a,1.99215053297533,2.27553927333164,2.2867579653055,2.20301567113605,2.24401822032465,1.38141950042562,3.42556011843095,2.20213140699887,2.19824847380079,2.21203688194657,2.35824523114686,2.3563217824936,2.20381631676059,1.64055544848855,1.8079191911128,2.31698457937334,2.25052399547882,1.90169280373997
Cpe,0,0,0,0,0,0,0,0,0,0,0,0,0,3.35451643772427,0,0,0,0
Cpn1,0,0,0,0,0,0,0,0,0,0,0,0.303734768444352,0,0,0,0,0,0
Crip1,0.631462694573677,0,1.96501495479682,0.917767739381811,0.868197629562938,0,0,0.785485980803403,1.39304882330462,2.36010245832233,0.870063356121737,1.05773329656049,0,0,1.6376899702529,1.78487568378867,0,0
Crip2,0,0,0,0,0,0,0,0,0,0,0,0,0,0,0,0,0,0
Ctsb,0.832648975213981,0,1.12982483651565,1.07145818127436,1.35494924950092,0,1.20304708004872,1.59117156254019,0.837308743501397,1.15599981629168,1.4852930233319,0.923879208932084,1.06260414537686,0,2.10716797860322,0,0,1.64728488792332
Ctse,0,1.47802568925462,2.7169977141264,1.53971988216752,2.22249864879149,0,1.71921147956429,2.54324341399193,1.68637240555958,0,2.08271669540749,2.00924871354714,1.73961840838759,0,0,2.30331644992519,0,0
Ctsl,0,0,0,0,0,0,0,0,0,0,0,0,0,1.47536056333976,2.6934515776956,0,0,0
Cxcl1,0,0,0,0,0,0,0,0,0,0,0,0,0,0,0,0,0,0
Cxcl10,0,0,0,0,0,0,0,0,0,0,0,0,0,0,0,0,0,0
Cxcl17,0.890402205377223,0,0,0.906523810676256,0.740260203567549,0,0,0,0.737414811915781,0,0,0,0.727689784171852,0,0,0,0,0
Cxcl2,0,0,0,0,0,0,0,0,0,0,0,0,0,0,0,0,0,0
Cyb5a,0,0,1.26198257684013,1.10653043631853,1.19258723168831,0,0.859854414833895,1.21823868459894,1.0358945908311,1.15008520622132,1.2935317463454,0,1.03505762599411,0,0,0.990347767365926,0,0
Cycs,0.680697417893163,0.910779137253701,1.53556801012509,1.01630003615421,1.40944424799367,0,2.69136924128262,1.33544708126401,1.27904023463937,0.97956077140968,1.15262071677241,1.10483134437978,1.13978966272954,0,0,1.44423251297625,0,0
Cym,0,0,0,0,0,0,0,0,0,0,0,0,0,0,0,0,0,0
Cystm1,2.66310949132204,2.39181313018955,2.64900259243055,2.9350449724436,2.85406901962242,2.13201320715407,2.56355733888622,2.79747468123564,2.6449165151237,2.96114925721918,2.94848914528017,2.4787994201422,2.76571387085288,2.08628701057844,0,2.53335172076995,2.05227206550472,0
Dbi,1.69056591614049,2.05326956753894,2.27621492601816,2.27263773494522,2.54872160813327,1.37357196283249,1.98382875281236,2.17317636099092,2.55630774390775,2.28323438913013,2.63908215857245,2.04096631789192,2.13375209570516,0,1.24015593540059,2.54328349364786,2.08793967771846,0
Dclk1,0,0,0,0,0,0,0,0,0,1.29553562318209,0,0,0,0,0,0,0,0
Dcn,0,0,0,0,0,0,0,0,0,0,0,0,0,0,3.70135322810505,0,0,0
Dmbt1,0,0,0,0,0,0,0,0,0,0,0,0,0,0,0,0,0,0
Dnajb1,0,0,0,0,1.92718681385853,0,0.596306105269141,0,0,0,0,0,0,2.88332588249644,2.150439640428,0,0,0
Dpcr1,1.048043420757,2.63460724623361,3.20498533508482,3.55034642879382,3.70289632645756,3.24722892910157,0.469680291833604,3.22974520328698,2.55533953794088,2.21874948395778,3.65326339216818,0.262269033765429,3.10011586263276,1.07715449832246,1.23754881148038,1.99536595097252,3.08595946874337,1.02375223404837
Dpt,0,0,0,0,0,0,0,0,0,0,0,0,0,0,1.58084408170057,0,0,0
Dusp1,0,0,0,0,0.472248169832893,0,0,0,0,0,0,0,0,0,1.84439529616522,0,0,0
Ecm1,0,0,0,0,0,0,0,0,0,0,0,0,0,0,0,0,0,0
Eef1a1,2.32301050446709,1.11628905314991,1.81209068976395,2.32870623219902,2.02684310380778,0,1.80584954837597,1.53203630678307,2.30483150670558,2.05127381253355,1.79870012080231,2.57366151717963,1.92672867045054,1.81688479722043,2.6934515776956,2.26016549954825,0,2.21088811788342
Eef1b2,1.18520560085231,0,0.786452982638874,1.18098421962462,0.762566997377455,0,1.19958506638682,0.535420025890967,1.4143829488854,0,0.817882242358512,1.75113501978464,0.868818316840451,0,0,1.38141950042562,0,0
Eef2,0.940950951133608,0,0.428730588303611,0.749410365476873,0.574187148692313,0,0.789096452562978,0,0.8146213215035,0.949717988488985,0,1.03238619655926,0,0,0,0.860204730966417,0,0
Egr1,0,0,0,0,0,0,0,0,0,0,0,0,0,0,1.77303056073373,0,0,0
Eif1,1.93478095118868,1.82771610045945,1.98647912055438,1.90458696884829,2.26286568407691,0,1.74136728642184,1.89255604908134,2.17620907567928,2.26940598790826,1.77227241733592,2.0289505496218,1.85440579046935,2.70138979839027,2.57595866026455,1.79846512652753,2.02105219440046,2.21088811788342
Eif5a,0.9780717941377,0,1.11709892874249,1.22549279105684,1.03390256622785,0,0.983327138111012,0.903523228467537,1.41346043493655,0.285206166043576,1.02532648528502,1.10759569014021,0.956091172374691,0.808336066545178,0,0.990347767365926,0,0
Elf3,0,0,0.711472140009451,0.476201831043443,1.36187324838524,0,0,0.528781109562178,0.640303619643675,0.947316293660487,0.891281870810822,0.302899225479409,0,0,0,0.587901583291664,0,0
Emp1,0,0,0,0,0,0,0,0,0,0,0,0,0,0,0,0,0,0
Emp3,0,0,0,0,0,0,0,0,0,0,0,0,0,0,0,0,0,0
Esd,0,0,1.12067395010963,1.06119091491894,0.990517059626203,0,0.397111987035856,1.16349076507976,0.956091271898881,0,1.35226695827609,0,0.889973473132079,0,0,0,0,0
Ethe1,0,0,1.03185176147123,0,0.63066183883007,0,0,0.527021083326161,0,0,0.580930053827354,0,0,0,0,0,0,0
Ezr,0,0,1.03398669952274,1.11781209774467,1.41035104822245,0,1.63642842594337,1.00693099515914,0.848851380957695,0.721968423453378,1.46838056654022,0,0.891544026737255,0,0,0,0,0
Fabp2,0,0,1.39842018678398,0,0,0,0,0,0,0,0,0,0,0,0,0.587901583291664,0,0
Fabp3,0,0,0,0,0,0,2.14961602446494,0,0,0,0,0,0,0,0,0,0,0
Fabp5,0.647418401735535,1.23651291507172,1.47195591424888,1.49576305509858,2.13006909903805,0,1.38681970019333,2.17786943922385,1.33857947086973,1.48797347273404,1.8862384297642,0,1.81748607487671,0,0,0,1.6879634170893,0
Fau,1.772077177767,1.54431135405934,1.71142732890474,1.81981573472474,1.6290410850946,0,1.44837868433663,1.59659703388704,1.95854480617816,1.63800269655185,1.79870012080231,1.82415748193197,1.75170464684362,1.36581960005634,1.44134188961739,1.98549732598606,1.92535610765884,2.34819344288455
Fcer1g,0,0,0,0,0,0,0,0,0,0,0,0,0,0,0,0,0,1.25283419824013
Ffar2,0,0,0,0,0,0,0,0,0,0,0,0,0,0.730466415531847,0,0,0,0
Fhl1,0,0,0.860204730966417,0,0,0,0,0.839599355442667,0,0,0,0,0,0,0,0,0,0
Fos,1.03167684183804,0,0,0,1.52074867691636,0,0.55761062559662,0,0.40391733164578,0,0.527848813878773,0.879599241688265,0,2.23097967014386,2.68906708908031,0,0,0
Fosb,0,0,0,0,0,0,0,0,0,0,0,0,0,0,1.4082898924934,0,0,0
Foxq1,0,0,0,0,0.710666499418847,0,0,0,0,0,0,0,0,0,0,0,0,0
Fth1,2.57390138429136,2.33515679016823,2.22711922702846,2.24599612769696,2.18554663639738,1.38141950042562,3.81483661949255,2.16440044311978,2.32439442937423,2.34496748222,2.22327465945608,2.40751778240133,2.27553873154978,2.1142376446291,3.78366710035082,2.31592624115549,2.2806219694708,3.25243726763512
Ftl1,2.41495915173299,2.32763313857586,2.9376920241253,2.67050417454065,2.9786168459578,0,2.60996827085386,2.69365207884362,2.58408437533408,2.37724750080201,2.82669112773602,2.18428855750077,2.4840545939952,2.01189947884148,2.86033696222011,2.5056207924926,2.156665546737,4.08289233122021
Furin,0,0,0,0,0,0,0,0,0,0,0,0,0,0,0,0,0,0
Fxyd3,3.17162153067413,2.65869031730465,2.48757506370898,3.07659775394802,2.79588138906839,2.08463739727227,2.90457788472927,2.62639722045929,2.77915097001785,2.42426947420856,2.95839948661686,2.97227803780108,2.78349338217919,2.38838711175493,1.24015593540059,2.80205764925534,3.07720024411598,0
Fxyd5,0,0,0,0,0,0,0,0,0,0,0,0,0,0,0,0,0,0
Gadd45g,0,0,0,0,0,0,0.536157096723754,0,0,0,0,0,0,1.24487824933945,2.150439640428,0,0,0
Gapdh,1.07002198454531,1.58329144469975,1.94618273594263,1.70084354193325,1.88613269631729,0,2.58476584170165,1.68679967294356,1.70260101694736,1.54767592714273,1.81548356077044,1.44108821337469,1.5694695181439,1.23885091852166,1.77416914247119,1.59083469048487,1.94899875330775,1.64728488792332
Gas5,1.0871655351895,0,0,0.830682902913566,0,0,0.405519891814068,0,0.954883180614692,0.570359664262972,0,1.40099814192154,0,0.808336066545178,0,1.39572367246608,0,0
Gast,0.838264602589227,1.52967825298241,0.696291080883531,0.85457958013434,0.84997920395299,2.06427106079934,0.52420894149562,0.719151049387386,0.630941738579809,0,0.817882242358512,0.737852495414447,0.822742679224088,8.23951747839714,1.50957590183349,1.39538739530096,3.51587982863906,1.25283419824013
Ghrl,0,0,0,0,0,0,0,0,0,0,0,0,0,0.965890685207339,0,0,2.24658246446792,0
Gif,0,0,0,0,0,0,0,0,0,0,0,0,0,0,0,0,0,0
Gkn3,0.400840200493978,0,0,0,0,0,0,0,0,0,0,6.20193560172044,0,0,0,2.17287227191556,1.96753361965407,0
Gm10736,1.883376238744,0,1.49039150831668,1.72299447463568,1.45097260955491,0,1.23232923678318,1.23400123073311,1.74387579043002,1.88980835672707,1.12384839134842,1.93315283236275,1.41691967283363,1.17734256008893,0,1.89153359397416,0,1.55656590715354
Gm12374,0,0,0,0,0,0,0,0,0,0,0,0,0,0,0,0,0,0
Gm15427,1.10859222431,0,1.0246261958574,1.19358365349369,1.0787816410607,0,0.829539189525164,0.70276914695038,1.27459248574922,0.970947616183677,0.852242811255702,1.28231414113343,0.939136534091917,0,0,1.40350652618273,0,1.24382555087194
Gm23935,0,0,0,0,0,4.17296313885543,0,0,0,0.336767304470214,0,0.167232870236051,0,0,0,0,0,0
Gm24270,0,0,0,0,0,0,0,0,0,0,0,0,0,0,0,0,0,0
Gm24447,0,0,0,0,0,0,0,0,0,0,0,0,0,0,0,0,0,0
Gm24616,0,0,0,0,0,0,0,0,0,0,0,0,0,0,0,0,0,0
Gm26917,0,0,0,0.463309632621288,0,5.3710442255254,0,0,0.458845605777791,0,0.569255803356542,0.839503343083563,0,0,0,0,0,0
Gm3776,0,0,1.79358508758553,0.94457935046459,1.64615951033866,0,0,1.5208359881663,0.459849378112354,0,1.4852930233319,0,1.24910802615876,0,0,0,0,0
Gm42418,0.927605392955184,0,0.551671842209024,1.21410069100925,0.655874520899882,4.89441210952196,0.369405100379442,0.812191881926114,0.976649921484321,0.271142660612007,0.817882242358512,1.12795565716748,0.646214799180738,0,0,0.852840673945742,0,0
Gm44985,0,0,0,0,0,0,0,0,0,0,0,0,0,0,0,0,0,0
Gng13,0,0,0,0,0,0,0,0,0,1.49460967271575,0,0,0,0,0,0,0,0
Gng5,1.47738640402543,1.13037972821054,1.5397179142654,1.49613231552299,1.55759690333597,0,1.92251155415387,1.50713868369534,1.53125881199588,1.51719177477032,1.4852930233319,1.56429126933723,1.39740767985696,1.30584953460711,0,1.40350652618273,0,0
Gpx1,1.26579998491495,1.43192129246804,2.04751775744613,1.72651213605239,1.73084964480197,0,2.15520950467929,1.71638104516879,1.54856841425404,1.44721245314896,1.95714717979672,1.66465524766125,1.61979546444863,0,0.832871659337275,2.073988693749,0,0
Gpx2,0,0,0,0.514168980577094,0,0,0,0,0.834885916758677,0,0,1.41238934496396,0,0,0,1.15276996819883,0,0
Gpx3,0,0,0,0,0,0,0,0,0,0,0,0,0,2.5056207924926,1.84439529616522,0,0,0
Gsdma2,0,0,1.40646351872445,1.89593613474834,2.3129925273545,2.28266290556862,0,2.85109385257421,1.19218080695199,0.774055354926626,2.37840797677798,0,2.17651296791369,0,0,0,0,0
Gsn,0,0,0.632536744352883,0,0.524470299587155,0,0,0.774422345641101,0,0,0,0,0,0,3.64560398773085,0,0,0
Gsta1,0.938409980926229,3.2499012677921,4.7396136023792,4.12996789935052,4.65399642064405,2.4067953025063,0.704525577294331,4.81054485305569,3.42150458587732,2.26242622252785,4.67270473800827,0.737852495414447,4.46407687625932,0,1.6376899702529,3.40082649318547,3.10591745476583,1.55656590715354
Gsta4,2.03694208391423,3.04653348443944,3.98061970788724,3.60661036615173,3.67704824987674,3.06634527010093,1.41468694118346,3.76232890401123,3.31372140480254,2.31172533701962,3.79892807022214,2.19467638501012,3.54805851072354,1.1512792822718,1.26962389974852,3.36031031636779,2.91306939845555,1.21911500047829
Gstm1,1.09199896140408,0,1.5746969224627,1.44920034399506,0.791462835937083,1.77759476401024,0.641618269544175,0,1.78951774873613,0,0,1.46022383853349,0.825418917344233,0,0,2.67915974667601,0,0
Gstm2,0,0,0.455129599597998,0,0,0,0,0,0.568485849187066,0,0,0.41118821089346,0,0,0,1.09093005164684,0,0
Gstm3,0,0,0,0,0,0,0,0,0,0,0,0,0,0,0,1.32993741397367,0,0
Gstp1,0.613392773655406,0,1.58261010601127,1.43008256435638,1.43703552389985,0,0.829539189525164,1.54107414666872,1.40513774154252,0.285206166043576,1.31851968537976,0.851686508704232,1.46295962921689,0,0,1.37650353618837,0,0
H2-Aa,0,0,0,0,0,0,0,0,0,0,0,0,0,0,0,0,0,3.65978188405676
H2-Ab1,0,0,0,0,0,0,0,0,0,0,0,0,0,0,0,0,0,3.6959572392223
H2-Eb1,0,0,0,0,0,0,0,0,0,0,0,0,0,0,0,0,0,3.13079362474765
H2afz,0,0,0,0.502603599505784,0,0,0,0,1.60090940262826,0,0.527848813878773,0.851782761026432,0,0,0,0.860448392715573,0,0
H3f3b,2.04268539432739,1.75603856041817,1.62196976908962,1.78622949435633,2.88915025067419,1.81989568558663,1.73161993616136,1.42203707136489,2.53649081003332,3.04289516156101,2.20147096789817,1.93657858849416,1.71388408549963,3.04919047949427,2.47779855322269,1.76323111649242,0,3.73490592761596
Hamp2,0,0,0,0,0,0,1.18710062909738,0,0,0,0,0,0,0,0,0,0,0
Hck,0,0,0,0,0,0,0,0,0,1.26324016136547,0,0,0,0,0,0,0,0
Hes1,0,0,0,0,0,0,0,0,0,0,0,0,0,0,0,0,0,0
Hint1,0.97907990060953,0.817665677164152,1.5397179142654,1.32586108885449,1.21397233871427,0,0.89912262915329,1.22115889192881,1.72488126597896,0,0.853919004727871,1.20787970613208,1.31901606829419,1.1512792822718,0,1.43631329802959,1.70549346498837,0
Hist1h1c,0,0,0,0,0,0,0.37542635354859,0,0,0.271142660612007,0,0,0,0,0,0,0,0
Hist1h2bc,0,0,0.589248771932524,0,0.523441098908605,0,0.952031508351198,0,0,0,0,0,0,1.30584953460711,0,0,0,0
Hsp25-ps1,0,0,0,0,0,0,0,0,0,0,0,0,0,0,0,0,0,0
Hsp90aa1,0.619117081053117,0,0,0,0.700627104132231,0,0.915623457350954,0,1.11448629809815,1.1232433977244,0.783023673001551,0.771456940107599,0,1.79086526179657,1.77416914247119,0,0,1.21911500047829
Hsp90ab1,1.26825273394078,0,0.981626791467613,1.25017048323414,1.2326523977825,0,1.65451680587506,0.872349647167146,1.58531827975593,1.07643894022697,0.891281870810822,1.2579952025766,0.80027371161774,1.75614642377965,1.23754881148038,1.59960625141113,0,0
Hspa1a,0.904718524838221,0,0,0,0,0,0,0,0,0,0,0.880008470952505,0,1.55231617194413,2.14778434230602,0,0,2.31804408511502
Hspa1b,0,0,0,0,0,0,0,0,0,0,0,0,0,0,0,0,0,0
Hspa5,1.30907777514661,0,0.937387969188148,0.823761032190682,1.38067970555028,0,0.699284591328877,0.638946984950214,1.07827376319046,0.985654276031108,0,1.43549721787467,0,1.84191176589939,0,1.38141950042562,0,0
Hspa8,2.07196663324982,2.09687609819191,2.09648770866099,2.17964600068229,2.45665026835547,2.22904745714265,2.29805554285192,1.88712279518608,2.58945762841643,2.37648160871908,1.93085983292395,2.52842178947239,1.93556641541797,2.88700016114106,3.05559313126771,2.47034242817889,1.9433760367708,2.67235500358671
Hspb1,0,0,0,0,0,0,0,0,0,0,0,0,0,1.87738701552198,1.74143765287368,0,0,0
Hspe1,1.67287837536629,0,0.542666001165106,0.927109528322699,0.8984594643865,0,1.89199088173923,0.227899079770748,1.52204506624904,0,0.668697901836318,1.76774203784935,0,1.97987364396627,0,1.42848739359497,0,0
Id1,0,0,0,0.520578336785122,0,0,0.469424943804231,0,0.681916423506897,0,0.622312142020728,0.743998046562322,0,0,0,0,0,0
Id2,0.624592939945973,0,0,0,0,0,1.52826722183643,0,0.749118856179936,0,0,1.05034842837135,0,0,0,0,0,0
Id3,0,0,0,0.884779339425988,0,0,1.27473793112545,0.582592141790158,1.19026920973412,0,0.91345857978574,1.32681542465264,0,0,1.77530936764907,0,0,0
Ier2,0,0,0,0,0.646419316022753,0,0,0,0.173648334956502,0,0,0.696678805705042,0,0.808336066545178,1.35752648686777,0,0,0
Ier3,0,0,0,0,0.70412669978057,0,0,0,0,0,0,0,0,0,1.23754881148038,0,0,1.64728488792332
Ifi27,0,0,0,0,0,0,0.452082312795335,0,0,0,0,0,0,0,0,0,0,0
Ifi27l2b,0,0,0,0,0,0,0,0,0,0,0,0,0,0,0,0,0,0
Ifitm2,0,0,0,0,0,0,0,0,0,0,0,0.814357339871326,0,0,0,0,0,0
Ifitm3,0,0,0,0,0,0,0,0,0,0,0,0.167232870236051,0,0,2.39524981837042,0,0,0
Ifrd1,0,0,0,0,1.299627826938,0,0,0,0,0,0,0,0,0,0,0,0,0
Igfbp2,0,0,0,0,0,0,0.955924889745371,0,0,0,0,0,0,0,0,0,0,0
Igfbp4,0,0,0,0,0,0,0,0,0,0,0,0,0,0,0,0,0,0
Igfbp6,0,0,0,0,0,0,0,0,0,0,0,0,0,0,1.44350868154573,0,0,0
Igfbp7,0,0,0,0,0,0,0,0,0,0,0,0,0,0,3.57263809346156,0,0,0
Igha,0,0,0,0,0,0,0,0,0,0,0,0,0,0,0,0,0,0
Igkc,0,0,0,0,0,0,0,0,0,0,0,0,0,0,0,0,0,0
Il18,0,0,0.96311358019578,1.19519469000927,1.15256014603559,0,0,1.28891097627424,0.649738096083286,0,0.853919004727871,0,1.06260414537686,0,0,0,0,0
Il33,0,0,0,0,0,0,0,0,0,0,0,0,0,0,0,0,0,0
Isg15,0,0,0,0,0,0,0,0,0,0,1.3843872466905,0,0,0,0,0,0,0
Itm2b,1.35532990381503,0,1.5397179142654,1.54076443365044,1.54623719790095,0,1.2884295750137,1.64739075140202,1.35426777725822,1.92019589303145,1.66092883990775,1.22180770759,1.48298803971587,2.03496378372625,1.89373158332917,1.10303491383114,0,2.27452534263288
Jchain,0,0,0,0,0,0,0,0,0,0,0,0,0,0,0,0,0,0
Jun,0,0,0,0,0.705012978047924,0,0,0,0,0,0,0,0,0,2.21944585613146,0,0,0
Jund,0,0,0,0,0,0,0,0,0,0,0,0,0,0,0,0,0,1.21911500047829
Kcne2,0,0,0,0,0,0,1.093274927937,0,0,0,0,0,0,0,0,0,0,0
Kcne3,0,0,0,0,0,0,0,0,0,0,0,2.17721850013709,0,0,0,0,0,0
Kctd12,0,0,0,0,0,0,0,0,0,0,0,0,0,0,0,0,0,0
Klf2,0,0,0,0,0,0,0,0,0,0,0,0,0,0,0,0,0,0
Klf6,0,0,0,0,0.76407836261864,0,0,0,0,0,0,0,0,0,0,0,0,0
Klk1,0,0,0,0,0,0,0,0,0,0,0,1.35753440893732,0,0,0,0,0,0
Krt18,1.28795772699489,1.20887540589352,1.72428897617143,1.56031126390392,1.97939219832128,1.84631959009506,1.10726751597081,1.30092338336401,1.58760550313662,3.55663558456868,1.74158337632072,1.56197343112758,1.25873756717534,0,0,1.78487568378867,1.55571392272307,0
Krt19,1.11543074848466,2.73283968155767,3.57685094859597,2.74525335161703,3.17587496722284,2.80035673279663,1.06166182894067,3.14035162424215,2.32853397141585,2.17759467132319,3.03544115016784,1.41917626266042,2.88149334182576,0,0,2.73347704778689,3.43076039860273,1.74949317991981
Krt20,0,0,0.796096249827024,0,0,0,0,0,0,0,0,0,0,0,0,0,0,0
Krt7,0,0,0,0,0,0,0,0,0,0,0,0,0,0,0,0,0,0
Krt8,2.01760872877688,3.20394092773039,4.3091088368258,3.50280137070219,4.05402739755567,3.00877737174945,1.99114257930018,3.72086475458563,3.37036419575702,4.21444863708466,3.55910076744911,2.4110559013669,3.51937036820428,2.08628701057844,1.44134188961739,3.87802985948002,3.15856098797922,0
Lars2,0,0,0,0,0,0,0,0,0,0,0,0,0,0,0,0,0,0
Ldha,0.887115242314302,1.14441426503647,1.58216819377489,1.20003371532164,1.4159949626002,1.33817947786487,1.41531723511949,1.47139078524413,1.45124433654563,1.5107661318069,1.33664492811687,1.19267405388959,1.14771813522334,0,0,1.52245091874084,2.01799059054995,0
Ldhb,0,0,0,0,0,0,2.17690686296655,0,0,0,0,0,0,0,0,0,0,0
Lgals1,0,0,0,0,0,0,0,0,0,0,0,0,0,0,2.29293376875041,0,0,0
Lgals2,2.02263500199756,3.81028051986117,3.51148690830804,4.34778091788706,4.33930531642336,3.597232430522,1.18041186839685,4.3411882600636,3.81165197345158,2.9415724914101,4.69110391230839,1.42174020993659,4.40500998512415,2.03496378372625,1.89373158332917,3.55013021441641,4.08039924008004,1.6708289695124
Lgals3,0,0,0.811132643923961,0,0,0,0,0,0,0,0,0,0,0,0,0,0,0
Lgals4,0,0,2.21690202404983,0,0.788098985914709,0,0,1.23148927093371,0,0.285153498219395,0.783023673001551,0.171600462197424,0,0,0,1.73961840838759,0,0
Lgals9,0,0,1.06620308846998,0.672651524472112,1.08341376954235,0,0.88873889166217,0.984315065416606,0.278931017100511,0,1.43810486211879,0,0,0,0,0,0,0
Lpl,0,0,0,0,0,0,0.835484988591022,0,0,0,0,0,0,0,0,0,0,0
Lrmp,0,0,0,0,0,0,0,0,0,1.5496967517893,0,0,0,0,0,0,0,0
Ltc4s,0,0,0,0,0,0,0,0,0,1.21634174756695,0,0,0,0,0,0,0,0
Lum,0,0,0,0,0,0,0,0,0,0,0,0,0,0,0,0,0,0
Ly6a,0,0,0,0,0,0,0,0,0,0,0,0,0,0,1.4082898924934,0,0,0
Ly6d,0,0,0,0,0,0,0,0,0,0,0,0,0,0,0,0,0,0
Ly6e,0.966064225997334,0,0,0,0,0,0.501476690123242,0,0.401263313199448,0,0.891281870810822,1.0627906631119,0,0,0,0,0,0
Lypd8,0,0,1.71705435406469,0,0.962959807458209,0,0,1.76757803623804,0,0,2.6765838915068,0,0.774681142827447,0,0,0,0,0
Lyz2,0,0,0,0,0,0,0,0,0,0,0,0,0,0,0,0,0,1.88781031959516
Maff,0,0,0,0,0,0,0,0,0,0,0,0,0,0,0,0,0,0
Maged1,0,0,0,0,0,0,0,0,0,0,0,0,0,0,0,0,0,0
Mal,0,0,1.26198257684013,0,0.913322116806835,0,0,1.20584234945106,0,0,0.80492116579551,0,0,0,0,0,0,0
Malat1,0,0,0,0,0,0,0,0,0,0,0,0,0,0,0,0,0,0
Map1lc3a,0,0,0,0,0,0,0,0,0,0,0,0,0,0,0,0,0,0
Mcpt1,0,0,0,0,0,0,0,0,0,0,0,0,0,0,0,0,0,0
Mcpt2,0,0,0,0,0,0,0,0,0,0,0,0,0,0,0,0,0,0
Mdh1,0.946646823931407,0,0.748506227076782,0.838496172522779,0.943834948009384,0,2.59122530705427,0.693582924121305,0.872089858950311,0,0.622312142020728,0.880474296969249,0,0,0,0,0,0
Mfap5,0,0,0,0,0,0,0,0,0,0,0,0,0,0,0,0,0,0
Mgp,0,0,0,0,0,0,0,0,0,0,0,0,0,0,0,0,0,0
Mgst2,0,0,1.320010033424,0.754155731955975,1.14364299788039,0,0,1.49374787412032,0.369169550568013,0,1.46838056654022,0,0.980029265671127,0,0,0,0,0
Mgst3,1.02498322495622,2.2175373315925,3.17550540048469,2.79413030191714,2.88693730409644,1.61979546444863,0.993739586498495,3.12280524044698,2.27615682740064,2.2745275057935,2.85050335718724,1.19454203832525,2.97706192029922,0,0,2.55870243251295,2.08793967771846,0
Minos1,0.923653299843895,0,0.949771436852015,0.79155505216422,0.830258859412572,0,2.00685827648111,0.751924159874519,0.963191269175299,0.722494216499989,0.569255803356542,1.09887079788742,0,0,0,1.03291808059589,0,0
Mir6236,0,0,0,0,0,0,0,0,0,0,0,0,0,0,0,0,0,0
Mmp2,0,0,0,0,0,0,0,0,0,0,0,0,0,0,2.17833873377318,0,0,0
Mogat1,0,0,0,1.21318231481792,1.17677442932771,0,0,1.39895098663053,0.552315861438631,0.284680372996965,1.38670499417172,0,1.21235129419241,0,0,0,0,0
mt-Nd3,2.30785246193771,2.34056799821168,1.78487568378867,2.11240943477871,2.00159191894117,3.16090547013593,3.53866257661872,2.18704370284372,1.92732585031832,2.30600552790933,2.07766038932229,2.21622769260961,2.239236338377,1.50957590183349,1.69513291420913,1.98549732598606,2.14601843093664,0
mt-Tm,0,0,0,0,0,0,0,0,0,0,0,0,0,0,0,0,0,0
mt-Tp,0,0,0,0,0,0,0,0,0,0,0,0,0,0,0,0,0,0
Mt1,3.00128018494955,2.91482047662436,1.83614619671845,3.65468271784475,3.31447920280169,2.29914982558765,2.74757143339122,2.44910074689938,3.59018206889108,2.36806955503571,3.04403377953594,2.27444787912777,3.12330631083726,1.68694470196356,3.08815984742742,2.75704993909421,3.54853017111901,2.68804665681326
Mt2,1.3450457611959,0,0,1.87793039819215,0.883748221977627,0,0.903006215264822,0,2.28738014538161,0,0.688481969101673,0.864313795603312,0.885295867803912,0,1.77530936764907,1.03291808059589,0,0
Muc1,0,0,0,0.818325542969979,0.836786269576731,0,0,0.838577380735373,0.673405374022336,0,0.870063356121737,0.970119395712254,0,0,0,0,0,0
Muc5ac,0,1.0282259487978,2.01982626244749,1.64503669714059,1.41207744249566,2.87722927290204,0,2.36624223222578,1.05388489545351,0.690860224490589,1.26688358333049,0,1.80950577720959,0,0,0.928602580478157,2.02258703602916,0
Muc6,0,0,0,0,0,0,0,0,0,0,0,0.767991309377148,0,0,0,0,0,0
Myl6,1.18496417055549,0.978278451259731,1.79611898117158,1.61036570189889,1.7164254510523,0,1.0379547463091,1.61513175258098,1.42116712744233,1.58405158559559,1.43810486211879,1.27997250256672,1.59061116896985,1.23885091852166,1.93431799907054,1.60359966102103,0,0
Myl9,0,0,0,0,0,0,0,0,0,0,0,0,0,0,0,0,0,0
n-R5-8s1,0,0,0,0,0,0,0,0,0,0,0,0,0,0,0,0,0,0
Ndufa13,1.18878700087861,0,1.06575974129153,1.05230246327481,1.02946584907181,0,1.8355330035233,1.15161443537048,0.966672503118416,0.787365922451758,0.879647184406589,1.10385259781002,0.939136534091917,0,0,1.41518459885406,0,0
Ndufa3,1.28377440625135,1.19542889881099,1.39830760797847,1.35041596562057,1.34033427306379,0,2.51585620995441,1.35897322641937,1.4142123385082,1.25790818057534,1.43810486211879,1.1632450877586,1.22113443595432,0,0,1.26579097566527,0,0
Ndufa4,1.55839460613901,1.33916531628435,1.22638426127992,1.7430791507616,1.44568608463544,0,3.03637044899419,1.48684967034169,1.83676263146079,1.5239021677345,1.46931961929372,1.85637997233706,1.57120775154337,0,0.832871659337275,1.58084408170057,0,0
Ndufa5,0.942221397029096,0,1.14816201038463,0.887109603392247,0.921037935335027,0,2.10489014088231,0.979021150592893,1.19599960323088,0,1.21743753151787,1.03961687803484,0.866833869705209,0,0,0,0,0
Ndufa6,0.86026708949677,0,1.09132906288552,1.09757740813276,1.19671230350619,0,2.23862675534962,1.17118236946964,1.07465537109507,0.242323181132795,1.21743753151787,1.06496397803607,0.997242889987038,0,0,0.53775895060658,0,0
Ndufb2,0.495787116231626,0,0.797032275412454,0.735384197252067,0.731513623375777,0,1.65846672061675,0.769123035181992,0.720168926390901,0.489384795858151,0.569255803356542,0.352951896571765,0.638042533213281,0,0,0.645130921530105,0,0
Ndufb6,0.586684515759286,0,0.992144039176902,0.926067077268206,0.876025741880329,0,2.13259963992831,0.797007830845632,1.03930796861672,0.916853704795623,0.879647184406589,0.320016284142297,0.877357715986925,0,0,1.22468555179175,0,0
Ndufb8,0.944146411595111,0,1.09587265019654,1.03215206808937,0.898281084593595,0,2.52063455515303,1.07078800884807,1.1129652860378,0.956017458068297,0.853919004727871,0.971417862842396,0.88919033474374,0,0,1.43631329802959,0,0
Ndufb9,1.41622591879078,1.23729575044446,1.42075304700919,1.38348787800569,1.18099046967986,0,2.89554880640312,1.28768113972334,1.38318808437605,0.752499795332775,1.28774827358847,1.33421010802572,1.36968400019454,0,0,1.52897874700598,0,0
Ndufc1,0.635114289004577,0,0.922511233626424,0.902772391970908,0.828451159591045,0,2.07733826585216,0.935501301843955,0.834167790887566,0.718067508707559,1.12384839134842,0.615220930337194,0.87583821488577,0,0,1.00440638157034,0,0
Neat1,0,0,0,0,0,0,0.528849948148905,0,0,0.652930807057171,0,0,0,0,0,0,0,0
Nfkbia,0,0,0,0,1.01828910484206,0,0,0,0,0,0,0,0,0,2.59958283393922,0,0,0
Nqo1,0,0,1.53062026685326,1.40897646261562,1.47553298140944,0,0,1.81613698277893,0.917181502520548,0,1.42215255928909,0,1.35059312444495,0,0,0.84654690187828,0,0
Nr4a1,0,0,0,0,0,0,0,0,0,0,0,0,0,0,0,0,0,0
Nupr1,0,0,0,0,0,0,0,0,0,0,0,0,0,0,0,0,0,0
Oaz1,1.32964872581914,0,1.24120205090713,1.30950880358479,1.09611381288903,0,1.90218871857368,1.15543705187211,1.53598299774105,1.50392468617131,1.21743753151787,1.21976588382729,1.07328520340273,1.21309889269085,0,1.42848739359497,0,0
Oit1,2.31788963300216,1.15017160708553,1.36678350358916,1.89976302472721,1.57615600588374,1.63959905820614,0,1.60551692512946,1.68738662530587,1.21838557744329,1.61863330081257,0,1.69564761485015,0,0,0.958217165657497,1.88519215778398,0
Oxct1,0,0,0,0,0,0,1.94671223229391,0,0,0,0,0,0,0,0,0,0,0
P4hb,1.15769643509448,0,1.321803211691,1.09817822410693,1.18691215383974,0,0.452687362778273,1.12813503010095,1.07696751430237,0.556296158831402,1.12384839134842,1.19114859509517,1.02113964056583,0,0,0.852840673945742,0,0
Pclaf,0,0,0,0,0,0,0,0,0.6419688740722,0,0,0,0,0,0,0,0,0
Pcolce,0,0,0,0,0,0,0,0,0,0,0,0,0,0,0.503304573537778,0,0,0
Pcsk1n,0,0,0,0,0,0,0,0,0,0,0,0,0,0.808336066545178,0,0,0,0
Pcsk2,0,0,0,0,0,0,0,0,0,0,0,0,0,2.37630421781216,0,0,0,0
Pdia2,0,0,0,0,0,0,0.469680291833604,0,0,0,0,0,0,0,0,0,0,0
Pdlim1,0,0,1.28071250779864,0,0,0,0,0,0,0,0,0.320016284142297,0,0,0,0.53775895060658,0,0
Pfn1,0.838264602589227,0,1.28071250779864,1.16817740551655,1.12157503996345,0,0.587617616775094,1.18053311534666,1.36218630550875,0.684991857183435,1.38670499417172,1.04882467859835,0.975742782930853,0,0,0.860204730966417,0,0
Pga5,1.67008393659732,0,0,0,0,0,0,0,0,0,0,0,0,0,0,0,0,0
Phgr1,0,0,1.98023928673809,0,0.578809253964647,0,0,0.853501229847623,0,0,0.601896128130997,0,0,0,0,1.52897874700598,0,0
Phlda1,0,0,0,0,0.909500354395341,0,0.573431810448821,0,0.181314712459397,0,0,0,0,0,0,0,0,0
Phyh,0,0,0.797032275412454,0.855544499220165,0.988558267813288,0,2.1937576704497,0.918875103051774,0.542283906268265,0,0.879647184406589,0,0,0,0,0,0,0
Pigr,0,0,0,0,0,0,0,0,0,0,0,0,0,0,0,0,0,0
Pkm,0,0,1.07078571006234,1.13992335302534,1.10192306996529,0,1.74827883613434,1.29109034241088,1.06462548334758,0.242323181132795,0.891281870810822,0.934015941001511,0.84419665033408,0,0,0.866092106872485,0,0
Plac8,0,0,1.78854135807315,1.46222772963137,1.52468801775715,0,0,1.37912077792768,1.18750397094566,1.55764389111496,1.83368771926675,0,1.48298803971587,0,0,1.23581717746402,0,0
Plpp3,0,0,0,0,0,0,0,0,0,0,0,0,0,0,0,0,0,0
Pnliprp2,0,0,0,0,0,0,0,0,0,0,0,0,0,0,0,0,0,0
Pnoc,0,0,0,0,0,0,0,0,0,0,0,0,0,0,0,0,0,0
Postn,0,0,0,0,0,0,0,0,0,0,0,0,0,0,1.50957590183349,0,0,0
Ppia,1.66388519979433,0,1.50243739329274,1.76061352145493,1.55945027549044,0,1.45155979165658,1.32382732405443,2.1095442336324,1.53034057880587,1.66092883990775,1.65293622687934,1.45078253155219,0,1.46631922666324,1.78526074842473,0,1.6708289695124
Prdx1,1.93676324922401,1.86773831773905,2.073988693749,2.4450775594541,2.15998470241848,0,2.04455659199646,2.1109473129279,2.50428359540104,1.98075588728771,2.26726075029993,2.13107655912534,2.26796458997026,1.17314486813929,1.71599614546837,2.30331644992519,1.97477092721955,0
Prdx5,0,0,0,0,0.474909653791897,0,2.11625087661913,0,0,0,0.622312142020728,0,0,0,0,0,0,0
Prdx6,0,0,0,0,0,0,0.882419626828566,0,0,0,0,1.3534442060428,0,0,0,0,0,0
Prr13,0,0,1.2160990706989,0.881703692969445,1.0860826514089,0,0,1.17652740136223,0.662859969455908,0.596416101153169,0.976375360153646,0,0.868818316840451,0,0,0,0,0
Psapl1,0,0,0,0,0,0,0,0,0,0,0,0,0,0,0,0,0,0
Ptgr1,0.817620712035742,2.06669197938553,2.53996213622949,2.31486964980027,2.81194900705684,1.88258224858614,0.584626903918597,2.89100654474714,1.72071519273519,1.27559888878983,2.79342619685885,0.603768268534632,2.3438283437404,0,0,1.62259218231807,2.09125421184499,0
Ptma,1.9291479480642,0,1.13543451464888,1.57532493010765,1.10973236793081,0,1.28106235529495,0.777940497287315,2.74610027342101,0.722494216499989,1.15262071677241,1.96825442108581,1.08379972454815,1.36581960005634,1.77416914247119,1.78526074842473,0,1.64728488792332
Pttg1ip,0.938117614487601,0,0,0.880802075046535,0.867979676171539,0,1.94036941904653,0.845958903086271,0.526607911926483,0,0.783023673001551,0,0,0,0,0,0,0
Pyy,0,0,0,0,0,0,0,0,0,0,0,0,0,0,0,0,0,0
Rac2,0,0,0,0,0,0,0,0,0,0.556348826655583,0,0,0,0,0,0,0,0
Rack1,1.30951511984472,0,0.981626791467613,1.37194918247364,1.00418381929968,0,0.872972215472454,0.929207981509468,1.66626037304263,0.652457681834741,1.38670499417172,1.62869221221839,1.08379972454815,0.808336066545178,0,1.81364564076442,0,0
Rarres2,0,0,0,0,0,0,0,0,0,0,0,0,0,0,1.69513291420913,0,0,0
Rbp1,0,0,0.543524511370871,0,0,0,0,0,0,0,0,1.54975454479729,0,0,0,1.40350652618273,0,0
Rbp2,0,0,0.695817445534655,0,0,0,0,0,0,0,0,0,0,0,0,0,0,0
Rbp4,0,0,0,0,0,0,0,0,0,0,0,0,0,0,0,0,0,0
Rep15,0,0,0,0,0,0,0,0.602519034547146,0,0,0,0,0,0,0,0,0,0
Resp18,0,0,0,0,0,0,0,0,0,0,0,0,0,2.03496378372625,0,0,0,0
Rfk,0,0,1.06620308846998,0.73048886397698,1.07581972504288,0,0,1.07755241980852,0.494730627279073,0,0.879647184406589,0,0.59932278919055,0,0,0,0,0
Rgs1,0,0,0,0,0,0,0,0,0,0,0,0,0,0,0,0,0,2.17469081802138
Rgs10,0,0,0,0,0,0,0,0,0,0,0,0,0,0,0,0,0,0
Rgs13,0,0,0,0,0,0,0,0,0,1.89794422959327,0,0,0,0,0,0,0,0
Rgs2,0,0,0,0,0,0,0,0,0,0.980274219678626,0,0,0,0,0,0,0,0
Rmrp,0,0,0,0,0,0,0,0,0,0,0,0,0,0,0,0,0,0
Rn7sk,0,0,0,0,0,0,0,0,0,0,0,0,0,0,0,0,0,0
Rnase4,0,0,0,0,0,0,0,0,0,0,0,0,0,0,0,0,0,0
Rpl10,2.87753435381894,2.34165315316255,2.44951360072216,2.83219262433368,2.6164319561535,1.74838978905884,2.11988578412685,2.31421926164083,2.79100879520201,2.32422278796609,2.36140787113546,3.00097922986817,2.63242840766094,2.68906708908031,2.54483716926702,3.0596430761941,2.64851134404342,2.84783676451602
Rpl10a,1.41541828308716,0,1.29257984373701,1.48307830776807,1.2518072592109,0,0.948502963262376,0.927049404186981,1.59344769328459,1.19971267743698,1.05566800932816,1.57806839284112,1.10816213877464,0,1.44134188961739,1.70424275702006,0,1.55656590715354
Rpl11,2.24910646798664,1.8487619374874,1.8386121458515,2.18295194592063,1.95007367809667,1.69461856105331,1.76708734666121,1.69564123021197,2.43189305899794,2.039787909342,1.93918334716963,2.63349724683516,1.9077140346352,1.59599481988638,1.97166173169811,2.73496851450581,1.92535610765884,1.91310291617372
Rpl12,1.27835074538842,0,0.643915968810272,1.16120026286508,0.836670056458011,1.369253463005,0.679333871223046,0.65144516711223,1.34365685170536,0,0.870063356121737,1.77379855586228,0.814819812566791,0,0,1.58084408170057,0,0
Rpl13,2.99760123631397,2.36808306636469,2.60150145287013,3.06420752677178,2.58673116714219,2.26045057010593,2.42778397838943,2.21791849981277,3.29897923094301,2.31225567476197,2.59577443258719,3.41644486473232,2.68431349437864,2.34491777520462,3.08815984742742,3.4673723596251,2.32870384763949,2.51722742844062
Rpl14,2.21898057773942,1.83912735775054,1.88977938290847,2.28699920613426,1.91006800900751,0,1.62094340514643,1.65490527624215,2.60734336097857,2.02823407233895,1.93085983292395,2.66705407007141,1.92810347484025,1.97914282495132,2.22519496578208,2.36696735132518,1.97477092721955,2.28778448951296
Rpl15,1.53083081866236,0,1.23340150398728,1.71432422832502,1.35948376290278,0,1.22086008788855,1.04726923065296,1.81225020272756,1.55689804916487,1.33664492811687,1.9282581775926,1.31643922920801,0.934199705199892,1.50957590183349,1.76323111649242,0,0
Rpl17,1.69591244847258,1.1543022481224,1.5746969224627,1.82605278083608,1.54832198014247,1.46110038803339,1.24372689484296,1.21268416821933,2.03466185816012,1.54096553417856,1.77227241733592,2.22254295937315,1.66142075786728,1.26415581617588,1.41674595886162,1.99536595097252,0,1.55656590715354
Rpl18,2.18690735165239,1.54104473759217,1.90102645329092,2.10472403239295,1.86811909268828,1.61700935754162,1.59766379023052,1.56082636555316,2.33967404670611,2.04033215762271,1.99573822842945,2.40170775352383,1.85440579046935,1.50957590183349,1.69307758265573,2.56956729787961,0,1.91716746466927
Rpl18a,2.78712116617591,2.56059549406646,2.83414146967741,3.01482432802925,2.75788177122555,2.14955368169175,2.26991503184179,2.4331585220182,3.09369129357468,2.82056735486936,2.94848914528017,3.31075508972091,2.77774546494262,2.01189947884148,3.04635644028897,3.30450730908569,3.02810641425749,3.16560878885737
Rpl19,1.65521399051592,1.19907095965141,1.63317551208093,1.68830329278969,1.60810433264316,0,1.24942963392874,1.47327857413547,1.83345645174569,1.56351658806899,1.4852930233319,1.79815530848581,1.62305933821138,1.24015593540059,1.69513291420913,2.04909967886029,0,0
Rpl21,1.89788073688991,1.39471545119444,1.68220870633264,1.87922343685209,1.64766437844306,0,1.57427062572422,1.38148530506548,2.10074888515932,1.96755523818973,1.43810486211879,2.06206813589458,1.61793688489946,1.59599481988638,2.156665546737,2.25845688115211,1.88519215778398,1.88781031959516
Rpl22,1.49187732242964,0,1.28071250779864,1.5842382328712,1.30236240360984,0,1.21764717507486,1.00001330319994,1.83306292895582,1.29458117473514,1.78506819275664,1.98572766928195,1.37422226353635,0,0,2.09125421184499,0,1.88781031959516
Rpl22l1,1.22954966367801,0,0.800588834471012,1.12342404186878,0.866154237952712,0,0.559193970525161,0.640702134431293,1.3932698514781,0,0.870063356121737,1.42174020993659,0.762883596027366,0.876597286822737,0,1.37650353618837,0,0
Rpl23,2.14192046919449,1.65978316172282,1.7628566400478,2.03044874556584,1.86528510363233,0,1.96385066153845,1.48684967034169,2.24278745947059,1.95228502923407,1.95714717979672,2.56340541240802,1.77835803255728,1.50957590183349,2.23097967014386,2.35433779909569,2.10801341203473,1.90169280373997
Rpl23a,1.82162948362914,0,1.50086102802696,1.81154466827696,1.47384907392055,0,1.40129935108486,1.18441873941404,1.93779038757772,1.57387621708114,1.69650622248722,1.8378388271527,1.45408173138467,1.33145551684783,1.62633775960996,2.10407484108359,0,2.21088811788342
Rpl26,2.38848983799444,1.91445995128331,1.96035704844928,2.32158527796395,1.98085073427774,1.99387844310623,1.90320517418579,1.67598848121788,2.59888046979981,2.43667069405456,2.20147096789817,2.62806368986664,2.14690095882504,1.75614642377965,2.11757964975636,2.5056207924926,1.85189163302603,1.91716746466927
Rpl27,1.41796329161399,0,1.32721414007661,1.53185502230899,1.21710350149868,0,1.23600489303773,0.963320944281563,1.80921575221219,1.23227627915806,1.35226695827609,1.69605887195458,1.38803317410244,1.15711603237657,0,1.79846512652753,0,1.61654603340846
Rpl27a,1.68263074231351,0,1.23885091852166,1.66371374350306,1.34943939582602,0,1.32939753954138,1.02165821144268,1.91133497400087,1.29467675471086,1.57688630432607,2.07094069780395,1.34725874532877,1.24015593540059,1.44134188961739,1.79846512652753,0,1.91310291617372
Rpl28,1.48352279611732,0.664013871131585,1.26524542296113,1.58515829111669,1.24198839541593,0.818981702787212,1.20822212286,0.916254112895233,1.63551690132157,1.45885660748059,1.15262071677241,2.0289505496218,1.18298903884785,0.943832560927873,0.875711834586449,1.59083469048487,0,1.493032885778
Rpl29,1.26770441930852,0,0.884521191805935,1.25295706295415,1.06791903798101,0,1.11516099344151,0.766623755879794,1.55419026509559,0.98035362532423,0.668697901836318,1.41586432301216,1.02866652602269,0,0,1.51117228739421,0,0
Rpl3,2.03816661016257,0.723308809811709,1.48069081516948,1.81984586498057,1.45733575244269,0,1.26693082735662,1.24186751758538,2.02032649981137,1.15008520622132,1.42215255928909,2.1511193315457,1.41518459885406,1.16713694385804,1.69513291420913,1.79846512652753,0,1.493032885778
Rpl30,2.10900475220139,1.48452393889051,1.77931315454764,1.88156419662206,1.7310194706496,0,1.46043677129947,1.41271911085136,2.24399650397346,1.98457244365476,1.43810486211879,2.66685968255566,1.69153971782177,1.32330151041496,2.14778434230602,2.2704825829873,0,1.25283419824013
Rpl31,1.79561105724306,1.50244461292562,1.73505270466507,1.95759821397433,1.61468441659222,1.71917514491184,1.45363240019681,1.42136706489299,2.07156640518051,1.8359188276482,1.57688630432607,2.47590101812643,1.79377971673647,1.26852626141685,1.6376899702529,2.31698457937334,0,1.493032885778
Rpl32,3.0098964082506,2.4161301561053,2.34819344288455,3.02393645462674,2.4907386206472,2.36029977655457,2.24554727509826,2.07583296166578,3.18292171195002,2.52381732056253,1.98119068670008,3.3187842702059,2.65788472253416,2.23097967014386,2.59958283393922,3.35784445928936,2.47306990600267,2.93360911553469
Rpl34,1.96621441149182,1.26717971702396,1.55358842275702,1.91035966459003,1.59235063068385,0,1.47802142899378,1.46042008816134,2.13101793873327,1.65737988441575,1.65871919708989,2.075434243498,1.72610827938819,0.934199705199892,1.82960675896166,2.17287227191556,0,2.17469081802138
Rpl35,1.95906778394166,1.44423251297625,1.69533875274577,1.96645699513028,1.64286001937462,0,1.69714081113669,1.29062103992706,2.03185865225375,1.97042785708814,1.5533762224264,2.43749699980704,1.8038875566934,1.30584953460711,1.58084408170057,2.17287227191556,1.94899875330775,0
Rpl35a,1.86372026524841,0.983714977686873,1.25819845549072,1.81572142726867,1.40090195887718,0,1.48910647811535,1.14853906181668,1.92113901669792,1.40611439170624,1.4852930233319,2.04279712535538,1.62165875996918,0.934199705199892,1.4082898924934,2.35433779909569,0,2.17469081802138
Rpl36,2.12190823092956,1.89076625709835,1.79261265445256,2.04153230786317,1.76417186636912,1.7439917584977,2.04889068215858,1.49531260063259,2.1917109619274,1.6700614137218,1.66092883990775,2.34169602357486,1.87286785515078,1.8626305658358,1.93431799907054,2.74614453811281,1.79494849092487,2.31804408511502
Rpl36a,1.73325723775103,0,1.20468280192732,1.52576559765696,1.19890011030538,0,1.23301935778358,0.806268427267326,1.78565357450108,1.12555708337109,0.91345857978574,1.82175864035643,1.25927717003517,0.876597286822737,1.4082898924934,1.78526074842473,0,1.21911500047829
Rpl36al,1.25900730716405,0,1.33537629517078,1.47748601751433,1.37017036099063,0,1.43603735423336,1.25784419001023,1.52384427692308,1.44641222253111,1.35226695827609,1.69880635072074,1.23340150398728,1.26852626141685,0,1.59960625141113,0,0
Rpl37,2.4580376351526,2.1216510298635,2.01038334179747,2.36128506933351,2.0721587253615,1.6235267909934,2.18385087360601,1.75339568110301,2.60042903722954,2.33068569120642,2.13300644949124,3.10388192276449,2.08422546998929,1.87738701552198,1.80930728222115,2.81878324140029,2.19122137774097,2.35698305093554
Rpl37a,2.40524926711458,1.90089334292655,2.13027764708026,2.43698438834085,1.99374058474011,1.7439917584977,1.79559288714431,1.60555461588418,2.56258679390371,2.12445659552684,1.96441636525896,2.98608717257302,2.14513675723352,1.87738701552198,1.86965499080634,2.66634309200483,1.96465575074247,2.37480430213627
Rpl38,2.26191494800169,1.90894629114424,1.92185858923876,2.21455006428857,1.89925259140716,1.77988678131989,1.9601172529637,1.69998861686219,2.33553498325545,2.21203688194657,1.96178754478392,2.3506784327354,1.99165197447866,1.55231617194413,1.77416914247119,2.62375935583439,2.08793967771846,1.90169280373997
Rpl39,1.90637521438268,1.25687487375802,1.72428897617143,1.86422478755898,1.57703579475314,0.818981702787212,1.82291991132584,1.37383900073203,2.04538707739789,2.01157189011372,1.35226695827609,1.84123476563127,1.70341008597191,1.33145551684783,1.80930728222115,2.31698457937334,0,2.27452534263288
Rpl4,2.05856303908745,1.78855605780257,1.62665075279165,2.1511786091964,1.83705628754509,1.60688336349984,1.49400657025821,1.40458541338457,2.18788273680508,1.77845852259436,1.93085983292395,2.23505740068713,1.83419928776385,1.68694470196356,2.17469081802138,2.56956729787961,2.2426573830217,2.27452534263288
Rpl5,1.30526654734146,0,0.957001113995379,1.19301003667439,0.801111776745866,0,0.959453434834193,0.668731945802691,1.38956400056036,0.97724708576299,0.817882242358512,1.49770116427451,0.706554274514674,0,0,1.38141950042562,0,0
Rpl6,1.64866942440251,0.674970088199851,1.38571065229665,1.81999655007867,1.44631841131837,0,1.33457427693208,1.11888345238433,2.04913981790373,1.96065109002393,1.50322692876664,1.93428746061308,1.43918212265749,1.37033035149929,1.44134188961739,1.89703950681938,0,1.64728488792332
Rpl7,1.93120508298087,1.52653129764968,1.68220870633264,2.0814706138958,1.72011583876357,0,1.3956121812352,1.4772607371466,2.2243171418705,1.71158790812983,1.77227241733592,2.17721850013709,1.86167732893068,1.67683216879004,2.14778434230602,2.30331644992519,1.89703950681938,1.6708289695124
Rpl8,1.91423365573912,1.53279942571902,1.72471666225546,1.99569691972119,1.63665137109468,1.82716802358454,1.5206414739804,1.26105109860551,2.18814236040082,1.85761853463437,1.65871919708989,2.29123227723148,1.75032174695898,1.57411421353432,1.69307758265573,2.23485610124595,2.02412458143803,1.25283419824013
Rpl9,1.66142479553275,0,1.28071250779864,1.60638124493806,1.21760749935974,0,1.10538044468364,0.921808494257527,1.6930819070597,1.44641222253111,1.26688358333049,1.75990619491733,1.28746526182654,0.876597286822737,1.44134188961739,1.81364564076442,0,0
Rplp0,2.55683552225722,1.9596429980009,2.24933980194878,2.57595866026455,2.1220376214482,1.92535610765884,2.01688544959738,1.7569005720836,2.75756080972647,2.07715356226651,2.09815934678713,2.8943455910631,2.20491284478399,1.78333729100741,2.27452534263288,2.74568293673451,2.05227206550472,2.67235500358671
Rplp1,3.03027057743313,2.35698305093554,2.4568154475474,2.73592217534645,2.42581150039424,1.990911092763,2.49741573772621,2.27055383253072,2.9296632896027,2.34869205264252,2.6221908954546,3.226878156403,2.63679014014246,1.90302710476247,2.53687193599274,3.03275786048789,2.24855116640509,2.67235500358671
Rplp2,2.13334719535554,1.64020701408419,1.7679271761152,2.18502389504826,1.83809967033163,0,1.82976358699452,1.60494028294818,2.40648034621109,1.87654062809568,1.80042552809318,2.48755662532561,1.95679127298314,1.44062118855419,1.77416914247119,2.46663507017578,0,2.71229116651885
Rps10,1.34104606307733,0,1.09493396870477,1.43197398257995,1.10182064565232,0,0.984670307436797,0.852960972248153,1.58123424143039,1.19226677583067,0.954276657980168,1.77139005653722,1.1733772449956,0.965890685207339,0,1.59960625141113,0,0
Rps11,2.20178354916987,1.96870150702134,2.03418508884679,2.29423376780648,1.9079667009559,1.6235267909934,2.12628873467231,1.78023154171176,2.53156685746022,2.20579716915896,1.96178754478392,2.58828793000586,2.04909967886029,1.26415581617588,1.82960675896166,2.51463665255331,1.92535610765884,2.2867579653055
Rps12,1.88868499705476,1.52049091668435,1.51652025795164,1.87954818058093,1.59713999335581,1.91445557613268,1.26408039134892,1.29109034241088,2.08367653988003,1.78934485152887,1.65871919708989,2.28784463147047,1.65212915936145,1.12982483651565,2.11757964975636,2.31698457937334,0,1.88781031959516
Rps13,1.68721808327035,1.16278969124452,1.44026113030497,1.74591328211303,1.41282079449957,0,1.49959545807144,1.27308891347715,2.00854667999435,1.95280533789984,1.81548356077044,2.27563943614033,1.60096517976952,1.16713694385804,1.54221964917357,2.09672632326524,0,1.55656590715354
Rps14,2.55018217760601,2.18936995396481,2.17105731747515,2.47015305418127,2.15311828319772,1.7407094445933,2.04734424138095,1.88740285649092,2.58456637158275,2.17759467132319,2.26726075029993,2.8935173249073,2.29431162018872,2.1142376446291,2.39524981837042,2.76689006017487,2.30540658892423,2.34819344288455
Rps15,2.04620263910252,1.64632042745177,1.63010247638238,2.02233137935024,1.65627489745507,1.80436081450571,1.64778551349323,1.39062019612457,2.09435409587471,1.57215473274208,1.46931961929372,2.33619314195717,1.72521592881155,1.55231617194413,1.97166173169811,2.31592624115549,1.91852670508974,1.88258224858614
Rps15a,2.19680821299112,1.82889547445155,1.85377652563869,2.1596079340676,1.74153683099406,1.369253463005,1.73143084441442,1.28891097627424,2.38089640067833,1.55279588843926,1.69650622248722,2.59067393429836,1.86199495149023,1.67683216879004,1.54221964917357,2.31931703626154,2.156665546737,3.13079362474765
Rps16,2.22160011107766,1.62364579082071,1.83746043738661,2.21444456345363,1.91852780777401,0,1.65310243554231,1.5699601733389,2.47738374785471,1.71158790812983,1.8862384297642,2.57680065511884,2.08340218563541,1.50957590183349,2.23097967014386,2.33731739517927,1.8722242786144,1.88258224858614
Rps17,1.99906120541425,1.30584953460711,1.52693224490563,1.94561669175795,1.56946964978415,0,1.93811486490542,1.22817555610277,2.2892683138095,1.40611439170624,1.4852930233319,2.25497815823014,1.61793688489946,1.33145551684783,1.50957590183349,2.07704738673569,0,1.87029656130944
Rps18,2.11923398215058,1.01773398616524,1.55259869718393,1.98530291230936,1.57004851898608,0,1.76613286337274,1.27602881368088,2.26279887191628,1.51425831269719,1.74783867769042,2.59571864199915,1.65212915936145,1.17734256008893,1.26962389974852,2.23485610124595,0,1.87029656130944
Rps19,2.37144100829074,1.44704480246544,1.93779038757772,2.39118078118141,1.82307167385064,1.08301348278544,1.630650800249,1.46675775611144,2.59022899541318,2.12557629225284,1.95714717979672,2.67027196228127,1.9722309069722,1.50322692876664,2.14778434230602,2.75681674829113,0,1.91716746466927
Rps2,2.53858221509494,2.07317481618648,2.17287227191556,2.76771701019192,2.26809174219802,0,2.31377005159577,1.84160333262903,3.07478362341947,2.06835522766079,1.99573822842945,3.05991154922545,2.24855116640509,1.92741579206361,2.29458742944603,3.22690099749602,2.09291609811321,2.34819344288455
Rps20,2.10183213221906,1.58150992541984,1.51937145476593,1.98532613370422,1.52680132997387,1.7439917584977,1.22805119166413,1.22813301657724,2.15730778860297,1.69419177085226,1.77348579646605,2.27488955701093,1.68187155093825,1.23885091852166,1.71599614546837,2.25250096653114,1.89571475773236,2.2867579653055
Rps21,2.36147205095291,1.89307262355915,1.7065372847305,2.13115165790112,1.76042797047776,1.68491136559452,1.91270592013044,1.58891510478898,2.28154745074713,1.70368378802143,1.68207382615807,2.44414457682462,1.85945740974829,1.84191176589939,2.21944585613146,2.25250096653114,1.81748607487671,2.34819344288455
Rps23,2.07739090474384,1.08678236791559,1.63010247638238,1.99137673219467,1.73848480932466,0,1.55659096282827,1.38049985053546,2.23732355685062,1.69305138062521,1.77492910974373,2.17759735414308,1.7844908058783,1.60414591834,2.150439640428,2.48342723380495,0,2.28778448951296
Rps24,2.26511460301883,1.71805111892345,1.87954772728194,2.15923501721043,1.86720690149755,1.95182414073899,1.54330264069734,1.62131683223561,2.38895866607359,1.95618573255003,1.66092883990775,2.47796488629564,1.95679127298314,1.53930182077908,2.10716797860322,2.33948284326082,1.83450638388175,2.21088811788342
Rps25,1.69384876490579,0.823870725222504,1.2160990706989,1.66522819500643,1.3803512208903,0,1.43780264969981,1.0871591936641,1.8133895476737,1.12017076141604,1.12384839134842,1.97880832501261,1.36485715495931,1.26415581617588,1.4082898924934,1.93402102892817,0,1.25283419824013
Rps26,2.86852548637458,2.30566821331139,2.6829592511008,2.85115903113636,2.47629267006366,2.1407411524765,2.248409257236,2.20983875694965,3.05250625079043,2.71591854108896,2.36140787113546,3.22143625790263,2.47406355941333,2.01189947884148,2.34310273674876,3.28985064414258,2.19122137774097,2.39639828341907
Rps27,3.32005839484438,2.44233257291333,2.72093583776449,2.98680492584758,2.6898667156912,1.92535610765884,2.80426373136701,2.47789791337241,3.06116792662174,3.13461533152882,2.41261922392089,3.6239475725892,2.8331400026403,2.55690276828642,3.25116823581658,3.24238335356967,2.22519496578208,3.25243726763512
Rps27a,2.43377904133827,1.79377971673647,1.89783537004875,2.21073071509108,1.86486064831982,0,1.6585692654689,1.74929132094542,2.41324016349344,2.01157189011372,1.93918334716963,2.75984028332256,2.07350027778395,1.81149343228912,1.77530936764907,2.5851586301553,2.09125421184499,1.91310291617372
Rps27l,1.21789650638672,0.738398335232747,1.18583377124246,1.3525604299767,1.16358954634351,0,1.46288306725007,1.11491835140071,1.5379367454757,0,1.31466155564329,1.58560828562931,1.21911500047829,1.24015593540059,0,1.58793428585334,0,1.74949317991981
Rps28,2.10326047553961,1.11586654837433,1.51759480933455,1.8921928451193,1.62981754736596,0,1.90223324038525,1.51117643210226,2.11474066650046,1.53705097177004,1.50322692876664,2.3472133739923,1.79436388958334,1.50322692876664,1.8079191911128,2.23485610124595,0,1.6708289695124
Rps29,3.32834416969945,2.66260331477722,3.1338909018245,3.3378027445349,3.07491797659744,1.91581042366123,3.05992534593213,2.88123379310841,3.47348273975981,3.2182988320668,2.82833330113171,3.66430546299863,3.21782680742011,2.41730324712575,3.13767281720471,3.61314507617616,2.18752223312199,3.55451252688899
Rps3,2.15134198883682,1.71423577330309,1.89175313128824,2.272417680778,1.93890384726334,1.7583767926793,1.72584455412073,1.70636893120109,2.39756725450111,2.15869524145172,1.77492910974373,2.53309954676867,2.01038334179747,1.64728488792332,1.81989568558663,2.36696735132518,0,2.36362785425691
Rps3a1,2.1930767242518,1.36077998525887,1.88323395457163,2.1586012545525,1.8853876524441,0.724420399055108,1.65318291627592,1.57092118077298,2.42699243782317,2.22217610208904,1.93918334716963,2.68255519973383,1.82838647202801,1.93293303138628,1.93431799907054,2.72647384154647,0,2.71229116651885
Rps4x,1.63327633993514,0,1.28071250779864,1.54609118028558,1.35294981300739,0,0.951956995119374,0.784315355157742,1.89664212439372,1.3502158515143,0.954276657980168,1.79374421129552,1.33236815997554,1.12982483651565,1.44134188961739,2.07704738673569,0,0
Rps5,1.93825763776875,1.25043615733374,1.59779829051774,1.96987951764923,1.57266540241795,1.369253463005,1.35037625197181,1.30092338336401,2.27528558742663,1.94879439106438,1.74158337632072,2.18428855750077,1.71388408549963,1.26415581617588,1.89373158332917,2.47034242817889,0,2.03548329816048
Rps6,1.27835074538842,0,0.922511233626424,1.25048061981452,0.913186575983985,0,0.866711624507374,0.508171522590055,1.37298336599986,0.437288050456412,0.688481969101673,1.54086322553889,0.907842235894672,0,0,1.76323111649242,0,0
Rps7,2.16298121189075,1.31190846423843,1.6879634170893,2.20835695768024,1.83289967156252,0,1.88781389273425,1.32126162033163,2.37446268938862,1.93738366805887,1.78506819275664,2.65124747585802,1.93825445254653,1.30584953460711,2.17833873377318,2.60286797226144,0,2.22327465945608
Rps8,1.82511005131929,1.28704378880679,1.51759480933455,1.94548048037552,1.57513427976045,1.87093863234519,1.42058745250579,1.29177325309044,2.27766066630191,1.60381512276721,1.38847650931505,2.31576856742397,1.62189200447253,1.26415581617588,1.50957590183349,2.46392504334717,1.86581604274567,0
Rps9,2.45074923694319,1.88291118212225,2.055854689745,2.38588491230751,2.00643137649569,1.95182414073899,1.82586599655563,1.72973624565566,2.49071204537943,2.3239043041196,2.03782492869064,2.72682302500461,2.10857747615908,1.97987364396627,2.17833873377318,2.5056207924926,1.86199495149023,2.35698305093554
Rpsa,2.03883634998419,1.75949515706711,1.74005463927398,2.06133629084353,1.82564759855432,2.33300100958357,1.40132352840242,1.54142095956322,2.37422400552068,1.93796987310506,1.50322692876664,2.37352308502073,1.80121103756244,1.37357196283249,1.84439529616522,2.46478652844666,1.96897619478383,1.88781031959516
S100a10,0,0,0.553945954430252,0,0,0,0,0,0,0,0,0,0,0,0,0,0,0
S100a11,0.77982650698909,0,1.62665075279165,1.27082095926126,1.27715617793253,0,0,1.10775690641197,1.22189494139037,0.570359664262972,1.4852930233319,1.16254277415479,1.08854238531083,0,0,1.48895855262845,0,0
S100a6,0,2.24762098979589,4.1464326697685,1.51491236404174,2.65638148659054,1.81989568558663,0.515872564313284,2.85395901649018,1.62015576470486,1.89100963423812,2.6765838915068,1.1209958588381,1.96537430994063,0,3.44319676773701,2.94208755631874,2.76689006017487,0
Scg5,0,0,0,0,0,0,0,0,0,0,0,0,0,1.75558982179573,0,0,0,0
Selenop,1.80653410956975,0,0.748506227076782,1.53723726410311,1.46086055604057,0,0.545299844878428,1.49596136784363,1.26368145509855,1.35540790100594,1.21743753151787,1.29115485352169,1.45961667920563,0,0,0,0,0
Serping1,0,0,0,0,0,0,0,0,0,0,0,0,0,0,2.54750612790804,0,0,0
Serpinh1,0,0,0,0,0,0,0,0,0,0,0,0,0,0,2.17833873377318,0,0,0
Sfn,0,0,0.532665541352749,0,0.91057306181805,0,0,0,0,0,0,0,0,0,0,0,0,0
Sh2d6,0,0,0,0,0,0,0,0,0,1.63225920391478,0,0,0,0,0,0,0,0
Slc25a3,1.21789650638672,0.768226188056291,1.16324362222127,1.251101273067,1.15886706115536,0,3.03298301105766,1.15063738246431,1.39973022849113,0.87202588194083,1.28774827358847,1.16090760403464,1.03434341823599,0,0,1.1175182765571,0,1.24382555087194
Slc25a4,0,0,0,0,0,0,1.90772651007802,0,0,0,0,0,0,0,0,0,0,0
Slc25a5,2.73044758142911,2.94170244789172,3.34349003797281,3.07923450710635,3.26675331944118,1.91716746466927,4.49673496194255,3.21575959671241,3.24579533959368,2.77573049626337,3.26745246714021,3.02048674544564,3.05203163370692,2.06669050826668,1.82960675896166,3.20589124911397,2.98507451194236,2.39639828341907
Slc4a2,0,0,0,0,0,0,0.665576685041348,0,0,0,0,0,0,0,0,0,0,0
Smim24,0,0,1.65212915936145,0,0.670448793894472,0,0,1.04528349094349,0,0,0.580930053827354,0,0,0,0,0,0,0
Smim6,1.00073289097231,0,1.22638426127992,1.3350804208652,1.23549015116656,0,0.442926872596004,1.35897322641937,1.06405535918998,0.968625327000783,1.46838056654022,0,1.19108681071212,0,0,1.07021063136558,0,0
Snora30,0,0,0,0,0,0,0,0,0,0,0,0,0,0,0,0,0,0
Snord118,0,0,0.758342093377746,0,1.33725837103145,2.08628701057844,0,0.967365418524446,0,0,1.05566800932816,1.20139960267022,0,0,0,0,0,0
Snord13,0,0,0,0,0.677333671324327,0,0,0,0,0,0.569255803356542,0,0,0,0,0,0,0
Snrpg,0.621887918760455,0,0,0.657378051329631,0,0,0,0,1.16503757550422,0.285153498219395,0.554641847401116,1.23299005854497,0,0,0,0.866092106872485,0,0
Snx6,0,0,0,0,0,0,1.33972590403798,0,0,0,0,0,0,0,0,0,0,0
Sox4,0,0,0,0,0,0,0,0,0,0,0,0,0,0,0,0,0,0
Sparc,0,0,0,0,0,0,0,0,0,0,0,0,0,0,4.05887668323011,0,0,0
Sparcl1,0,0,0,0,0,0,0,0,0,0,0,0,0,0,0,0,0,0
Spink4,0,0,1.57820314420425,0.750689187012634,0.799383254548146,0,0.511516264975131,0.969634430102399,0.646167291988372,0,1.42215255928909,0,0.96651007678024,0,0,1.0893370572644,0,0
Spp1,0,0,0,0,0,0,0,0,0,0,0,2.8261349234774,0,0,0,0,0,0
Sprr1a,0,0,0,0,1.33147900360955,0,0,0,0,0,0,0,0,0,0,0,0,0
Sprr2a3,0,0,1.15531348282998,0.850470841249522,1.13986255108198,0,0,0.937904434789836,0.913466340025972,0,1.02532648528502,0,0,0,0,0,0,0
Sptssb,0,1.3041822411353,3.07938373620882,2.03402730437984,2.48214641718341,0,0,2.75741248587777,1.39548353183356,1.24968832276571,2.50793149330937,0,2.47016557570746,0,0,1.9368630211571,1.86199495149023,0
Sqstm1,0,0,0,0,0.914986285172749,0,0,0,0,0,0,0,0,0.876597286822737,0,0,0,1.6708289695124
Srgn,0,0,0,0,0,0,0,0,0,0,0,0,0,0,0,0,0,1.87029656130944
Sri,0,0,1.38141950042562,1.1718685403188,1.14575786226635,0,0.771371556354023,1.22115889192881,1.14046379308881,0.96153300350692,1.38670499417172,0,1.06222678536557,0,0,0.860204730966417,0,0
Srrm2,0,0,0,0,0,0,0,0,0,0,0,0,0,0,0,0,0,0
Sst,0,0,0,0,0,0,0,0,0,0,0,0,0,0,0,0,0,0
Stmn1,0,0,0,0,0,0,0,0,0.785404717025876,0,0,0,0,0,0,0,0,0
Sult1c2,1.69926028134272,1.38021546637787,1.55358842275702,2.02278163804427,1.86252821607259,1.38141950042562,0.934067279013824,1.75580502994458,1.98670600790193,1.55090729370501,1.79870012080231,0.730565888222042,1.91852670508974,0,0,1.70289012650499,1.74949317991981,0
Tagln2,1.43765671633721,2.27290625549959,3.00638442749984,2.68940678058815,2.79233110387757,1.87609329801878,1.2652909099767,2.86103730731549,2.52411396577202,1.90492568407579,2.66022994414908,1.48678182604683,2.57825095461059,1.67683216879004,1.54221964917357,2.3406879695547,2.26045057010593,0
Tceal9,1.05637320344383,0,0,0,0,0,0.547170421557915,0,0.624273945909212,0,0,0.521766895171359,0,1.24015593540059,0,0,0,0
Tesc,0,0,0.862402814866264,1.16852068870856,1.17900531971796,0,0.619622020553134,1.30207559652738,0.963268066510533,0,1.26688358333049,0.21886766969195,1.08379972454815,0,0,0,0,0
Tff2,3.57319016694122,3.75485471077175,4.53107294471142,4.31112994943888,2.9126227795148,3.86127540778467,1.50177893869165,2.12866468699244,4.9294795448981,3.12912129466294,2.70138979839027,6.50630790051855,3.21724001477223,2.22327465945608,2.25250096653114,5.68896460594626,4.48552454963137,2.27452534263288
Tgfbi,0,0,0,0,0,0,0,0,0,0,0,0,0,0,0,0,0,0
Timp2,0,0,0,0,0,0,0,0,0,0,0,0,0,0,1.24015593540059,0,0,0
Tm4sf1,0,0,0,0,0,0,0,0,0,0,0,0,0,0,0,0,0,0
Tmed6,0.578515744594856,0,0,0,0,0,0,0,0,0,0,0,0,0,0,0,0,0
Tmem176a,0,0,0,0,0,0,0,0,0,0.284680372996965,0,0,0,0,1.35752648686777,0,0,0
Tmem176b,0,0,0,0,0,0,0,0,0,0.242323181132795,0,0,0,0,2.34310273674876,0,0,0
Tmsb10,1.07852392951252,1.85693647181087,2.80702104059731,2.03808750169091,2.23012081033855,0,0.369405100379442,2.37902873993287,1.94221191696326,1.86471083449084,2.20278363273565,1.55037618080504,2.17651296791369,1.26144050743523,1.89373158332917,2.09291609811321,2.156665546737,1.87029656130944
Tnfaip6,0,0,0,0,0,0,0,0,0,0,0,0,0,0,0,0,0,0
Tnni3,0,0,0,0,0,0,1.53771804840725,0,0,0,0,0,0,0,0,0,0,0
Tpm1,0,0,1.32721414007661,0.798807900201251,1.08675914316686,0,1.25528600988238,1.21920726193993,0.549593343043392,0.716001861550996,1.12384839134842,0,0.877357715986925,0,0,0.587901583291664,0,0
Tppp3,0,0,0,0,0,0,0,0,0,0,0,0,0,0,0,0,0,0
Tpsb2,0,0,0,0,0,0,0,0,0,0,0,0,0,0,0,0,0,0
Tpt1,1.90838577865726,1.38149068668455,1.83993038682713,1.75143027043057,1.7417111678971,1.6429518300725,1.65559737775552,1.62093514522492,1.91823687878762,2.0132126821936,1.4852930233319,2.08237473985604,1.72521592881155,1.26415581617588,1.93431799907054,1.9294805269495,0,2.28778448951296
Try4,0,0,0,0,0,0,0,0,0,0,0,0,0,0,0,0,0,0
Tspan1,1.13859035571171,0,1.07470056485991,1.19483610675292,1.16771277659495,0,1.37459755518642,1.27308891347715,1.02405116647062,0.285153498219395,0.954276657980168,1.24767821995174,1.05362411055822,0,0,1.00440638157034,0,0
Tspan8,1.66714563770446,1.4608041862476,1.98023928673809,1.77530936764907,1.89870007104443,1.77759476401024,0.954971664207135,1.90180392136811,1.81881913064721,1.95602843262014,1.77348579646605,1.76095786965796,1.55827294598222,0,0,1.98549732598606,0,0
Tspo,0.499399146029987,0,1.33537629517078,1.01977107660693,1.13935274390646,0,0.641618269544175,1.15161443537048,0.88677889696727,0.513465841744802,1.38847650931505,0.262269033765429,0.959131308678422,0,0.832871659337275,0.488542543927007,0,0
Tst,0,0,1.14816201038463,1.07415370266703,1.04242652491374,0,0,1.00667840545597,0.94689112805866,0,0.879647184406589,0,0.96651007678024,0,0,1.26579097566527,0,0
Tstd1,1.2649803878538,0,0,0,0,0,0,0,0,0,0,0,0,0,0,0,0,0
Ttr,1.39415634369464,0,0,0,0,0,0,0,0,0,0,1.35000108061757,0,2.24396392303391,0,0,0,0
Tuba1a,0,0,0,0,0,0,0,0,0,0.978039939677541,0,0,0,0,0,0,0,0
Tuba1b,0,0,0,0,0,0,0,0,1.39645139961691,0,0,0,0,0,0,0,0,0
Tuba1c,0,0,0.627893751369556,0,0.988233620737733,0,0.521672608006906,0.662583894855192,1.09330095031744,0.905358682932283,0.622312142020728,0.778357623283389,0,0,0,0,0,0
Tubb4b,0,0,0.981626791467613,0,1.04085096406175,0,0.630368424798567,0.772737981606147,1.58906974735862,0.77205255145733,0,0,0,0,0,0,0,0
Tubb5,0,0,0,0,0,0,0,0,0.949944410219766,0,0,0,0,0,0,0,0,0
Txn1,1.19239123874868,0,1.20615900944772,1.60468224367214,1.54715662073082,0,1.56230608473621,1.17129880096624,1.67665077387768,1.10148211163481,1.46931961929372,1.24251562731377,1.29277010476017,0,0,1.52897874700598,0,0
Ubb,2.48330184004935,2.02220383233035,1.87954772728194,2.15044136294087,2.69766211636055,2.03652325124686,2.16919819650867,1.8918511249423,2.35937734552091,2.29230625435508,2.20147096789817,2.53018856195297,1.87029656130944,3.68742097361396,3.77294468193539,1.96465575074247,1.79494849092487,3.21618453381591
Ubc,0.942221397029096,0,0.750158039890523,0.602604668145807,1.49543796511326,0,1.2521303966208,0.750719362092687,1.11564864287075,1.13608242032593,0.870063356121737,0.737852495414447,0,1.97987364396627,2.3849736912651,0,0,2.39639828341907
Ube2c,0,0,0,0,0,0,0,0,0.876105840122946,0,0,0,0,0,0,0,0,0
Ucp2,1.19365204615154,1.75297941023556,1.88214806301855,1.96915823008435,1.94235918502716,1.63745167965362,1.45400111628361,1.90180392136811,2.03185865225375,1.55860022282293,1.96178754478392,1.63033874973601,1.71705435406469,1.12982483651565,0,1.70967730311068,2.19122137774097,0
Ugdh,0,0,0.937387969188148,0.900419180573055,0.99390051950445,0,0.431330882640155,1.17829229000524,0.590625696663734,0,0.622312142020728,0,0.762503012778721,0,0,0.813080397888793,0,0
Uqcr10,1.37775241680718,1.75299810929698,1.94618273594263,1.57408598975399,1.6398896974467,0,2.39745056943111,1.74603874652185,1.67166138038735,1.42460981295741,1.77227241733592,1.34621602872497,1.68745388863548,1.36581960005634,1.44134188961739,2.11565826092111,2.05865125733736,0
Uqcr11,1.07137064667234,0.843892193870038,1.18583377124246,1.13424324589181,0.990679327778146,0,2.60868764848907,1.04618632850204,1.18405423631591,1.24445128968058,0.954276657980168,1.85667656376182,0.971181911004363,0,0,1.40350652618273,0,0
Uqcrb,2.08176025903935,2.07684773950063,2.21690202404983,2.16899198660461,2.13411527432295,0,3.14967410425385,2.25748048910687,2.07257789556434,2.08600878741571,2.45478178829155,1.66001508283712,2.1620360001389,1.37552485196845,0,2.25250096653114,1.98795391392485,1.02375223404837
Uqcrfs1,0,0,0.815910831396995,0.699467898156263,0.83458519715915,0,2.33854201040831,0.643177391387035,0.770202914230875,0,0,0.433869495962854,0,0,0,0.624330120031377,0,0
Uqcrh,1.67582847892105,1.5451507213369,1.69533875274577,1.51517986452045,1.452705922041,0,2.75546659111494,1.39849397294535,1.5765940155967,1.5239021677345,1.57688630432607,1.70509791558831,1.48145569716592,1.37357196283249,1.24015593540059,1.51277235713232,1.70549346498837,0
Uqcrq,1.05145267266186,0.943537730490714,1.26144050743523,1.11002165397912,1.18448863338195,0,2.77564084575516,1.08056416214724,1.20633805388221,0.633430718756797,0.879647184406589,1.27141646669868,1.14771813522334,0,0,1.1175182765571,0,0
Usmg5,1.45042277763296,1.59173033276388,1.75558982179573,1.63634067354273,1.56127028428828,0,3.00258821021553,1.72919679188929,1.658849623699,1.44641222253111,1.65871919708989,1.77547245587426,1.66734906793704,1.73961840838759,1.24015593540059,1.70967730311068,1.89571475773236,0
Vim,0,0,0,0,0,0,0,0,0,0,0,0,0,0,1.84813485086871,0,0,0
Vsig1,0,0,1.18988862666057,1.37422755941882,1.3492029445688,0,0.757394426906812,1.28057732828691,1.21001736593905,0,1.57688630432607,0,1.20665192927271,0,0,0.990347767365926,0,0
Vsig2,1.08854617579114,1.1563292902192,1.54027308826823,1.47701504080697,1.68398195118625,0,0.919915930088034,1.86390352070505,1.28099243139336,1.67724983986242,1.42215255928909,0.995339077496243,1.61608300190379,1.55231617194413,0,0.990347767365926,1.79494849092487,0
Ybx1,1.19365204615154,0,0.855601997212816,1.16278856057124,0.988558267813288,0,0.775906181305764,0.915531668203035,1.2922420879591,0.62197347051379,1.2935317463454,0.907214195367038,0.80027371161774,0,0,1.32721414007661,0,0
Zfp36,0,0,0,0,0.9313298408238,0,0,0,0,0,0,0,0,0,1.89703950681938,0,0,1.55656590715354
