,unassigned,Testis_8,Testis_5,Testis_14,Testis_11,Testis_17,Testis_3,Testis_6,Testis_10,Testis_15,Testis_16,Testis_7,Testis_13,Testis_12,Testis_9,Testis_19,Testis_18,Testis_4,Testis_1,Testis_2
1110004E09Rik,0,1.16635207722771,0,0,0.936997029574042,0.343144235343313,0.861926538207813,0,0,0,0,0,0,0,0,0,0,1.07130445378075,0,0
1110017D15Rik,0,0,0.865463490036581,1.38494435095795,0,0.405852192769195,0,0.955095115242011,0.761063224459099,0,0,0,0,0,0,0,0,0,0,0
1700001C19Rik,0,0,1.16903178975749,1.69109983488048,0,0.546061984179631,0,1.32034978729934,1.50114618444223,0,0,0.804187447406361,0,0,0.693750816024701,0.641929030474048,0,0,0,0
1700001J03Rik,0,0,0.801875892173396,0.269161880830275,0.961329461550812,1.47160432591987,0,0,0,0,0,0,0,0,0,0,0,0,0,1.25890620689636
1700001K19Rik,0,0,0.602784146286736,0.838997705783611,0,0,0,0.754250418217644,1.09060444247776,0,0,0,0,0,0,0,0,0,0,0
1700001O22Rik,0,0,0.995625978471313,1.40637400620581,0,0,0,1.18636383054054,1.47910358198714,0,0,0,0,0,0,0,0,0,0,0
1700001P01Rik,0,0,0,0,0,1.23323175916141,0,0,0,0,0,0,0,0,0,0,0,0,0,0.953418304477451
1700003F12Rik,1.02435342684063,0,1.79184214570489,2.11409431435679,0.530872967924718,1.26048552375329,0.734763739564186,1.71124544482308,1.58899087602665,0.9090162672181,1.11064455295988,1.33024805159358,0.990798445747703,1.13562213877087,1.10584289558455,1.13950095435424,0,0,1.15054201179153,1.36971431789753
1700003H04Rik,0,0.819208775658885,0,0,0.949717806764348,1.02630877249637,0,0,0,0,0,0,0,0,0,0,0,0.636620207464965,0,0.934415871936691
1700007K09Rik,0,0,0,0,0.375032977118263,1.23365537564144,0,0,0,0,0,0,0,0,0,0,0,0,0,0.99800307013608
1700009J07Rik,0,0,0,0.611206914681937,0,0,0,0,0,0,0,0,0,0,0,0,0,0,0,0
1700009N14Rik,0,0,1.10150315219145,1.46324771263405,0.266671211097713,0.815524674296346,0,1.36303812919108,1.67628405989605,0,0,0.752337355644099,0,0,0.818090748197018,0.679445435673583,0,0,0,0.804478213339596
1700010B08Rik,0,1.04828927321544,0,0,0.751071690329486,0.347812983072653,0.920766316510422,0,0,0,0,0,0,0,0,0,0,1.18750576295773,0,0
1700010I14Rik,0,1.49666088458456,0,0,1.41976993631518,0.915234778153611,1.05677748532816,0,0,0.718239416793351,0.70025909338663,0.90640576662273,0.765900351733857,1.12560749733593,0.732355730675765,0.684425265615364,1.05780129817698,1.29196590505197,1.04916459546515,0.846302684178089
1700011L22Rik,0,0,0.713543677475368,0.830318231479701,0.374847222463745,0.899831074390167,0,0,0,0,0,0,0,0,0,0,0,0,0,0
1700012A03Rik,0,0,0.834696884191179,1.09997118684721,0,0,0,0.971519267851241,1.44225068856034,0,0,0,0,0,0,0,0,0,0,0
1700012B07Rik,0,0,0.84285007109486,0.931455835344204,0.251308414209272,1.123076208952,0,0,0,0,0,0,0,0,0,0,0,0,0,0
1700012B09Rik,0,1.16376890182902,0.341566814670312,0,1.42226139947902,1.10922844827467,0.901047246269662,0.607693805241155,0,0,0.671106781801907,1.10164213893658,0.61387822797288,0.892500241284258,0.80273684560723,0.770792615216573,0,1.13177299821399,0.692038469253158,1.19061726519263
1700013D24Rik,0,0,0.441639857754104,0,0,1.23738841746576,0,0,0,0,0,0,0,0,0,0,0,0,0,0.910890440172704
1700013F07Rik,0,0,1.2194207011324,1.06554646055366,0.663365937769385,1.31080828345451,0,0.917150297095168,0,0,0.812114587539973,0.80273684560723,0,0.419090175572286,0.774810856024834,0,0,0,0,1.2450239226439
1700013G24Rik,0,0,0.953624810316983,1.35722223323815,0.319684918516295,1.03903588193063,0,1.10109195430305,0.580146920015866,0,0,0.627058958097295,0,0,0,0,0,0,0,0.856597863198622
1700015F17Rik,0,0,1.05499084806715,0.825075968786423,0.273593595508196,1.2152132570379,0,0,0,0,0,0,0,0,0,0,0,0,0,1.08462789192022
1700015G11Rik,0.978003328893893,0,1.93159974949038,2.40535259351554,0,0,0.745803095898356,2.25841268768533,2.15131569518858,1.01368816158637,1.03574517970084,1.64090811670276,1.09347746008476,1.12385943068956,1.25265526951563,0.979309969918756,0,0,1.13950103709155,0.880076184160755
1700016H13Rik,0,0,1.22794741367771,1.73166520642265,0,0.595597391582558,0,1.44323354628012,1.78543689039013,0,0,0.913905780605806,0,0,0.688314935718889,0.602531511236144,0,0,0,0
1700016P04Rik,0,0,1.49149541079148,1.90743205328442,0,0,0,1.66400451999646,0,0,0,1.24070728674945,0,0,0.461049543991423,0,0,0,0,0
1700017L05Rik,0,0,0,0.681718664999622,0,0,0,0,0,0,0,0,0,0,0,0,0,0,0,0
1700018B24Rik,0,1.37585254743991,0,0,1.03110832313553,0.668875481206736,1.00601271339923,0,0,0,0.797558821203873,0.869365936164805,0,0.789638839240526,0,0,0,1.35613823445838,0,0.825382454399374
1700018C11Rik,0,0,1.05741791868355,1.14643218129738,0.534518251209278,1.04253473202015,0,1.06893970246675,1.20022613383934,0,0.701795646504699,0.940394743551989,0,0,0.80681212902828,0.932834767654238,0,0,0,1.09032882539288
1700019A02Rik,0,0.82252229320579,0,0,0.931455835344204,0.882738240219416,0.639370772012839,0,0,0,0,0,0,0,0,0,0,0.708017103179793,0,0.881127114490869
1700019D03Rik,0,0,1.57365846306759,1.88421227320827,0.289718321853606,1.36365657115807,0,1.54849807990967,1.39178142114693,0.521674545280966,1.06140101928724,1.17379228955904,0,1.05168930356963,0.9845762497414,0.881127114490869,0,0,0.787964243154155,1.23075751931641
1700019M22Rik,0,0,1.52922364057415,2.10740941490108,0,1.03498019629528,0,1.40872197964315,0,0,0.746052267494588,0.916180858123732,0.638382418557246,0.844531155515342,0.777242458991008,0.804478213339596,0,0,0,1.07077610410924
1700019N19Rik,0,0,1.2049210523213,1.31424203106251,0,0.98860552268854,0,0.93800496550641,0,0,0,0,0,0,0,0.601083083564269,0,0,0,0.877634033373816
1700020D05Rik,0,1.46232948587759,0.678838855895433,0,1.39499483341494,1.13569672020692,0.860922218770732,0.208083546659802,0,0.648042354378783,0.94079615236053,1.00809400009212,0.658886332983084,1.10275906637086,0.693750816024701,0.584085575320254,0,1.3119564305157,0.992586924762341,1.14160111060414
1700021F07Rik,0,0.335437023668361,0.915611358130871,0,0.894576033382625,1.23620586664483,0.526662698642364,0.597357732232669,0,0,0.58636663016285,0.761580562646749,0.538971532796133,0.886065871367763,0.616146429213635,0.602531511236144,0,0,0,1.22028296665243
1700024P04Rik,0,0,1.63188854122205,2.0863947130373,0,0.929673581145921,0.457232016452924,1.89842799511242,1.3894991793683,0.843888852773462,0.946860147147537,1.42370308176234,0.905664164650852,1.0401782847028,1.02029693221952,1.07605970539873,0.927344223280621,0,0.921727640718211,1.10108456401539
1700027A15Rik,1.51918295666432,0,2.15314427745925,2.68267638084565,0,0,0.970233302776283,2.57058729361622,2.97445855549446,1.35743928586127,1.39683909466949,1.97646939080821,1.23677827593657,1.35095992596683,1.47519561361104,1.38630568850945,1.48566696051793,0,1.34497219077328,1.08032602360531
1700028J19Rik,0.702346523702432,1.5201254581415,0.695798817263475,0,1.27425849061789,0.94810086514357,1.25706082523159,0.521584695552251,0.786852818169267,0.838469569107571,0.884648981983271,1.12677605152184,0.81315619839309,1.05168930356963,0.942405341509788,1.00371063118615,1.41890970048011,1.42274318607318,1.1876689907231,0.988564729180361
1700028P14Rik,0,0.185627657278115,0,0,0.92226254224705,1.067699901619,0,0,0,0,0,0,0,0,0,0,0,0,0,0.687575601047933
1700029H14Rik,0,0,0.962807432264853,1.57029043976811,0,0.574788116104321,0,1.06088625409785,1.27844592989039,0,0,0,0,0,0,0,0,0,0,0
1700029P11Rik,0,0.95683735025364,0,0,0.67278471603564,0,0.868684165505385,0,0,0,0,0,0,0,0,0,0,0.853958871893074,0,0
1700031L13Rik,0,0,0.719973678687834,0,0,1.04018049371744,0,0,0,0,0,0,0,0,0,0,0,0,0,1.01650954798787
1700031M16Rik,0,0,1.19664378207825,1.94961889751069,0,0.275247550041735,0,1.36884817782572,1.2905344092942,0,0,0.700697408105905,0,0,0,0,0,0,0,0
1700031P21Rik,0,0,0.949717989675574,1.06541640335375,0,0.638187977939154,0,0.963645050013672,0.890077656940899,0,0,0,0,0,0,0,0,0,0,0
1700034E13Rik,0,0,1.24220413551809,1.82971014923971,0,0.315941144322359,0,1.43731338943847,0.618816036341562,0,0,0.954658452845374,0,0,0,0,0,0,0,0
1700034O15Rik,0,0,1.15932410652001,1.18734225063685,0.817489071822011,1.60679843711213,0,1.07051664980484,1.12765486036522,0,0.997096116313183,0.973670421102445,0,0,0.592538697345452,0.796702468744751,0,0,0,1.43290757751282
1700037H04Rik,1.00578289127918,1.36905103071965,0.609097647231599,0,1.43165433656618,1.10411868961969,1.28923658069058,0.881483187890196,0.871636910841458,1.03918973342249,1.04916434304898,1.17763030779993,0.941223505015512,1.30260416174603,1.05968367984633,1.02627392905793,1.26934773648761,1.52084588947299,1.31141260065848,1.20863760723816
1700042G07Rik,0,0,1.19581565839634,1.95050579678982,0,0,0,1.42106279583623,1.3653044742197,0,0,1.0665881140153,0,0,0,0,0,0,0,0
1700052I22Rik,0,0,0.518621600127353,0.671106781801907,0,0.606364112669033,0,0,0,0,0,0,0,0,0,0,0,0,0,0
1700074P13Rik,0,1.07314869387838,1.37259902910665,1.51641822379002,1.18930497246919,1.22266508385698,0.737674790836594,0.946657117257748,0,0,0.701795646504699,0,0,0,0.633600417362039,0.796702468744751,0,0.682036944753868,0,0.894666511246939
1700080E11Rik,0,0,0.755266797930313,1.18408620084079,0,0,0,1.00279553335489,1.25430376034442,0,0,0,0,0,0,0,0,0,0,0
1700092M07Rik,0,0,0.970876039881029,1.18603756465502,0,0,0,0.720437394928988,0,0,0,0,0,0,0,0,0,0,0,0
1700093K21Rik,0,0,0.998458050268797,0,0.411671734471937,1.20584800492372,0,0,0,0,0,0,0,0,0,0,0,0,0,0.867323922977121
1700095A21Rik,0,0,1.21878970880211,0,0,0.6254091510458,0,0,0,0,0,0,0,0,0,0,0,0,0,0
1700095K22Rik,0,0,0.582914778744634,0.560270473118827,0,0,0,0.67223910694632,0.940623112488539,0,0,0,0,0,0,0,0,0,0,0
1700101O22Rik,0,0,0.811535313854677,0,0,0,0,0,0,0,0,0,0,0,0,0,0,0,0,0
1700108J01Rik,0,0.889539238793777,0.698456978112935,0,0.843674975065827,0.747479285949144,1.21374614713467,0,0,0.641379082008838,0.792730956740837,1.16493865363479,0.830473720395865,0.932046289573552,0.678006856347144,0,0,1.47364841435608,0.84694880488926,1.14582594626738
1700113H08Rik,0,0,0,0,0.354541779580895,1.36734778144926,0,0,0,0,0,0,0,0,0,0,0,0,0,0.993485369362078
1700123L14Rik,0,1.48883995009617,0.761711689873192,0.687364659700328,1.39822574089822,1.12764252173051,0.840374067681446,0.579174862823399,0,0.561246725436796,0.685681864131486,0.83973824727656,0,1.09279134097143,0,0,1.21135648689152,1.14070013064997,0.830008088250736,0.970019318544039
2010107E04Rik,0,0,1.20022377479128,1.09664516636695,0.50372438004218,1.24768361619065,0.902703222494554,0.84905571613104,0,0.693321312016601,1.04715346640353,1.05422698422277,1.10781506799991,0.989901692984506,1.31141260065848,1.08570896807752,0,0,0.810486846711181,1.53656654107232
2300009A05Rik,0,1.01958461822419,0.688848271358302,0,0.964701348665447,0.803171489067071,0.969805432206095,0,0.749813484720279,0.850031605439356,0.970233302776283,1.22724489133522,0.909772789594712,1.06763189826777,0.868684165505385,0.863942432474039,0,1.45927945331003,1.0183998029593,1.18734225063685
2610318N02Rik,0,0,1.32002208265361,2.0863947130373,0.420099693502833,1.13002363698695,0,1.40602270619259,1.04615504236452,0,0.701795646504699,0.979309969918756,0,0.75513723291537,0.727351011465898,0.730202263705372,0.60889075312289,0,0,0.896480042877829
2810408A11Rik,0,0,0,0.704889474209521,0,0,0,0,0.759765118629517,0,0,0,0,0,0,0,0,0,0,0
4921507P07Rik,0,0,0.484027071522408,1.20256706845032,0,0,0,0.610631234064413,0,0,0,0,0,0,0,0,0,0,0,0
4922502D21Rik,1.09623105879033,1.78425843053175,1.15622459326575,1.67154141973165,1.79611081376433,1.44571457560895,1.17379228955904,1.33777930604759,1.17347373638535,0.756416962683009,0.905848386760282,1.18538635607558,0.980184427940911,1.15684247116809,1.05422698422277,1.17891553818343,1.30419629209868,1.29510403683406,1.21306247139479,1.13384126156252
4930503B20Rik,0,0,1.08206978018851,1.5072235286601,0,0.564765987375234,0,1.13995032428276,0,0,0,0,0,0,0,0,0,0,0,0.642296195660963
4930544D05Rik,0,0,1.11206521699502,1.54341336146148,0,0,0,1.25141110515434,1.36596318523343,0,0,0.580772378825007,0,0,0,0,0,0,0,0
4930544G11Rik,0,1.07261979289872,0,0,1.03427621915678,0.777669632140757,0,0,0,0,0,0,0,0,0,0,0,0.795428990662862,0,0
4930558C23Rik,0,0,0,0,0.580772378825007,1.31363865648637,0,0,0,0,0,0,0,0,0,0,0,0,0,1.17784430753415
4930570D08Rik,0,0,1.04891260582893,1.33749656030381,0,0,0,1.40263679591112,1.37909732328774,0,0,0,0,0,0,0,0,0,0,0
4930571K23Rik,0,0,0,0.853301736359426,0,0,0,0.726294708280171,1.14734491624522,0,0,0,0,0,0,0,0,0,0,0
4933402J07Rik,0,0,1.12838700112173,1.31060657997576,0.446724437629563,1.0238744559651,0,0.981066196285647,0.945235901052453,0,0,0,0,0,0,0.679445435673583,0,0,0,0.869707235043802
4933411K16Rik,0,0,0.693965839383252,1.05017280721666,0,0.357432789515758,0,0.859503957640755,1.29451069023617,0,0,0,0,0,0,0,0,0,0,0
AA467197,1.52614009801614,2.1741872537254,0.758609196069775,0,1.94876951559634,1.05700535997676,1.81232524822724,1.00995156908392,1.19806706816263,1.37371067100038,1.264850324603,1.65214487974764,1.27238839442827,1.48990089057764,1.31708453564076,1.17891553818343,1.66152748439056,2.15222785400175,1.52251324102037,1.39040703445534
Acrbp,0,1.08328314399535,0.291564637326104,0,1.01290733364493,0.930382032088301,0.700697408105905,0,0,0,0,0,0,0.774272613865077,0,0,0,0.923849910308873,0,0.846302684178089
Acsl1,0,0,0,1.05575573996584,0,0.36583858092932,0,0,0.945032870663616,0,0,0,0,0,0,0,0,0,0,0
Actb,0,0,1.54236378519448,1.88421227320827,0,0,0,1.24846396556641,0.616561492749889,0.80593528439155,0.974101838533099,0,0,0,0.677392219586993,0.875898174459274,0,0,0,0
Actg1,0,1.23358311403863,0,0,0.953624763982012,0,0.907522654160302,0,0,0,0,0,0,0,0,0.633421798455937,0,0.9052171299075,0,0
Actg2,0,0,0.548019735185848,1.09830553809493,0,0.61102927840592,0,0.611634893789235,0,0,0,0,0,0,0,0,0,0,0,0
Actl7b,0,0.568465360063623,0.687483979076323,0,0.98127795659359,1.18784959509692,0,0,0,0,0,0,0,0,0,0.684425265615364,0,0,0,1.08860289847062
Actrt2,0,0,0.965761306119357,1.80013371460957,0,0.826925928536949,0,1.03013818579333,0,0,0,0,0,0,0,0,0,0,0,0
Acyp1,0.922305531942791,1.70689354047527,0.682549397921849,0,1.59000988228954,1.05091023561734,1.58048513844547,0.792872123210771,0.792950040003554,1.00256369402532,1.09913770120273,1.34710403468975,0.974967655917634,1.29313776850155,1.05626635461884,0.881127114490869,0.934812014939187,1.72552793927392,1.17061403342267,1.29431303801385
Adad1,0,1.05882718505251,0,0,1.06502643074675,0.915234087668779,0,0,0,0,0,0,0,0,0,0,0,0,0,0.614043554093598
Adam2,0,0.994538051316416,0,0,0.918849955400713,0,0,0,0,0,0,0,0,0,0,0,0,0,0,0
Adam3,0,1.12169986174401,0.639196406758611,0.973239400017685,1.12302902023469,0.896058343548987,0,0.567406828869758,0,0,0,0,0,0,0,0,0,0,0,0
Adam5,0,1.25342387384175,0.695798817263475,0.928515133816915,1.23528491067005,1.01221165517327,0.706669898475608,0.613375374730758,0,0,0,0,0,0,0,0.799564336940432,0.927344223280621,0.730207357652329,0,0
Agpat3,0,0,0.592227690799824,1.19722488957491,0,0,0,0.820052749868873,0,0,0,0,0,0,0,0,0,0,0,0
AI507597,0.597017822633627,0,1.50601564321806,2.04398439204842,0.262702049940737,1.11330924696725,0,1.71390491802781,1.56613834282893,0.689267892734625,1.03968376399654,1.18734225063685,0.758099096076754,0.974965864698231,0.901598541016492,0.979309969918756,1.28923658069058,0,0.77252881595568,1.02172478972036
Aif1,0,0,0.643308225602027,1.04116879954898,0,0.703348550967821,0,0.584542301686033,0,0,0,0,0,0,0,0,0,0,0,0
Ak1,0,0,0.618519658829585,0.869707235043802,0,0.413681735763961,0,0.74742680806062,1.02727384890812,0,0,0,0,0,0,0,0,0,0,0
Akap4,0,0,0.720669558072998,1.47063880396678,0,0.600527448227278,0,0.942409802233191,1.19855572638062,0,0,0,0,0,0,0,0,0,0,0
Akr1cl,0,0,0,0,0,0,0,0,0,0,0,0,1.72223474009731,0,0,0,0,0,0,0
Aldoart2,0,0,0.760024737474905,1.06606702136063,0.433600769145439,0.934816361407294,0,0.839428605140716,0.815849313644457,0,0,0,0,0,0,0,0,0,0,0.656572095131372
Ankrd54,0,0.994235742290353,0,0,0.359649844151656,0,0.892140248063533,0,0,0,0,0,0,0,0,0,0,0.782432372237746,0,0
Apoe,0,0,0,0,0,0,0,0,0,0,1.22934991384941,0,0,0,0,0,0,0,0,0
Aprt,1.30042203186994,1.68650558991702,0.774417652747038,0,1.31789909464835,0.796560161892747,1.52697967639174,0.933229697422686,1.01181627532186,1.18084894332886,1.23571116511025,1.42804713245598,1.15361412328045,1.37415625748232,1.15191882744169,0.979309969918756,1.394074667655,2.01866577786264,1.38721500807657,1.27047741043876
Aqp11,0,1.18343762659395,0.879203274147635,1.07747788985138,1.20485278987429,0.919334972042347,0.647761908782316,1.04765945085849,1.3754962854968,0.580922152025294,0.590518374229128,0.90455058240893,0,0.740118731621883,0.76288275267686,0.804478213339596,1.10108456401539,1.02435622905428,0.717434011332199,0.926176362792753
Arl2bp,0,0.825331516418819,1.14265426565435,1.61246688122962,0.691608702201557,0.805614655568118,0,1.17730955414825,0,0,0.671106781801907,0,0,0,0,0,0,0,0,0.550425019897641
Asb17,0,0,0.722183560472726,1.40286939260028,0,0.099546614982165,0,0,0,0,0,0,0,0,0,0,0,0,0,0
Atl3,0,0,0,0.569326338914268,0,0,0,0,0,0,0,0,0,0,0,0,0,0,0,0
Atp1b3,0,0,0.649374313355593,0.96809785737023,0,0.519324462138315,0,0.811004357531081,0.985239960244001,0,0,0,0,0,0,0,0,0,0,0
Atp5b,0,0.960840406845512,0.61080764644687,0,1.01290733364493,0.852385962216953,0.866984547599123,0,0,0.76445140808613,0.708011248456183,0,0.899285601133956,0,0.705556060087829,0.851336558550774,0,0,0,0
Atp5j,1.09265424697301,1.43169274131831,0.900405034765069,0,1.35592147940966,0.97723338956763,1.54055242767964,0.878505515878294,0.7534078883912,1.29392102851874,1.25082928473498,1.37148738721292,1.59761422448457,1.29235551872077,1.36004973888667,0.948490910661561,1.25228961974459,1.58990847360455,1.26934773648761,1.27539748971255
Atp5k,0,0.606845917032135,0,0,0.428923121884991,0,1.13029705688636,0,0,0,0,0,0.838311537840706,0,0.850683567127475,0,0,0.996655300548013,0,0
Atpif1,1.44224187515506,1.59605299952669,1.2139192862972,0,1.45020470303724,1.20696738584898,1.51366531427154,1.02268109986518,1.0877435163556,1.3219880962453,1.42804713245598,1.63437681045058,1.60007637528984,1.40989754992915,1.34369632019504,1.37415625748232,1.30659229170866,1.93160293706211,1.46080188110359,1.62725836566736
Atxn7l3b,0,1.20039076602548,0,0,0.382295878152095,0,0.799277201693908,0,0,0,0,0,0,0,0,0,0,0,0,0
Aurka,0,0.953005709458729,0,0,0.600762169557687,0,0,0,0,0,0,0,0,0,0,0,0,0,0,0
Bag1,0,0,0.505932836783388,1.16222669184615,0.220726349902496,0,0,0.640343189794238,1.0436539654215,0,0,0,0,0,0,0,0,0,0,0
Bag5,0,0.990571637190783,0.652565324266944,1.01228357208163,1.04941626953179,0.96499626808402,0,0,0,0,0,0,0,0,0,0,0,0,0,0
Banf2,0,0,0.727471739245344,0,0,0,0,0,0,0,0,0,0,0,0,0,0,0,0,0
BB014433,0,0,0.829388633864137,0.987231511548922,0.376692302856791,0.897854185538375,0,1.02363532018331,1.24739311079305,0,0,0,0,0,0,0.684425265615364,0,0,0,0.877634033373816
BC048502,0,0.386070958330164,0,0,1.02363508719728,1.05733481561367,0,0,0,0,0,0,0,0,0,0,0,0,0,1.03135128921432
BC049762,0,0,0.986123811307379,0.855606276643354,0.496132842179322,1.0573888048966,0,0,0,0,0,0,0,0,0,0,0,0,0,0.968524166070849
BC051142,0,1.41001618881242,0.95902585273173,0.409479002716982,1.48791297375059,1.72931597772202,0.911642346628192,0.645575458340246,0,0.687048494814479,0.797558821203873,1.01556727101213,0.758099096076754,1.16871577391242,0.809896562191361,0.96809785737023,0,1.11350457423308,1.21135648689152,1.27653865810534
Bcl2l14,0,0,0,0.987231511548922,0,0.746153235385894,0,0.666321642298114,0.924832857280396,0,0,0,0,0,0,0,0,0,0,0
Best1,0,0,0.384438947272866,0,0,0.91277362066049,0,0,0,0,0,0,0,0,0,0,0,0,0,0.899397529700609
Bri3,0,0,0,0,0.251308414209272,0.810247959359359,0,0,0,0,0,0,0,0,0,0,0,0,0,0
Bscl2,0,1.15273732394008,0,0,1.07130202184847,0.789738560120996,0.742579277145376,0,0,0,0,0,0,0,0,0,0,0.79160409273017,0,0
Btf3,0,1.14205466457009,0.843728716214715,0,1.16808446197802,0.947278903071827,0.955487077426443,0,0,0.78740550788423,0.769728279487498,0.676983091784016,0.658886332983084,0,0.656380064647259,0,0,1.0326898736782,0,0.867493713305033
Bzw1,0,0,0,1.14020010308215,0,0,0,0,0,0,0,0,0,0,0,0,0,0,0,0
Cabs1,0,0,0.828306041871581,1.61639068112167,0,0,0,1.04665300523398,1.39506028320564,0,0,0,0,0,0,0,0,0,0,0
Calm1,2.66275072362053,3.29652450585697,1.49921029889699,0.498429882454194,2.8817966719295,1.32142855101126,3.02210579759305,1.99004802304197,2.25371153361656,2.54226537067809,2.58552077081573,2.53139348193754,2.27174725529443,2.95513447978139,2.38787004511917,2.45504798207357,2.47019955666977,3.32222325558086,2.9566680500692,2.08736504018798
Calm2,0,0.725286269485627,0,0,0,0,1.7206529732685,0,0,0,0,0,0,0,0,0,0,0.849724478180984,0,0
Capza3,0,0,0.748554752995449,0.888735194677312,0,0.556242814394806,0,0,0,0,0,0,0,0,0,0,0,0,0,0
Car2,0,0,0,0.729963787695546,0,0,0,0.154773189016934,0.824922842825238,0,0,0,0,0,0,0,0,0,0,0
Carhsp1,0,0,0.561386506590312,0.98789765311347,0,0.802456038283583,0,0.452798009150526,0.93779776042045,0,0,0,0,0,0,0,0,0,0,0
Ccdc136,0,0.946903601127281,0,0.751577433580057,0.928124490649532,0.554850559994741,0,0.675556098106755,0.985239960244001,0,0,0,0,0,0,0,0,0,0,0
Ccdc30,0,1.21967778196127,0.822026807691715,0,1.11654111071193,1.03281109894546,0.771325913808401,0,0,0,0,0.641745607837964,0,0.769462665500243,0,0,1.05780129817698,1.03795831975546,0,0.99438550584774
Ccdc54,0,0,1.08686136521866,1.68180572239692,0,1.03284613365969,0,1.17347811356901,0.568838861210788,0,0,0,0,0,0,0.730202263705372,0,0,0,0
Ccdc70,0,0,0.857924193172161,1.2424301246247,0,0.804334124220104,0,0.188606937351882,0,0,0,0,0,0,0,0,0,0,0,0
Ccdc89,0,0.74918271504672,0.375132896802934,0,1.28131702215397,1.78232070246687,0.533129613057677,0,0,0,0.964278521981531,0.9845762497414,0.811092599707791,1.26597149771055,0.882532386661475,0.901598541016492,0,0.903446842291756,1.34199937893589,1.60881518310684
Ccdc91,0,0,0,1.04116879954898,0,0,0,0.706785523405383,1.0188844693057,0,0,0,0,0,0,0,0,0,0,0
Ccer1,0,0,0.777314638185922,0,0.503481257366697,1.03606747693605,0,0,0,0,0,0,0,0,0,0,0,0,0,0
Ccl27a,1.12502449153447,1.36515660843012,1.03722068596212,0.375342979966624,1.4036021330128,1.65030644609122,1.1763480300042,0.898210179170774,0.884313105404493,1.171248232147,1.09664516636695,1.44571383499652,1.14160144357256,1.35743928586127,1.09997118684721,1.22028296665243,1.34710403468975,1.5768714618008,1.29255101809089,1.70240477942438
Cct4,0,1.34817307489383,0,0,1.20435901432298,0.845263533973949,1.01674540172515,0,0,0.384042285130742,0,0,0.663370718414562,0.918085717438383,0.792730956740837,0,0,1.10926115750853,0.840851614021654,0.623925976212114
Cct7,0,1.50275620639425,0.644324123203538,0,1.40333558653267,1.10734624446775,1.00532093622052,0,0,0.751071690329486,0.70025909338663,0,0,0.651805363705411,0.774810856024834,0.841967958242474,1.2876831196063,1.03403187478455,0.741594391989394,0.698729384722784
Cdkn3,0,0.971378393469009,0.421728082578254,0,0.958190433401039,0.834021325702335,0,0,0,0,0,0,0,0,0,0,0,0,0,0.658691999018259
Cdrt4,0,0,1.11200829280194,1.60971292394029,0,0.356204377741407,0,1.26447718636459,1.23891902908027,0,0,0,0,0,0,0.602531511236144,0,0,0,0
Cenpv,0,1.19249262327646,0.715025225469018,0,1.01745364709187,0.835997707631847,1.32720661214952,0.602370925794564,0,0.59551682326411,0.970233302776283,1.08193503337167,0.814345144884939,1.11121233094899,0.917704090950778,0.866306616764397,0,1.48347226934001,1.08139813981814,1.03281159563806
Cep112,0,0,0.557312398610911,1.29627689075782,0,0.720036033089704,0,0.524160399963099,0,0,0,0,0,0,0,0,0,0,0,0
Cetn4,0.785739085876245,1.65918169725554,0.708802649856355,0.521674545280966,1.69726145030852,1.32427002206277,1.22062907580631,0.845674314614317,0.95518344641043,0.555851043855205,1.06295160463169,1.11463182962852,0.902157088353672,1.12269721671972,0.890703266103073,1.07605970539873,1.34710403468975,1.43928445365922,1.19391141919418,1.18930497246919
Cfap206,0,1.03202517925047,0,0,1.19314106206064,1.06398822498591,0,0,0,0,0,0,0,0,0,0,0,0,0,0.593319482340366
Cfap36,0,0.994160789729429,0,0,1.06088520718795,0.727295449371778,0.587897394305723,0,0,0,0,0,0,0,0,0,0,0.471121756268292,0,0.384367456657515
Chchd2,0,1.01385915536064,0,0,0.928906117250368,0.445374742842715,1.14340773555609,0,0,0.829078609983738,0.821416291225169,0.774272613865077,1.21444801853449,0.769462665500243,1.05575573996584,1.29313776850155,0,1.04615204159748,0,0
Chchd3,0,0,0.71956919133206,0.854946530419204,0,0.732595472150693,0,0,0,0,0,0,0,0,0,0,0,0,0,0
Chl1,0,0,0,0.896480042877829,0.259528168891768,0.846793371854468,0,0,0.693685742022288,0,0,0,0,0,0,0,0,0,0,0
Chn2,0,0,1.12882724586662,1.45461388981574,0,0.634009850531193,0,0.8199012457197,0,0,0,0,0,0,0,0,0,0,0,0
Chrac1,0,1.25844640272606,0.401481431950381,0,1.06088520718795,0.852385962216953,1.08032602360531,0,0,0,0,0.816588258865267,0,0.90344123081215,0,0,0,1.25967555970624,0.561388198238248,0.812114587539973
Cks2,0,0,0,0,0,0,0.840374067681446,0,0,0,0,0,0,0,0,0,0,0,0,0
Clgn,0,1.40895607807375,0,0,1.18603756465502,0.930772675312972,0.711613708496843,0,0,0,0,0,0,0,0,0,0,0.822481665915377,0,0
Clpb,0,0,0,0.884648981983271,0,0.407822724413046,0,0,0.791757980249164,0,0,0,0,0,0,0,0,0,0,0
Clu,0,0,0,0,0,0,0,0,0,0,0,0,1.01439203538645,0,0,1.10894486442311,0,0,0,0
Cmtm2a,1.12706866816279,2.1440549320814,1.24683294974483,0.619797785692448,2.14888711497035,1.8652021431131,1.16808446197802,0.821113282660734,0.973888509597467,1.01580266973109,1.1308861401408,1.23927545559689,1.01322041608014,1.29313776850155,0.985017762790994,1.22028296665243,1.65414554901512,1.4971055379904,1.24937256160498,1.31141260065848
Cmtm2b,0,1.42290206924026,0.898382523525884,0.619797785692448,1.30054058215939,1.02208485349807,1.15994232239832,0.765634108345527,0.585439418592054,0,0.812114587539973,1.14040002559177,0.879027834738805,0.99891174084266,0.860254009999835,1.02627392905793,1.16934780560257,1.42346473146192,1.00509105773642,1.05626635461884
Coprs,0,0,0,0,0,0,0.861926538207813,0,0,0,0,0,0,0,0,0,0,0,0,0
Cox4i1,1.16903395096645,1.53260329176669,0.762884213332879,0.31256674847876,1.19836541542326,0.775553927829619,1.85838356531801,0.931259360959587,0.950947995274985,1.27895494480897,1.20424685228442,1.32858723845235,1.4984488388649,1.18930497246919,1.42611291301602,1.2835599878685,1.06920158480364,1.67102900605285,1.34582411814626,1.16745386851024
Cox6a1,0,0.757572719628538,0,0,0.794286343257517,0.805206099725265,1.05626635461884,0,0,0.918467672109388,0.8004270134595,0,1.69638020693028,0,0.993035935885643,0.948490910661561,0,1.11007768683814,0,0.776159819786356
Cox6c,1.55351891090322,1.63041407253269,0.900313306824259,0,1.52753999317029,1.06458897551298,2.1955255370107,0.978946701319766,1.10680071548691,1.50438633536179,1.55789427550841,1.69546062734344,1.98853188519093,1.58250117019259,1.77629583131988,1.37015712345415,1.44471994910668,2.01768831745372,1.55206634926792,1.49523035772354
Cox7b2,1.46744837614442,1.56755854918748,0.856929049667176,0,1.33108012522818,0.95135952784147,2.11496992711079,1.02820206690522,1.12125183727523,1.15376001511265,1.28112515630116,1.56377035677106,1.23606759164049,1.62020800963645,1.48540320807131,1.11520389415919,1.19922231812396,2.10049307828254,1.5316157719485,1.50673977917336
Cox7c,1.45775778783861,1.35484015075929,1.00210589949897,0,1.25843113050347,1.22828365808149,1.96984227048077,1.02699701701139,1.09284786424262,1.39938354671145,1.52140108294324,1.59266671059207,1.71003916302602,1.47105179668024,1.76541229919217,1.29313776850155,0,1.98533003910082,1.4170022599946,1.69956279709898
Creb3l4,0,0,0.985902230115873,0.671106781801907,0.422763276104705,1.22847956780461,0,0,0,0,0,0,0,0,0,0,0,0,0,0.90640576662273
Cst13,0,0,1.0863862289722,0,0,0,0,0,0,0,0,0,0,0,0,0,0,0,0,0
Cst3,0,0,0,0,0,0,0,0,0,0,0.723584518829867,0,1.52866219982288,0,0,0,0,0,0,0
Cst8,0,0,1.12327832370464,1.42018452563707,0,0.611311978807208,0,0.865383386285151,0,0,0,0,0,0,0,0,0,0,0,0
Cstl1,0,0,0.554750329649727,1.15637899757731,0,0,0,0,0,0,0,0,0,0,0,0,0,0,0,0
Ctsl,0,0,0,0,0,0,0,0,0,0,0,0,0,0,0,1.54226759468038,0,0,0,0
Cyct,0,0.679859193465443,0,0,0.433600769145439,0.354664370818129,1.41652604851884,0,0,0,0,0,0,0,0.345958140184853,0,0,1.01135032347156,0,0
Cyp17a1,0,0,0,0,0,0,0,0,0,0,0,0,1.45699838758287,0,0,0,0,0,0,0
Cypt1,0,0,1.14115207552128,1.34667705779123,0,0.75176321230456,0,0.549102641199669,0,0,0,0,0,0,0,0,0,0,0,0
Cypt12,1.42034405267427,0,2.73858509542322,2.49375984439516,0.288762458344669,1.88734892616646,0.962591051480658,1.6347140955377,0.803317408257305,1.03918973342249,1.31708453564076,1.394074667655,1.26580589980657,1.44471994910668,1.3138370284951,1.40754640935714,1.19922231812396,0,1.5054717578332,1.98080463821584
Cypt3,0,0,0.979310171816211,1.23927545559689,0,0.52740150119865,0,0.719163885791932,0,0,0,0,0,0,0,0,0,0,0,0
Cypt4,1.94159841347933,0,3.13548216234528,1.55032726615399,0.628989340355756,2.56093743818402,1.264850324603,1.65782809130438,1.19922271020503,1.60318467371568,1.93159961667524,1.91333949856862,1.70098246674315,2.15395354820854,1.83558925874401,1.93207307515701,1.62404528159751,0.987010965834209,2.17721058767465,2.82371746842868
D830044I16Rik,0,0,0.773203089176684,1.20492015607889,0.618094030023046,1.01252098703283,0,0.951153393701045,1.22480718407996,0,0,0,0,0,0,0.799564336940432,0,0,0,0.679239543821272
Dad1,0,1.28928756931978,0.427884647085637,0,1.34984357343384,1.0077096786184,0.987675502192224,0.679342871044624,0.687931922024386,0.856597863198622,0.96809785737023,1.00164810497262,1.14386135834474,0.90344123081215,0.905291714312806,0.881127114490869,1.29079404160239,1.25669243845043,0.997549378929652,1.0160381820764
Dcun1d1,0,0,0.878350881841345,1.45902404202763,0,0.716232154445445,0,0.833279131214454,0.993894464006857,0,0,0,0,0,0,0,0,0,0,0
Ddt,0,1.17140709903204,0,0,0.834060056640587,0,1.0403432339876,0,0,0,0,0,0,0,0,0,0,1.15715245443714,0,0
Ddx25,0,1.12931757542286,0,0,1.00763071805899,0.730894140989825,0.704889474209521,0,0,0,0,0,0,0,0,0,0,0.601300096995147,0,0
Ddx5,0,1.47779859626922,0.634100489343392,0,1.485034125585,1.201128684992,0.997096116313183,0,0,1.08896577591313,1.00348102547106,0.80273684560723,0.91034176374929,1.04815789821237,1.06763189826777,0.979309969918756,1.25228961974459,1.07051395414952,1.10951112382284,0.910890440172704
Defb19,0,0,0,0,0,0,0,0,0,0,0,0,1.57477332400838,0,0,1.76156148112786,0,0,0,0
Defb33,0,0,0,0.895209775268698,0,0,0,0.714229304176558,0,0,0,0,0,0,0,0,0,0,0,0
Dgat2,0,0,0.832496759085973,0,0,0.967333606425952,0,0,0,0,0,0,0,0,0,0,0,0,0,0.81869333455807
Diablo,0,1.44900509032003,0,0,0.76655324677431,0,1.5236271748064,0,0,0.567320120999758,0,0,0,0.832496759085973,0.824463698358196,0,1.29040430049648,1.33890330712752,0.848895731940332,0
Dmrtb1,1.11178102336305,1.83939142800168,0.887309825889813,0,1.59574444108009,1.23100566613434,1.2761580272035,0.8779820564535,0.890526993782392,1.06554646055366,1.09913770120273,1.25816736377045,0.975831682650696,1.35570494704372,1.02651452681396,0.980183618024388,1.37504836293451,1.7857488953245,1.34030702185533,1.29627689075782
Dnaaf1,1.18214197600055,1.77603494812666,0.957358117402143,0.743073394036152,1.64702480917291,1.22175041724528,1.15622459326575,0.989455829858786,1.0492906850628,1.13265726750665,1.04715346640353,1.14764667842925,0.996869698985243,1.41084037960484,1.06763189826777,1.08787790266729,1.4825086332809,1.53656677035966,1.44331460060529,1.13206624433862
Dnajb1,0,1.27806372314003,0.258159954469559,0.686206835320132,1.10182812879545,0.76323370890279,0.5413128479653,0,0,0,0.507836991726258,0,0,0,0,0,0,0.853794522941577,0,0
Dnajb8,0,0,1.36952501738816,1.79464081737518,0,0.614546622189326,0,1.53599988376232,1.95512261118299,0,0.673728095781693,1.06710973936722,0,0,0.850683567127475,0.82784278519759,0,0,0,0
Dnajc5b,0,0,0.996417077995611,1.46488320705475,0.356433131230982,0.938948988726792,0,0.971519267851241,0,0,0,0,0,0,0,0,0,0,0,0.833746914610063
Dusp13,0,0,0.619633861252642,0,0.484337912637453,0.986822905362703,0,0,0,0,0,0,0,0,0,0,0,0,0,0.727114433062605
Dynll2,1.48041117370316,0,2.12122147984071,2.57150977646512,0.890105931974328,1.97130531287229,0.951769956836164,2.06779762706169,1.0436539654215,1.07446890774094,1.42901636945964,1.5394112980208,1.2382066077611,1.43780392637363,1.42418434417065,1.43486178480279,1.25964597276065,0,1.45170838077088,1.87945554152431
Eef1d,0,0,0.508070430686634,0.84938067098616,0,0.400973772106667,0,0,0.87471290423199,0,0,0,0,0,0,0,0,0,0,0
Efcab10,0.808865732549791,0.846222065540226,1.23040914265064,0,1.19922231812396,1.22847956780461,1.01321951453991,0.803753020321913,0.574122306295402,0.807690933362911,1.03968376399654,1.21959137147988,0.846787663235547,1.23075751931641,0.985017762790994,0.98435564731986,0,1.22656013223285,1.10640741285171,1.42998702910686
Efcab9,0,0,0.694080790251377,0,0.870048810081207,1.34781730268871,0,0,0,0,0,0,0,0,0,0,0,0,0,1.16368532371427
Efhd1,0,0.900414117153651,0,0,0.797273160731277,0.269392151711651,0.687153850179321,0,0,0,0,0,0,0,0,0,0,0.844373031286658,0,0
Eid3,0.731636788673494,1.74755114143812,0.72841774027572,0,1.60839661474492,1.30479704852565,1.19424189405612,0.633868550528785,0.797166281027442,0.977567514615975,0.8195989249599,1.1546829345751,0.79151488747964,1.19391141919418,0.853137615046982,1.07605970539873,1.29079404160239,1.54743919209489,1.19512463366893,1.17763030779993
Eif1b,0,0.86741025583333,0.538969904735503,0.379166941122502,0,0,1.10725062267306,0,0,0,0,0,0,0,0.775349864971194,0,0,0.953628517131304,0,0
Eif2s2,0,1.22063001169299,0,0,0.922819564446199,0.593400696072306,0.954658452845374,0,0,0,0,0,0,0,0.811225882969768,0.851336558550774,0,0.961749800882892,0,0
Eif4e,0,0,1.13860469274732,1.47658252440465,0,0,0,1.09444674589424,1.32693085507779,0,0,0,0,0,0,0,0,0,0,0
Eif4h,0,0,0,1.10275906637086,0,0,0,0.610384231743515,0.55311010604594,0,0,0,0,0,0,0,0,0,0,0
Fabp3,0,0,0,0,0,0,0,0,0,0,0,0,2.00058933688783,0,0,0,0,0,0,0
Fam166a,0,0,0.723819454482565,0.984135147534787,0,0.445729201876067,0,0,0,0,0,0,0,0,0,0,0,0,0,0
Fam170b,0,0,0,0,0.534518251209278,0.718380641758708,0,0,0,0,0,0,0,0,0,0,0,0,0,0
Fam183b,0,0,0.565257302403431,0,0.333470709651385,0.804043464572232,0,0,0,0,0,0,0,0,0,0,0,0,0,0.775080264544967
Fam187b,0,0,0.831717396274255,1.24070728674945,0,0.181207567426099,0,0.804478321221479,0,0,0,0,0,0,0,0,0,0,0,0
Fam205c,0,0,0.705260434448793,1.20559425653288,0,0.879501144497985,0,0.507910044507335,0,0,0,0,0,0,0,0,0,0,0,0
Fam209,0,0,0.838156085194345,0,0.801435885420331,1.70133986326339,0,0,0,0,0,0,0,0,0,0,0,0,0,1.40942664446985
Fam216a,0,0.870709974733259,0,0,0.710258411852517,0,0.771325913808401,0,0,0,0,0,0,0,0,0,0,0,0,0
Fam221b,0,0,0.688104342128543,0.597572043340058,0.280678280184191,0.983402730246059,0,0,0,0,0,0,0,0,0,0,0,0,0,0.654466025098281
Fam229a,1.86145212852326,0,2.53021939849452,2.67579359028921,1.10275906637086,2.18640332338576,1.29903698694156,2.18364249928639,1.21546080620288,1.47936485947161,1.83558925874401,2.04641450619729,1.6326529155357,1.94032215117855,1.80147919706125,1.97381239022633,1.57687045632003,1.00601541126663,1.78337237944334,2.49858643100365
Fam24a,0,0,0.612375446742009,0,0.911015668926577,1.19125869296342,0,0,0,0,0,0.871075195595788,0,0.604473800670978,0,0,0,0,0,1.36530310667852
Fam71d,0,0,0.713505665694625,1.3490290271432,0,0.593957648631169,0,0.78339162862723,0,0,0,0,0,0,0,0,0,0,0,0
Fam71e1,1.02459326264282,0,1.7747318220883,2.3393017490917,0.501414977012441,1.31539030905226,0.717548165214911,1.99606745072594,1.40497027558331,0.871075195595788,1.27920985742323,1.42514792392566,1.05882744512674,1.19391141919418,1.22166865190609,1.03623580046199,0.944424860914393,0,1.22602072251229,1.44372754090247
Fam71f1,0,0,0.779691307339167,1.31887798783085,0,0,0,0,0,0,0,0,0,0,0,0,0,0,0,0
Fam71f2,0,0,0.624532784823131,1.03264912654218,0,0,0,0.82126685974841,1.02678636156546,0,0,0,0,0,0,0,0,0,0,0
Fam98c,0,0.941002361466209,0,0,0.864616556741753,0.616187734081473,0.548551152902066,0,0,0,0,0,0,0,0,0,0,0.812143041873073,0,0
Fbp1,0,1.43920967137248,0,0,1.34327165403111,0.97608617171893,0.96049030447353,0,0,0,0,0,0,0,0,0,0,0.996086170316891,0,0.642112559716896
Fhl5,0,0,0.967459560471749,0.730679693441702,0,0.750933300574,0,0,0,0,0,0,0,0,0,0,0,0,0,0
Fkbp1a,0,1.06815459157026,0,0,0.92226254224705,0.443456226406352,0.868684165505385,0,0,0,0,0,0,0,0.638462123140794,0,0,1.02172502129835,0,0
Fmn1,0,0,0.831733216204025,1.03684975834282,0,0,0,0.759258927580443,0,0,0,0,0,0,0,0,0,0,0,0
Fndc11,0,0,0,0,0.557913829683654,1.32284407094911,0,0,0,0,0,0,0,0,0,0,0,0,0,1.01698136943104
Fth1,0,0,0,0,0,0,0.853301736359426,0,0,1.15684247116809,1.06140101928724,0,1.60318494040233,0,0,0.563772980288332,0,0,0,0
Fyb,0,0,0,0,0.380948567488389,1.08706356072735,0,0,0,0,0,0,0,0,0,0,0,0,0,0.885356842112442
Gabarapl1,0.674032284894744,0,1.77124604993803,2.48271707311323,0,0.882006637112279,0.624793055264941,1.93809480840623,1.26917818724154,0.96049030447353,1.04715346640353,1.35917839174931,0.980184427940911,0.923849742897917,1.07979079913971,1.08516814817255,1.03574517970084,0,0.929493274080986,0.997549378929652
Galntl5,0,0,0.530706610018535,1.21272078639198,0,0.723703186162391,0,0,0,0,0,0,0,0,0,0,0,0,0,0
Gapdhs,0,0,1.13951096567284,1.57447073220383,0,0.869423263765736,0,1.44720911461423,2.01160504891705,0,0,0.627058958097295,0,0.765238213923219,0.825689173977414,0.778872229869968,1.05780129817698,0,0,0
Ggnbp1,1.62597173008373,2.2238051077112,1.05882744512674,0,2.13624328576005,1.57415482124583,1.78179434101333,1.06321214338309,1.29315595306869,1.33525725917326,1.32280915385804,1.42998702910686,1.3093996624003,1.59512784875039,1.34625037082972,1.30101617348772,1.76309954561466,1.94859653361769,1.64551477892473,1.52978575734383
Ggnbp2,0,1.17730955414825,0,0,1.07130202184847,0.913849073041658,0,0,0,0,0,0,0,0,0,0,0,0,0,0
Gk2,0,1.40301583924184,0,0,1.44432280870051,1.03578613324569,0.636292036996323,0,0,0,0,0,0,0,0,0,0,0.865462402444861,0,0.62340690091026
Gkap1,0,1.9293936666568,0,0,1.7102751063586,1.07478830654578,1.03525504305896,0,0,0.843888852773462,0.280470756492919,0.83468706648973,0,1.15746104487137,0.628110399387938,0.851336558550774,1.32775849422102,1.29255101809089,1.0347653897919,0.790199202276642
Glrx2,0,0,0.347496033182556,0.824463698358196,0,0,0,0.510485748918183,0.753321251900079,0,0,0,0,0,0,0,0,0,0,0
Glrx3,0,1.12414017194153,0.684165530302747,0.829078609983738,1.07130202184847,0.804043464572232,0.871075195595788,0.70234751059049,0,0,0,0,0,0,0,0.584085575320254,0,0.804349650743265,0,0
Glul,0,0,0,1.21294848587224,0,0,0,0.601568639345547,0.717349997502868,0,0,0,0,0,0,0,0,0,0,0
Gm11213,0,0,0.591022270738587,0,0,0.796845717499486,0,0,0,0,0,0,0,0,0,0,0,0,0,0.676983091784016
Gm11837,1.95560335349282,2.53226929344308,1.48950296087784,0,2.47104807763794,2.17490276377885,2.1482810295414,1.39822590582319,1.4995241091336,1.65048174270166,1.84491477443792,2.12436304720468,1.71123463778168,2.11730906002218,1.81177944742509,1.66626322698485,1.97780098332967,2.45755769402387,2.00058812048687,2.15900737302422
Gm16541,0,0,0.683069250412252,0.798703565153615,0,0.897501659151799,0,0,0,0,0,0,0,0,0,0,0,0,0,0.880076184160755
Gm2762,0,1.17657778527318,0.306447113208804,0,0.983254173276579,0.701502367800859,0.92949323140405,0,0,0,0,0,0,0.774272613865077,0,0,0,1.1213984091333,0,0.69916574864586
Gm3448,0,1.31790394298814,0,0,1.31141260065848,0.932641959644242,0.869707235043802,0,0,0,0,0,0,0,0,0,0,0.983933249825949,0,0.681511367777284
Gm498,0,0,0,0.748302494509107,0,0,0,0,0.532254035797938,0,0,0,0,0,0,0,0,0,0,0
Gm6760,0,0,0.870903992803603,1.2876831196063,0,0,0,1.04691025441904,1.11511570641323,0,0,0,0,0,0,0,0,0,0,0
Gm9059,0,0,0.775958185787288,0.815988848230193,0,0.258465627265015,0,0.951153393701045,0,0,0,0,0,0,0,0,0,0,0,0
Gm9999,1.84236082559476,0,2.36107938106692,2.46399894775331,0.758602715642154,1.78416297157072,1.23252183842308,2.38789710806809,2.86028360358208,1.56573986340094,1.63894267373919,2.02927803747659,1.51863392584333,1.60256173837708,1.77031720782551,1.7907783216701,1.37504836293451,0.803903011211126,1.59806148844567,2.0167916557287
Gng5,0,0.743506555860059,0.899946780454603,0,0.958190433401039,1.08572280032621,1.22236274514929,0.710825570084306,0,1.01368816158637,1.01934733368018,1.15314559782646,1.19070513416101,1.09830553809493,1.28227727016177,1.04715346640353,0,1.12212492038032,1.01345383806314,1.31100945801971
Gpd2,0,0,0.731286193638966,1.43911573758077,0,0.884820097315969,0,0.823699933014535,0,0,0,0,0,0,0,0,0,0,0,0
Gsg1,2.08322165090768,0.699930880984894,2.57433973540785,3.11271298802269,1.20931611603022,1.85654882682087,1.48990089057764,3.02936649933445,3.40353592067116,1.94800872250592,2.09704489359952,2.37638584583301,1.95077115059182,2.14224224844638,2.16705304059481,2.07016457464299,2.30501989723328,1.1402500975284,2.18663834930416,2.09076950940024
Gstm1,0,0,0,0,0,0,0,0,0,0.567320120999758,0,0,2.68099017400263,0,0,0,0,0,0,0
Gstm2,0,0,0,0,0,0,0,0,0,0,0,0,1.45037194461853,0,0,0,0,0,0,0
Gstt4,0,0,1.05346440241571,1.71750069011445,0.627058958097295,1.38421475578356,0,1.18783231331136,0,0,0,0.879726448069453,0,0,0,0.641929030474048,0,0,0,1.05677748532816
Gtf2a1l,0,1.14010224149669,0,0,1.07130202184847,0.803171489067071,0,0,0,0,0,0,0,0,0,0,0,0,0,0
Gtf2a2,0,0.908829327658366,0.548684703624965,0,0.995287339178586,1.12593655321834,0.86360577608393,0,0,0,0,0,0,0,0.536041497964866,0.670906002057637,0,0.871504644006609,0,0.98811990786826
Gtsf1l,0,0,1.20223417711176,0,0.418548610088747,1.3181808082676,0,0,0,0,0,0,0,0,0,0.601083083564269,0,0,0,1.26038666319044
Gykl1,0,0.995889530231694,0.68479148810698,0.344698639011398,1.19457256225815,1.18279242262923,0,0,0,0,0,0,0,0,0,0,0.671307683916686,0,0,0.708683873083695
H1fnt,0,0,1.66423026830009,2.45527078100324,0,1.02751618257457,0,1.69673168214878,0.921368769511909,0,0.607411175433265,1.02124837499743,0,0,0.769462665500243,0.932834767654238,0,0,0.622631397446669,0.692249919492685
H2afz,0,0.95683735025364,0,0,0.76655324677431,0,0.774810856024834,0,0,0,0,0,0,0,0,0,0,0,0,0
H2al2a,0,0,1.5813947651581,2.13067978727917,0,0,0,1.78892039968258,1.30699895433351,0,0.937594778546212,1.30022372729591,0.698723165555847,0,0.781604127462036,0.869024913099906,0,0,0,0
H3f3b,1.33358304288484,0.711054971837631,0.862771003071557,0,1.07077610410924,1.85941649627004,2.02346394684661,0.848244286974326,0,1.40895607807375,1.47312054216504,1.33191331340036,1.45246943739512,1.44970422637644,1.9990499781386,1.43682176386488,1.0303801401996,1.1449246649331,1.5416954085342,1.83457837759928
Hagh,0,1.3181541199721,0,0,1.27206255260041,0.914854296824451,0.894666511246939,0,0,0,0,0,0,0,0,0,0,1.13473300576033,0,0.790479689571784
Hdgfl1,0,1.06295265821193,0,0,1.05944371544211,0.104474200597804,0,0,0,0,0,0,0,0,0,0,0,0,0,0
Hils1,1.23393726741442,0,2.30020735797323,2.18313525339108,0.676166344013582,1.87281252270922,0.796417436758235,1.37915914226637,0,1.12095861993744,1.16966409175977,1.23856085374935,1.10584357019261,1.39961535578007,1.17827255324938,1.28923658069058,0.848730761275919,0,1.41938816516813,1.74634456614685
Hint1,0,0.865461586753075,0.524828937518373,0,0.697206474028488,0.72044426320225,1.34199937893589,0,0,0.937794203646515,0.970233302776283,0.881829173397294,1.13727262747098,0.955901948974496,1.01698136943104,0.866306616764397,0,1.09997118684721,0.816288440589006,0.782977451360161
Hk1,0,0,0,1.12385943068956,0.340489508636005,0.69817979769656,0,0.802014223401017,1.05806075357123,0,0,0,0,0,0,0,0,0,0,0
Hmgb4,1.29883945354324,0,2.45887556914009,3.43243446685394,0,1.80155163859131,0.813600211069968,2.32293121967163,0.746828472694047,0.993935225809683,1.39132199418872,1.65147917990365,1.21616593991318,1.29235551872077,1.38132813516474,1.32637970842858,1.394074667655,0,1.42322217045136,1.60131746485266
Hook1,0,0,0,1.04415218651667,0,0,0,0,0,0,0,0,0,0,0,0,0,0,0,0
Hrasls,0,1.02154689364075,0.585454610999218,0,0.995287339178586,0.800437631468546,0.555988082378168,0,0,0,0,0,0,0,0,0,0,0.745305602172269,0,0.69916574864586
Hsd3b1,0,0,0,0,0,0,0,0,0,0,0,0,1.08735297440107,0,0,0,0,0,0,0
Hsp90aa1,0.604555281888188,1.88767402409925,0,0,1.70955627245992,1.12665909419119,1.43486178480279,0.518207589546679,0,1.0702507259315,0.280470756492919,0,0.789999022865062,1.26187082508031,1.1198026923853,0.881127114490869,1.45170838077088,1.18052857019526,1.34497219077328,0.771059170114642
Hspa2,0,0.94564160202011,0,0,0.902703222494554,0.443101767373,0.622026978301928,0,0,0,0,0,0,0,0,0,0,0,0,0
Hypm,0,0,0.672314587789773,0.896116729828422,0,0,0,0.812858959839588,0,0,0,0,0,0,0,0,0,0,0,0
Ift172,0,0,0.7794179223879,1.08032602360531,0,0,0,0.936602510526813,0.804478321221479,0,0,0,0,0,0,0,0,0,0,0
Ift43,0,0.903533579209183,0,0,1.06502643074675,0.914854296824451,0.685891754379217,0,0,0,0,0,0,0,0,0,0,0.740119063712763,0,0.856597863198622
Insl3,0,0,0,0,0,0,0,0,0,0,0,0,3.97050528682026,0,0,0,0,0,0,0
Insl6,0,1.18994553707956,0.52666374150134,0,1.09692152963949,0.852392582757589,0.9090162672181,0,0,0,0,0.82324195303385,0.758749281602026,0,0.610377664017839,0.641929030474048,0,1.27236687455628,0,0.959652664714295
Iqcf1,0,0,1.33149657984849,1.73378771937395,0,0.631299809468363,0,0.985030929004516,0,0,0,0,0,0,0,0,0,0,0,0
Iqcf3,0.723233624606809,0,1.77668770535709,2.5076422819838,0,1.27115382752939,0.300211551752846,1.88466071084084,1.91767367170929,0.78740550788423,0.896843660073708,1.29627689075782,0.918122639743325,0.948082674580102,1.0835490667014,0.947674802302034,1.19922231812396,0,1.04665200342216,1.11864926447832
Irgc1,0,0,1.66749419018758,1.92964097282186,0.650294839648875,1.36674255996059,0,1.41320358600542,1.61766202016799,0.561246725436796,1.09886016671398,1.0386961922234,0.809970633610188,0.985459687278532,0.967671937754221,1.03378753041232,1.00763071805899,0,0.984576455162891,1.09032882539288
Isca1,0,0.272219804238803,0.764451775611072,1.10052758031269,0.370323136031238,0.403374489960499,0,0.887666398274772,1.18747919407903,0,0,0,0,0,0,0,0,0,0,0
Izumo2,0,0,1.05219683809778,1.32610431867785,0,1.09637023382849,0,1.00016993247253,0,0,0,0,0,0,0,0,0,0,0,1.07925612923381
Kif2b,0,0,0.785824567518319,0,0.334599730726107,1.10936974825565,0,0,0,0,0,0,0,0,0,0,0,0,0,0
Klhl10,0,0,0,0.781604127462036,0.407639079972916,0.892478501562719,0,0,0.742888446711888,0,0,0,0,0,0,0,0,0,0,0
Klk1b8,0,0,1.20784704199325,1.75391605070073,0,0,0,1.46488320705475,0.882181213463113,0,0,1.06554646055366,0,0,0,0,0,0,0,0
Krt88,0,0,0,0,0.428923121884991,0.922332645655835,0,0,0,0,0,0,0,0,0,0,0,0,0,0
Larp7,0,1.68169224475865,0,0,1.54207681437005,1.03233166103556,0.938792647665599,0,0,0,0,0,0,0.81929683302383,0.564761643646148,0.714112173906268,1.29079404160239,1.03525721825038,0.903441386685522,0
Lcn2,0,0,0,0,0,0,0,0,0,0,0,0,2.99539453057401,0,0,0,0,0,0,0
Ldha,1.13473104737123,1.43533498892395,1.0023351232997,0.308789938146782,1.23927545559689,1.06248871182329,1.50862831777231,0.90603425868372,0.781531096112773,1.24070728674945,1.17891553818343,1.25742944156082,1.11549085170055,1.38766990841788,1.05985515252362,1.12912082252466,1.36530310667852,1.58564035017558,1.39499483341494,1.2120382303999
Ldhal6b,1.42675710227797,1.90397705738927,1.08220396871946,0.565469984555746,1.75062606442169,1.43160828386869,1.61196211302435,0.956525003622679,1.05754676983568,1.16118716816866,1.17998882668541,1.34795885955569,1.24286339522158,1.5180752173259,1.23500091423216,0.896843660073708,1.36179603470262,1.71171663791542,1.52140108294324,1.36765194938412
Lelp1,0,0,0,0.465888854261108,0,0,0,0,0.633744246797375,0,0,0,0,0,0,0,0,0,0,0
Lrrc18,0,0,1.03135152795218,1.56112011982998,0.441113631135389,1.30103795902216,0,1.12221371417393,1.11149713436849,0,0,0,0,0,0,0,0,0,0,0.841648682990618
Lrrc34,0,0.915425263867807,0,0,1.23005328978228,1.12624462569995,0,0,0,0,0,0,0,0,0,0,0,0,0,0
Lrrc51,1.24900905584164,0.543627874658205,1.52056818218439,1.74108789693379,1.00739924312037,1.45122197665526,1.0347653897919,1.62103774528118,1.98684598125717,1.05524564055608,1.11406038056123,1.39315580783853,1.06335583018629,1.28690788390657,1.23820388051651,1.31221968082693,1.25964597276065,0.773604916687677,1.27806372314003,1.38676010773525
Lrrc57,0,0,0,0.946860147147537,0,0,0,0.588666838622923,0.920383045169943,0,0,0,0,0,0,0,0,0,0,0
Lyar,2.02927868034967,2.93273956798956,1.17988224075614,0.313514682811686,2.59203357660857,1.90062684463735,2.5265985622352,1.50710255956878,1.62725864701772,1.94479750901804,1.86739010986541,2.01039247043876,1.74183992521638,2.32456415987469,1.81232524822724,1.77786294031588,2.55602021600946,2.73273330204146,2.33963190846208,1.86896914424205
Lyzl1,0,0,0,0,0,1.00671099978328,0,0,0,0,0,0,0,0,0,0,0,0,0,0
Mad2l2,0,1.13413774812676,0,0,0.914284149115853,0.256998718884198,1.04166479521147,0,0,0,0,0,0,0,0,0,0,1.07899073075432,0,0
March11,0,1.18181825093055,0,0,1.14570478019306,0.89324277399071,0,0,0,0,0,0,0,0,0,0,0,0,0,0
Mbd3l1,0,0,0.458340101128495,0,0,0.95135952784147,0,0,0,0,0,0,0,0,0,0,0,0,0,0
Med28,0,1.42098750833175,0.644447705972119,0,1.31060657997576,1.01632849114479,1.04265826683396,0.652384635331221,0,0.95610952479064,0.844852684102276,1.10443891632343,0.860783159887291,1.09388953597861,0.987231511548922,0,1.25497632863144,1.29903814112163,1.0048605203474,1.10443891632343
Mesp1,0,1.40168210775742,0.269331512982783,0,0.938193317370668,0.427535438807378,1.10837951332677,0.549470851111255,0.652550620890055,0.838469569107571,0.905848386760282,1.14703909162375,0,0.96049030447353,0.666915930901597,0.770792615216573,1.06972588645056,1.60630736590283,0.948497468232748,0.83468706648973
Mkrn1,0,1.26168745478744,0.277590729316123,0.336781135176806,1.24118534415213,0.83218340517001,0.63918883201679,0,0,0,0,0,0,0,0,0,0,0.83453025349716,0,0
Morf4l1,0.847920607623771,1.91111558280729,0.935708543456768,0.822632473777121,1.90412737473479,1.55207015068252,1.11749832774976,0.860170567309716,0.807554183577962,1.00027797713494,0.896843660073708,1.04715346640353,0.838311537840706,1.10443891632343,0.917704090950778,0.932834767654238,1.29079404160239,1.39869010152848,1.18701588984227,1.15808031560852
Morn3,0,0,0.571935087146076,1.1169237909424,0,0.67015471418233,0,0.737251999488312,0.709260670222534,0,0,0,0,0,0,0,0,0,0,0
Morn5,0.854617180402828,1.277269018775,0.829388633864137,0,1.33260848997694,1.15843642899276,1.23110995469592,0.735126844818504,0.786992451738613,0.838469569107571,1.03574517970084,1.20863760723816,0.91108025813001,1.02820200781078,0.931259189210563,1.04715346640353,1.37326539488651,1.31606949052938,1.09334043847502,1.21067555434102
Ms4a5,0,0,1.19780724045758,1.53713457290902,0.511052932095007,1.22977981262904,0,1.38223035450628,1.02750663161866,0,0.768666948150831,1.13681266080841,0,0.923849742897917,0.778872229869968,0,0,0,0,1.26634569191872
mt-Co1,0,1.26317254721517,0,0,0.928906117250368,0,1.23075751931641,0,0,1.16808446197802,1.09886016671398,0.57455180434384,1.75138422810196,1.08086180353074,1.37148738721292,2.35050435230303,0,1.20056415221494,0.756930186745403,0
mt-Cytb,0,0,0,0,0.427507331994424,0,1.23642228282432,0,0,1.17570799499103,0.468395605638883,0,1.65455934074471,0,1.40333558653267,1.92202989402829,0,0,0,0
mt-Nd1,0,1.03976860816491,0,0,0.688209217310655,0,1.3817790512706,0,0,1.44571383499652,1.19922231812396,0.722415642933622,1.96392651201786,1.22028296665243,1.68065192996376,2.72883502969133,0,1.10359839568452,1.00971903923322,0
mt-Nd2,0,0.330225019091794,0,0,0.302708231790993,0,0.870846894389671,0,0,0,0.769728279487498,0,1.26188756673977,0,0.920766316510422,1.84236082559476,0,0,0,0
mt-Nd3,0,0,0,0,0,0,0.997549378929652,0,0,0,0,0,1.08735297440107,0,1.02779970249244,1.42707931475229,0,0,0,0
mt-Nd4,0,0.564020802803938,0,0,0.720785677820887,0,0.869707235043802,0,0,1.04715346640353,0.685681864131486,0,1.42804713245598,0,1.01321951453991,1.58655023199005,0,0,0,0
mt-Rnr2,0,0,0,0,0,0,0,0,0,0.805643437173882,0.501303774080522,0,0,0,0,0.994836210096779,0,0,0,0
Mt2,1.5236271748064,1.72114046604641,0.855854156744651,0,1.4047361740349,0.916846639228032,2.02927803747659,1.10725333241502,1.20662651409479,1.37818055963415,1.21683327045512,1.7052573662571,1.52810165848295,1.54513550704195,1.627902667385,1.43682176386488,1.34710403468975,2.18432483790572,1.52697967639174,1.46283945753934
Mtch2,0,1.36618351610058,0.861257259530434,0.743568183444356,1.41016679114621,1.20577391103072,0.936002532133697,0.556223576124844,0,0.789079290094365,0.807984304793686,0.882532386661475,0.814494378229376,1.08408819840199,0.843888852773462,0.770792615216573,1.10951082071641,1.19292356073308,1.00739974086044,0.910514967202665
Mtdh,0,0.513055968753556,0.790948997126077,0.501971739988871,0.796702468744751,1.16190081420625,0,0,0,0,0,0,0,0,0,0,0,0,0,0.765500850984519
Mum1,0,1.14401230801867,0,0,0.952181489913213,0.296401223536835,0.68652221131885,0,0,0,0,0,0,0,0,0,0,0.826935342614143,0,0
Myl10,0,1.03080585945712,0,0,0.995287339178586,0.713676993700663,0.643400257354711,0,0,0,0,0.722415642933622,0,0,0,0,0,1.11093026824676,0,0.829388158715703
Nasp,0,1.77067984792829,0,0,1.57606965667557,0.979747756387449,0.971519267851241,0,0,0.781330054642252,0.673728095781693,0,0,1.09664516636695,0.818090748197018,0.68463437277816,1.29079404160239,1.22829740259231,1.07925612923381,0.584692095807237
Ndufa6,0,0.917370439201743,0.401481431950381,0,0.946778761403941,0.842394101683105,1.17347364519444,0,0,0.726641747366033,0.807984304793686,1.05067779852689,1.0827414905008,0.844531155515342,0.916941820782053,0.96809785737023,0,1.25595681036725,0.735489381217437,1.0994153826399
Ndufa7,0,1.06295265821193,0.85975358702696,0,1.01275131826322,0.946766668092208,1.04265826683396,0,0,0.565044764232339,1.00995156908392,1.00164810497262,0.999366721607941,0.890703266103073,0.972378544626365,0.68463437277816,0,1.17714968408851,0,1.08516814817255
Ndufaf3,0,1.03771057492926,0,0,0.637465636009912,0.205110703964484,1.05118329704601,0,0,0,0,0,0,0,0,0,0,0.960491063132554,0,0
Ndufb9,0,0.64862182039264,0,0,0.477942375183515,0,1.05118329704601,0,0,0.49515492818309,0,0,0.975831682650696,0,0.811225882969768,0,0,0.778740262759826,0,0
Nkapl,0,1.01187469442068,0,0,0.813302640240949,0.406762882981801,0.804769195036597,0,0,0,0,0,0,0,0,0,0,0.947063720236261,0,0
Nlrp14,0,1.01907098353307,0,0,0.875984799325605,0.672142926468794,0,0,0,0,0,0,0,0,0,0,0,0.631565367315279,0,0
Nop10,0,0.994123039695491,0,0,0.906034101377487,0.658002228567271,1.16619483183404,0,0,0.838469569107571,0.821416291225169,0.993935225809683,0.927150426721142,0.767608608217386,0.860922218770732,0.584085575320254,0,1.34967258669011,0,0.885356842112442
Nt5c1b,0,0,0.506357760866673,1.10052758031269,0.459272484171699,0.775553927829619,0,0.634047425567387,0.940898434982946,0,0,0,0,0,0,0,0,0,0,0
Nupr1l,0.775493411290673,0,1.27634834265442,1.08032602360531,0.505904329231516,1.36679021345079,0.564903168013265,1.33609605587733,1.59205689213838,0.976698698169323,1.0198219027682,1.17315518321165,0.939194230060006,1.02651452681396,1.04565057939558,1.08516814817255,0,0,0.956525003622679,1.54628594154029
Nxt1,0,0.959652853847375,0,0,0.698729384722784,0,0.710709591871811,0,0,0,0,0,0,0,0,0,0,0.835947042003487,0,0
Oaz3,1.73661062028413,0,2.0766692984354,2.3841306509527,0.685472104708605,1.48944340079359,1.10668708109562,2.35905536768503,3.0144048578037,1.49523035772354,1.55032726615399,1.76348453250594,1.31505617916938,1.55730932650508,1.66762179960283,1.49096347653378,1.65816302980652,0.695151839954925,1.59143927011666,1.5206606284715
Odf3,0,0,0.681615016388453,0,0,0.969311307444139,0,0,0,0,0,0,0,0,0,0,0,0,0,0.672515672772057
Otub2,0,0,1.31021994109731,1.75121555663889,0,0.792741256453272,0,1.28904246074326,1.12356871936688,0,0,0,0,0,0,0.563772980288332,0,0,0,0
Oxct2a,0,0,0.655616725887064,1.09997118684721,0,0,0,0.863775725583175,0.698444055356717,0,0,0,0,0,0,0,0,0,0,0
Oxct2b,0,0,0.41009573262045,1.15601878837474,0,0,0,0.80338949544078,0.834774793453826,0,0,0,0,0,0,0,0,0,0,0
Pabpc1,1.67020057819969,2.23627187773753,1.0494163326852,0,2.15476679328929,1.78932099807777,1.98549795138381,1.1253177411057,1.20863921702871,1.46488320705475,1.45775702551646,1.30739304799036,1.35225283995353,1.83812198542146,1.54628594154029,1.43977261457337,1.5497485191981,1.87237226505034,1.95511698428649,1.49523035772354
Pabpc2,0,1.17730955414825,0,0,1.11768997789747,0.741973640407341,0,0,0,0,0,0,0,0,0,0,0,0,0,0
Paip2,0,0,0.987121213033342,1.38403838909316,0.448182946907688,0.948124192439338,0,1.09583331987265,0.866477668672533,0,0,0.871075195595788,0.514273632974782,0,0,0.851336558550774,0,0,0,0.870048810081207
Paqr5,0,0,0.505007334825586,1.28176494722946,0,0,0,0.879029120307127,0,0,0,0,0,0,0,0,0,0,0,0
Pbp2,0,1.3215787161105,0,0,1.15499091994724,0.0993383941431156,0.766289870296658,0,0,0,0,0,0,0,0,0,0,1.2120382303999,0,0
Pdcl2,0.890165665366004,1.70462418260545,1.10720369015336,1.12560749733593,1.75087864951623,1.44334693297583,1.21306236954733,0.946657117257748,0.741593807197459,0.985902023800159,1.05831398195153,1.10837951332677,0.839902332432864,1.15684247116809,0.99800307013608,1.02844354856025,1.25964597276065,1.40450592534467,1.16056474528349,1.22062907580631
Pfn3,0,0,0,0,0,0.608297768214798,0,0,0,0,0,0,0,0,0,0,0,0,0,0
Pgk2,0.790620035296957,0.797487392970095,1.24286206954118,1.74785300395151,1.02844354856025,1.11848520713067,0.676778716538861,1.46105628961563,1.7707062620284,0.96049030447353,1.03354336651787,1.08408819840199,0.826007454777528,0.883236757216573,1.02651452681396,0.866306616764397,1.2876831196063,0,0.998154491318518,1.04340466882883
Phf7,0,1.00096304105378,0.575966299006689,1.06710973936722,1.00176245849309,0.786118730354984,0.718701006813471,0,0,0,0,0,0,0,0,0,0,0,0,0
Phospho2,0,1.13256348463897,0,0,0.945776193891574,0.0742476221583173,0,0,0,0,0,0,0,0,0,0,0,0.861424110600072,0,0
Pkib,0,0,1.16843873062036,1.48205863423647,0,0.77093627094351,0,1.2405314367329,0.809307214290332,0,0,0.873479825337925,0,0,0,0.679445435673583,0,0,0,0.655996346248608
Plac8l1,0,0,0,0,0.397774887507543,0.951462480259715,0,0,0,0,0,0,0,0,0,0,0,0,0,0.537829755788327
Pmis2,0,0,0.691182499643277,0.456402539347946,0,0.650878515959939,0,0,0,0,0,0,0,0,0,0,0,0,0,0
Ppia,0,0.858051004409121,0,0,0.770526248909283,0.297183370227687,1.09388953597861,0,0,0,0.651805363705411,0,0.867156971200991,0,0.766158251502731,0,0,0.746301950194302,0,0
Ppp3r2,1.41795537456618,1.88982185280455,1.14355858008423,0.83942070784764,1.66626322698485,1.35920771912013,1.53373324854656,1.18717921243053,1.15963163776488,1.23784712546267,1.1821416022071,1.56259125715817,1.15208148228622,1.42034405267427,1.1763480300042,1.3294170901236,1.5708861331165,1.93968474100845,1.51366531427154,1.44737360484355
Prdx4,0,0,0.540052207598208,1.15560740993443,0,0,0,0,0,0,0,0,0,0,0,0,0,0,0,0
Prdx6b,0,1.28413851759222,0.798561579072152,0.718470136138906,1.20301452617208,0.896547112809351,0.869707235043802,0,0,0.695474269645081,0,0.830007969182701,0,0,0,0.796702468744751,1.30419629209868,1.08517265741441,0.696123091422782,0.728773789737326
Prm3,1.82887375003484,0,2.44217235253591,3.04608545280506,0.54105327666323,1.97422497297692,1.21340415639761,2.63160744831403,2.25188324115681,1.56771481689069,1.61133164224952,2.11496992711079,1.45237910444582,1.67445169679078,1.70668765667664,1.55847970605192,1.51918207564331,0.869793302144429,1.63437681045058,1.9422372668228
Prps1l1,0,1.22845419083004,0.503496406310207,0,1.09595489604951,0.830164529994894,0.920766316510422,0,0,0,0,0,0,0,0,0,0,1.06013603565141,0,0.743320704587976
Prss37,0,0,0.918087194266067,0,0,0,0,0,0,0,0,0,0,0,0,0,0,0,0,0
Psma6,0,0.309188880740181,1.31505404013486,1.83848444941113,0.862597425876291,1.40656226444953,0.854617049788792,1.41320341489802,1.2998311029368,0.816288440589006,1.00832580735154,1.17763030779993,0.930890853678497,0.892500241284258,1.02172478972036,1.09499004553094,1.03574517970084,0,0.803609249702004,1.19259144958711
Psmb6,0,0.966131597526986,0.318234976377615,0,1.01010668807954,0.850359514695158,0.911266233173845,0,0,0.80593528439155,0,0,0.7441068359191,0,0.83125045000605,0.587437314963534,0,0.8941248696654,0,0.739628620592113
Psmc3,0,1.48725345530705,0.749558713826806,0.459925580879476,1.44432280870051,1.08742530133965,1.0401782847028,0.648139858887269,0.6692086807572,0.815988848230193,0.879726448069453,0,0.809970633610188,0.975398474568569,0.860922218770732,0.796702468744751,1.394074667655,1.20290272776655,0.939192818186401,0.941600035177785
Psmf1,0,0,1.16800605308268,1.86885207469884,0.275214411447164,0.691981705206907,0,1.28536237170015,0.675134220151996,0,0,0,0,0,0,0.670906002057637,0.548151288614485,0,0,0
Ptgds,0,0,0,0,0,0,0,0,0,0,0,0,3.02805514887743,0,0,0,0,0,0,0
Pttg1,0,0.713031103185059,0,0,0.322633336677065,0,0.796417436758235,0,0,0,0,0,0,0,0,0,0,0,0,0
Ran,1.83319401515562,2.0114109124407,1.32445673626794,0.610543331409668,1.80471762141786,1.25365375955596,2.01768831745372,1.41367704701819,1.38099040261072,1.68969844315492,1.58655023199005,1.81807864411635,1.63265101738662,1.81725420682647,1.724062214478,1.42707931475229,1.29040430049648,2.37074562810924,1.85823922074992,1.724062214478
Rasl2-9,0,1.10168868164464,0,0,0.830628732194438,0,0.482993450590647,0,0,0,0,0,0,0,0,0,0,1.09913836247107,0,0
Rbm4b,0,0,0.682549397921849,1.23856085374935,0,0.58779862809036,0,0.905853142186999,0.73527363404298,0,0,0,0,0,0,0,0,0,0,0
Rnaseh2a,0,1.1618110000467,0,0.718008848625119,1.02523269507452,0.631178267654802,0,0.634143099117531,0.991146616521799,0,0,0,0,0,0,0.633421798455937,0,0.735139037492117,0,0
Rnf133,0,0,0,1.19678197104717,0,0,0,0,0,0,0,0,0,0,0,0,0,0,0,0
Rnf138,0,0,1.33323481709835,1.57903708428312,0.541962879964571,0.987334505087552,0,1.34390879715198,1.64250221835532,0.253914194934864,0,0.871075195595788,0.209545087786143,0,0.868684165505385,0.863942432474039,0,0,0,0.900496647037727
Rnf151,0,0,1.17539567949196,0.409479002716982,0.419090175572286,1.03433043515372,0,0,0,0,0,0,0,0,0,0,0,0,0,0.886420825350038
Rnf32,0,1.17939884253662,0,0,1.04067329630012,0.755976617924172,0.674944977835609,0,0,0,0,0,0,0,0,0,0,0.777513989858346,0,0
Rnf7,0,0.882977272941563,0,0,0.774945536309741,0,0.843247553922655,0,0,0,0,0,0,0,0,0.601083083564269,0,0.936404439025565,0,0
Ropn1,1.46181989956315,0,2.08421656626048,1.85305548507003,0.831001648160788,1.97825558112671,0.903810702387832,1.5697549396154,0.857987666178445,1.15684247116809,1.39683909466949,1.36530310667852,1.20112210090519,1.48566696051793,1.38087753538154,1.29313776850155,0.88998656430692,0,1.56495140849175,1.9990499781386
RP23-269H21.1,0,0.846222382012769,0,1.21294848587224,0.974749709066623,0.859254892427235,0,0,0,0,0,0,0,0,0,0,0,0,0,0
Rp9,0,1.21933239914255,0,0,0.935605344564241,0.506196392168044,1.13147586892122,0,0,0.442924746051429,0,0,0,0,0,0,0,1.21067555434102,0.817645792969106,0
Rpl10,0,0,0,0,0,0,0,0,0,0.219704870034858,0,0,1.0219660097084,0,0,0,0,0,0,0
Rpl10l,0,0.981388152558524,0,0,0.934415871936691,0.536255881008367,1.02941089525237,0,0,0,0,0.700697408105905,0,0.769197239083734,0.633600417362039,0,0,1.11961041983394,0,0.759765118629517
Rpl14,0,0,0,0,0,0,0.641379082008838,0,0,0,0,0,0,0,0.789918918908756,0,0,0,0,0
Rpl22,0,0,0,0,0,0,0.928906117250368,0,0,0.55244716726527,0.885711210413035,0,0.828002048489096,0,1.30128055127898,0.670906002057637,0,0,0,0
Rpl22l1,0,0.937795301412975,0.721134342856157,0,0.891062063722889,0.791377240512076,1.06502643074675,0,0,1.01368816158637,0.810634521303035,1.08032602360531,0.954244698773509,0.865629776896597,0.967246406671862,0.948490910661561,0,1.27844592989039,0,1.06398796075178
Rpl34,0.73440314844909,0.888988506914876,0.868175241881964,0,0.904365495167434,0.822284613416624,1.42804713245598,0.82126685974841,0.652313132488204,1.24791943623129,1.18246523374367,1.22853038527119,1.38496031021577,1.12970861804955,1.45978539842345,0.992138335375378,0,1.50186081701069,1.13059224348539,1.29627689075782
Rpl35a,0,0.856225841762243,0.707137246115603,0,0.8317173663129,0.826925928536949,1.3505303254322,0.611387891468336,0,1.19656064161916,1.1308861401408,1.06191735567207,1.13384647045013,1.02820200781078,1.29864192014493,0.948490910661561,0,1.26187082508031,0.966611208713203,1.14522038535385
Rplp2,0,0.752878885789416,0.815091536480029,0.383523160247198,0.747300682779075,0.782750286605941,1.32034924518264,0.922819861004782,0,1.17188315581586,1.20323838708277,1.21067555434102,1.37312201418942,0.935605344564241,1.61766091845421,0.896843660073708,0,1.30619243672756,0.978656247347121,1.11864926447832
Rps11,0,1.01644234942901,0.681511367777284,0,0.927734187289918,0.664266720862842,1.20593160597218,0.514554308964462,0,1.09719803889038,1.01650954798787,0.99800307013608,1.17156787077622,0,1.34881484794802,0.670906002057637,0,1.16966490366754,0,0.932046289573552
Rps21,0,0.521463846919281,0.591449133853699,0,0.448893564220903,0.236275321194042,1.24937256160498,0,0,1.3219880962453,1.11121233094899,0.990348182898389,1.31182250434021,0.786849196213945,1.4557347511993,0.851336558550774,0,1.18473590192959,0.653180541627374,0.881127114490869
Rps27a,0,0.613839941637079,0,0,0,0,1.29079404160239,0,0,0.847757812672733,0.701795646504699,0,0.993710297585881,0,1.10612414067497,0,0,0.901414737427647,0,0
Rps27l,0,0.495237713431265,0,0,0.461801935697231,0.402220697296737,1.10837951332677,0,0,0.871075195595788,0.807984304793686,0,1.00074811039373,0,1.14040002559177,0.670906002057637,0,0.911459099897359,0,0.484337912637453
Rps7,0.968098051912535,1.42837013250412,1.11663683235749,1.14703909162375,1.34038384800604,1.19593223260332,1.57867552580103,1.06062808590543,0.72230452564089,1.17061403342267,1.2769195307691,1.29157427710841,1.29865011924511,1.17763030779993,1.34625037082972,1.08462789192022,0,1.50629303679726,1.2302879854875,1.24598750797624
Rsph1,1.58776939433844,2.3298990097396,0.84340931908853,0.203810447430619,1.75543918319092,0.944531025731009,2.21486146117843,0.995969147972881,1.25229007300403,1.33400117556943,1.32858723845235,1.44471994910668,1.25122668210236,1.65347806343492,1.32734453666011,1.08462789192022,1.80580001470531,2.2025299005109,1.62148487598023,1.09554117064957
Samd4,0,0,0.821430232530535,1.01415726007866,0,0.632660661515697,0,0,0,0,0,0,0,0,0,0,0,0,0,0
Scand1,0,0,1.38995068641493,1.21272078639198,0.32022516233501,0.859296626274239,0.765763672601166,0.960490494138157,0,0,0.882708370689426,0.789079290094365,0.72565792785809,0,0.705556060087829,0.866306616764397,0,0,0,1.07182848001582
Sccpdh,0,1.6674178847682,0.659279579365365,0,1.5928422292048,1.10161418669617,0.967671937754221,0,0.567777424582361,0.678006856347144,0.965548156697229,0.906034101377487,0,0.99891174084266,0.747801245639558,0,0.745803095898356,1.17907753502451,0.826769507704813,0.829697945021772
Scp2d1,0,0,1.71834835176226,0.905384443986931,0,1.48339046286358,0,0.721951936581111,0,0,0.997096116313183,0.774272613865077,0,1.06763189826777,0.774810856024834,0.91201878095861,0,0,0.981498959032678,1.35657152187305
Sgf29,0,0,0.843408567527383,0.921150580743877,0.408226041675827,0.951462480259715,0,0,0,0,0,0,0,0,0,0,0,0,0,0.759765118629517
Sh3d21,0,0,1.11292054938708,1.08603373095666,0.404946336047662,1.27313562701792,0,0.494639353002601,0,0,0,0,0,0,0,0,0,0,0,0.747300682779075
Sh3rf2,0,0,0.845820804743482,1.28304657292376,0,0.245556657279701,0,0.819296947302541,0,0,0,0,0,0,0,0,0,0,0,0
Shcbp1l,0,0.981937611249845,0,0,0.571781868876391,0,0.714568364862382,0,0,0,0,0,0,0,0,0,0,0,0,0
Slc25a5,0,0,0,0,0,0,0,0,0,0,0,0,1.31749181514456,0,0,0,0,0,0,0
Slc2a3,0,1.1549923041892,0,0,0,0,0.619456272054276,0,0,0,0,0,0,0,0,0,0,0,0,0
Slfnl1,0,0,0.71852784434474,1.35397535447485,0,0,0,0.840707351955925,0,0,0,0,0,0,0,0,0,0,0,0
Slirp,0,0.90445827343942,0,0,0.680580117046229,0.414085053026741,0.935208505657368,0,0,0,0.771592846503067,0.843888852773462,0.799425211199339,0,0.688314935718889,0,0,1.13473300576033,0,0.759765118629517
Smap1,0,0,0.86406876733097,0.269161880830275,0.360334497668637,1.11178346457121,0,0,0,0,0,0,0,0,0,0.670906002057637,0,0,0,0.912772613942959
Smcp,2.42650075812076,0.318296147350442,3.06901898018016,3.55925548260223,1.14184164695994,2.35384038049753,1.65682146992818,3.48620009790711,4.01261929636944,2.09076950940024,2.3787028520315,2.75743476188522,2.10934447902034,2.40402923846194,2.48817097683399,2.55031241180947,1.84576787408989,1.01486317183138,2.36564529229655,2.47530149325973
Smim23,0,0,0.86242990566326,1.08842155468638,0,0,0,0.781422090405494,0,0,0,0,0,0,0,0,0,0,0,0
Smkr-ps,0,0,0.511032357950256,0.573090562945183,0.259528168891768,1.11201030815241,0,0.513320505666623,0.750573669235377,0,0,0,0,0,0,0,0,0,0,0.938792647665599
Smpd5,0,0.646739207483932,0,0,0.37123128573871,0,0.844209878506774,0,0,0,0,0,0,0,0,0,0,0.58588341667188,0,0
Snhg3,0,0.339416845751828,0,0,0,0,0.997549378929652,0,0,0,0,0,0,0,0,0,0,0,0,0
Snrpc,0,0.893281961612865,0,0,0.846841021207022,0,0.766289870296658,0,0,0,0,0,0,0,0,0,0,0.89575432725542,0,0
Snu13,0,0,0,0,0,1.00834183827795,0,0,0,0,0,0,0,0,0,0,0,0,0,0.784355728285042
Sod1,0,0,0.829388633864137,0.82784278519759,0.416932337343629,0.797273265597134,0,0.925011708156112,0.837204825405076,0.561246725436796,0,0,1.01018878608688,0,0.876244779901826,0.68463437277816,0,0,0,0.906963855291152
Spaca3,0,0,0.683279455320727,0,0.726878011749177,1.46224724028186,0,0,0,0,0,0,0,0,0,0,0,0,0,1.2258457811491
Spaca7,0,0,0.645187186314082,0,0.571781868876391,1.07076417905407,0,0,0,0,0,0,0,0,0,0,0,0,0,0.697858320599737
Spaca9,1.00693668020968,0,2.16769870165792,1.9427486967045,0.258409006264765,1.42571372539095,0.753098850757171,1.54859456401401,1.10136394318625,0.918467672109388,1.19193262020223,1.26335870728441,1.08143826472572,1.27997524482442,1.17061403342267,1.11520389415919,1.10108456401539,0,1.2541202532268,1.418432277662
Spag4,0,0,0.790808957291962,0.872447596824265,0.361079168689357,0.825741383950491,0,0,0,0,0,0,0,0,0,0,0,0,0,0
Spag6,0,0,0,0,0.901598541016492,1.15233371182326,0,0,0,0,0,0,0,0,0,0,0,0,0,0
Spag6l,0,1.11434672003952,0,0,0.975831483056523,0.297330244081268,0,0,0,0,0,0,0,0,0,0,0,0,0,0
Spanxn4,0,0,1.26020166422521,1.18343725143639,0,1.08842269310277,0,0.833749933950345,0,0,0,0,0,0,0,0,0,0,0,0.945640880412837
Sparc,0,0,0,0,0,0,0,0,0,0.976698698169323,0,0,0.875784296299662,0,0,0,0,0,0,0
Spata18,0,0,0.904088098777633,1.68620623276268,0,0.274323649500328,0,1.23856085374935,1.62084866187241,0,0,0,0,0,0,0,0,0,0,0
Spata19,1.14310629746136,0,2.0886118471674,2.51885477311053,0.701722321414874,1.7482371669282,0.801580222946318,1.57837745566531,0.61971506013148,1.03918973342249,1.15870028461554,1.34369632019504,1.05985750061938,1.22724489133522,1.22271010511875,1.2835599878685,1.00763071805899,0,1.28923658069058,1.59143927011666
Spata21,0,0,0.582703203024025,1.26038666319044,0.431783232645215,0.923180569975176,0,0.780600166296742,0,0,0,0,0,0,0,0,0,0,0,0
Spata3,0.650768462642153,0,1.56731963525997,2.15253210957935,0,0.750758483765617,0,1.85961265494879,2.23727191723161,0.726641747366033,0.997096116313183,1.24358150656629,0.800141894049966,0.950127503102227,1.06554646055366,1.17891553818343,0,0,0.928521258650734,0.875205810592578
Spata45,0,0,0.898484056449116,0,1.06554646055366,1.63357168904579,0,0,0,0,0.844852684102276,0.935605344564241,0.734161861361543,0.928124490649532,0.769197239083734,0.750062288723137,0,0,0.686743733808071,1.58899061769246
Spata46,0,0,0.938393710124376,0,0.811225882969768,1.75176335073827,0,0,0,0,0.862261847683407,0,0,0.920766316510422,0,0,0,0,0,1.46693315980558
Spata6,0.969805432206095,0.427147374510578,1.60381241537774,2.29575002618657,0.942405341509788,1.47097696165962,0.713884301225114,1.70740384193113,1.44101154664018,1.09361477053612,1.11064455295988,1.32445454476339,0.887322777054517,1.22166865190609,1.10164213893658,0.841967958242474,1.37504836293451,0,1.20055824909212,1.23005328978228
Spcs2,0,0,0.99664349532355,1.43584105115255,0.287086727302088,0,0,0.816595496681194,0,0,0,0,0,0,0,0,0,0,0,0
Spem1,0,0,0,0.560270473118827,0,0,0,0,0.419439363451079,0,0,0,0,0,0,0,0,0,0,0
Spert,0,0,1.1522274081774,1.63698242736606,0,0.714226184487808,0,1.11534702585367,1.14313639630861,0,0,0,0,0,0,0,0,0,0,0
Spesp1,0,1.03691129075631,0,0,1.04679522741272,0.811127920870435,0,0,0,0,0,0,0,0,0,0,0,0,0,0
Spz1,0,0,1.24900995440042,2.17450461160287,0.473095676469575,1.23971681184101,0,1.42659611388416,1.64940557452529,0,0.473491648504633,0.881829173397294,0,0,0,0.684425265615364,0,0,0,0.708235311915168
Srp14,0,1.38753987137407,0,0,0.975831483056523,0.392466749650966,1.27539748971255,0,0,0.816288440589006,0.882708370689426,0.917322792210445,0.752044619436344,0.609055602301666,0.883589377397619,0.587437314963534,0.784908432050176,1.40813518658406,0,0
Srp9,0,1.02196340247483,0.706335531963105,0,0.897207581809706,0.516553006650213,0.9756149289497,0,0,0.565044764232339,0.771592846503067,0,0,0.774272613865077,0.778872229869968,0,0,1.1434080702688,0,0.842394046223772
St6galnac2,0,0,0.646366042648672,0.917322792210445,0,0.394057855384024,0,0.80101606952569,1.04790666464237,0,0,0,0,0,0,0,0,0,0,0
Stard6,0,0.712126659466652,0.828460342488625,1.09830553809493,0.751071690329486,0.734782685579907,0,0.962171856823186,1.20694495351921,0,0,0,0,0,0,0,0,0,0,0
Stpg4,1.35983182720751,1.66490832864486,0.942814961995277,0,1.55730932650508,1.30579310382019,1.55322811283938,1.02101039886378,1.02030822831416,1.08139813981814,1.18799573080934,1.44174714345356,1.24831477906751,1.47623553131623,1.15715167096762,1.13029705688636,1.45472589180378,1.83657386633822,1.45801028568121,1.42322217045136
Sub1,0,0.356184351530428,0,0,0.570479215682776,0.458808061498022,1.21033539169924,0,0,0,0,0,0,0,0.957148806902768,0,0,0,0,0
Sucla2,0,1.15503641704838,0,0,1.23660019789209,1.01477825744557,0,0,0,0,0,0,0,0,0,0,0,0,0,0
Suclg1,0,1.00865124354304,0,0,0.967246406671862,0.720195983501117,0.907150042600692,0,0,0.55244716726527,0,0.752083873752279,0.852171366400456,0.871075195595788,0,0.796702468744751,0,1.09913836247107,0.820207924029454,0.691822306749272
Svip,0.608278462867367,1.32363130259399,1.03256797188577,1.21237940673995,1.26348286586228,1.12098795002143,0.785185083314263,1.26429079273507,1.13343811049344,0.793013289680705,1.0401782847028,1.26335870728441,0.919256292190745,1.15069480124216,0.990348182898389,0.863942432474039,1.25964597276065,1.2904074349554,0.955694513200469,1.22514749265163
Swi5,0,0.981388152558524,0,0,0.756865916857821,0.540842842669115,1.38821640562941,0.467505633877344,0,0.769728279487498,0.881829173397294,0,1.01345383806314,0.776430189938438,1.0401782847028,0.750062288723137,0,1.14250375540179,0,0.384367456657515
Syce3,0,0,0.720669710853419,0,0.470538056293724,0.641749921621604,0.743073394036152,0,0,0,0,0,0,0,0.484337912637453,0,0,0,0,0.923463147416694
Tbca,0,0.827279675203646,0,0,0.726878011749177,0.642674272768186,1.19149382758323,0,0,0.538857046850402,0.792730956740837,0.935208505657368,0.883251260401688,0.78740550788423,0.868684165505385,0.863942432474039,0,1.18117266704165,0,0.910890440172704
Tbpl1,0.384094207672399,1.71315753194844,0.218035713255261,0,1.60839661474492,0.865620717913217,1.05168930356963,0.644790649602085,0,0.847757812672733,0.885711210413035,1.1279471570009,0.814494266052672,1.08408819840199,0.763404905391903,0.841967958242474,1.28458813187005,1.58229956732638,1.1132044352946,1.0347653897919
Tcp1,1.11036096809122,1.90001497571979,0.857094577032239,0.651238081646047,1.72432850311138,1.30699266984951,1.39961535578007,0.945033590782219,1.0960415286025,1.14401128117096,1.20323838708277,1.16181064717167,1.04540209496941,1.33819799198945,1.15237854423268,1.13029705688636,1.44471994910668,1.49630206835266,1.38283249154872,1.08597958968735
Tctex1d1,0,0,0.673678360005334,1.04116879954898,0,0,0,0.703673726057392,0,0,0,0,0,0,0,0,0,0,0,0
Tctex1d2,0.903626278550332,1.36117279978604,0.90031361513917,0,1.33819799198945,1.13282593866139,1.13562213877087,0.820810618131661,0.811440390982215,1.0071678787906,1.09664516636695,1.29313776850155,1.04540209496941,1.2286473898833,1.04665200342216,0.948490910661561,1.26934773648761,1.52140108294324,1.17379228955904,1.34539786546279
Tekt1,0,1.15028925949528,0,0,1.35501254162806,1.12581959588768,0.674741853442123,0,0,0,0,0,0,0.832496759085973,0,0,1.00763071805899,0.862933811883668,0,0.924236673201052
Tekt2,0,0.481247424793856,0,0,1.05985515252362,1.27412835416331,0,0,0,0,0,0,0,0,0,0,0,0,0,0.83910341520659
Tescl,0,0,0.743815915108716,0.824463698358196,0,0.961678744030266,0,0,0,0,0,0,0,0,0,0,0,0,0,0
Tex101,0,0,0,0,0,0,0.974533652875904,0,0,0,0,0,0,0,0.811225882969768,0,0,0,0,0
Tex22,0,1.13740898863093,0.710935401237102,0,1.03144850906401,0.800292678802397,0.711613708496843,0.469456949214797,0,0,0,0.830007969182701,0.466975414055331,0,0,0,0,1.16966851216305,0,0.887843579045702
Tex29,0,0,0,0,0,0.941686166711982,0,0,0,0,0,0,0,0,0,0,0,0,0,0
Tex33,0,0,1.18582750319086,0,0.715482533301544,1.38185656187649,0,0,0,0,0.280470756492919,0,0,0.80244736910825,0,0,0,0,0,1.11893738757704
Tex35,0,0,0.831250928537206,1.33676790595072,0,0.464200985537966,0,0.887325720560254,0,0,0,0,0,0,0,0,0,0,0,0
Tex36,0,0,0,0,0.45379576562297,0.941248630824004,0,0,0,0,0,0,0,0,0,0,0,0,0,0.616399757204359
Tex37,0,0,0.816740544207765,1.44820503785136,0,0,0,0.866814996620277,0,0,0,0,0,0,0,0,0,0,0,0
Tex43,0,0,0.873479965330385,0,0,1.0674515522845,0,0,0,0,0,0,0,0,0,0,0,0,0,0.94079615236053
Tfam,0,0,1.16698141651125,1.7388458570564,0,0,0,1.13354705219503,0,0,0,0,0,0,0,0,0,0,0,0
Timm8b,1.37034704166132,1.34596633103357,1.18515861986015,0,1.25833147148233,1.18734831933874,1.71291660542345,1.03321832847725,1.15195313093795,1.31464730044815,1.26897165321272,1.55090648639902,1.37148800450663,1.40007922220124,1.39499483341494,1.32034924518264,1.32775849422102,1.88884658809098,1.42780508942808,1.58533312500004
Tmbim7,0,1.24592726536296,0,0,1.07130202184847,0.480729562762416,0.856597863198622,0,0,0,0,0,0,0,0,0,0,0.973028042369546,0,0
Tmco2,0,0,1.18636354685135,1.21237940673995,0.256661478166591,1.0345381662115,0,0,0,0,0,0,0,0,0,0,0,0,0,0.899397529700609
Tmem210,0,0,0,0,0.394730006774904,1.02459326264282,0,0,0,0,0,0,0,0,0,0,0,0,0,0.971948709192832
Tmem247,0,0,1.2811252786557,1.47658252440465,0.470293600736265,1.22847956780461,0,1.22271020970053,0.913535649148218,0,0.673728095781693,0.993935225809683,0,0,0.76288275267686,0.804478213339596,0,0,0,1.0994153826399
Tmem258,0,0.524552621654274,0,0,0.384758394395,0,1.114917784896,0,0,0.538857046850402,0,0,0.559999030195212,0,0.851009933965636,0,0,0.90959524313494,0,0
Tmem53,0,0,0.767874404319895,1.12736128480373,0,0.462120992906676,0,0.806526589978076,0.920958448627149,0,0,0,0,0,0,0,0,0,0,0
Tmem56,0,0,0,0.718008848625119,0,0,0,0,0.588371614338636,0,0,0,0,0,0,0,0,0,0,0
Tmem97,0.856435097346824,1.84534122498688,0.238873261353883,0,1.53260312484237,0.6474940277887,1.23832284734159,0.747051000080125,0.920958448627149,0.829078609983738,0.884648981983271,1.0933401496334,0.960909883012171,1.24864555007829,0.853137615046982,0.730202263705372,1.394074667655,1.60412067833148,1.23766885691981,0.848730761275919
Tmigd3,0,0,0.955902135740782,0,0,0.48110581217144,0,0,0,0,0,0,0,0,0,0,0,0,0,0
Tmsb15a,0,0,0.955404752005478,1.15622459326575,0,0.252532243998625,0,1.08318998836441,0.484465628134934,0,0,0.818090748197018,0,0,0,0,0,0,0,0
Tmsb4x,0,0,0,0,0,0,0,0,0,1.0108830273816,1.81973005514017,0,0,0,0,1.30101617348772,0,0,0,0
Tnp1,2.867109802613,0.286821641235435,4.51308209289614,5.08459081566514,0.32022516233501,1.54788186241585,2.25613853365589,4.71080235068584,1.92986734362876,2.53401845245543,2.97180979346522,3.84163087146782,2.81804420839331,2.96295213685898,2.93209974595127,2.9688192533531,2.43847849290436,1.72260065039713,3.06959432268592,2.61491271665748
Tnp2,2.92511737816901,0.975615377715527,4.35480458075481,5.23744165356976,0.838786369058158,1.23645736687589,2.20923406310521,4.50757931000656,2.24666009127686,2.61003680035769,2.939158389071,3.50479471963002,2.60692849644947,2.96475411812203,2.86069007241971,2.9521324462574,3.21336025024264,1.62276396453051,3.03898243513658,2.30144391565197
Tomm22,1.15560775660649,1.78707112372404,0.645249013810087,0,1.65682146992818,1.0194742236623,1.32610431867785,0.81019381425588,0.97822063323238,1.13413766666811,1.17955926394395,1.30499391593172,0.976916202674399,1.27236496172269,1.11007738322257,1.03378753041232,1.34710403468975,1.82803993968007,1.30479444491716,1.22375344080511
Tomm7,0,1.10781506799991,0.59530391935867,0,1.17763030779993,1.14233505169168,1.42514792392566,0.75577709779919,0,0.968950864408111,1.17188315581586,1.3219880962453,1.07394218592792,1.16368532371427,1.18734225063685,1.27047741043876,0,1.43014896407599,1.06191735567207,1.44521670711998
Tppp2,0,0,0,0.873652108154587,0,0,0,0,0.84905878664258,0,0,0,0,0,0,0,0,0,0,0
Trim36,0,0,0.765238306101557,0.863493617314761,0,0.823433928137719,0,0,0,0,0,0,0,0,0,0,0,0,0,0
Tsc22d4,0,0,0,0,0.49165574896503,0.978568657273684,0,0,0,0,0,0,0,0,0,0,0,0,0,0
Tsga8,0,0,0.939793692627265,0,0.897693285201796,1.27941722106574,0,0,0,0,0,0,0,0.950537565769727,0.650294839648875,0,0,0,0,1.40707719530948
Tsks,0,0,0,0.953831316156516,0,0.238242303936387,0,0,0,0,0,0,0,0,0,0,0,0,0,0
Tssk1,0,0,1.12619145606259,0.973239400017685,0.852317981928995,1.32041484539104,0,0,0,0,0,0,0,0,0,0.601083083564269,0,0,0,0.969805432206095
Tssk2,0,0,1.36486426967697,1.8491892309878,0.385346303223823,1.28317522736031,0,1.10136926861258,1.11149713436849,0,0.590518374229128,0,0,0,0.683798724114826,0,0,0,0,1.04116879954898
Tssk3,0,0,0.705115023428125,1.08157704237281,0,0,0,0.919807475642865,1.34682250943468,0,0,0,0,0,0,0,0,0,0,0
Tssk6,0,0,0.966927815795174,1.32610431867785,0,0,0,1.17891553818343,1.47288773215412,0,0,0,0,0,0,0,0,0,0,0
Ttc24,0,0,0.379974498536183,0.913905780605806,0,0,0,0.688850660208904,0,0,0,0,0,0,0,0,0,0,0,0
Tuba3a,0,1.78200501088342,0,0,1.67171230177924,1.02664135278868,1.63437681045058,0.633868550528785,0,0.726641747366033,0.862261847683407,1.05017280721666,0.626729067360564,1.16808446197802,1.04265826683396,0,0,1.46976325509011,1.15684247116809,0.896480042877829
Tuba3b,1.35657152187305,2.2291909445114,0.547752830783864,0,2.04966512777954,1.3150636658594,1.93777538716569,0.871933294595353,0.999603487841313,1.19193262020223,1.06140101928724,1.23005328978228,1.09251780126575,1.35700525505957,1.25302114613897,1.06140101928724,1.59966173741042,1.73178924322323,1.52619606691217,1.10894486442311
Tulp2,0,0,0.802664998681499,0.471813369463878,0.473095676469575,1.04159890317008,0,0,0,0,0,0,0,0,0,0,0,0,0,0
Txndc2,0,0,0.844531155515342,1.4229017577619,0,0.440000537955341,0,0.845980304291279,0,0,0,0,0,0,0,0,0,0,0,0
Txndc8,0,0,0.842054366429639,0.743073394036152,0.258409006264765,0.878832647357289,0,0.724993522667448,0,0,0,0,0,0,0,0,0,0,0,1.00027797713494
Txnrd3,0,1.00463064121245,0,0,0.906034101377487,0.40104460672388,0,0,0,0,0,0,0,0,0,0,0,0,0,0
Ubc,0,0.564128569396749,0.899214958175357,1.03820313964366,0.905910282896628,1.17732061644395,0,0.528528683659682,0,0,0.701795646504699,0,0,0,0.666915930901597,0,0,0,0,0
Ube2d2b,0,1.4780592733412,0,0.386527559636125,1.3496720023949,0.796845717499486,0.627058958097295,0,0,0,0,0,0,0,0,0,0.877286294536672,0.864954568072444,0,0
Ube2j1,0,0,0.892867890511505,1.57566959150798,0.346855897049763,0.719294811387693,0,0.966403471935042,0.814526686540041,0,0,0,0,0,0,0,0,0,0,0
Ube2n,0,0,1.07752228833794,1.56880337189902,0,0.897845743197013,0,1.08363895314047,1.39200910563881,0,0,0,0,0,0,0.730202263705372,0,0,0,0.524948618808422
Ubl4b,0,0,1.25265629035187,1.71460230120392,0,0.746153235385894,0,1.42759621827976,1.95030847317447,0.253914194934864,0.671106781801907,1.00302214162678,0,0,0.953831316156516,0.770792615216573,0,0,0,0.698947497250149
Uchl3,0,1.06088625409785,0,0,1.00440010447427,0.7199783816038,0.901047246269662,0,0,0,0.462935178478542,0,0,0,0.651427064060254,0,0,1.02580299716134,0,0.642296195660963
Uqcrb,0,0.765544644329309,0,0,0.722882730383751,0.475659434313069,1.20391049867042,0,0,0.915421199508983,0,0.757186932294328,1.0274931882058,0,0.910514967202665,0,0,1.11178102336305,0,0.752591012318967
Usmg5,0,0.336731247970484,0.815539910872819,0,0.710935401237102,0.877818284233415,0.541962879964571,0,0,0,0.685681864131486,0,0.94181729849043,0,0.953831316156516,0.770792615216573,0,0,0,1.06710973936722
Vasp,0,0,0.518621600127353,0.974101838533099,0,0,0,0.763143737645522,0.935803938348969,0,0,0,0,0,0,0,0,0,0,0
Vdac2,1.06711000614154,1.93641437316898,0.668916780765782,0,1.81688806111419,1.323515670931,1.26672012143665,0.766421743788526,0.982378098378949,1.02796058525018,1.12736128480373,1.25302114613897,0.999392805161007,1.32858723845235,0.993485369362078,1.03378753041232,1.63698242736606,1.58655125966924,1.3045949739026,1.19259144958711
Vdac3,0,1.09987871646529,0,0,1.13608480798073,0.675644728842577,0,0,0,0,0,0,0,0,0,0,0,0,0,0
Wbp11,0,1.02892722190631,0,0,0.986049560973708,0,0,0,0,0,0,0,0,0,0,0,0,0,0,0
Wbscr25,0,0,0.830321211712774,1.24214263251608,0,0,0,0.989902529108121,1.37907970788778,0,0,0,0,0,0,0,0,0,0,0
Ybx1,0,1.44763960385506,0.726331181744425,0,1.40660831837598,1.07668430953148,0.850357457722979,0,0,0,0,0,0,0,0,0,0,0.58588341667188,0,0
Zfand3,0,0,1.05326504912048,1.55976935144025,0.47748846790415,0.892129718583963,0,0.976265690253786,0,0,0,0,0,0,0,0,0,0,0,0.656188148387532
Zfand6,0,0,0.859588065530824,0.6293416167885,0,0.656210417032902,0,0,0,0,0,0,0,0,0,0,0,0,0,0
Zfp992,0,0.882516365554568,0.509210335458865,0,0.641562291714304,0.384477560251277,0.992586924762341,0,0,0,0.769728279487498,0.952593391870277,0,0.86360577608393,0,0.841967958242474,0,1.34668880036939,0,0.842927280201428
Znrf4,0.868854539302645,0,1.47884731414598,1.94383651145616,0.544053638441345,1.33655670515932,0.578981186080665,1.58028387358885,1.75138815081041,0.847434006157685,1.07872201298951,1.04116879954898,0.955904937245075,1.15684247116809,1.10164213893658,1.06140101928724,0,0,1.09886016671398,1.22514749265163
Zpbp,0,0.947268018924661,0,0,1.11434602822685,0.989882818690938,0,0,0,0,0,0,0,0,0,0,0,0,0,0
Zpbp2,0,1.25204602947884,0,0,1.19936526118336,0.642519839415853,0,0,0,0,0,0,0,0,0,0,0,0,0,0
