,unassigned,Uterus_19,Uterus_8,Uterus_5,Uterus_3,Uterus_7,Uterus_6,Uterus_11,Uterus_13,Uterus_9,Uterus_18,Uterus_12,Uterus_1,Uterus_16,Uterus_10,Uterus_17,Uterus_4,Uterus_14,Uterus_2,Uterus_15
1810058I24Rik,0,0,0,0,0,0,0,0,0,0,0,0,0,0,0,0,0,0,0,0
2410006H16Rik,0,0,0,0,0,0,0,0,0,0,0,0,0,0,0,0,0,0,0,0
A2m,0,0,0,0,0.361441718453555,0,0,0,0,0,0,0,0,0,0,0,0,0,0,0
Abca1,0,0,0,0,0,0,0,0,0,0,0,0,0,0,0,0,0,0,0,0
Ackr3,0,0,0,0,0.804853196319169,0,0,0,0,0,0,0,0,0,0,0,0,0,0,0
Acta2,0,0,0,0,0,0,0,0,0,0,0,0,0,4.16549877881112,0,0,0,0,0,2.98247894368837
Actg1,0,0.439761142792078,1.99928879911881,1.50816787066287,1.70471076396642,0,0,1.11048214697748,1.15618312410605,1.71445545205828,1.14455905482982,1.67517041896143,1.54375404263298,1.09092206464733,1.72116564583711,0,0,0,0,0
Actn1,0,0,0,0,0,0,0,0,0,0,0,0,0,1.04958598746329,0,0,0,0,0,0
Adamts1,0,0,0,1.61678674323287,0.643341105555547,0,0,0,0,0,0,0,0,0,0,0,0,0,0,0
Adgre1,0,0,0,0,0,0,0,0,0,0,0,0,0,0,0,0,0,0,0,0
Adh1,0,0.644417314783321,0.500196639190583,2.76935510192168,0.828512805961992,0,0,1.481467015737,0,0,0,0,0,0,0,0,0,0,1.49637569189949,0
Adm,0,0,0,0,0,0,0,0,0,0,0,0,0,0,0,0,0,0,0,0
Aebp1,0,0.245545336703552,0,1.23848300002575,1.49869142789337,0,0,0.981747340563344,1.45260528017258,0,1.97880621526977,0,1.44487111042726,0,0,0,1.46412255026147,0,2.65193566894279,0
Aif1,0,0,0,0,0,0,0.711265566476099,0,0,0,0,0.93608241166429,0,0,0,0,0,0,0,0
Aldh1a2,0,0,0,0,1.65079367446335,0,0,0,0,0,0,0,1.62819833223934,0,0,0,0,0,0,0
Alox5ap,0,0,0,0,0,0,0,0,0,0,0,0.91572693928647,0,0,1.07973624666341,0,0,0,0,0
Angptl2,0,0,0,0,0,0,0,0,0,0,0,0,0,0,0,0,0,0,0,0
Anxa1,0,0,1.58724169810591,0.843612060466516,0.888242407385509,0,0,0,0,0,0,0,0.822840292636009,0,0,0,0,0,0,0
Anxa2,0,0.721302652877402,1.94174118841309,1.7202718422975,1.56890662629706,0,0,1.44314889587216,0,1.41846750010404,0.788685957511816,0.899706202576631,1.49769801514917,0,0,0,0,0,0,0
Anxa5,0,0.488524844824869,0.571086717572973,1.04042409387934,1.21560855795804,0,0.454105511912321,0.973282456744754,0,0,0,0,1.24778964146921,0,0,0,0,0,0,0
Apod,0,0,0,0,0,0,0,0,0,0,0,0,0,0,0,0,0,0,0,0
Apoe,1.01387300956157,0.576224105809253,0.418732584129747,0.858535859907661,0.66374057016733,1.60014421215396,5.22848438719004,0,1.48404795704487,0,2.07614747305181,2.8206935978627,0,0,0,1.55899993194812,1.68774113440622,0,2.31837512396126,0
Aprt,0,0,0,0,0,0,0,0,0,0,0,0,0,0,0,0,0,0,0,0
Aqp1,0,0,0,0,0,1.47301961000291,0,0,0,0,0,0,0,0,0,0,0,0,0,0
Arpc1b,0,0.579520949084362,1.14307099581382,0.836396903189296,0.623110853585649,0,1.06287518050695,0.904592779541542,0,1.14422793866435,0,1.50799497584989,0,0,1.31993453573782,0,0,0,0,0
Arpc3,0,0,0.698141118672065,0,0,0,0,0,0,0.76313568890023,0,1.05529129346955,0,0,1.03798208014986,0,0,0,0,0
Atf3,0,0,0,0.584855653463729,0.593335973155324,0,0,0,0,0,0,0,0,0,0,0,0,0,0,0
Atox1,0,0.52985103546563,0.661689679253644,0,0,0,0,0,0,0,0,1.08677251156324,0,0,1.03798208014986,0,0,0.572754906450137,0,0
Atp1b3,0,0,0.377822680198533,0,0,0,0,0,0,0,0,0,0,0,0,0,0,0,0,0
Atp5j,0,0,1.22434623946413,0.614302056287115,0.53690438321663,0.420392363306187,0,0,0,0,0,0,0,0.33174930883714,0,1.06929466580381,0,1.80059245271916,0,0
AW112010,0,0.579321434785626,0,0,0,0,0,0,0,2.21388969383155,0,0,0,0,0,0,0,0,0,0
Basp1,0,0,0,0,0,0,0,0,1.2724516899557,0,0,0,0,0,0,0,0,0,0,0
Bcl2a1b,0,0,0,0,0,0,0,0,0,0,0,0,0,0,0,0,0,0,0,0
Bdh2,0,0,0,0,0,0,0,0,0,0,0,0,0,0,0,0,0,0,0,0
Bgn,0,0,0,0,0,0,0,0,0,0,0,0,0,0,0,0,0,0,0,0
Bok,0,0,0,0,0,0,0,0,0,0,0,0,0,0,0,0,0,0,0,0
Bst2,0,0.814159730047506,0,0.543379622922472,0.802705974597543,0,0.586290611466286,0.256860335690658,0,0,0,0,0.710987007921205,0,0,0,0,0,0,0
Btg2,0,0,0,0.684909609702855,0.704641024913594,0,0,0,0,0,0,0,0,0,0,0,0,0,0,0
C1qa,0,0,0,0,0,0,2.58875025453621,0,0,0,0,0,0,0,0,0,0,0,0,0
C1qb,0,0,0,0,0,0,2.99474090152923,0,0,0,0,0,0,0,0,0,0,0,0,0
C1qc,0,0,0,0,0,0,2.75660020059872,0,0,0,0,0,0,0,0,0,0,0,0,0
C1qtnf3,0,0,0,0,0,0,0,0,0,0,0,0,0,0,0,0,0,0,0,0
C1s1,0,0,0,0,0,0,0,0,0,0,0,0,0,0,0,0,0,0,0,0
C3,0,0,0.486017589043867,0,0,0,0,0,0,0,2.14315399170231,0,0,0,0,0,0,0,0,0
Cald1,0,0,0,0,0.684468836680702,0,0,0,0,0,0,0,0,1.63937484056282,0,0,0,0,0,1.30598258017527
Calm1,0,0.991676410189127,1.39026053090057,1.21862267329935,1.03828573746036,2.29947451497891,1.88952660854667,1.15233727059533,1.47502690298723,1.79563425187764,1.67016091618485,2.49169677867113,0.973258104397633,1.57657285375749,1.77900339292328,1.97855958774875,1.22156138497065,1.24628482948814,0,1.55133598921576
Calr,0,0.492878645701443,1.05527727499825,0.771447001892811,0.697604973484661,0,0,0.779200175983038,0,0,0,0,0,0,0,0,0,0,0,0
Car2,0,0,1.78191303776625,0,0,0,0,0,0,0.847816623858271,0,0,0,0,0,0,0,0,0,0
Cbr2,0,0,1.47223486098485,0,0,0,0,0,0,0,0,0,0,0,0,0,0,0,0,0
Ccl11,0,0,0,0,1.34303811333088,0,0,0,0,0,0,0,1.10749401381778,0,0,0,0,0,0,0
Ccl12,0,0,0,0,0,0,0,0,0,0,0,0,0,0,0,0,0,0,0,0
Ccl2,0,0,0,1.79099351730036,0.762098372984421,0,0,0,0,0,0,0,0,0,0,0,0,0,0,0
Ccl3,0,0,0,0,0,0,1.54422553895311,0,1.18706764169273,0,0,0,0,0,0,0,0,0,0,0
Ccl4,0,0,0,0,0,0,1.57016341637388,0,0,0,0,0,0,0,0,0,0,0,0,0
Ccl5,0,0,0,0,0,0,0,0,0,1.54019562856022,0,0,0,0,0,0,0,0,0,0
Ccl6,0,0,0,0,0,0,0.711265566476099,0,1.77824918187598,0,0,1.34972581298832,0,0,0,0,0,0,0,0
Ccl7,0,0.55346485030846,0.313139648394718,0.988250790543281,1.23409090854455,0,0,0.256860335690658,0,0,0,0,1.32195372730742,0,0,0,0,0,0,0
Ccl8,0,0,0,0,0,0,0,0,0,0,0,0,0,0,0,0,0,0,0,0
Ccl9,0,0,0,0,0,0,0,0,0,0,0,0.33715859849514,0,0,0,0,0,0,0,0
Ccr2,0,0,0,0,0,0,0,0,0,0,0,0,0,0,0,0,0,0,0,0
Cd14,0,0,0,0,0,0,0,0,0,0,0,1.5870357239449,0,0,0,0,0,0,0,0
Cd164,0,0,0.395768685975174,0.525743822891863,1.3541190798458,0,0,0,0,0,0,0,1.2249908094751,0,0,0,0,0,0,0
Cd200,0,0,0,0,0,0,0,0,0,0,0,0,0,0,0,0,0,0,0,0
Cd24a,0,0,1.67034778996463,0,0,0,0,0,0,0,0,0,0,0,0,0,0,1.19448555469033,0,0
Cd34,0,0,0,1.34148160425976,1.32550325218012,0,0,1.04620655341697,0,0,0,0,1.15928424045117,0,0,0,0,0,0,0
Cd52,0,1.12036014304075,0,0,0,0,1.21560855795804,0,0,2.04368936755059,0,1.6990841306963,0,0,1.75798747286106,0,0,0,0,0
Cd53,0,0,0,0,0,0,0,0,0,0,0,1.14489725993151,0,0,0,0,0,0,0,0
Cd63,0.720655285582649,1.00927415572258,0.684365779228143,2.16440100541154,2.2825156996196,0,1.54422553895311,2.62419991506296,1.99863561358509,0,1.74490076673045,1.04778915649983,2.35562139171949,1.6446153534427,0,1.8065832642662,2.79361132286638,1.19675971699741,2.39702108848535,1.71045211857122
Cd63-ps,0,0,0,1.19139708867122,1.31341743914439,0,0,1.37208086453963,0,0,0,0,1.26779730361612,0,0,0,0,0,0,0
Cd68,0,0,0,0,0,0,1.19402508487933,0,0,0,0,0.8384863891068,0,0,0,0,0,0,0,0
Cd7,0,0,0,0,0,0,0,0,0,1.76209356834918,0,0,0,0,0,0,0,0,0,0
Cd74,0,2.74279728767087,0,0,0,0,4.32771372201898,0,0,0,0,3.81242282561484,0,0,5.73003089875359,0,0,0,0,0
Cd83,0,0,0,0,0,0,0,0,0,0,0,1.2319112414672,0,0,1.5643172073681,0,0,0,0,0
Cd9,0,0,0.902768115510532,0.591726232619129,0,0,0,0,1.35080289079348,0,0,0,0,0,0,1.60627474806444,0,0.829421248604878,0,0
Cdh5,0,0,0,0,0,0,0,0,0,0,0,0,0,0,0,0,0,0,0,0
Cdkn1a,0,0,0,0,0,0,0,0,0,0,0,1.71807240969018,0,0,0,0,0,0,0,0
Cdkn1c,0,0,0,0,0,0,0,0,0,0,0,0,0,0,0,0,0,0,0,0
Cebpd,0,0,0,0,0,0.826478346653216,0,0,0,0,0,0,0,0,0,0,0,0,0,0
Cfh,0,0,0,0,0,0,0,0,0,0,0,0,0,0,0,0,0,0,0,0
Chchd10,0,0,0,0,0,0,0,0,0,0,0,0,0,0,0,0,2.39087504873767,1.21730308964829,1.36377531100867,0
Cldn5,0,0,0,0,0,0,0,0,0,0,0,0,0,0,0,1.79168964364662,0,0,0,0
Cldn7,0,0,1.45380712941127,0,0,0,0,0,0,0,0,0,0,0,0,0,0,0,0,0
Clec2d,0,0,0,0,0,0,0,0,0,0,0,0,0,0,0,0,0,0,0,0
Clec4e,0,0,0,0,0,0,0,0,0,0,0,0,0,0,0,0,0,0,0,0
Clec7a,0,0,0,0,0,0,0,0,0,0,0,0,0,0,0,0,0,0,0,0
Clic1,0,0.2776546964749,1.04593786455231,0.483459883929355,0.546847014097811,0.806210209853095,0,0,0,1.0598938828425,0,1.22395522193031,0,0,0.957080192840601,0.667391527834608,0,0,0,0
Clmp,0,0,0,0,0,0,0,0,0,0,0,0,0,0,0,0,0,0,0,0
Clu,0,0,0,0,0,0,0,0,0,0,0,0,0,0,0,0,0,1.89133563316397,0,0
Cmtm3,0,0,0,0,0,0,0,0,0,0,0,0,0,0,0,0,0,0,0,0
Col1a1,0,1.16792579873079,0.503285212809582,3.55521732679102,3.32064003936251,0,0,3.34595907972383,1.49068465912568,0,1.38019954449217,0,3.24846850742231,0,0,0,1.40392351791443,0,2.06428360643684,0
Col1a2,0,0.492878645701443,0.335859166752053,3.76735695728369,3.01388650579394,0,0,3.01578759667636,1.75893123009767,0,1.74490076673045,0,2.69971554921983,0.604440029452768,0,0,1.51784287001505,0,2.81609809988891,0
Col3a1,0,0.578923207792631,0,3.64857618631363,2.52425492879354,0,0,2.60573879058427,1.48009522571614,0,1.64915672734564,0,2.28805214032602,0,0,0,1.40277389153588,0,1.80059245271916,0
Col4a1,0,0,0,0.755106443744417,0.834073151765113,0,0,0,0,0,0,0,0,0,0,0,0,0,0,0
Col4a2,0,0,0,0,0.587138406540068,0,0,0,0,0,0,0,0,0,0,0,0,0,0,0
Col5a1,0,0,0,1.02225458470383,0.790410950190331,0,0,0,0,0,0,0,0,0,0,0,0,0,0,0
Col6a1,0,0.869386444532862,0.376279039434606,2.55425160844923,2.65527974507237,0,0,2.05327450984166,0,0,0.837757919046121,0,2.58094862681363,0,0,0,0,0,0,0
Col6a2,0,1.26980715985028,0.823592014429066,2.63482984337752,2.77412726124183,0,0,2.58029626643897,0.544860477689675,0,1.04841146528367,0.943735035083698,2.77513339532073,0,0,0,0,0,0,0
Col6a3,0,0,0,2.11069729871055,2.06782320826511,0,0,1.80712986331797,0,0,0,0,1.86152830579269,0,0,0,0,0,0,0
Col6a4,0,0.245545336703552,0,1.10395106124543,1.84601774161371,0,0,1.28101950006805,0,0,0,0,1.78385875246945,0,0,0,0,0,0,0
Coro1a,0,0,0,0,0,0,0,0,0,0.946865755778405,0,0.971278457421252,0,0,0,0,0,0,0,0
Cotl1,0,0,0,0,0,0,0.749170468306643,0,0,1.09478629993486,0,0.917394857645001,0,0,0,0,0,0,0,0
Cox5a,0,0.240682306710713,1.2956264914197,0,0,0,0,0,0,0,0,0,0,0,0,0,0,1.32569105594659,0,0
Cox6c,0,1.02776684737407,1.37743254563556,0.950587406054321,0.911257856370563,0.868641619126706,0,1.14617430658042,1.09618519729788,1.04566374992215,1.37467744407055,0,0.854863936089259,2.24387480794341,0,1.40912207414141,2.10036868054829,1.93727578671286,0,1.40277389153588
Cox7c,0,0.55346485030846,1.65643348298214,0.955859412195442,0.756051105737246,0,0,1.12560178578489,0,0,0,0,0.798093729747234,1.71255842122933,0,0,1.44425921317322,1.68505226323876,0,1.34776321663799
Cpe,0,0,0,0,0,0,0,0,0,0,0,0,0,0.491457469948304,0,0,0,0,0,0
Creg1,0,0,0,0,0,0,0,0,0,0,0.788685957511816,0,0,0,0,0,0,0,0,0
Crem,0,0,0,0,0,0,0,0,0,1.21734316395387,0,0,0,0,0,0,0,0,0,0
Crip1,0,0.342750576472595,1.60370801787243,0.907737252347379,0.619302930265922,0,0,1.07968038094812,0,1.19716972797499,3.87176979826811,1.50757303337002,0,0,2.19955927594802,0,0,0,0,3.44155899459364
Crip2,0,0,0,0,0,0,0,0,0,0,0,0,0,0,0,1.1693248588324,0,0,0,0
Crispld2,0,0,0,0,1.16660362548072,0,0,0,0,0,0,0,1.27337296165237,0,0,0,0,0,0,0
Cryab,0,0,0,0,0,0,0,0,0,0,0,0,0,0,0,0,0,0,0,0
Csf1r,0,0,0,0,0,0,0.725773591277243,0,0,0,0,0,0,0,0,0,0,0,0,0
Csf2rb,0,0,0,0,0,0,0,0,0,0,0,0,0,0,0,0,0,0,0,0
Cst3,0,0.488833315119079,0.234323041505897,0.551215859444834,0.664225014250018,1.35309917801129,2.27034571828027,0,1.35080289079348,0,1.37467744407055,1.82792661880054,0,0,3.10901758925572,1.24156336122496,1.34776321663799,0,1.77225613081261,1.55133598921576
Cstb,0,0,0.632403008212397,0.683582326713881,0.725483314392272,0,0.735487635019515,0.840954991658189,0,0,0,1.41268592368294,0,0,0,0,0,0,0,0
Ctla2a,0,0.4331101405049,0,0,0.533774631027618,1.98749746755122,0,0,0,1.23627876968692,0,0,0,1.32598564712098,0,0,1.42259795582999,0,1.5171781759209,0
Ctsa,0,0,0,0,0,0,0,0,0,0,0,0,0,0,0,0,0,0,0,0
Ctsb,0,0.859532774713621,1.5970765741084,1.51359746444424,1.45411740410695,0,3.22142778458955,1.32559526760293,1.00659656939093,0,1.05120890362864,2.6316533824127,1.39933715103626,0,1.00340404980027,1.18593771829704,1.02009525563337,1.09525313333348,1.34935704428756,0
Ctsc,0,0,0,0,0,0,1.3331784681378,0,0,0,0,1.12987405623935,0,0,0,0,0,0,0,0
Ctsd,0,0,0.73828342248383,0,0,0,1.80358225207216,0,0,0.720063777400779,0,0.94240106097807,0,0,0,0,0,0,0,0
Ctsl,0,0,0.638606610606202,1.05074218432818,0.876108945594041,0.915922148878584,0,0.817921817758499,1.49815773597729,0,0.682926287078118,0,0.892216413587484,0,0,1.24422367537097,1.64264469250814,0,2.31570099460258,0
Ctss,0,0,0,0,0,0,2.3736577521518,0,0,0,0,2.32517951421277,0,0,1.4768410687946,0,0,0,0,0
Ctsz,0,0,0,0,0,0,1.3331784681378,0,0,0,0,1.06572796636677,0,0,0,0,0,0,0,0
Cxcl1,0,0,0,0,0,0,0,0,0,0,0,0,0,0,0,0,0,0,0,0
Cxcl10,0,0,0,0.792944067808957,0.552459295486479,0,0,0,0,0,0,0,0,0,0,0,0,0,0,0
Cxcl12,0,0,0,0.36044268421199,0,0,0,0,0,0,0,0,0,0,0,0,0,0,1.44672032399336,0
Cxcl14,0,0,0,0,0,0,0,0,0,0,0,0,0,0,0,0,0,0,0,0
Cxcl16,0,0,0,0.453042099843579,0,0,0,0,0,0,0,0,0,0,0,0,0,0,0,0
Cxcl2,0,0,0,0,0,0,1.15319514137403,0,2.38703969987216,0,0,1.46246851967699,0,0,0,0,0,0,0,0
Cxcr4,0,0,0,0,0,0,0,0,0,0,0,0,0,0,0,0,0,0,0,0
Cyba,0,0.951837370311894,0.874403422842235,0,0,0,1.35305530903387,0,0.261851614385778,0.987302528849219,0,1.39143645729522,0,0,1.14195761937296,0,0,0,0,0
Cybb,0,0,0,0,0,0,0,0,0,0,0,0.733522764316503,0,0,0,0,0,0,0,0
Cygb,0,0,0,0,0,0,0,0,0,0,0,0,0,0,0,0,0,0,0,0
Cyr61,0,0,0.467989486966724,1.87537232117661,2.00075465790867,0,0,1.69567856573845,0,0,0,0,1.82894002497333,0,0,0,0,0,0,0
Cytip,0,0,0,0,0,0,0,0,0,0,0,0,0,0,0,0,0,0,0,0
Dbi,0,0.518337003185614,1.42425752679582,0.770127319472046,0.721444185815615,0,0,0.31049474521321,0,0,0.682926287078118,0,0,0,0,0,0,0.631791003277274,0,0
Dcn,1.3862363381092,1.41540748257716,0.779166782415873,3.62014344199109,3.71613528340064,0,0,3.38489830404657,2.54289451128333,0.888572283976974,3.90518386023608,0.727971342098833,3.72562485739912,0,0,0,2.38127249748351,0,4.10682019144089,1.30696869938331
Ddit4,0,0,0,0,0,0,0,0,0,0,0,0,0,0,0,0,0,0,0,0
Ddit4l,0,0,0,0,0.930674190173005,0,0,0,0,0,0,0,0.96016774910335,0,0,0,0,0,0,0
Des,0,0,0,0,0.599569223241984,0,0,0,0,0,0,0,0,1.51594824975917,0,0,0,0,0,0
Dio2,0,0,0,0,0.533774631027618,0,0,0,0,0,0,0,0,0,0,0,0,0,0,0
Dkk3,0,0,0,0,0,0,0,0,0,0,0,0,0,0,0,0,0,0,0,0
Dnaja1,0,0,0.674442199904061,0.617731086285572,0.603732505218923,0,0,0,0,0,0,0,0,0,0,0,0,0,0,0
Dnajb1,0,0.518337003185614,0.639727436223012,0.785093058627694,0.753220736279284,0,0,0.816194159377263,0,0,0,0,0,0,0,0,0,0,0,0
Dpep1,0,0,0,0,0,0,0,0,0,0,0,0,0,0,0,0,0,0,0,0
Dpt,0,0,0,1.49034740682466,0.772840233646429,0,0,1.11656257501388,0,0,0,0,0.710987007921205,0,0,0,0,0,1.63941697361428,0
Dusp1,0,0.637208537409265,0.32425673123311,1.25476122627444,1.50769714001616,1.54919569919961,0.87868012561195,0.881787216577474,1.72431883188885,0,1.34671011711726,1.39451729934718,1.32397953449779,0,1.23365432115911,2.08547861050113,0,0,0,0
Dusp2,0,0,0,0,0,0,0,0,0,0,0,0,0,0,0,1.12194216773861,0,0,0,0
Ecscr,0,0,0,0,0,0,0,0,0,0,0,0,0,0,0,1.20016751899306,0,0,0,0
Eef1a1,0.599672335545278,1.14484087539357,1.85974275152563,2.10724649248005,2.55132755087945,1.29236086058971,1.07776223086713,1.93989731243846,0,2.3056302556451,1.6528449238584,1.47247061694074,2.52609483019765,1.50301413529671,1.47812613096782,1.40912207414141,0.949955289321229,1.09927612598116,0,1.30696869938331
Egfl7,0,0,0,0,0,1.20264699803519,0,0,0,0,0,0,0,0,0,1.7636636838004,0,0,0,0
Egr1,0,0.133170508893861,0,1.21324803995204,1.50101497887058,1.28327217488639,0,1.20375330697793,0,0,1.2957233720078,0,1.48329076547135,0,0,0,0,0,1.3055140886665,1.61091774191418
Eln,0,0,0,0,0.538008585676676,0,0,0,0,0,0,0,0,0,0,0,0,0,0,0
Emcn,0,0,0,0,0,1.05080175931071,0,0,0,0,0,0,0,0,0,0,0,0,0,0
Emp1,0,0,0.221651962006078,0.950207927032903,0.761136969774493,0,0,0,0,0,0,0,0,0,0,0,0,0,0,0
Eng,0,0,0,0,0,0,0,0,0,0,0,0,0,0,0,0,0,0,0,0
Errfi1,0,0,0.706010739211663,1.36885957022433,1.12158506634023,0,0,0,0,0,0,0,0.998899060512225,0,0,0,0,0,0,0
Esam,0,0,0,0,0,1.12158697494103,0,0,0,0,0,0,0,0,0,0,0,0,0,0
F3,0,0,0.875788638010447,0,0,0,0,0,0,0,0,0,0,0,0,0,0,0,0,0
Fam213a,0,0,2.11801043513721,0,0,0,0,0,0,0,0,0,0,0,0,0,0,0,0,0
Fbln2,0,0.52985103546563,0,0,1.62226143798335,0,0,0,0,0,0,0,1.55924076708027,0,0,0,0,0,0,0
Fcer1g,0,0.320735312695209,0,0,0,0,2.06564074502224,0,0,1.66298367692277,0,1.91201510510029,0,0,1.27994423700201,0,0,0,0,0
Fcgr3,0,0,0,0,0,0,0,0,0,0,0,0,0,0,0,0,0,0,0,0
Fgl2,0,0,0,0,0,0,0,0,0,0,0,0,0,0,0,1.75987498733427,0,0,0,0
Fn1,0,0,0,0.601384449022582,0.728689458897542,0,0,0,0,0,0,0,0,0,0,0,0,0,0,0
Fos,1.59297823982174,1.26980715985028,1.32805113428744,1.79994715451214,2.49299114561136,1.55420028186432,1.21560855795804,2.64158413405837,1.59857930922765,0.604950516959165,1.67016091618485,1.37257589018695,2.42105473840439,1.52676564205104,1.03798208014986,1.71222737153995,0,0.572754906450137,0,1.73203010113715
Fosb,0,0,0.445301874462268,1.66303237036907,1.70222153191258,0,0,0.980143095446437,0,0,0,0,1.62423508803083,0,0,0,0,0,0,0
Fstl1,0,0,0,1.55064474402336,1.4768410687946,0,0,1.08128020247119,0,0,0,0,1.32601199188213,0,0,0,0,0,0,0
Ftl1,0,2.10266070594605,2.25773771588404,2.70187728314305,2.81512376608823,1.65073316896714,3.50565325524168,2.36414866998755,2.44558240846256,1.70431184069275,1.83307229585123,3.84940252955441,2.87026304328596,1.42976631231317,2.32196227134624,1.7636636838004,2.20061268619439,1.1795493962908,2.4012278485171,1.62344499247949
Ftl1-ps1,0,0.603532990920187,1.23278212811823,1.51242159363489,1.692922415976,0,0,1.27225018337068,0,0,0,2.42744560175199,1.5963152875379,0,0,0,0,0,0,0
Fxyd1,0,0,0,0,0,0,0,0,0,0,0,0,0,0,0,0,0,0,0,0
Fxyd5,0,0.492878645701443,0,0.505044680982436,0,0,0,0,0,1.07909253278163,0,1.11174892171227,0,0,1.26965007686268,0,0,0,0,0
Fxyd6,0,0,0,0,0,0,0,0,0,0,0,0,0,0,0,1.20016751899306,0,0,0,0
G0s2,0,0,0,0,0,0,0,0,0,0,0,0,0,0,0,0,0,0,0,0
Gadd45a,0,0,0.429488652823164,0,0,0,0,0,0,0,0,0,0,0,0,0,0,0,0,0
Gadd45b,0,0,0,0,0,0,0,0,0,0,0,0,0,0,0,0,0,0,0,2.43427678219555
Gadd45g,0,0.813186100685813,0.639278626491274,2.5807443611881,2.92150852334626,1.58799506517337,0,2.91991089535189,0,0,0,0.362162286794143,2.93975378545035,0,0,1.20016751899306,0,0,0,1.62819833223934
Galnt15,0,0,0,0,0,0,0,0,0,0,0,0,0,0,0,0,0,0,0,0
Gapdh,0,0.301866252609461,1.50747335724939,1.11726486726222,1.12039644998159,0,0,0.970615258243904,0,0.952114283212002,0,1.09994764532964,1.04655512221134,0,0,0,0,0.690120291908495,0,0
Gas1,0,0,0,0,0,0,0,0,0,0,0.978598562095473,0,0,0,0,0,0,0,0,0
Gas5,1.13823724823488,0.439761142792078,0.908026196181836,1.11254843066486,1.42536623260781,1.30894651461629,0,1.88436782452296,0,1.12734495791333,1.34671011711726,0,1.47300039542626,1.52676564205104,0,0.667391527834608,1.1867412466333,0.948582237934129,1.31894792363769,0
Gas6,0,0,0,0.759540270585179,0.698141118672065,0,0,0.912758016841922,0,0,1.05120890362864,0,0,0,0,0,0,0,0,0
Gimap6,0,0,0,0,0,0,0,0,0,0,0,0,0,0,0,0,0,0,0,0
Gm10076,0,0.989768502562086,1.25363085909597,1.17856004008291,1.24200590840621,0,0,1.20476359386834,0,0.932172624245915,0,0,1.1867412466333,0,0,0,0,0,0,0
Gm10736,0,1.08852833655506,2.04570423164471,1.99116164325327,2.06455152508222,0,0,1.8999746390329,0,1.68948193242754,1.38019954449217,0.759803455895893,2.02742600816451,0,1.27994423700201,0,0,0.897346173611155,0,0
Gm11361,0,0.722503215921178,1.16660362548072,1.07167541206096,1.27947246630053,0,0,1.0684935237849,0,1.44182167993228,0.837757919046121,0,1.31291896997627,0,0,0,0,0,0,0
Gm14303,0,0.240682306710713,1.25498709155899,1.02306029113701,1.11203269845862,0,0,1.12702022348404,0,1.21223689877825,0,0,1.1116821838593,0,0,0,0,0,0,0
Gm15427,0,0.973259139002052,1.49549555355368,1.73388471495347,2.03669327825725,0,0,1.58950573753035,0,1.99774277914061,0.682926287078118,1.36512294033572,2.05033382236681,0,1.27994423700201,0,0,0,0,0
Gm1821,0,0.892479528047229,0.571086717572973,1.38605085449996,1.42259795582999,0,0,1.27954031922046,0,0,0,1.08841352063006,1.28945809351135,0,0,0,0,0,0,0
Gm2000,0,0.690896135029548,1.66443709556897,1.50187421621612,1.55924076708027,0,0,1.58724208900542,0,1.58051205394207,0.978598562095473,0.947995957683071,1.59783865993652,0,1.11873682289363,0,0,0.737946476814556,0,0
Gm23935,0,0,0,0,0,0,0,1.96564962020936,0,0,0,0,0,0,0,0,0,0,0,0
Gm42418,0,0,0,0,0,0,0,2.08250757968931,0,0,0,0,0,0,0,0,0,0.611230997755746,0,0
Gm5805,0,0.763587054083048,1.10472023426324,0.897824688868417,1.16621596711519,0,0,1.02742745856863,0,1.02215321837009,0,0.907692770248942,1.1151977966698,0,0,0,0,0,0,0
Gm8797,0,0.336286048264824,0.438189266301389,1.3139253125745,1.43394205964701,0,0,1.12560178578489,0,0,0,0,1.25453466785305,0,0,0,0,0,0,0
Gnai2,0,0,0,0,0,0.999791770481829,0,0,0,0,0,0,0,0,0,0,0,0,0,0
Gnas,0,0.38536684788459,0.639727436223012,1.47365373463047,0.95477799635162,0.974130280404111,0,1.10184484671831,0,0,0.945432724992825,0,0.921097054102512,1.1644189582098,0,2.1792539900061,0,0.750584863295069,1.49045684490346,1.62819833223934
Gng11,0,0,0,0,0,0,0,0,0,0,0,0,0,0,0,1.33938749313631,0,0,0,0
Gng12,0,0,1.37207104315594,0.83061658436292,1.19199233927136,0,0,0,0,0,0,0,1.18835175722029,0,0,0,0,0.440932907715725,0,0
Gpnmb,0,0,0,0,0,0,0,0,0,0,0,0,0,0,0,0,0,0,0,0
Gpx1,0,0.973259139002052,2.18938803587735,1.37275643731414,1.60576067847062,1.52606736078868,1.73568573196483,1.71983407856444,1.52418114906906,0,1.60166112586197,1.58678262582858,1.65079367446335,2.68670740212684,1.77129625734699,1.64264469250814,1.67072167672843,0.966144980748862,1.63458414464202,0
Gpx3,0.130554134051131,0.637208537409265,0.467989486966724,1.70596599964353,0.903678043330803,1.38932694666914,0.900727678346448,1.40835370853355,2.02463386172906,0,1.55996376183284,0,0.92157106903628,1.51383152758858,0.994435923895022,1.48329076547135,2.85664647268877,0.942322388159915,3.67448051811349,1.70339192615104
Grina,0,0,0,0,0,0,0,0,0,0,0,0,0,0,0,0,0,0,0,0
Grn,0,0,0,0,0,0,1.41787924654186,0,0,0,0,0,0,0,0,0,0,0,0,0
Gsn,0,0.52985103546563,0.216461991226601,2.32933184742235,1.75924531120032,0,0,1.59723644763641,1.41553253636325,0,0,0,1.73203010113715,0,0,0,0,0,1.75704598152655,0
Gstm1,0,0,0,0,0,0,0,0,0,0,0,0,0,0,0,0,0,1.45370438931554,0,0
Gsto1,0,0.240682306710713,1.48954034706338,0,0,0,0,0,0,0,0,0,0,0,0,0,0,1.14325660276823,0,0
Gstt1,0,0,0,0,0,0,0,0,0,0,0,0,0,0,0,0,0,0,0,0
Gstt2,0,0,0,0,0,0,0,0,0,0,0,0,0,0,0,0,0,0,0,0
H1f0,0,0,0,0,0,0,0,0,0,0,0,0,0,0,0,0,0,0,0,0
H2-Aa,0,0,0,0,0,0,2.82151677378987,0,0,0,0,1.7516217729182,0,0,4.35162108643167,0,0,0,0,0
H2-Ab1,0,0.63795278657555,0,0,0,0,3.09562595366825,0,0,0,0,2.01412158378527,0,0,4.92312913548676,0,0,0,0,0
H2-D1,0,1.02687581198094,1.41494716778095,0.592390052006996,0.630652977091433,1.6487571261685,2.1060525042767,0,1.50836892282509,2.60175947025244,0.978598562095473,2.46785208523634,0,0,1.85831710406155,1.60166112586197,0,0.777918148650103,0,0
H2-DMa,0,0,0,0,0,0,0,0,0,0,0,0,0,0,0,0,0,0,0,0
H2-DMb1,0,0,0,0,0,0,0,0,0,0,0,0,0,0,0,0,0,0,0,0
H2-Eb1,0,0,0,0,0,0,2.44986020767898,0,0,0,0,1.08743093658119,0,0,4.24477852811717,0,0,0,0,0
H2-K1,0,1.09778583894126,0.880259074533133,0,0.631964576012691,1.65656282892637,1.89546531780015,0,1.5609583114582,2.08372482460748,1.14455905482982,1.5435215978744,0,0,1.51106258989926,1.1693248588324,0,1.17537758007182,0,0
H2-Q6,0,0,0,0,0,0,0,0,0,0,0,0,0,0,0,0,0,0,0,0
H2-Q7,0,0,0,0,0,0,0,0,0,0,0,0,0,0,0,0,0,0,0,0
H2afz,0,0,1.55913754204304,0.501836110812603,0.461057788517911,0,0,0,0,0,0,1.027747871132,0,0.433615311100635,1.44671017389926,0,0,1.34688281578598,0,0
Has1,0,0,0,0.692062628191851,0,0,0,0,0,0,0,0,0,0,0,0,0,0,0,0
Hba-a1,0,0,0,0,0,0,0,0,0,0,0,0,0,0,0,0,0,0,0,0
Hba-a2,0,0,0,0,0,0,0,0,0,0,0,0,0,0,0,0,0,0,0,0
Hbb-bs,0,0,0,0,0,0,0,0,0,0,0,0,0,0,0,0,0,0,0,0
Hes1,0,0,0,0,0.558359773097528,2.23942292458244,0,1.21307672050421,0,0,1.3626942867472,0,0,0,0,2.67526767501907,1.39933715103626,0,1.45727692951567,2.3736577521518
Hexa,0,0,0,0,0,0,0,0,0,0,0,0,0,0,0,0,0,0,0,0
Hexb,0,0,0,0,0,0,0,0,0,0,0,0,0,0,0,0,0,0,0,0
Hk2,0,0,0,1.26124574492376,0,0,0,0,0,0,0,0,0,0,0,0,0,0,0,0
Hmox1,0,0,0,0,0,0,0,0,0,0,0,0,0,0,0,0,0,0,0,0
Hoxa10,0,0,0,0,0,0,0,0,0,0,0,0,0,0,0,0,0,0,0,0
Hoxa11,0,0,0,0,0,0,0,0,0,0,0,0,0,0,0,0,0,0,0,0
Hpgd,0,0,0,0,0,0,0,0,0,0,0.682926287078118,0,0,0,0,0,0,0,0,0
Hsd11b2,0,0,0,0,1.55924076708027,0,0,0,0,0,0,0,1.49769801514917,0,0,0,0,0,0,0
Hsp25-ps1,0,0,0,0,0,0,0,0,0,0,0,0,0,0,0,0,0,0,0,0
Hsp90aa1,0,0,0.769880012324361,0.67651559157377,0.86058956855591,1.40912439026392,0,0.839227333276953,0,0,0,0,0,1.1050131722034,0,0,0,1.04252941737868,0,0
Hsp90b1,0,0.806615331506482,1.2005793906621,0.870592792197545,0.780849335503581,0,0,0,0,0,0,0,0,0,0,0,0,0,0,0
Hspa1a,0,0.492878645701443,0,1.00825610026738,1.50101497887058,2.25571417589211,1.58051051388448,1.74253935728861,0,0,0,0,1.58200090901023,1.5435357551616,0,0,0,0,0,1.55133598921576
Hspa1b,0,0,0,0,0,0,0,0,0,0,0,0,0,0,0,0,0,0,0,0
Hspa5,0,1.05882143261657,1.25047839039619,1.49773000398286,1.39308333052525,0,0,1.24513002229941,0,0.857015059449657,0,1.23497311629521,1.29912395468178,0,0.852838020430089,0,0,0,0,0
Hspb1,0,0,0.599569223241984,0,0,3.00301191375866,0,0.588972842815668,0,0,1.4375651605675,0,0,1.36848932095462,0,0,0,0,0,0
Hspe1,0,0,1.14537922582246,0.478542717650302,0.579229200038816,0,0,0,0,0,0,0,0,0,0,0,0,1.47079695030391,0,0
Htra1,0,0,0,0.559042460245553,1.4377670245851,0,0,0.800045597872131,0,0,0,0,1.56504537251051,0,0,0,0,0,0,0
Htra3,0,0,0,0,0,0,0,0,0,0,0,0,0,0,0,0,0,0,0,0
Icam1,0,0,0,0,0,0,0,0,0,0,0,0,0,0,0,0,0,0,0,0
Id1,0,0,0,0,0,0.829819572834319,0,0,0,0,0,0,0,0,0,0,0,0,0,0
Id2,0,0,0,0,0,0,0,0,0,1.05444608151989,0,0,0,0,0,0,0,0.67466430897064,0,0
Id3,0,0,0,0,0,1.76747303625626,0,0.730209418960421,0,0,0,0,0,0,0,0.667391527834608,0,0.755422407784969,0,1.67918351947973
Ier2,0,0.638152300874286,0.593335973155324,0.699144754765152,1.13167500994047,0,0,0,0,0,0,0,1.07710590238158,0,0,0,0,0,0,0
Ier3,0,0,1.14792213674504,0,0,2.61299028380543,0.751345831347268,0,0,0,0,0.727971342098833,0,0,0,0,0,0,0,0
Ifi27l2a,0,0.546813848021282,0,0.58240361947187,0,0,1.33420902375649,0,0,0,0.619302930265922,1.78437959840755,0,0,0,0,0,0,0,0
Ifi30,0,0,0,0,0,0,0,0,0,0,0,0,0,0,0,0,0,0,0,0
Ifitm1,0,0,0,0,0,0,0,0,0,0,0,0,0,0,0,0,0,1.16942108514395,0,0
Ifitm3,1.70246038404528,1.08852833655506,1.5970765741084,1.40951020675163,1.24734270951846,3.15488529014218,1.86045650656647,1.26117127402847,1.22424256394545,0,1.9671690438669,2.71294088003238,1.25227773631172,1.35362464664302,2.10747909685699,2.69112876925001,1.64589358475897,3.54932662444531,1.64916390369646,1.7467569309516
Ifngr1,0,0,0,0,0,0,0,0,0,1.2034333000541,0,0,0,0,0,0,0,0,0,0
Ifrd1,0,0.882182107212705,0.698141118672065,1.0818833463707,0.853849741672194,0,0,0,0,0,0,1.39143645729522,0.866812465210984,0,0,0,0,0,0,0
Igf1,0,0,0,0.845228991272462,1.1244485786863,0,0,0,0,0,0.945432724992825,0,0.980751820324139,0,0,0,0,0,0,0
Igfbp3,0,0,0,0,0,0,0,0,0,0,0,0,0,0,0,0,0,0,0,0
Igfbp4,0,0,0,0,0.67431719699028,0,0,0,0,0,1.14455905482982,0,0,0,0,0,1.30303372815006,0,0,0
Igfbp5,0,0,0,0,0,0,0,0,0,0,0,0,0,0,0,0,0,0,0,0
Igfbp6,0,0.776190813541461,0.396535943580452,1.56035515868579,1.20596105055167,0,0,1.53440224548851,0,0,2.54230636289353,0,1.20679353054155,0,0,0,0,0,0,0
Igfbp7,0.895265803395191,0.25219633899073,0,1.74846490894127,2.50531529676846,3.69283075440149,0,2.20565451584017,1.64426736369878,0,1.66069143521879,0,2.62217583118625,1.51383152758858,0,0,2.93928815635423,0.91033234534991,2.1264763449813,3.37707858583329
Igha,0,7.5362770919115,0.971667740389004,0.940710326636054,0.937501726787805,0,0,0.980143095446437,0,0.593971513509193,0,0,0.998899060512225,0,0,0,0,0,0,0
Igkc,0.108332455213518,7.82057602409404,1.56141195747656,1.39233154509378,1.37394474921446,0,0,1.39619172924654,0,1.37660530394729,0,1.56233255941145,1.46223522946492,0,0,0,0,0,0,0
Il1b,0,0,0,0,0,0,0,0,0,0,0,0.882515221613867,0,0,1.66568981519177,0,0,0,0,0
Il1rn,0,0,0,0,0,0,0,0,1.59631887807568,0,0,0,0,0,0,0,0,0,0,0
Il2rb,0,0,0,0,0,0,0,0,0,1.33369885940051,0,0,0,0,0,0,0,0,0,0
Il2rg,0,0.240682306710713,0,0,0,0,0,0,0,0,0,0,0,0,0,0,0,0,0,0
Inmt,0,0,0,0,0,0,0,0,0,0,0,0,0,0,0,0,0,0,0,0
Irf8,0,0,0,0,0,0,0,0,0,1.57717075903974,0,0,0,0,0,0,0,0,0,0
Isg15,0,0,0,0,0,0,0,0,0,0,0,0,0,0,0,0,0,0,0,0
Jun,0,0.638152300874286,0.681901849034301,0.967460382800045,2.06224136988988,1.22072995669952,0.770207778985818,0.928196534258567,0,0,0,0,1.87123798888283,0,0,1.18593771829704,0,0,0,0
Junb,0,0,0.410144558653221,0.828350510205222,0.886487877805177,1.81272070549146,1.07058830318428,0,0.646137512461136,1.22674466593534,0,1.13070193912623,0.776823645185702,0,1.04593786455231,1.70779691690213,0,0,0,1.78874401061607
Kcnk2,0,0,0,0,0,0,0,0,0,0,0,0,0,0,0,0,0,0,0,0
Kctd12,0,0,0,0,0,0,0,0,0,0,0,0,0,0,0,0,0,0,0,0
Klf2,0,0,0,0,0,0,0,0,0,0,0,0,0,0,0,0,0,0,0,0
Klf4,0,0,0.485182343245043,0.769227612242884,1.27618040913532,0,0,0,0,0,0,0,1.06800429226151,0,0,0.667391527834608,0,0,0,0
Klf6,0,0,0.779838911673399,0.758585862912522,0.736683176438911,0,0,0,0,0,0,0,0,0,0,0,0,0,0,0
Klf9,0,0,0,0,0.614091860381401,0,0,0,0,0,0,0,0,0,0,0,0,0,0,0
Klra4,0,0,0,0,0,0,0,0,0,1.01244739932277,0,0,0,0,0,0,0,0,0,0
Klra8,0,0,0,0,0,0,0,0,0,0.986223438774161,0,0,0,0,0,0,0,0,0,0
Krt18,0,0,1.34335201580037,0,0,0,0,0,0,0,0,0,0,0,0,0,0,0.535075123485926,0,0
Krt19,0,0,2.12681660171058,0,0,0,0,0,0,0,1.37467744407055,0,0,0,0,0,0,0.251228916146772,0,0
Krt7,0,0,1.45660477670589,0,0,0,0,0,0,0,0,0,0,0,0,0,0,0,0,0
Krt8,0,0.240682306710713,1.99775973112069,0,0,0,0,0,0,0,1.36053957648133,0,0,0,0,0,0,0,0,0
Laptm4a,0,0.320735312695209,0.37127381365153,1.3735788211306,1.97716336834649,0,0,1.52340156403911,0,0,1.80758610544022,0,1.82688177625331,0,0,1.09309230678775,1.31192324295065,0.720065300099502,1.58949945126234,1.09106687936608
Laptm5,0,0,0,0,0,0,0.94493296889128,0,0,0,0,1.14911614302558,0,0,1.07973624666341,0,0,0,0,0
Lbh,0,0,0,0,0,0,0,0,0,0,0,0,0,0,0,0,0,0,0,0
Lcn2,0,0,1.94878051598905,0,0,0,0,0,0,0,0,0,0,0,0,0,0,2.13863228356439,0,0
Lcp1,0,0,0,0,0,0,0,0,0,0,0,0,0,0,0,0,0,0,0,0
Ldha,0,0,1.41202814127936,0.556188497670911,0.485567480929394,0,0,0,0,0,0,1.05059755562029,0,0,0,0,0,0,0,0
Ldhb,0,0,0,0,0,0,0,0,0,0,0,0,0,0,0,0,0,1.45389496568586,0,0
Lgals1,1.50970349979969,1.5071788644302,1.24244879045587,2.78655943132755,2.71706009645194,0,1.70515088216978,2.98636594460861,1.73252489779856,2.02703893176,1.5970765741084,1.56196130656595,2.67526767501907,2.52531240944153,1.13899973518233,1.15775562547608,2.75293170725759,0,2.41531285871511,1.72296581346958
Lgals3,0,0.25219633899073,0.301083105868456,0.334930995437831,0.633281729402002,0,1.37467744407055,0,0,0,1.14455905482982,2.78091319645978,0,0,1.55707618059212,0,0,0,0,0
Lgmn,0,0,0,0,0,0,1.40277389153588,0,0,0,0,1.55063934782844,0,0,0,0,0,0,0,0
Lilr4b,0,0,0,0,0,0,0,0,1.11171972272781,0,0,1.27962812717617,0,0,0,0,0,0,0,0
Lilrb4a,0,0,0,0,0,0,0,0,0,0,0,1.54851902575384,0,0,0,0,0,0,0,0
Lmo4,0,0,0,0,0,0,0,0,0,0,0,0,0,0,0,0,0,0,0,0
Lox,0,0,0,0.534946550477229,0.614091860381401,0,0,0,0,0,0,0,0,0,0,0,0,0,0,0
Lpl,0,0,0,0,0,0,0,0,0,0,0,0,0,0,0,0,0,0,0,0
Lrg1,0,0,0,0,0,0,0,0,0,0,0,0,0,0,0,0,0,0,0,0
Lsp1,0,0,0,0.859460801544116,0.872069469669821,0,0,0.807478534872153,0,0,0,0,0.704914534003759,1.67755224926289,1.4768410687946,0,1.82688177625331,0,1.43155962180334,0
Lst1,0,0,0,0,0,0,0,0,0,0,0,0,0,0,0,0,0,0,0,0
Ltbp4,0,0,0,0.674819004796121,0.698678104660558,0,0,0,0,0,0,0,0,0,0,1.12194216773861,0,0,0,0
Ltf,0,0,0.857512483131721,0,0,0,0,0,0,0,0,0,0,0,0,0,0,2.42301531311808,0,0
Lum,0,0.518337003185614,0,2.68295442071834,1.21772750432995,0,0,1.46958996119868,0,0,0.978598562095473,0,1.05779727457162,0,0,0,0,0,1.58349439462686,0
Ly6a,0,1.52444610693821,0.893994439194854,0.643147615257265,0,1.36702947131584,0,0,0,0,0,0,0,0,0,0,0,0,0,0
Ly6c1,0,0,0,0,0,1.16394963466149,0,0,0,0,0,0,0,0,0,0,0,0,0,0
Ly6c2,0,0.755449969254787,0,0,0,0,0,0,0,0,0,1.26796317003755,0,0,0,0,0,0,0,0
Ly6e,0.47896010537131,1.48307465687311,0.785088467732032,0,0,2.21766209772474,1.65079367446335,0,0,1.15585094756254,1.3626942867472,2.0161349283533,0,0,1.24067926986653,1.1693248588324,0,1.1795493962908,0,0
Lyz2,0,0.523200033178452,0,0,0,0,4.0422785050448,0,0,0,0,4.31773947308782,0,0,1.1693248588324,0,0,0,0,0
Maf,0,0,0,0.488594021253983,0.787311508605954,0,0,0,0,0,0,0,0,0,0,0,0,0,0,0
Mafb,0,0,0,0,0,0,0,0,0,0,0,0,0,0,0,0,0,0,0,0
Malat1,0,0.523200033178452,0,0,0.572876052419459,0,0,0,0,0,0,0,0,0,0,0,0,0,0,0
Marc2,0,0,0,0,0,0,0,0,0,0,0,0,0,0,0,0,0,0,0,0
Marcks,0,0,0,0,0,0,0,0,0,0,0,0,0,0,0,0,0,0,0,0
Marcksl1,0,0,0,0,0,0,0,0,0,0,0,0,0,0,0,0,0,0,0,0
Matn2,0,0,0,0.498784797315941,0,0,0,0,0,0,0,0,0,0,0,0,0,0,0,0
Mcl1,0,0,0,0,0,0,0,0,0,0,0,0,0,0,0,0,0,0,0,0
Mdk,0,0,0,0,0,0,0,0,0,0,0,0,0,0,0,0,1.69813921293127,0,1.71400880182295,0
Mettl7a1,0,0,0,0,0.624818571158127,0,0,0,0,0,0,0,0,0,0,0,0,0,0,0
Mfap2,0,0,0,0,0,0,0,0,0,0,0,0,0,0,0,0,0,0,0,0
Mfap4,0,0,0,0,0.648840108879455,0,0,0,0,0,0,0,0,0,0,0,0,0,0,0
Mfap5,0,0.967815339545915,0.30441016877816,0.951346155353938,1.6140295394835,0,0,1.25183168261879,0,0,0,0,1.62502603269045,0,0,0,0,0,0,0
Mfge8,0,0,0,0,0.314634722794488,0,0,0,0,0,0,0,0,0,0,0,0,0,0,0
Mgp,0.660979953152727,0,0,1.10299953888858,0,1.9981401041203,0,0,2.38611179386142,0,2.07247884423169,0,0,1.40465102504222,0,1.06929466580381,2.57939536724791,0,4.93255104592427,1.7086809630056
Mif,0,0.439761142792078,1.07891282141476,0.519118890332561,0.603732505218923,0,0,0,0,0,0.945432724992825,0,0,0,0,0,1.61169445119514,1.54849611424131,1.3796569129066,0
Mmp11,0,0,0,0,0,0,0,0,0,0,0,0,0,0,0,0,1.54706114618104,0,1.75471898534997,0
Mmp14,0,0,0,0.598391383753595,0.637936029017914,0,0,0,0.647291247647905,0,0,0,0,0,0,0,1.82209949024054,0,2.44170018058955,0
Mmp2,0,0,0,0,0,0,0,0,0,0,0,0,0,0,0,0,1.41319419157512,0,1.77321600427823,0
Mmp3,0,0,0,0,0,0,0,0,0,0,0,0,0,0,0,0,0,0,0,0
Mpeg1,0,0,0,0,0,0,0,0,0,0,0,1.0623035513228,0,0,0,0,0,0,0,0
Ms4a4b,0,0,0,0,0,0,0,0,0,1.26488119395529,0,0,0,0,0,0,0,0,0,0
Ms4a4c,0,0,0,0,0,0,0,0,0,0,0,1.05578401074867,0,0,0,0,0,0,0,0
Ms4a4d,0,0,0,0,0,0,0,0,0,0,0,0,0,0,0,0,0,0,0,0
Ms4a6c,0,0,0,0,0,0,0.829275217747266,0,0,0,0,1.14642800373581,0,0,0,0,0,0,0,0
Ms4a7,0,0,0,0,0,0,1.21560855795804,0,0,0,0,0,0,0,0,0,0,0,0,0
mt-Co1,2.71178738321104,1.80478004867782,2.65704641958033,2.24483566169437,2.50531529676846,1.98748665917722,1.68430648237903,2.95847841439456,1.61271027352142,2.3510820782999,2.04810502031695,1.88317305381019,2.50423336427123,2.50414335595276,1.61715461855328,2.34255536650356,1.85193224686619,2.3638492038443,1.58799506517337,1.83722574688749
mt-Rnr1,2.51313350829736,0,0.503769123772586,0,0,2.0602245717579,1.08304314163526,0.817921817758499,2.23033159149826,0.794408922280648,0,0,0,1.53934971724685,0,2.13747865444116,1.82688177625331,2.4759830532822,1.75705050438105,2.38127249748351
mt-Rnr2,3.28402796752956,1.12963947310642,0.960942867685156,1.35519027150229,1.32856196852893,4.09340513349763,2.90401012515643,3.43070894901348,4.35711856313074,2.06157968084045,2.14315399170231,1.79021682713135,1.60781913416314,2.2809479834407,2.38222852528932,3.70956406527383,4.50604634998531,2.58705542119411,3.80314203744272,3.80652544346468
Mt1,0,0.971733708879706,0.756683033818351,1.07503359872735,0.398079474975861,0,0.541188918713501,0,0,0,0,0,0,0,0,0,0,2.15930666618891,0,0
Mt2,0,0,0,0,0,0,0,0,0,0,0,0,0,0,0,0,0,0.925659944312681,0,0
Myh11,0,0,0,0,0,0,0,0,0,0,0,0,0,1.76486708461794,0,0,0,0,0,0
Myl12a,0,0.691640384195833,0.921413008029366,1.15065760177448,1.24555837489749,0,0,1.17341370830157,0,0.880034488231003,0.837757919046121,0.750095196092986,1.23278212811823,0,0,1.15775562547608,0,0.589955862642134,0,0
Myl6,0,0.849235353879096,1.16466804480558,1.43414433713555,1.53114152143235,0,0,1.64833723096602,1.26918652381938,1.29408907879193,1.62029307171464,0,1.39705604933699,2.41055780991239,0,0,1.03134815338699,0.165800873871096,0,1.73203010113715
Myl9,0,0,0,0.446012416543553,0.592566045447597,0,0,0,0,0,0,0,0,2.89440965643083,0,0,0,0,0,2.1345316214471
Mylk,0,0,0,0,0,0,0,0,0,0,0,0,0,3.65698964136018,0,0,0,0,0,0
Nbl1,0,0,0,0.375863380641296,0,0,0,0,0,0,1.34671011711726,0,0,0,0,0,2.16342718728235,0,2.15437240707097,0
Ndufa4,0,1.09431820423802,1.55149481339544,0.821161447484214,0.736084909797552,0,0,1.18116094808349,0,0,0.837757919046121,0,0,1.46164937120004,0,0,0,1.57141354267059,0,0
Nedd4,0,0,0,0.518230496188508,0.657033065647434,0,0,0,0,0,0,0,0,0,0,0,0,0,0,0
Nfkbia,0,0,1.37798499099976,1.90514054842112,1.40048071380335,2.34152389242006,1.4603531759919,1.37593760582681,1.01444224800595,0.285454203334504,0,1.18513762834884,1.24778964146921,0,1.28563452384567,1.45785192418116,0,0,0,1.33731094901045
Nkd2,0,0,0,0,0,0,0,0,0,0,0,0,0,0,0,0,0,0,0,0
Nkg7,0,0,0,0,0,0,0,0,0,2.02786365119574,0,0,0,0,0,0,0,0,0,0
Npc2,0,0.690896135029548,0,0,0.532068946039844,0,1.25589297972804,0,0,0,0,1.70845307518484,0,0,1.29330598241397,0,1.03134815338699,0,1.50838066899314,0
Nppc,0,0,0,0,0.77119279535946,0,0,0,0,0,0,0,0,0,0,0,0,0,0,0
Nr2f2,0,0,0,0,0,0,0,0,0,0,0,0,0,0,0,0,0,0,0,0
Nr4a1,0,0,0,0.532175778334628,0,0,0,0,0,0,0,0,0,0,0,0,0,0,0,0
Nrep,0,0,0,0,0,0,0,0,0,0,0,0,0,0,0,0,0,0,0,0
Nupr1,0,0,0.388175428917178,0,0,0,0,0,0,0,0,0,0,0,0,0,0,0,0,0
Ogn,0,0,0,1.22223678132493,1.42536623260781,0,0,1.06689370226184,0,0,0.682926287078118,0,1.32397953449779,0,0,0,0,0,0,0
Olfml3,0,0,0,0.983592967651654,0.481112252933495,0,0,0,0,0,0,0,0,0,0,0,0,0,0,0
Osr2,0,0,0,0.413024381366882,0,0,0,0,0,0,0,0,0,0,0,0,0,0,0,0
P2ry14,0,0,0,0,1.3014016083876,0,0,0,0,0,0,0,1.2319112414672,0,0,0,0,0,0,0
Pabpc1,0,0.690896135029548,1.14537922582246,1.28089557785826,1.22113413617359,0,0,1.14649738087748,1.06598558365524,1.60859296458473,0.945432724992825,1.14642800373581,1.18754592540842,0.33174930883714,1.0218549977648,0.667391527834608,0,0,0,0
Pamr1,0,0,0,0,0,0,0,0,0,0,0,0,0,0,0,0,0,0,0,0
Pcp4,0,0,0,0,0,0,0,0,0,0,0,0,0,2.87145971374608,0,0,0,0,0,0
Pdlim1,0,0,0,0,0,0,0,0,0,0,0,0,0,0,0,0,0,0.244400563469477,0,0
Pdlim3,0,0,0,0,0,0,0,0,0,0,0,0,0,1.49969877293345,0,0,0,0,0,0
Pf4,0,0,0,0,0,0,0,0,0,0,0,0,0,0,0,0,0,0,0,0
Pfn1,0,0,1.64156487762255,1.02889551441581,0.795983280638735,0,1.36594012386353,1.21689790694452,0,1.88769792735663,0,1.4702057304672,0.748551299386734,1.50160830150001,1.18273505766693,0,0,0.88365381907957,0,0
Phlda1,0,0,1.9222640375889,0.836493870239941,0.736084909797552,0,0,0,0,0,0,0,0.848815682256359,0,0,0,0,0,0,0
Pim1,0,1.07769585296613,0.415892620313003,1.03631713474678,0.973258104397633,0,0,0,0.261851614385778,0,0,1.22715101457934,0,0,1.09039348245303,0,0,0,0,0
Pla2g7,0,0,0,0,0,0,0,0,0.235495240433372,0,0,0,0,0,0,0,0,0,0,0
Plac8,0,0,0,0,0,0,0,0,0,0,0,1.33876593962109,0,0,0,0,0,0,0,0
Plbd1,0,0,0,0,0,0,0,0,0,0,0,0,0,0,1.04593786455231,0,0,0,0,0
Plek,0,0,0,0,0,0,0,0,0,0,0,0.889064917861338,0,0,0,0,0,0,0,0
Plin2,0,0,0,0,0,0,0.454105511912321,0,0,0,0,1.13318138073096,0,0,0,0,0,0,0,0
Plk2,0,0,0,0.525972496738722,0.508307885255934,0,0,0,0,0,0,0,0,0,0,0,0,0,0,0
Plpp3,0,0,0,0.833494572581222,0.624818571158127,0,0,0,0,0,0,0,0,0,0,0,0,0,0,0
Pltp,0,0,0,0,0,0,0.960684350710891,0,0,0,0,0,0,0,0,0,0,0,0,0
Plvap,0,0,0,0,0,1.34304356830171,0,0,0,0,0,0,0,0,0,0,0,0,0,0
Postn,0,0,0,0,0,0,0,0,0,0,0,0,0,0,0,0,0,0,0,0
Ppia,0,0.579520949084362,2.36250892589635,1.4440643679948,1.41729178211844,0,0.908486411773773,1.19161523855766,0,1.58499720396834,0.89088767510063,1.42360971346951,1.34147095501442,1.39894127694729,1.07318542121429,0,0,1.48158134560483,0,0
Prdx1,0,0.671827847363364,1.62305026265526,1.24823844601322,0.993049681343023,0,1.21560855795804,0.898727534474093,0,0,0.835039593752954,1.14911614302558,1.01659463516365,0.433615311100635,0,0.822464959952377,0,1.86798866512302,0,0
Prelp,0,0,0,0,0,0,0,0,0,0,0,0,0,0,0,0,0,0,0,0
Prss23,0,0,0,2.08621526762622,1.72875470952382,0,0,1.24600665842009,0,0,0,0,1.5151228114057,0,0,0,0,0,1.39769787750471,0
Psap,0,0,0,0.619856608306534,0.648609076049347,0,1.7086809630056,0,0,0,0,2.30388703983668,0,0,1.61091774191418,0,0,0,0,0
Psma7,0,0.523200033178452,0.901860077512341,0,0,0,0,0,0,0,0.837757919046121,0,0,0,0,0,0,1.01123217243479,0,0
Psmb8,0,0,0,0,0,0,0,0,0,0,0,0,0,0,0,0,0,0,0,0
Ptms,0.114095352788042,0,0,0,0,0,0,0,0,0,0,0,0,0,0,0,0,0,0,0
Ptpn18,0,0,0,0,0,0,0,0,0,0,0,0,0,0,0,0,0,0,0,0
Ptprb,0,0,0,0,0,0,0,0,0,0,0,0,0,0,0,0,0,0,0,0
Ptprc,0,0,0,0,0,0,0,0,0,0,0,0,0,0,0,0,0,0,0,0
Rac2,0,0,0,0,0,0,0,0,0,1.03506168133763,0,0,0,0,0,0,0,0,0,0
Raly,0,0.657021074241734,0.653496169959688,1.5368366384736,1.71000894615515,0,0,1.47115542519411,0,0,0.835039593752954,0,1.64915672734564,0,0,0,0,0,0,0
Ramp1,0,0,0,0,0,0,0,0,0,0,0,0,0,0,0,0,0,0,0,0
Ramp2,0,0,0,0,1.15017576948154,0.768388345699813,0,0,0,0,0,0,1.10749401381778,0,0,0,0,0,0,0
Ramp3,0,0,0,0,1.35093313409988,0,0,1.03454891555941,0,0,0,0,1.46160729421833,0,0,0,0,0,0,0
Rarres2,0,0.439761142792078,0,0.776057938803239,0.798799765185484,0,0,0.962607315213396,0,0,2.00969248466202,0,0,0,0,0,0,0,1.41793078136514,0
Rbp1,0,0,0,0.416237595467706,0,0,0,0,0,0,0,0,0,0,0,0,0,0.825516710983361,1.55563823122822,0
Rbp4,0,0,0,0,0,0,0,0,0,0,0,0,0,0,0,0,0,0,0,0
Rcn3,0,0.240682306710713,0,1.10543460267638,0.888242407385509,0,0,0.31049474521321,0,0,0,0,0.985632814112241,0,0,0,0,0,0,0
Retnlg,0,0,0,0,0,0,0,0,2.43597945762407,0,0,0,0,0,0,0,0,0,0,0
Rgcc,0,0,0,0,0,0,0,0,0,0,0,0,0,0,0,0,0,0,0,0
Rgs1,0,0,0,0,0,0,0,0,0,1.31743983506311,0,0,0,0,0.852838020430089,0,0,0,0,0
Rgs16,0,0,0,0,0,0,0,0,0,0,0,0,0,0,0,0,0,0,0,0
Rgs2,0,0,0,0,0,0,0,0,0,1.3536858134365,0,0,0,0,0,0,0,0,0,0
Rhob,0,0,0,0,0.443582271427707,0,0,0,0,0,0,0,0,0,0,0,0,0,0,0
Rn7sk,0,0,0,0,0,0,0,0,0,0,0,0,0,0,0,0,0,0,0,0
Rnase4,0,0,0,0.928054126232324,1.22844069708952,0,0,1.09482452345518,0,0,0.835039593752954,0,1.13973769478209,0,0,0,1.67748354555554,0.196532344246248,1.72884670425862,0
Rpl15,0,0.671827847363364,1.50635552798671,1.34373649508757,1.39364937195615,0,0,1.55804422892593,0,1.33473540888452,0.788685957511816,0.759803455895893,1.3109291275408,0.433615311100635,0,0,0,0.825238898111495,0,0
Rpl35,1.41312454758323,1.361578841357,2.17650571205793,2.02060447504014,2.10519763425761,1.36921752583031,1.25589297972804,2.22129701938241,1.17160746601272,2.07204269458294,1.64915672734564,1.59428913127326,2.13944866891912,1.25734671045513,1.58949945126234,1.1693248588324,1.3637743912342,1.35453134692494,1.02192398341177,1.30696869938331
Rpl4,0,1.26980715985028,1.91611322924443,1.82847014225111,2.04944162498358,1.57977608128447,1.03737532081215,1.79406669534086,1.26918652381938,1.96434977513993,1.38019954449217,1.36884275484027,2.04677044073031,1.27257765929089,1.74120164689242,1.33938749313631,1.54281199396528,1.84929081880456,1.49703685352433,1.49902288428755
Rps27l,0.489926717490808,0.991379040359491,1.17683542532977,0.295121530667481,0.590077713222803,0,0,0.316311228080868,0,0,0,0,0,1.33962159883752,0,0,0.831187569514902,1.29330654101561,0,0
Rps6,0,0.741115189709871,1.62291873310533,1.498320412059,1.59100854671942,0,0,1.42832825579214,0,1.75832448076723,0,1.23125929783976,1.63887219392993,0,1.07973624666341,0,0,0.362333218117344,0,0
Rps6-ps4,0,0,0.911721462977887,0.848831411012106,0.955288603174547,0,0,0,0,1.05055528226146,0,0,0.92874231802249,0,0,0,0,0,0,0
Rsrp1,0,0,0,0,0,0,0,0,0,0,0,0,0,0,0,0,0,0,0,0
S100a10,0,0,1.25498709155899,1.51852488389244,1.14468324373128,0,0,1.1759897751793,0,1.2568030461333,1.37467744407055,0,1.05214484940102,0,0,1.15775562547608,0,0.600137453795885,0,0
S100a11,0,0,1.59768617876477,1.37817054318102,1.05906199422385,0,0,1.14617430658042,1.32366774806626,1.16786038439396,0.978598562095473,0,1.00567243051062,0,1.0218549977648,1.7636636838004,0,1.2453999599989,0,0
S100a6,0,0.941539949477369,0.706010739211663,1.68860272049884,1.38316421620166,0,0,1.76176705161282,0,1.00410311380962,1.9173550848832,0.923713506958781,1.31491527552961,0,0,0,0,0,0,0
S100a8,0,0,0,0,0,0,0,0,0,0,0,0,0,0,0,0,0,0,0,0
S100a9,0,0,0,0,0,0,0,0,0,0,0,0,0,0,0,0,0,0,0,0
Sat1,0,0,1.16466804480558,0.487507340332285,0,0,0.981832143061829,0,0,0,0,1.3557832261937,0,0,0,0,0,0,0,0
Sdcbp,0,0,0.630652977091433,0.133362798245791,0,0,1.07776223086713,0,0,0,0,1.19948783777584,0,0,0,0,0,0,0,0
Sec62,0,0.240682306710713,0,0.628804488352283,0.711265566476099,0,0,0,0,0,0,0,0,0,0,0,0,0.772379631406665,0,0
Selenop,0,0,0,0,0,0,2.01533489575,0,0,0,0,0,0,0,0,2.10273256943006,0,0,1.48653893743996,0
Selp,0,0,0,0,0,0,0,0,0,0,0,0,0,0,0,0,0,0,0,0
Selplg,0,0,0,0,0,0,0,0,0,0,0,0,0,0,0,0,0,0,0,0
Serf2,0,0.245545336703552,0.956055575471495,1.27053231007687,1.33112245912477,0,0,1.55804422892593,0,1.08739214475796,0,0.799402601083573,1.24600395039122,0,0,0,0,0.480356531420002,0,0
Serinc3,0,0.410825205368761,0,0,0,0,0.926818722871361,0,0,0,0,0,0,0,0,0,0,0,0,0
Serpine1,0,0,0,0.763609432637697,0.555309392949801,0,0,0,0,0,0,0,0,0,0,0,0,0,0,0
Serping1,0,0,0,0.743948872229945,0.607348008331884,0,0,0,0,0,1.38019954449217,0,0,0,0,0,0,0,1.62147356420532,0
Serpinh1,0,0,0,2.60328394194258,2.33038859894646,0,0,2.26943737289675,0,0,1.52468986308359,0,2.25530801972944,0.433615311100635,0,0,1.45287716526668,0,1.35572013171245,0
Sfrp4,0,0,0,0,0,0,0,0,0,0,0,0,0,0,0,0,0,0,0,0
Sgk1,0,0,0,1.38406842892996,0.919914219082342,0,0,0,0,0,0,0,0,0,0,0.870169397470179,0,0,0,0
Sh2d2a,0,0,0,0,0,0,0,0,0,1.24472912144648,0,0,0,0,0,0,0,0,0,0
Sh3bgrl3,0,0,0.576670882701884,0,0,0,1.09376920072937,0,0,1.53264854283763,0,1.11382652890682,0,0,1.26502890038206,0,0,0,0,0
Shisa5,0,0.741115189709871,0,0,0,0,0,0,0,1.40191812201292,0,0,0,0,0,0,0,0,0,0
Slc25a5,0,0.518337003185614,1.5842998629265,0.814593003604208,0.677835207988208,0.817756526816589,1.0398068074855,0,0,0.28289300293675,0,1.06622068364589,0,0,1.00340404980027,1.33938749313631,0,2.04269407382641,0,1.49902288428755
Slfn5,0,0,0,0,0,0,0,0,0,0,0,0,0,0,0,0,0,0,0,0
Snhg18,0,0,0,0.502105986041828,0,0,0,0,0,0,0,0,0,0,0,0,0,0,0,0
Snrpg,0,0,1.08138704875088,0,0,0,0,0,0,0,0,0,0,0,0,0,0,1.26996824195377,0,0
Socs3,0,0,0,0,0,0,0,0,0,0,0,0,0,0,0,0,0,0,0,0
Sox4,0,0,0,0,0,0,0,0,0,0,0,0,0,0,0,1.15775562547608,1.48329076547135,0,1.55924113396312,0
Sparc,1.3862363381092,1.80725372546492,1.06961776866058,3.97469198764378,3.32804961337325,2.40089880623884,0,3.71901327342479,1.78192792662749,0.988576298885498,3.17236247646826,1.22142089156536,3.23995071894495,1.9552613089123,0,0,1.71045211857122,0,2.60017761465106,1.73203010113715
Sparcl1,0,0,0,1.23322394690394,0,1.36432641566697,0,0,0,0,0,0,0,1.22788808809984,0,0,1.58200090901023,0,2.260185089129,2.48036781967804
Spi1,0,0,0,0,0,0,0,0,0,0,0,0,0,0,0,0,0,0,0,0
Spon1,0,0,0,0.613988564430847,0.880402905455865,0,0,0,0,0,0,0,0.85162720646293,0,0,0,0,0,0,0
Spon2,0,0.434837247204586,0,0.88129337993757,1.1327674014899,0,0,0.970615258243904,0,0,0,0,1.13459298768475,0,0,0,0,0,0,0
Spp1,0,0,0,0,0,0,0,0,0,0,0,0,0,0,0,0,0,0,0,0
Sprr2f,0,0,2.89562492620361,0,0,0,0,0,0,0,0,0,0,0,0,0,0,0,0,0
Sptssa,0,0,0,0,0.752594705685229,0,0,0,0,0,0,0,0,0,0,0,0,0,0,0
Sqstm1,0,0.863405155366136,0.827751832978649,1.58278596232005,0.922520613626395,0,0,0.332112507125009,0,0,0,0.982801018940358,0.920623542968853,0,0,1.15775562547608,0,0,0,0
Srgn,0,1.35411947880556,0,0,1.133132024669,1.12517119730738,1.06287518050695,0.662678611305008,2.88742818557997,1.38755760664764,0,2.08568063664747,1.1116821838593,0,2.13355139962559,0,0,0,0,0
Stmn1,0,0,0,0,0,0,0,0,0,0,0,0,0,0,0,0,0,0.846027991791759,0,0
Sub1,0,1.01808966640448,0.856491814669232,0.358301330515141,0.526865831466255,0,0,0,0,1.60551396043415,0,1.09478629993486,0,0,1.60012972664152,0,0,0.620514253976483,0,0
Tagln2,0,0.583432883183308,0.981111653546045,0,0,0,0,0,0,0,0,0,0,0,0,0,0,0,0,0
Tbcb,0,0,0,0,0,0,0,0,0,0,0,0,0,0,0,0,0,0,0,0
Tceal9,0,0,0.407871790847243,0.837369217584931,0.959651723119983,0,0,0.642607252338219,0,0,0,0,0.872704728317348,0,0,0,0,1.53750652296045,0,0
Tcf21,0,0,0,0.50330621119379,0,0,0,0,0,0,0,0,0,0,0,0,0,0,0,0
Tcf4,0,0,0,0,0.623110853585649,0,0,0,0,0,0,0,0,0,0,0,0,0,0,0
Tgfbi,0,0,0,0,0,0,0,0,0,0,0,0,0,0,0,0,0,0,0,0
Tgm2,0,0,0.847616580322416,0,0,0,0,0,1.57990524546951,0,0.89088767510063,0,0,0,0,0,0,0,0,0
Thbd,0,0,0,0,0,0,0,0,0,0,0,0,0,0,0,0,0,0,0,0
Thbs1,0,0,0,0.874163386106557,0.556322430483268,0,0,0,1.77235419491985,0,0,2.10285730642595,0,0,0,0,0,0,0,0
Thbs2,0,0,0,0,0,0,0,0,0,0,0,0,0,0,0,0,0,0,0,0
Timp2,0,0,0,0.46465513526975,0.552459295486479,0,0,0,0,0,0.682926287078118,0,0,0,0,1.06929466580381,0,0,1.43877975449609,0
Timp3,0,0,0,0,0,0,0,0,0,0,0,0,0,0,0,1.24156336122496,0,0,0,0
Tm4sf1,0,0,0,0,0,1.61793839305151,0,0,0,0,0.89088767510063,0,0,0,0,1.24422367537097,0,0,0,0
Tmem176a,0,1.22642013843831,0.32425673123311,0,0,0,0,0,0,0,0,0,0,0,0,0,0,1.09525313333348,0,0
Tmem176b,0,0.814878736160842,0.555646656888607,0,0,1.00171270509097,1.07776223086713,0,0,0,0,0,0,0,0,0,0,1.74958722363474,0,0
Tmem252,0,0,0,0,0,0,0,0,0,0,0,0,0,0,0,0,0,0,0,0
Tnfaip6,0,0,0,0.894265391073271,0.786626123281468,0,0,0,0,0,0,0,0,0,0,0,0,0,0,0
Tnrc6a,0,0,0,0,0,0,0,0,0,0,0,0,0,0,0,0,0,0,0,0
Tpm1,0,0,0,0.669971641404957,0.597216249420382,0,0,0,0,0,0,0,0,2.56556177926362,0,0,0,0,0,1.69465738247605
Tpm2,0,0,0,0.595658042752455,0.637266877067224,0,0,0,0,0,0,0,0,2.53524214649921,0,0,0,0,0,0
Tpm4,0,0,0,0.760178044958726,0.905961170867803,0,0,0,0,0,0,0,0.768571796150716,0,0,1.48329076547135,0,0,0,0
Trf,0,0,0,0,0,0,0,0,0,0,0,0,0,0,0,0,0,0,0,0
Tsc22d1,0,0,0,0,0.672572096529649,1.46682793131988,0,0,0,0,0,0,0,0,0,0,1.06160093478624,0,0,0
Tshz2,0,0,0,0,0,0,0,0,0,0,0,0,0,0,0,0,0,0,0,0
Tspan13,0,0.434439020211591,0,0,0,0,0,0,0,0,0,0,0,0,0,0,0,0,0,0
Tuba1a,0,0,0,1.02593175893414,1.24200590840621,0,0,1.56276244218982,0,0,0,0,1.24333556076553,0,0,0,0,0,0,0
Txnip,0,0,0,0,0,0,0,0,0,0,0,0,0,0,0,0,0,0,0,0
Tyrobp,0,0,0,0,0,0,1.71222737153995,0,1.30014906323277,2.03310248738041,0,1.84626591494359,0,0,1.42735070888654,0,0,0,0,0
Uba52,0,0.542349045021438,1.09299567927986,0.858126086958907,0.981832143061829,0,0,0.985971362342821,0,0.95558492743037,0,0,1.00340404980027,0,0,0,0,0,0,0
Ubc,1.68391486098371,2.0821566768937,2.01423285028706,2.54690979366735,2.85981817014048,2.07984797925545,1.81666851981255,2.25561771568003,1.73684118065873,1.64102732088608,2.05078025991791,2.30115212629523,2.77419909673423,1.58360269723484,2.06836966431102,1.71222737153995,0,0.960943910270078,1.19326968447745,1.51241335933744
Ucp2,0,0,0,0,0,0,0.798976474239039,0,0,0,0,1.01261746038551,0,0,0,0,0,0,0,0
Unc93b1,0,0,0,0,0,0,0,0,0,0,0,0,0,0,0,0,0,0,0,0
Vcam1,0,0,0,0,0,0,0,0,0,0,0,0,0,0,0,0,0,0,0,0
Vim,0,0,0,1.47540825345151,1.41592307250247,1.29635963965648,0,0.904592779541542,0,0,0,1.17064481777023,1.31291896997627,0,0,1.48329076547135,0,0,0,1.51241335933744
Vps37b,0,0,0,0,0,0,0,0,0,1.70310862688224,0,0,0,0,0,0,0,0,0,0
Wfdc17,0,0,0,0,0,0,1.3573211835791,0,0,0,0,0,0,0,0,0,0,0,0,0
Wfdc2,0,0,1.36161601681972,0,0,0,0,0,0,0,0,0,0,0,0,0,0,0.860708066769934,0,0
Wnt4,0,0,0,0,0,0,0,0,0,0,0,0,0,0,0,0,0,0,0,0
Xcl1,0,0,0,0,0,0,0,0,0,1.60936679500633,0,0,0,0,0,0,0,0,0,0
Ybx1,0,0.187564803801348,1.57592326605314,0.832724171482195,0.683182886677196,0,0,0,0,0,0,0.899706202576631,0,0,0,0,0,0.941449934481172,0,0
Ypel3,0,0,0,0,0,0,0,0,0,0,0,0,0,0,0,0,0,0,0,0
Zbtb20,0,0,0,0,0,0,0,0,0,0,0,0,0,0,0,0,0,0,0,0
Zfas1,0,0,0,0,0,0,0,0,0,0,0,0,0,0,0,0,0,0,0,0
Zfp36,0,1.1560310329656,0,0.814744726957274,0.770864170120528,1.76770191058381,1.24778964146921,0,1.2724516899557,0,0,1.20041854985634,0,0,1.24067926986653,0,0,0,0,0
Zfp36l1,0,0,0,0.772183995829017,0.672323546826727,0,0,0,0,0,0,0,0,0,0,0,0,0,0,0
Zfp503,0,0,0,0,0,0,0,0,0,0,0,0,0,0,0,0,0,0,0,0
