,acinar,beta,delta,activated_stellate,ductal,alpha,epsilon,gamma,endothelial,quiescent_stellate,macrophage,schwann,mast,t_cell
ABCC8,0,1.60660811303071,0.822517746167449,0,0,0,0,1.12578054640475,0,0,0,0,0,0
ACLY,0,0.866653440850869,0,0,0,0.838968628528062,0,1.19104761716638,0,0,0,0,0,0
ACTG1,6.0178054973241,2.95931928947679,3.0404025283884,3.99590314981519,4.98984554609758,3.700364380773,3.23231228770116,3.61615428627549,3.81885157471942,2.47704899213316,3.96751743061748,2.78784770154986,2.94902869073648,4.19657475467536
ACTN1,0.689729700150537,0,0.954283183382158,2.22614087092629,1.32181303562701,0.968599264312499,1.09915574549315,0.7814218514547,0,1.7648754525237,1.32883187975612,0,0,0
ACTN4,1.62522898290964,1.06293977247684,0.973078294971324,0,2.90989279791936,1.52625753461899,1.55258565660135,1.60423167538781,1.76860293811542,0,1.02700495556125,2.46628541686035,2.12470692009367,2.29041558718678
ADCYAP1,0,1.84945079731956,0,0,0,0,0,0,0,0,0,0,0,0
ADGRG1,0,0.523781485498596,0,0,0,0,0,0,0,0,0,0,0,0
ADM,0,0,0,0,0.745537818355929,0,0,0,0,0,0,0,0,0
AGT,0,0,0,0,0,0,0.608677098619929,0,0,0,0,0,0,0
ALDH1A1,1.66964661209318,0.619574544381264,0.608647393158396,0,0,3.02236243632318,2.10659113937164,2.75271259217358,0,0,0,0,0,0
ALDOB,1.09649792202418,0,0,0,0,0,0,0,0,0,0,0,0,0
ANGPTL4,1.04302840897527,0,0,1.76206383464587,1.35415661005219,0,0,0,0,1.62137821052984,0,0,0,0
ANPEP,1.73049949728524,0,0,0,0,0,0,0,0,0,0,0,0,0
ANXA2,2.17229149416649,1.51078121351044,0,2.01268284508467,4.29891750180483,1.46821754700914,0,0,2.48772962340761,0,2.63206586250597,3.99371915827605,0,1.55875011008032
ANXA4,0,0,0,0,1.9898902995952,0,0,0,0,0,0,0,0,0
ANXA5,0.533665010136537,1.19841457545491,0.912672520556548,2.08416213626377,1.8611284339496,0.956083791382641,0.457362770142301,1.10297140173052,1.56852160720899,1.89026191795187,2.07138793462418,3.09859614721169,0,0
ANXA6,0,0.96016061748444,0.98744573285134,1.38553057908443,0,1.13683343562621,1.28976536933048,1.50427387059023,0,0,0,0,0,0
APLP1,0,1.07929286251812,0.908493449759482,0,0,1.36396717837027,1.87769246340347,1.46369428873751,0,0,0,0,0,0
APLP2,0,1.44374209980639,1.36428486188662,0.982647717759067,1.94207322767727,0.964044536508961,0,1.37223982741778,1.83557351993065,0,2.87263752584376,0.988652866598435,0,0
APP,0.399322240044454,1.51078121351044,1.72871221640946,1.11565417182874,1.85717033101624,1.59204806288773,1.93505605825531,1.57712135058474,3.13261526778409,0,0,2.72689115813225,0,0
AQP3,0,0,1.64571643479171,0,0,0,1.24552575310059,3.43151156154938,0,0,0,0,0,0
ARFGEF3,0,0,1.38147750918231,0,0,1.0285154341209,1.5288633864254,1.00965398254814,0,0,0,0,0,0
ARL6IP1,0,0.752291031201972,0,0,1.32516320247539,0,0,0,0,0,1.27908764698386,0,0,1.96439959516592
ARPC1B,0.566702860143692,0,0.635901554339933,1.656243178528,1.6531039526279,1.11355602150442,0,1.03758348197761,2.04561883112705,0,2.79537542713018,0,1.935505496341,2.0270055965493
ATF3,0,0,0,0,1.51615122966032,0,0,0,0,0,0,1.98294565550919,0,0
ATF4,1.83069642077345,0.63468205455313,0.88126188564691,1.59872577054468,1.43438315618742,1.05188760140093,0,0.876901762080399,1.2661374724148,1.34797081772419,0.853069438981946,1.71516413260055,1.69250809964093,0
ATP5EP2,0,0.962326908022194,0.971094409735123,0,0,1.02199372172846,0,1.03758348197761,0,0,0.561319472842848,0.988652866598435,0,0
ATP6AP1,0,1.65691631938886,1.0673159041513,0.79599979107682,0.521907974680223,1.74583597427922,2.26341958916274,2.00937493727014,1.09766854553198,0,2.30470162375666,0,0,0
ATP9A,0,0.619481839010618,0,0,0,0,0,0,0,0,0,0,0,0
B2M,2.97133895189672,3.00700157876102,3.41982989942523,3.48659402487153,4.65276586888641,4.59487740112417,4.06843516848228,3.83349823387575,5.21687934925666,4.22280447447501,4.90097993658574,3.78634196904474,3.63681106211134,5.52846829340728
BACE2,0.51939940204503,0,0,0,1.66871774140736,0,0,0,0,0,0,0,0,0
BEX1,0,1.64841069633971,2.14075056375033,0,0,1.71703421964792,1.92762658976078,2.05751990336802,0,0,0,0,0,0
BGN,0,0,0,4.4195986356469,0,0,0,0,0,3.13145840617198,0,0,0,0
BHLHE40,0.731160231082546,0,0,1.18580589362207,1.3434191058291,0,0,0,0,0,0,0,2.12470692009367,1.96439959516592
BIRC3,0,0,0,0,0.796910573075362,0,0,0,0,0,0,0,0,0
BNIP3,0.637448268132652,0.737648637154757,0,0,0.602714849560128,0.961756748423592,0,0,0,0,0,0,0,0
BTG1,1.22911138261499,0.870351430003103,0.737450287717741,1.46439815998317,2.34652247939491,1.32337423067764,1.19240297844107,1.02674337100395,1.75661302200413,1.82536460750306,1.53466362954669,1.92984307267427,2.10316440775676,2.77356496140813
BTG2,0.861280758743186,0,0.911241062236677,0,0,1.18740006284965,1.73555237940755,2.07988716673658,0,0,0,0,3.56149121629253,0
C10orf10,0,1.5961422970279,0,0,0,1.75110259426891,1.60346709133218,1.24767322577328,0,0,0,0,0,0
C11orf96,0,0,0,3.50196610698868,0,0,0,0,0,4.76946246049244,0,1.81637421167134,0,0
C12orf75,0,0.997497162605746,0,0,1.1908691300782,1.30826447902369,1.5894216889065,0,0,0,0,0,0,0
C15orf48,0,0,0,0,0,0,0,0,0,0,0,0,0,0
C1QL1,0,1.44996458167585,0.889243240685842,0,0,0,0,0,0,0,0,0,0,0
C2CD4A,0,1.30641518863902,0,0,0,1.12808452404079,0,0,0,0,0,0,0,0
C2CD4B,0,1.10510187273025,0,0,0,1.72460618366367,0,0,0,0,0,0,0,0
C3,0,0,0,0,1.83666873107239,0,0,0,0,0,0,0,0,0
C6orf48,1.10223157777429,1.65904272953401,0.931606837103107,1.39199652821861,1.12705032346374,1.95633337962709,0,1.28569976565052,0,0,0,1.09873618325235,0,0
C8orf4,0,0,0,0,1.29522226169765,0,0,0,0,0,0,0,0,0
CADM1,0,1.0341206254039,1.08213049946219,0,0,0,1.01202399186153,0,0,0,0,0,0,0
CALY,0,0,0.698077259272416,0,0,1.08918320526585,1.71793001826694,1.06973174741325,0,0,0,0,0,0
CAMK2G,0,0,0,0,0,0.614574033172816,0,0,0,0,0,0,0,0
CAMK2N1,0,1.03611548050971,1.30739352386076,0,0,1.363729120351,2.07976919992774,1.86853025504633,0,1.04282335767444,0,0,0,0
CANX,0.677028542925902,1.58313172377433,1.36779038983673,1.53507371915479,1.40478747217183,1.01428521007272,0.457362770142301,0.977661503003283,1.52124555989705,1.39621370773778,1.54022109268518,1.39246688096836,0,0
CBX6,0,0,0.906065453440557,0,0,1.31881381548507,0,1.33350514597632,0,0,0,0,0,0
CCL2,0,0,0,0,1.12309222113242,0,0,0,0,0,0,0,0,0
CD24,2.6982829265788,0,0,0,3.11797969543282,0,0,0,0,0,0,0,0,0
CD44,3.50588985715553,0,0,0.905816482006763,2.58511211207099,0,0,0,0,0,1.42019800368819,2.39666796382842,2.31565628365417,0
CD59,1.51425721840324,1.04322871273942,0.974366473737382,2.55900811213516,2.95658664823593,1.59165927485168,1.99922881392151,1.70870579389696,3.4142419886765,3.72666308388848,0.706997188671845,4.65189467571844,0,0
CD68,0.622067141256422,0,0,0.793058083106331,0.797298106804283,0,0,0,0,0,4.09827762386755,1.71516413260055,0,0
CD74,0,0,0,0,0.982767019276518,0,0,0,0,0,4.84426805170456,0,0,1.96439959516592
CD82,0,0,0,0.568668215785709,0,1.05095910702727,0,0,0,0,0,0,0,0
CD9,0,0,0,0,0.936009298872477,0,0,0,2.16352255724216,0,1.01947493748167,2.50845284366148,2.92656389613175,0
CD99,0.441880234486042,2.91269284773265,2.04989963972951,1.44758738802161,0,3.8330606665383,2.83493170882222,2.71959359069276,1.84550290206752,0.855840756147278,1.27798114435515,1.32695739490203,1.99652142962049,1.96439959516592
CDC42EP1,1.05510586881852,0,0,0.806453893991905,1.81236105398979,0,0,0,0,0,0,1.64589574909935,0,0
CDH1,1.07026723796821,0,0,0,2.06561653631294,0.896091467513216,0.769027318430789,0,0,0,0,0,0,0
CDK2AP1,0,0.671985309597156,0.863809682015017,1.76792422357671,0.93730598187931,0,1.08054614132612,1.08623247527078,2.06837210937646,0.589932998366723,0,1.342650890687,0,0
CDK5R2,0,0,0.798774266306597,0,0,0.965998627750833,1.19706250675864,0.867667157620769,0,0,0,0,0,0
CDKN1A,0.926921224420235,1.052919040438,0,0,1.76897137648162,0,0,1.15509817997689,1.44233058408941,0,0,0,0,0
CDKN1C,0,1.73810286212926,0,0,0,0,0,0,0,0,0,0,0,0
CEBPB,0,0,0,2.36126291566887,1.12578054640475,0,0,0,0,2.75198683485821,3.04225622533849,1.30598087446893,0,0
CEBPD,1.83228788438458,0,0,0,1.11169976779435,0,0,0,0,1.1216744403011,0,0,0,0
CELA2A,5.15162946735321,0,0,0,0,0,0,0,0,0,0,0,0,0
CELA2B,1.90834204132309,0,0,0,0,0,0,0,0,0,0,0,0,0
CELA3A,7.67694929191236,0,0,0,0,0,0,0,0,0,0,0,0,0
CELA3B,6.203442485719,0,0,0,0,0,0,0,0,0,0,0,0,0
CFB,0,0,0,0,2.14546197980425,0,0,0,0,0,0,0,0,0
CFC1,0,0,0,0,0,0.844653878694817,0.769027318430789,0,0,0,0,0,0,0
CHGA,0,3.69099585502221,2.84058131351432,0,0,4.36854111300471,0.519863258674118,2.39773782657461,0,0,0,0,0,0
CHGB,0,2.6549823078184,3.85228422663303,0,0,3.78458060225602,2.76396267436762,4.41438905015928,0,0,0,0,0,0
CIB1,1.50821243851911,1.55068224532981,1.03771715177457,1.08485278961579,1.78138827738279,1.54270522782784,0,0,0,0,1.32070033344916,0,0,2.81165471237505
CITED2,0,0,0,0,0,0,0,0,0,0,0,0,0,0
CLDN4,1.40886519437314,0,0,0,2.41920790826912,0,0,0,0,0,0,0,0,0
CLDN7,1.71158338102416,0.977543425116424,0.916684769110084,0,2.18586900398332,1.44671089679892,1.47803860989704,0.965537875271155,0,0,0,0,0,0
CLPS,6.20089148935332,0,0,0,0,0,0,0,0,0,0,0,0,0
CLTC,0,1.08417742653213,0.845477040457421,1.20020501065941,0.686458667048432,0,0.519863258674118,0,0.93462275041853,1.15226072594357,0.843208948884891,0,0,0
CLU,0.672973904232267,1.30576383294776,3.09188890219345,0,1.79781559859163,5.07327840405666,5.69254153565729,4.29036099338263,0,0,0,2.09630380958665,3.5436675634148,0
CNIH2,0,1.08447050650448,1.19841457545491,0,0,1.22148203546725,0,0,0,0,0,0,0,0
COL18A1,0,0,0,2.70046116078653,1.08344545142646,0,0,0,2.03625460422198,3.02895479930405,0,0.988652866598435,0,0
COL1A1,0,0,0,5.78477611803246,0,0,0,0,0,2.28468436357701,0,0,0,0
COL1A2,0,0,0,4.04696895680333,0,0,0,0,0,1.96600420442219,0,0,0,0
COL3A1,0,0,0,4.01977632807693,0,0,0,0,0,3.28103594253127,0,0,0,0
COL4A1,0,0,0,2.21186041625844,0,0,0,0,2.9242009979556,2.58769421702134,0,0,0,0
COL6A1,0,0,0,4.26069084510255,0,0,0,0,0,3.22997077743628,0,1.30598087446893,0,0
COL6A2,0,0,0,4.54607580639425,0,0,0,0,0,3.39593432847709,0,1.0471641630046,0,0
COL6A3,0,0,0,4.18145412495505,0,0,0,0,0,0,0,0,0,0
COTL1,0,0,0,0,0,1.26699321662916,0,0,0,0,2.4374928253716,0,0,2.09011216738139
COX7A1,0,0,0,0.682599410083203,0,0,0,0,0,0.804735393900195,0,0,0,0
CPA1,6.36074876266203,0,0,0,0,0,0,0,0,0,0,0,0,0
CPA2,4.34298696136928,0,0,0,0,0,0,0,0,0,0,0,0,0
CPB1,5.11355549047424,0,0,0,0,0,0,0,0,0,0,0,0,0
CPE,0,4.39551773479465,4.146635423477,0,0,3.93099687150016,4.05422977824521,3.75526865825214,0,0,0,0,0,0
CPLX2,0,0,0,0,0,0.836137300515868,0,0,0,0,0,0,0,0
CRIP2,0,1.0335900156791,1.07172986748337,0.807118520881022,0,1.59916529379676,1.01491599898739,2.00909347783723,2.51874524422644,0,0,0,0,0
CRYBA2,0,0,0,0,0,0.960621434397303,0,0,0,0,0,0,0,0
CTRB1,7.60750287485416,0,0,0,0,0,0,0,0,0,0,0,0,0
CTRB2,7.58612007062618,0,0,0,0,0,0,0,0,0,0,0,0,0
CTRC,4.3550444055192,0,0,0,0,0,0,0,0,0,0,0,0,0
CTSB,0,0.959138004669125,0.832053569626941,1.64479316461339,1.08535074237594,1.21214325508982,0,1.26913384095303,1.61625319188811,0,5.71419981197596,0,0,0
CTSD,0.647957430890728,1.17999965854441,0.956986552387173,1.77034154330722,2.73029217575795,1.27036083366801,1.20248558834851,1.44887824248934,2.06442471568025,2.68548635366844,6.4710473793675,3.37576106024335,2.92467285187194,0
CTSZ,0,0,0,0,0,1.39383965676125,0,0,0,0,2.93767969837162,0,0,0
CUZD1,2.69977213793072,0,0,0,0,0,0,0,0,0,0,0,0,0
CXCL1,0,0,0,0,0,0,0,0,0,0,0,0,0,0
CXCL8,0,0,0,0,0.922614854704007,0,0,0,0,0,3.2541538585372,0,0,0
CXXC5,0.43439216490123,1.17807755712681,0.973078294971324,0.847245275397758,1.27384984421947,0,0.510770337354437,1.21530134804752,0,0,0,1.0471641630046,0,0
CYR61,0,0,0,0,1.40580361800085,0,0,0,0,0,0,0,0,0
CYSTM1,0.730754437266848,1.55885618135584,1.84999423268793,1.49794301820531,1.9898902995952,2.86330631405151,1.91322993973188,1.84134244873266,0,1.48054711071525,0,2.08764746382272,0,0
DDIT3,0,0,0,0,0,0,0,0,0,0,0,0,0,0
DDIT4,1.95825644926845,0,0,2.95548001226147,2.75124297951617,0,0,0,0.84888774405713,2.63871743191144,0,0,2.99260075341223,1.55875011008032
DDR1,0.406773370186649,1.67851880140523,1.5309829277923,0,1.63063094293,1.4919465474558,0.977226028816419,2.40116923562119,0,0,0,1.32695739490203,0,0
DHRS2,0,0,1.36551756096526,0,0,0,0,0,0,0,0,0,0,0
DLK1,0,1.25610437035302,0,0,0,0,0,0,0,0,0,0,0,0
DNAJB1,0,0,0,0,0.83939901065502,0,0,0,0,0,0,0,0,0
DNAJB9,0,1.02622061815539,0,0,0,0,0,0,0,0,0,0,0,0
DNAJC12,0,1.39905907806542,0.949145707414086,0,0,0,0,1.01142493934675,0,0,0,0,0,0
DPP6,0,0.755541094212675,0,0,0,0,0,0,0,0,0,0,0,0
DSP,0,1.02141131074491,0.954283183382158,0,1.47248978713108,1.176511794946,1.60172022338279,1.22054126568284,0,0,0,0,0,0
DUOXA2,0,0,0,0,0,0,0,0,0,0,0,0,0,0
DUSP1,0,0,0,0.95895133079615,2.07300058484112,0,0,0,0,0,1.38466855235559,0,0,0
DUSP4,0.587196917265608,0,0,0,0.442184486851293,0,0,0,0,0,0,0,0,0
DUSP5,0,0,0,0,1.14396685131413,0,0,0,0,0,0,0,0,0
DYNLL1,0.963103651898785,1.5961422970279,1.74788165009243,1.71527873740419,1.79042456666714,1.29458290138064,2.02275828198712,1.67908093963935,1.68624058832253,1.76111343366318,1.49028561722211,2.14568069262058,0,0
EDN3,0,0,0,0,0,0,0,0,0,0,0,0,0,0
EEF1A2,0,2.09796217115765,1.39446249030991,0,0,1.57780200977033,1.59785273586389,1.2369389652874,0,0,0,0,0,0
EEF1D,2.24793184340854,0.857638558932187,0,1.73190690259136,1.68595394265188,0,0,0,1.34984579936712,1.70210816127924,0.852446211582331,1.32695739490203,1.67851880140523,2.0270055965493
EFNA1,0,0,0,0,1.05374656120527,0,0,0,1.57892740756238,0,0,0,0,0
EGFL7,0,0,0,0,0,0,0,0,2.62382349165047,0,0,0,0,0
EGR1,0.442853537275038,0,1.62712568057733,1.59013837141827,1.94838633016909,0,2.49563328410405,2.47186804394522,1.52631076225456,0,0,0,4.03153604428885,0
EIF4A2,1.36377807487087,2.30379436516293,1.6538286195455,1.00401217722308,1.55684352718421,1.55250487989294,1.38778702695816,1.72964617793601,0,1.36826991579125,0.540079927525516,1.64589574909935,1.97353244382508,2.09011216738139
ELF3,1.3115785028126,0,0,0,2.78813946644163,1.14424572023586,0.510770337354437,0,0,0,0,0,0,0
ELL2,0.786993508538171,0.829438078079033,0.736592031316315,0,0,1.52565099444512,1.81016249626438,1.42698987869108,0,0,0,0,0,0
EMC10,0,1.46744979535568,1.90035412625545,0,0.951707262589843,2.36538013427367,2.8188205368469,2.23064121857871,0,0,0,1.32695739490203,0,0
ENG,0,0,0,2.14834428849545,0,0,0,0,4.46936972304905,2.03934855958694,2.3466669449842,0,0,0
ENPP2,0,0.853158548021997,0.736592031316315,0,0,0,0,0,0,0,0,0,0,0
EPAS1,0.634197416518677,0,0,1.04335226303755,0,0,0,0,1.94421511137734,3.27267399015978,0,0,0,0
EPCAM,0.432177422416725,1.41957457800464,1.47926854003647,0,1.60762896171987,1.29768005544113,2.2330374109299,1.31406593079705,0,0,0,0,0,0
ERO1B,0,1.97895054245649,0.786893005426425,0,0,0,0,1.02609001658173,0,0,0,0,0,0
ETS2,0.889090902524398,0,0,0,1.04026371956137,0,0,0,1.62051333016939,0,0.645327756986194,0,0,0
F10,0,0,0,0,0,1.04431134191426,0,0,0,0,0,0,0,0
F3,0.721946070948207,0,0,0,0,0,0,0,0,0,0,0,0,0
FABP5,0,0,0,0,0,0,0,0,2.44892088383106,0,0,1.0471641630046,0,0
FAM102A,0,0.908290603525525,1.0500333716024,0,1.15795038737514,0,0,0,0,0,0,0,0,1.55875011008032
FAM129B,1.11097972457373,0,0,1.20177487293233,1.58368061754332,0,0,0,1.29024170542295,0,0,2.43764142402173,0,0
FBXO16,0.531906681355007,1.05776546927201,0,0,0,0,0,0,0,0,0,0,0,0
FEV,0,0,0,0,0,1.11662539642313,0,0,0,0,0,0,0,0
FLNA,0,0,0,2.49395852990442,2.05998188191727,0,0,0,1.24326322343433,1.25321429188161,2.3299269906007,2.00628389035296,0,2.15934433978302
FLNB,0.91332743518161,0,0,0,1.12943928347071,1.00213745394513,1.00582307766771,0,0,0,0,0,0,0
FN1,0,0,0,2.64352408516218,0,0,0,0,0,0,0,0,0,0
FNIP2,0.741872762081018,0,0,0,0,0,0,0,0,0,0.989984260092889,2.00628389035296,0,0
FOS,1.15029557383477,0,1.58006562405614,0,1.74053607041421,1.93357133476263,1.31005705981169,2.40317643489813,1.25416088769087,0,1.03443041009849,0,0,0
FXYD2,0,2.06892422553058,1.27570540613795,0,0,0.873988781306278,1.30938837424761,3.19698611113355,0,0,0,0,0,0
FXYD3,0,0,0,0,0,0,1.4443660123609,0,0,0,0,0,0,0
FXYD5,0,0,0,1.126457400158,0,1.96720973614022,0,0,1.61655862847881,0,1.57062143023232,0,2.31565628365417,2.04617277940495
FXYD6,0,0,1.02322551727042,0.863433387590599,0,1.10962012981614,0,1.44887824248934,0.668038728470242,0,0,0,0,0
G0S2,0.907536406255681,0,0,0,0,0,0,0,0,0,0,0,0,0
G6PC2,0,1.27653194850161,0,0,0,0,0,0,0,0,0,0,0,0
GABARAPL1,0.595165398258676,1.10373129501245,0.948812644111914,0.59855106330142,0.849697428821787,0.974014816015649,1.55103716616815,1.17973716421231,0,1.25321429188161,0.645327756986194,0,0,0
GAD2,0,2.46827564082692,1.80822033205272,0,0,1.09828704584046,0,1.61705378912652,0,0,0,0,0,0
GADD45B,0,0,0,0,0,0,0,0,0,0,0,1.71516413260055,0,0
GADD45G,0,0,0,0,0,0,0,0,0,0,0,0,0,0
GAS5,2.37675937101195,1.07474172609751,0,0.947722739492748,1.11169976779435,0.947206408924204,0,0,0,0,0,0,1.761947882972,0
GC,0,0,0,0,0,2.11302753894679,1.01202399186153,0,0,0,0,0,0,0
GCG,0,1.18683852003523,1.36135192418916,1.01877395681614,1.16234139943506,9.09614875811511,1.51201336959993,1.5143566055539,0.853509554885207,1.05492120985741,1.42019800368819,2.00628389035296,1.79825250602771,2.29041558718678
GCH1,0,0,1.63274211793463,0,0,1.1899775695874,0,0,0,0,0,0,0,0
GDF15,2.7101137467916,0,0,0,2.39410503851468,0,0,0,0,0,0,0,0,0
GLS,0,0,0,0,0,1.42784388242235,0,0,0,0,0,0,0,0
GLUL,1.16565776178326,0,0,0,0,0,0,0,0,0,2.1269540047506,3.16859227136684,3.052137542894,0
GNAI2,0,1.01282094756496,1.10312329262877,1.33271768034652,1.17140189760372,1.24443224929552,1.76269002735882,1.36695208726487,2.79758642054981,1.00744933938792,2.20754674808087,1.97353244382508,2.31565628365417,2.15934433978302
GNAS,1.53813193375303,5.50455167616595,4.98200253089049,2.55091663161063,2.61043517165422,4.97670380555537,3.54522930207155,4.9036250450861,2.96336772612947,2.4491507456522,2.6812356849118,3.47090095995396,2.7770663340676,2.90989279791936
GNG4,0,1.21698040602416,0,0,0,1.43504837762652,1.17211128795985,1.21047816115359,0,0,0,0,0,0
GNS,0,0,0,0,0,0,1.06603986876223,0,0,0,1.82108166610993,0,0,0
GP2,2.44119333677139,0,0,0,0,0,0,0,0,0,0,0,0,0
GPX3,0,1.26486023977401,2.94787047267572,0,0,3.63737551145579,2.1213893714975,0.93321251487921,0,2.53086792089887,0,0,0,0
GRN,0.451611626920831,1.1820162175462,1.3145060083875,1.24621033418753,1.8138079397203,2.08611118082587,1.75287276683436,2.0144568560662,1.99635939424296,1.43279191922095,4.21509910255811,1.39246688096836,0,0
GSN,0,1.30851872851249,0,0,0.867021782747026,0,0,0,0,0,0,1.0471641630046,0,0
GSTO1,0,0.69501802989355,0,1.69385024919339,0,0,0,0,1.81170302431492,1.78010573974314,1.48311146924367,0,0,0
GSTP1,2.13907593074113,0,1.23810044689786,2.07547571107934,2.70700024009283,1.0120590083106,1.43760558856988,0,1.96472817271406,2.18706962289744,2.04032021012611,2.00628389035296,0,1.55875011008032
H1F0,0,0,0,0,0.997004916303823,0,1.10358913849526,0,0,0,0,1.35803899705343,0,0
H1FX,0,1.3029492830111,1.38102876220537,1.2163435947674,1.39496235532043,2.13543057553812,2.32896570000325,2.12171946566232,1.94644158075285,2.04676018356346,1.3833165626282,1.09873618325235,0,2.83817752322496
HADH,0,2.08590573779789,1.03598224055906,0,0,0,0,0,0,0,0,0,0,0
HERPUD1,0,0,0,1.13746448872431,0.422678479997502,0,0,0,0,0,1.57597960518378,0,0,0
HES1,0,0,0,0,0.836393558231598,0,0,0,1.7620685357968,0,0,0,2.43348904695203,0
HIF1A,0.64255998131605,0,0,1.10304826801595,1.39130561219276,0,0,0,0,2.05354362964816,1.43371967668884,0,0,0
HILPDA,0.499795750594021,0,0,0,0,0,0,0,0,0,0,0,0,0
HLA.A,0.711425304874573,2.80507121207488,3.17570985816683,3.24817055690148,3.83023719681617,4.25502908311449,3.87938690654398,3.83815627182522,4.14099193135532,3.2258731211267,3.77253192910015,4.11940778967328,3.34333535280316,4.48580262417785
HLA.B,1.03634080547009,1.60564528821271,1.6334471854378,2.36176373521781,3.91761558919308,2.6690517644746,2.32896570000325,1.65655239795839,4.32985276511371,2.80814560657046,3.80469124937662,2.46628541686035,2.21636166318475,5.15668700504647
HLA.E,0.971008752465887,0.844428671682727,0.916684769110084,0.849407782131443,1.35992997682779,2.15691043680406,1.55490465368705,1.02569841956407,2.55888699672553,0,1.59263133744864,1.30598087446893,2.34441212883705,2.76659626620007
HMGA1,1.05870603095741,0,0,0,1.77967868824011,0,0,0,0,0,0,2.48761678159945,0,0
HMOX1,0,0,0,0.697102970589867,0,0,0,0,0,0,2.80223779658129,0,0,0
HSP90B1,0.665086187960023,2.03190267418781,1.68946145879105,1.92482042922119,1.4585815684887,1.26496309725701,1.20248558834851,1.27943384753567,1.6605690721324,1.66111418371129,1.13424927185504,1.0471641630046,0,0
HSPA1A,0,0.602583373885331,0.716215012926451,0,0.781794100715608,1.52489133567451,0,0,0,0,0.964388553532873,0,0,0
HSPA1B,0,0,0,0,0,0,0,0,0,0,0,0,0,0
HSPA5,0.896025843366853,2.10871188358346,1.82785462787965,2.64724193008009,1.98312769341502,1.30782892887544,2.14124098218396,1.28548984850221,2.18708596009314,2.34333167963204,2.1988146724813,2.85866945359904,1.97353244382508,0
HSPA8,2.86955379680203,2.0035765766861,1.55005333533165,2.02385375022023,1.79563464238334,1.85140908574072,1.81016249626438,1.77181953986564,2.15204636256101,1.66038242805972,2.19765658343994,1.92984307267427,1.69250809964093,2.09011216738139
HSPB1,3.89260384349836,0.829185862243737,1.92286053222953,1.58198697895613,3.91110827180159,2.82214321175357,2.31991087688169,2.38244324635716,3.15338328523881,1.27694564735282,1.32070033344916,0,0,1.55875011008032
HSPG2,0,0,0,0,0.822022074487794,0,0,0,2.9852934519755,0,0,0,0,0
IAPP,0,6.84343566427828,1.36779038983673,0,0,0,2.50548146888066,1.05374656120527,1.77542182606431,1.9532510513342,0.645327756986194,0,1.97353244382508,0
ID1,0,1.23655231814663,0,0,0,0,0,2.34225243540093,2.77348840511624,0,0,0,0,0
ID2,0,0,0.88126188564691,0,0.939584147229071,0,0,2.02299320341938,1.16808785714528,0,0.852446211582331,0,0,0
ID3,0.636012614231975,0,0,1.61976633900183,0,0,0,0,2.78421490484365,2.92538161499202,1.27798114435515,0,0,0
ID4,0,0,0,0,0,0,0,0.932034458661643,0,0,0,2.85866945359904,0,0
IDS,0,1.84875262613055,2.51554069154412,0,0,2.16549929298138,2.21273175854905,2.28417658757439,0,0,0,0,1.94851744347878,0
IER2,0.852654513863503,0,0,0.559835350079248,1.85717033101624,0,0,1.04593950476556,2.03060572754947,0,0,0,2.31565628365417,0
IER3,1.61785021266545,1.45830630772445,1.27839584392776,4.86908416737276,3.99430690907991,0,0,0,0,3.88700033938257,2.07481832134104,2.90709983273889,1.79825250602771,0
IFITM2,0,0,0,2.1847714533868,1.62294125539208,0,0,0,2.58356800832519,3.70679106517559,0,2.02585731694238,2.02528374244136,2.76659626620007
IFITM3,3.09315433721372,0,0,3.21718301420064,3.17880993191433,0,0,0,3.52512117943651,4.47759061668286,0,2.78784770154986,0,2.0270055965493
IGF2,0,1.37988791030273,0,0,0,0,0,0,0,0,0,0,0,0
IGFBP2,0.920135416208675,0,0,0,0,1.49943328881059,0,0,0,0,0,0,0,0
IGFBP3,0,0,0,0,0,0,0,0,0,0,0,0,0,0
IGFBP4,0,0,0,3.34794704377706,0,0,0,0,2.71624528957269,4.28495195790755,0,0,0,0
IGFBP5,0,0,0,2.22984590363675,0,0,0,0,0,0,0,0,0,0
IGFBP7,0,0,0,3.88705956720396,1.35922019764581,1.39834755033291,0,0.926612516451642,4.03779936503708,3.72532573134929,0,1.97353244382508,0,0
IL32,3.78866060556703,0,0,0,2.61069948881865,0,0,0,1.92972249087837,0,0,0,0,3.13486823394094
INHBA,0,0,0,3.24510462069435,0,0,0,0,0,0,0,0,0,0
INS,1.22415785786127,10.0142617706686,3.27570780627943,1.89776049313246,1.73871045077674,2.40475724783628,4.20858690070361,2.94469158197962,3.9111673029794,3.88064866201541,2.82969752418239,3.53120829525544,4.61635853189644,4.65934379494802
INSM1,0,0.882884569767757,0.882311154692371,0,0,0,0,0,0,0,0,0,0,0
IRS2,0,0,0,0,0,0,0.94952350332971,0,0,0,0,0,0,0
IRX2,0,0,0,0,0,1.74583436622348,0,0,0,0,0,0,0,0
ISL1,0,0,0.950814663847796,0,0,0,1.13862296720149,1.26506305055776,0,0,0,0,0,0
ITGA2,0.451787083399109,0,0,0,0.710348820274432,0,0,0,1.03890638657743,0,0,0,0,0
ITGA5,0,0,0,1.77822230719464,0,0,0,0,3.01062241849725,0,0,1.30598087446893,0,0
ITGB1,0.978385521584453,1.13432980315529,1.27839584392776,3.33001568403243,3.23911007365037,2.06746933296463,2.38139648662719,1.63485934047073,2.61605175229938,3.03558592445883,1.6208579333157,2.00628389035296,0,0
ITM2B,0.569443857479372,2.17909486307811,1.61087109844731,1.78726546060125,2.0903178665038,2.57830067786669,2.41243934432676,2.27785216598053,2.69490243925557,2.29579600763114,2.39329483845603,2.59547953850615,2.10316440775676,2.09011216738139
JUN,1.20774519549819,0,1.17503324406495,0.948813128159305,2.43497004523691,1.80410122053644,2.04080177690406,1.89664763068758,1.12856425527698,0,1.20734637523537,2.91690627682088,0,2.15934433978302
JUNB,1.19187386662563,1.38208994249055,1.87972714014284,2.70196280029649,2.57825797293676,2.33473160505205,2.3058148211864,2.63693436364197,3.18049666087721,3.27652594590786,1.29821557213515,0,2.8277499575278,0
JUP,0.633637495614109,0,0,0,1.86567550035267,0,0,0,1.67088796687131,0,0,0,0,0
KCNMA1,0,0,0,0,0,0,0,0,0,0,0,0,0,0
KCTD12,0,0,0,0,0,0.80513999408211,1.11944743597437,0,0,0,0.637223974276587,0,0,0
KIAA1324,0,1.63857911704547,1.56981306962489,0,0,2.18176443444734,1.57583357696876,2.11874185589288,0,0,0,0,0,0
KIF1A,0,0.822931275081733,0,0,0,0,0,0,0,0,0,0,0,0
KLF6,1.18629285521509,0,0,0,2.31172951955017,0,1.07612247866967,0,0,0,1.01947493748167,0,0,1.96439959516592
KLK1,2.80043641716398,0,0,0,0,0,0,0,0,0,0,0,0,0
KRT18,2.20608827710697,0,0,0,2.80973924472018,0,0.510770337354437,0,0,0,0,0,0,0
KRT19,0,0,0,0,3.47000876578273,0,0,0,0,0,0,0,0,0
KRT7,0.6597095194172,0,0,0,3.38105020706612,0,0,0,0,0,0,0,0,0
KRT8,2.77545562869628,0,0.900252746329882,0,3.52165089738527,0.931183723293054,1.71424138547561,0,0,0,0,0,0,0
LAMB3,0.778881684795484,0,0,0,1.27618741734616,0,0,0,0,0,0,0,0,0
LAMC2,0,0,0,0,1.06759952888654,0,0,0,0,0,0,0,0,0
LAMP1,0.468427138637359,1.55415126090656,1.2836038747629,1.38787579063226,1.57908285935954,1.91333268930518,1.59268359379424,1.85435478512022,1.379336064909,1.22544994013808,2.78889008188357,1.71516413260055,0,0
LAPTM4B,0,0,0,0,1.30910028875468,0,0,0,0,0,0,0,0,0
LCN2,0.290650840705621,0,0,0,3.10949205062709,0,0,0,0,0,0,0,0,0
LDHA,1.45282663339146,0,0,1.71239148141713,1.75726560174151,0,0,0,1.2635068206005,2.32038969833769,1.02296593404476,0,0,2.04617277940495
LDLR,0,0,0,0,0,0,0,0,0,0,0,0,0,0
LDLRAP1,0,0.81159193949078,0,0,0,0,0,1.04593950476556,0,0,0,0,0,0
LGALS1,0,0,0,2.48502594033301,0,0,0,0,2.01943042462646,2.00488250048138,1.49028561722211,0,0,0
LGALS3,0.356445465899913,0,0,1.12866753077871,1.20844975227517,0,0,0,0,0,1.77259489413107,2.55478918571849,0,2.0270055965493
LGALS3BP,0,0.947150952510137,1.03305997324623,1.29586259568267,1.49714706065143,1.20468989756518,1.69008521386133,1.74808668490217,0,0,0,0,0,0
LIF,0,0,0,1.56483025562108,0,0,0,0,0,1.13039784935083,0,0,0,0
LITAF,0,0,0,1.32469865134266,1.63521280083307,0,0,0,0,1.74993442455732,2.11503360415328,1.35803899705343,2.20229764715173,0
LMCD1,0,0,0,0,0,0,0,0,0,0,0,0,0,0
LMNA,1.19098191794962,0.912263058576887,0.895795643950048,1.79150745713942,1.73594638638669,1.41527871966255,0,0.783735668463636,1.25864885082617,1.57679495236477,0.432355413578355,2.59547953850615,0,0
LOXL4,0,0,0,0,0,0,0,0,0,0,0,0,0,0
MAFA,0,0.602583373885331,0,0,0,0,0,0,0,0,0,0,0,0
MAFB,0,1.01613660288736,0,0,0,1.76855047574629,0,0,0,0,2.19696242434216,0,0,0
MAGED1,0,1.23626250096951,1.13602374130006,1.1193691736399,0,0.941000206959205,1.32013966971914,1.595974722407,0,0,0,0,0,0
MALAT1,2.19139363584327,2.96038495783944,2.89530802735467,1.3783135824708,1.56879045527338,3.79872463562883,3.24097826958985,4.30106987888316,1.78278022043689,1.71536068982575,2.37662911674817,1.35803899705343,2.02528374244136,0
MANF,0,0.834005075665483,0,1.23640827406095,0,0,0,0,0,0,0,0,0,0
MAP1B,0,1.23423780715848,1.75116868297081,0.771326268414885,0,0.786185890947932,0.457362770142301,1.69098325331377,0,0,0,2.09630380958665,0,0
MARCKS,1.53867355580104,0,0,1.79729577238275,1.41708677126851,0.933160050441295,0.510770337354437,0,0,2.16737278931781,0,0,0,0
MARCKSL1,0,0,0,0.649863688929352,1.36135192418916,0,0,0,2.07950619223186,0,0,0,0,0
MCL1,2.0185724236781,0.816854315900848,0.928518677681666,1.40822992088578,1.87739526805668,0,1.19706250675864,1.17973716421231,1.41270433358502,1.44239702521545,1.31351627622829,0,0,2.04617277940495
MDK,0,0,1.50427387059023,0,1.14597092005008,1.32617229382077,1.94172274720547,1.17921254503049,0,0,0,0,0,0
MEG3,0,0.81938881834288,0,0,0,0,0,0,0,0,0,0,0,0
MEIS2,0,0,0,0,0,0,1.3343395930464,1.63203772237786,0,0,0,0,0,0
METRN,0,1.04322871273942,0.895795643950048,0,0,0,0.588385408138711,0.991440945044165,0,0,0,0,0,0
MGST1,1.66841843472493,0,0,0,0,0,0,0,0,0,0,0,0,0
MMP14,0,0,0,3.02956000363282,0.521907974680223,0,0,0,0,0,3.085656947985,2.91690627682088,0,0
MMP7,0,0,0,0,1.42607150334066,0,0,0,0,0,0,0,0,0
MSI2,0,1.00176385675901,0,0,0,0,0,0,0,0,0,0,0,0
MSN,0.555871388186431,0,0,1.35275082551643,1.08579142144657,0,0,0,2.25428100916915,1.53497122772073,1.32070033344916,0,0,0
MT1E,0.973342375172432,0,0,0,0,0,0,0,0,0,0,1.09873618325235,0,0
MT2A,1.95587022688285,0,0,1.39155564096696,0,0,0,0,0,1.62712568057733,0,3.6342098655403,0,0
MUC1,0.884995501564206,0,0,0,0.892360366573845,0,0,0,0,0,0,0,0,0
MUC13,0,0,0,0,0,1.74644858335961,0,0,0,0,0,0,0,0
MXRA7,0,2.00264497710472,1.41812221289797,1.34161614651881,0.836222486103458,1.62599092294003,1.00293107054185,1.98714230012926,0,0,0,1.342650890687,0,0
MYADM,0,0,0,1.09141208157141,1.13602374130006,0,0,0,0,0,0,0,0,0
MYH9,1.26298751443179,0,0,2.75259165999392,2.12182599061672,0,0,0,1.97133020021056,2.64772569571836,1.42436933188029,1.35803899705343,1.69250809964093,2.81165471237505
MYL12A,0.935901460989998,0,0,1.06164635249616,1.74033301207027,0,0,0,1.80265215629094,1.13248061848396,1.39371341554308,0.988652866598435,1.97353244382508,0
MYL12B,1.40957072325013,0.795827530598771,0.774490520286333,1.33005346150886,2.21801639750732,0.950434191090439,0.457362770142301,0,2.36925490527963,1.21698040602416,1.01947493748167,1.35803899705343,2.16334976988306,2.15934433978302
NAMPT,0,0,0,0,1.32003367273189,0,0,0,0,0,0.706997188671845,0,0,0
NBL1,0,0,0,2.57267624941393,0,0.803988285491781,0,1.70870579389696,0,1.64517875108017,0,0,0,0
NCOR2,0,0.606419948970474,0,0.40565401965234,0,0,0,0,0,0,0,0,1.67851880140523,0
NDRG1,0.74036024073861,0,0,1.00876396830733,1.02011954522583,0,0,0,0,0,0,0,0,0
NEAT1,0.865114504080873,0,0,0,0,0,0,0,0,0,0,0,0,0
NEURL1,0,0,0,0,0,0,1.67710268455475,1.22450271853488,0,0,0,0,0,0
NEUROD1,0,1.31077535333906,0.959705843970128,0,0,1.10487386217313,1.13862296720149,1.41838132852868,0,0,0,0,0,0
NFKBIA,1.25583510514246,0,0,1.13965881859646,1.80836784757408,0,0,0,1.96960101748885,1.23771302939352,1.00575544585104,0,0,0
NGFRAP1,0,0.914005898687549,1.31814870080208,0.907310499999133,0,1.34242060962306,2.19855572592695,1.53805463686158,0,0,0,0,0,0
NKX2.2,0,0.565101893155634,0,0,0,0,0.608677098619929,0.783735668463636,0,0,0,0,0,0
NKX6.1,0,0.873988409012151,0,0,0,0,0,0,0,0,0,0,0,0
NLRP1,0,1.96653974443546,2.58339429582796,0,0,1.24052830277268,0,1.61964538415303,0,0,0,0,0,0
NPC2,0,0.755749520457765,0.999162230976221,1.85133943324429,0.879076251213105,1.50678096260726,0.769027318430789,1.38429954606209,1.32574109015218,1.13586218477278,3.44716829837127,1.39246688096836,0,0
NPDC1,0,0.95204243490992,1.04743671580402,0,0,1.16933768582485,1.49468981285726,1.95193351336653,0,0,0,0,0,0
NR4A1,0,0,0,0.659357695305541,0,0,0,0,0,1.27694564735282,0,0,0,0
NUCB1,0,0.659117317760333,0,0.790497940713295,0.963986960938943,1.65995798331961,1.57738206740197,1.17036871231726,0,0,0.932141427516757,0,0,0
OLFM4,0,0,0,0,0,0,0,0,0,0,0,0,0,0
PAK3,0,0.668558211626661,0.977425376830611,0,0,0,1.07877862013441,0.932034458661643,0,0,0,0,0,0
PALLD,0,0,0,0,0,1.3553305856497,0,0,0,0,0,0,0,0
PAM,0,2.66998374981435,1.81087977112649,0,0,2.54810104145208,2.22030289486264,2.93130568186902,0,0,0,0,0,0
PAPPA2,0,0,0,0,0,0.885763222481725,0,0,0,0,0,0,0,0
PAPSS2,0,1.81726875053476,0,0,0,1.18642523891732,1.95226285703495,0,0,0,0,0,0,0
PARM1,0,1.46424934430139,0,0,0,1.31892480577522,1.32013966971914,1.43491441796042,0,0,0,0,0,0
PARVB,0,0.872212643430548,1.05429899662903,0,0,0,0,0,0,0,0,0,0,0
PAX6,0,1.78210169627708,0.764824507111836,0,0,1.69691320452753,0,2.91451669452933,0,0,0,0,0,0
PCDH17,0,0,0,0,0,0.919640444753523,0,1.03744984808371,0,0,0,0,0,0
PCP4,0,0.935146904098108,1.75007146816884,0,0,0,0,0,0,0,0,0,0,0
PCSK1,0,2.04911372624816,2.54004009333843,0,0,0,2.27964064059555,0,0,0,0,0,0,0
PCSK1N,0,3.92765901292293,4.12670943960142,0,0,4.55119396881567,4.78626118743518,5.03879821922307,0,0,0,0,0,0
PCSK2,0,1.22715885749368,1.94537630161846,0,0,3.29606324939091,1.50818621972974,2.4491507456522,0,0,0,0,0,0
PDGFRB,0,0,0,3.07811036341823,0,0,0,0,0,3.22864737670168,0,0,0,0
PDIA4,0,0,0,1.11871432084126,0.787799895258458,0,0,0,1.03979158279857,0,0,0,0,0
PDK4,0,0,0,0,0,2.42451738794936,0,1.34657865989821,0,1.81414220671198,0,0,0,0
PDLIM1,0,0,0,0,1.05450631586867,0,0,0,1.12657761372116,0,0,0,0,0
PDZK1IP1,0.98896620526592,0,0,0,1.3469264103912,0,0,0,0,0,0,0,0,0
PEG10,0,0,1.24462815567482,0,0,0,1.58487020655731,2.35391781602004,0,0,0,0,0,0
PEMT,0,2.87909956713223,0.95293742473048,0,0,2.79791813044157,0.725662494426468,0,0,0,0,0,0,0
PFKFB3,0,0,0,0.660501872375936,1.5092968905557,0,0,0,0,0,0.852446211582331,0,0,0
PFN1,1.33682407846023,0.838968301541364,0.865733994698036,2.42714423684556,2.26247121677935,1.66754824238436,1.51356186003313,1.1955282362047,2.30743246392286,2.40159900507621,3.08294989582069,2.50845284366148,0,3.27910096349203
PFN2,0,1.23926424445811,0.837249999206031,0,0,0,1.51201336959993,0,0,0,0,0,0,0
PHLDA1,0,0,0,1.29447698917411,0.430193702965664,0,0,0,0,1.80969670971017,0,1.30598087446893,0,0
PIM3,0.303116955362812,0,0,0,1.25820604281704,0,0,0,1.77847891598354,0,0,0,0,0
PKM,0.582884550432914,1.66453851719726,1.59832429531467,2.70859466044204,2.5400812262787,2.35010434863261,2.89814569136473,2.20860013762391,1.38161862139893,2.71302385206532,3.28309168534444,2.56600072429026,3.11079170786195,0
PLA2G1B,5.93710241632542,0,0,0,0,0,0,0,0,0,0,0,0,0
PLAU,0,0,0,1.40784908886035,0,0,0,0,0.86535985285445,0,0,0,0,0
PLAUR,0,0,0,0.922725021880967,0.838624061272494,0,0,0,0,0,1.69072940923301,2.30372959388416,1.67851880140523,0
PLCXD3,0,0.87202615311394,0,0,0,0,0,0,0,0,0,0,0,0
PLD3,0,1.53712819347542,2.06172329840316,0.949312360213456,0,2.38827800184023,2.46337556160481,2.1600106955379,0,0,3.35101650965257,1.64589574909935,0,0
PLIN2,1.05329888869459,0,0,2.47412463912282,0.591743317740069,0,0,0,0,2.0110656114805,3.32560420233072,0,0,0
PLIN3,0,0,0,0,0,0.888082549818836,0.457362770142301,0,0,0,0,0,0,0
PLOD2,0.647230580780269,0,0,1.31297402952124,0,0,0,0,0,0,0,0,0,0
PLP2,1.63139300897436,1.023810081542,0.893045245678613,0,1.0606957600344,1.57982619297132,0.510770337354437,0,0,0,0,0,0,2.04617277940495
PLVAP,0,0,0,0,0,0,0,0,4.8596719032453,0,0,0,0,0
PLXNB2,0,0.623775647683144,0.774198361686248,0.830620818605045,1.43637758417058,0.680568729049073,1.5249958989065,1.72804579040888,0,0,0,0,0,0
PMEPA1,0.338292093189506,0,0,2.19061226313806,3.04562812562569,0,0,0,2.11387485931883,2.10755770200596,0,4.36953367435183,0,0
PNLIP,3.54350437895654,0,0,0,0,0,0,0,0,0,0,0,0,0
PNLIPRP1,3.60689808132188,0,0,0,0,0,0,0,0,0,0,0,0,0
PNLIPRP2,2.45668093138523,0,0,0,0,0,0,0,0,0,0,0,0,0
PNRC1,0.903024568760993,0.670131334478587,0,1.02472734290023,1.5782649134301,0,1.00582307766771,0,1.03127547135213,1.14811454946147,1.41467707389067,0,0,0
PPP1R15A,0,0,0,1.29798193710167,1.41514970924574,0,0,0,1.60558965976503,1.05443719999686,1.57597960518378,2.04499914581383,0,0
PPP1R1A,0,2.8879732060315,2.00628389035296,0,0,2.32966258717839,0,0,0,0,0,0,0,0
PPY,0,0,0,0,0,0,0.987213473500678,9.7900957710596,0,0,0,0,0,0
PRDX1,0.954002577821828,1.01883117742623,0,2.0836576143381,1.81726875053476,0,0.519863258674118,0,2.12474533410469,2.29502551563658,2.07800832777936,2.72689115813225,0,0
PRKAR1A,0,1.16625511072469,1.334413715501,0.94207883388173,0.727284136928181,1.24609990019034,0.583725879821141,1.27384984421947,1.15838392034456,1.76823464032184,0.540079927525516,1.09873618325235,0,0
PRSS1,6.88360155600357,0,0,0,0,0,0,0,0,0,0,0,0,0
PRSS2,7.82330921605854,0,0,0,0,0,0,0,0,0,0,0,0,0
PRSS23,0,0.849167511400973,0.883650319658529,0.927290709264079,0,0,0,1.2502393799511,2.83796240977812,0,0,0,0,0
PRSS3,3.56417699980331,0,0,0,0,0,0,0,0,0,0,0,0,0
PRSS8,0.69721091043895,0,0,0,1.78438895989333,0,0,0,0,0,0,0,0,0
PTMS,0,0,0.829858788297739,1.44921756509383,0.999162230976221,1.2250709894384,1.19706250675864,1.17921254503049,1.18203343785922,1.79519916582751,1.32883187975612,0,0,0
PTP4A1,1.25490777819863,0,0.52583484102107,0.950035399060624,1.63215507501871,1.54691887095434,2.10229077390036,1.18873168313845,0,1.13586218477278,0.561319472842848,0,0,0
PTP4A3,0,0,0,0,0,0.922252643220619,0,1.5690056210669,0,0,0,0,0,0
PTPRF,0.539486012563353,0,0,0,1.58499967010043,0,0.987213473500678,0,0,0,0,0,0,0
PTPRN,0,2.74836541726561,2.72335382221006,0,0,2.65719131304934,2.41701094537144,3.01273734658533,0,0,0,0,0,0
PTPRN2,0,0.725106304991752,0.804656365516411,0,0,1.15820895217102,1.24582289608234,1.21530134804752,0,0,0,0,0,0
PXDN,0,0,0,2.81629979883492,0,0,0,0,3.40968346429374,1.38086565919403,0,0,0,0
QDPR,0,0,1.32159033487904,0,0,1.13424929588834,1.5288633864254,1.27694564735282,0,0,0,0,0,0
QPCT,0,0,0.746620837847644,0,0,0,0,0,0,0,0,0,0,0
RAB11FIP1,1.29725183809542,0,0,0,1.49607952299366,0.685233514638769,0,0,0,0,0,0,0,0
RAB3B,0,1.51375942627768,1.01307519825363,0,0,1.56610987756504,1.06603986876223,1.26506305055776,0,0,0,0,0,0
RASD1,0,1.97637267903247,0.587508887381824,0,0,1.02342033338465,1.58487020655731,1.68227430518867,0,0,0,0,0,0
RBP4,0,0.911445272220935,3.69259497551182,0,0,0,0.492160733187409,0,0,0,0,0,0,0
REG1A,8.6415919032362,0.72110590553481,0.732005504903285,0,1.15259378222749,0,0,0,1.12285459450057,1.15226072594357,0,0,0,0
REG1B,6.25933335173514,0,0,0,0,0,0.495052740313269,0,0,0,0,0,0,0
REG3A,0,0,0,0,0,0,0,0,0,0,0,0,0,0
REG3G,1.35553681762543,0,0,0,0,0,0,0,0,0,0,0,0,0
RGS2,0,0,1.08505716427934,0,0,0,0,0,0,0,0,0,3.11079170786195,0
RGS4,0,0,0,0,0,1.7755269748693,0,0,0,0,0,0,0,0
RHBDD2,0,1.15309374684298,1.02765952493055,0,0,1.5206587387716,1.10824866681283,1.45132498885294,0,0,0,0,0,0
RHOB,0,0,0,0,1.32617179676049,1.46682251629191,0,0,2.01736713996682,0,0,2.39474514289538,0,0
RHOBTB3,0.430999611653151,0.989257583981844,1.01345682348739,0.603242788457287,0,0,0,1.03798459913789,0,0,0,0,0,0
RHOC,1.46993515069032,0,0,1.27344973408121,2.07451510702531,0,0,0,1.87310859215865,1.13586218477278,0,2.85866945359904,0,0
RNASE1,2.0771137783489,0,0,0,0,0,0,0,0,0,0,0,0,0
RPL12,3.33359142934027,1.96439959516592,1.60068149324566,2.43200821129374,2.17710059253338,2.12785440540988,1.17211128795985,1.62328905034656,1.58326913838764,1.81798509811369,1.57062143023232,2.43764142402173,2.73340696850312,1.96439959516592
RPL13AP17,1.90300861137535,1.14861043211457,0.844690513134842,1.61045471556801,1.38368500542039,1.60270812665449,0.968133107496738,1.23965269289685,0,0,0,1.64589574909935,2.01786136788783,2.04617277940495
RPS4Y1,1.9089455123265,0.780381482602617,0,0,0,0,1.32671193099028,0,1.29375238856146,1.58797638423659,0,0,0,0
S100A10,0.59552259625192,0,0,0,2.53856041193815,0,0,0,0,0,1.45794863700852,2.55478918571849,0,2.76659626620007
S100A11,2.88458727866982,0.947150952510137,0.999162230976221,2.59333748212828,3.86195708207956,1.16001499935422,0,1.23829425213094,2.25900453422522,1.82762794513298,3.56414653257864,2.43764142402173,2.20229764715173,2.0270055965493
S100A16,0,0,0,1.29447698917411,1.57256522687391,0,0,0,1.6605690721324,0,0,2.30372959388416,0,0
S100A6,3.18568619687409,1.10373129501245,2.34603506705321,2.33552222063917,4.06454815265692,1.35509561809914,4.19433808626286,2.05601433127305,0,0,1.85529222407313,5.86620950618821,3.29010825602027,2.90989279791936
SAT1,2.66207234613734,0,0,1.7858113615629,3.25900302206893,0.96232831514231,0,0,0,1.02739759288648,3.76337519336999,1.64589574909935,2.18706962289744,0
SCD,0,1.20104307411406,0.77266822400852,0.810478746595015,0,0.873473732328957,0,1.03798459913789,0,0,0,1.98294565550919,0,0
SCG2,0,2.82027046036478,1.93757401142126,0,0,3.18191911282574,2.06905295767387,4.18024685052656,0,0,0,0,0,0
SCG3,0,1.18377566935189,0.93278377447692,0,0,0.93155356823903,1.46071505315438,1.25321429188161,0,0,0,0,0,0
SCG5,0,3.47033312353145,3.18249018565751,0,0,4.08851459864772,2.26341958916274,3.79259420973588,0,0,0,0,0,0
SCGB2A1,0,0,0,0,0,0,0,0.7814218514547,0,0,0,0,0,0
SCGN,0,2.91737542883472,2.5266141600315,0,0,2.40346455945141,2.5469073532986,2.51919540603703,0,0,0,0,0,0
SDC4,1.27907052389628,0,0,0,2.22133470232246,0,0,0,0,0,0,0,0,0
SDF2L1,0,1.05058174926704,1.00839295876378,0.857956628645624,0,0.924244135063157,1.47803860989704,0,0,0,0.540079927525516,1.0471641630046,0,0
SEC11C,0,1.63332962747996,2.621541449741,0,0,0.839581945594965,1.52683507465134,1.73567724742059,0,0,0,0,0,0
SEMA4B,0,0,0,0,0.822627978807213,0,0,0,0,0,0,0,0,0
SERINC2,0.431953133110222,0,0,0,2.01327784144677,0,0,0,0,0,0,0,0,0
SERPINA1,0,0,2.97467087927715,0,2.85372377449399,3.48189281449092,3.77928864242511,0,0,0,0,0,0,0
SERPINA3,5.1783719365155,0,0,0,3.80071622157498,0,0,0,0,0,0,0,0,0
SERPINB1,2.17982340761733,0,0,0,1.12514678400907,0,0,0,0,0,0,0,0,0
SERPINE1,0,0,0,2.9623297087307,0,0,0,0,3.43286519587575,0,0,0,0,0
SERPING1,0,0,0,1.58126992525156,1.88150054776317,0,0,0,0,1.04282335767444,0,0,0,0
SERPINH1,0,0,0,2.88054788341442,0,0,0,0,1.74790587579005,2.53086792089887,0,0,0,0
SEZ6L2,0,1.42883046836295,1.21530134804752,0,0,1.88453227632247,1.6226491466645,1.5389823016964,0,0,0,0,0,0
SH3BGRL3,1.57286268573304,0,0.932355441450933,1.88037258130657,2.17750816014307,1.12538483131423,0.492160733187409,0,1.8186135482358,1.43784398066973,2.08090440797351,1.64589574909935,3.25992483922688,4.03367874185491
SLC22A17,0,0.911445272220935,1.32695739490203,0,0,1.80131759892433,1.34372965734784,1.28569976565052,0,0,0,0,0,0
SLC29A4,0,0,0,0,0,0.962555655055552,0.457362770142301,0,0,0,0,0,0,0
SLC30A8,0,1.94969837523947,0,0,0,1.14506658857896,0,0,0,0,0,0,0,0
SLC39A14,1.45660744525498,0.87464451803086,0,0.731890123648629,0.888564361184026,0,0,0,0,0,0,0,0,0
SLC3A2,1.20653639348643,0.877845828307829,0.993878677732278,0.944896414584847,0.712190683320586,1.10039614352272,0,0,0.949694048507316,1.06674912693807,1.60236989676894,1.0471641630046,0,0
SLC6A6,0,0.837507283176059,0,0,0,0,0,0,0,0,1.38701051565825,0,1.82626918196051,0
SLC7A2,0,0.92724700358917,0.901748639209811,0,0,2.33888777163628,0,1.08081888318897,0,0,0,0,0,0
SLC7A5,0,0,0.775075515343445,0,0,0,0,0,0,0,0,0,0,0
SLC7A8,0,0.971618738608485,0.956986552387173,0,0,1.11409934854232,0,0,0,0,0,0,0,0
SMARCA2,0,0,0,0,0,0,0,0,0,0,0,0,0,0
SMIM24,0,0,0,0,0,0.842513589826464,0,0,0,0,0,0,0,0
SMOC1,0,0,1.00575544585104,0,0,1.24826455437266,1.96213069135867,0.843470012928471,0,0,0,0,0,0
SNAP25,0,0,0.837249999206031,0,0,0,0,0,0,0,0,0,0,0
SNHG5,2.17670275429271,1.26486023977401,0.84434142829289,1.77797340635766,1.46814755496161,1.22915918516894,0,1.10862073020904,0,0,0,0,0,0
SNHG8,1.69605590081644,1.45514888115312,1.046483428114,0,0,1.50163238972035,0.952415510455569,0.707118500896549,0,0,0,0,0,0
SNRPN,0,1.96935684557524,1.60779924210221,0.182033002513662,0.811913767982003,1.90229631777674,2.47572977367207,2.124546627414,0,0,0,1.0471641630046,0,0
SOD2,4.33472412407119,0,0,1.10365552535775,3.32389583929285,0,0,0,0,2.02127923448955,2.95156650643501,0,0,0
SORL1,0,0.919900095330239,1.00600601907593,0,0,0,0,0,0,0,0,0,0,0
SOX4,1.47997879785261,0,0,1.61147832451723,2.70792796982669,0,0,0,2.286426294011,0.857188379811886,0,0,0,0
SPARC,0,0,0,3.88576798916516,0,0,0,0,3.43712320347828,3.44828255097955,0,3.62957853727292,0,0
SPATS2L,0,0,0,1.4262549138022,1.36551756096526,0,1.57738206740197,0,0,0,0,0,0,0
SPINK1,5.95971852685784,0,0,0,0,0,4.52609252725166,0,0,0,0,0,0,0
SPINT1,0.754057246202195,0,0,0,1.86960334869131,0,0.510770337354437,0.815877534008622,0,0,0,0,0,0
SPINT2,1.13167919606706,2.11450509639427,2.32197269802757,0,2.62026003377229,3.27583495290896,2.1513245504704,2.63693436364197,0,0,1.02700495556125,0,0,0
SPP1,0,0,0,0,0,0,0,0,0,0,0,0,0,0
SPTBN1,0.458061319257034,0,0,1.41988042120016,1.82717477023009,0,0,0,2.29981603357867,1.43491441796042,0,1.92984307267427,0,0
SQSTM1,2.88432473368835,1.84627506937247,1.52367904452015,2.55599106891678,2.77212652878497,1.70313934104512,1.68796446539668,1.94311491328153,2.90410826262227,2.94037133844428,2.79537542713018,3.06394961155176,3.052137542894,2.29041558718678
SST,0.417698654250605,2.49218902297274,10.9928809775106,1.75356514419542,1.50722416872729,1.57029980254437,4.56833456829497,2.62453757762183,3.42713053688696,3.72532573134929,2.44794875565781,3.23732089014375,3.98116308332106,3.70506973136721
ST14,0.36665994804253,0,0,0,1.66450787354566,0,0,0,0,0,0.929581165312286,0,0,0
STC1,0,0,0,0,0,0,0,0,3.43107076310975,0,0,0,0,0
STMN2,0,0,0,0,0,0.740039542519217,0,2.17648957939133,0,0,0,0,0,0
STX1A,0,1.29351839695742,0,0,0,0,0.94952350332971,0,0,0,0,0,0,0
STXBP1,0,0.906065453440557,0,0,0,0,0,0,0,0,0,0,0,0
SURF4,0.712591203302773,1.97056701993615,0.940455037967129,1.48073689772204,0.83939901065502,1.58001134130217,0,1.15292704124686,1.07737854389041,1.31825942224327,1.20734637523537,0.988652866598435,0,2.09011216738139
SYCN,3.9695433742968,0,0,0,0,0,0,0,0,0,0,0,0,0
SYNGR4,0,0,0,0,0,0,0,0,0,0,0,0,0,0
SYNPO,0,0,0,0,0,0,0,0,1.39649957654998,0,0,0,0,0
SYT7,0,1.33056141664756,0.857548484176838,0,0,0.963814970116486,0,1.19104761716638,0,0,0,0,0,0
TACSTD2,0.821428548231525,0,0,0,3.32090530979635,0,0,0,0,0,0,0,0,0
TAGLN2,2.98657810384096,2.11831728350824,1.76153054751389,2.76341865320739,3.664461231763,2.3379273444987,3.12448458835923,1.49462645627598,2.81304085100272,2.40806817230192,1.90060181356409,3.19003952810744,2.607005168533,2.81165471237505
TAPBP,0.742442450048532,0,0,0,1.7323208626166,1.47608936568192,0,1.16149425148231,0,0,1.61087109844731,0,1.935505496341,1.55875011008032
TFPI2,0,0,0,0,0,0,0,0,0,0,0,0,0,0
TGM2,0,0,0,0.753110063176608,1.1739932958608,0,0,0,0,1.34426523094436,1.17938736338444,0,0,0
TIMP1,0,1.86504245509204,2.29525659792768,6.42096063962298,1.0718013732709,2.53700088324354,2.04274205513294,2.40691498713745,1.97813671694281,3.85400606910267,2.73213452422606,2.81453428087012,0,0
TIMP2,0,1.61309771803208,1.15142897093017,1.87289616934896,1.34897818528088,0,0,0,0.894249585563219,0,2.31042416237399,2.43764142402173,0,0
TINAGL1,0,0,0,0,1.41476298225565,0,0,0,0,0,0,0,0,0
TKT,2.08718673653325,0.764113053249716,0.74331420190977,1.68227432858673,1.38799915744398,0.96749838522467,1.1037298389332,0,1.03372660534123,1.56257866701591,1.3452666703781,1.342650890687,0,0
TM4SF1,2.54913073035895,0,0,0,2.94902869073648,0,0,0,2.53512438495192,0,0,0,0,0
TM4SF4,0,0,0.84582709191075,0,0,3.1444430385499,3.48042249753498,3.07566977460327,0,0,0,0,0,0
TMBIM1,1.57538228003435,0,0,0,1.87739526805668,0.826424973408766,0.510770337354437,0,0,0,1.13424927185504,1.32695739490203,0,0
TMED3,0.740604118643593,1.77627054552982,1.31825942224327,0.939971561718997,0.514642951590133,1.68813297655882,1.6510614172931,1.62033802426251,0,0,0,1.0471641630046,0,0
TMED9,0.969641030621154,1.32628396415515,1.04743671580402,1.93363656330913,1.65600684765195,1.32415706470711,1.84313562764634,1.42241073209598,1.48311956659012,1.41941881388371,1.81995834593685,1.81637421167134,0,0
TMEM176A,0,0,1.16268062326213,0,0,2.67855244672172,2.79903414820674,2.12599028507736,0,0,2.03431324420603,0,0,0
TMEM176B,0,0,1.34242060962306,0,0,2.8749716807929,2.47953409786277,2.36035286106138,0,0,2.52511216885593,0,0,0
TMOD1,0,1.64213920086051,1.51855128990266,0,0,1.03405587041211,0,2.03837798302028,0,0,0,0,0,0
TMSB10,2.56140395969256,0.682823477470272,0,3.78655887091452,4.15269962903071,1.26021582489804,1.51201336959993,1.22054126568284,4.39845257032596,2.39688184318097,3.30934700609401,4.28051305789443,1.935505496341,3.27910096349203
TMSB4X,4.93544240165502,1.28486053495279,2.50909100098458,3.65628042046694,5.36657137550898,2.25962316378302,1.00582307766771,1.71457476217996,4.46064409139267,3.1638297937399,6.1107800040006,3.54189948806749,5.58122487454386,6.69146709762985
TNFRSF12A,1.44498096254642,0,1.22563957079468,1.62451507273504,2.54780239068217,0,0,0,0,0,0,2.50845284366148,0,0
TPD52,0,1.2800575116243,1.26689146456526,0,0,0.968599264312499,0,1.03744984808371,0,0,0,0,0,0
TPM1,0.394147074392161,0,0,1.20560583909684,2.21721230245951,0,0,0,0,0,0,0,0,0
TPM4,0.396948669845693,0,0,1.89461673168448,1.75199260576132,0,0,0,1.5170508639516,2.06376761034521,1.48254077803714,1.35803899705343,0,0
TPPP3,0,0.766037095243382,0,0,0,0,0,0,0,0,0,0,0,0
TSC22D1,0,1.93619443889944,0.70992044973999,0.656164721644237,0.900153202268118,1.03193551676027,0,0.99326807738492,2.06316887637211,1.13586218477278,0,0,0,0
TSPAN1,0,0,0,0,0,0,0,0,0,0,0,0,0,0
TSPAN13,0.530904601302163,1.23674560966903,0,0,0,0,0,0,0,0,0,0,0,0
TTC3,0,1.50118956192768,1.30532998081598,0.381385709554748,0,0.969931333753326,1.72391825425049,1.46480485657047,0,0,0,0,0,0
TTR,0,3.23777323062519,2.71327823004551,0,0,8.06121198107444,4.91146261014454,4.52099933313093,0,0,0,0,0,0
TUBA1A,0,2.43704716279514,2.39176155474105,1.44853929120017,0.984680910425912,2.35583330274079,2.25102886170066,2.61653157327369,2.03103767950019,1.87835938210945,0.617127331881379,1.92984307267427,0,1.96439959516592
TUBA1C,1.96514323652342,0,0,1.85098360267947,1.55684352718421,0,0,0,1.80464765616201,1.90656849032244,1.2141846976844,1.0471641630046,0,0
TUBB,2.10840391586701,1.83950039947375,1.65021230082663,2.80184972875554,2.3170344552783,1.89870476125629,1.03063359602856,0.839657654421531,2.42817608623848,2.88546311861498,2.1527073567128,2.14568069262058,1.82626918196051,3.42940644239684
TUBB4B,1.19098191794962,1.29842994479677,1.20240743113683,1.39155564096696,1.45830630772445,1.32594801960388,0.987213473500678,0,1.43352163376084,2.31565628365417,0.853069438981946,1.81637421167134,0,2.04617277940495
TUSC3,0,1.08447050650448,1.37393151960849,0,0,1.52567552051266,1.60085572777987,1.35591837610978,0,0,0,0,0,0
TXNIP,0,0,0,0,0,0,0,0,0,0,1.01947493748167,0,2.02528374244136,0
UCHL1,0,2.73459595569582,2.34562907740527,0,0,0.993146611625019,2.16912785946496,2.12086771786549,0,0,0,0,0,0
UCN3,0,0.936117213968869,0,0,0,0.746313492818483,0,1.24767322577328,0,0,0,0,0,0
UGDH,2.68994432760315,0,0,0.733659731314,0,0,0,0,0,0,0,0,0,0
USP11,0,0.840866828628036,0,0,0,0,0.495052740313269,0,0,0,0,1.39246688096836,0,0
VAMP2,0,1.7868264228891,1.69607799903912,0.458353770391,0,1.74720336775253,1.89051271584391,2.17513322359916,0,0,0,1.30598087446893,1.761947882972,0
VAMP8,1.31748479921847,0,0,0,1.55962567131781,0.806401273127902,0.987213473500678,0,0,0,1.57159266922278,0,1.77457196587521,2.0270055965493
VEGFA,0,1.6959502141364,0,2.34263004750009,1.35650672461103,0.827928397346628,0,0,0,1.06336162972781,0,0,0,0
VGF,0,2.57331711624343,0.928412567064772,0,0,4.15080097610429,1.75287276683436,2.18227649367846,0,0,0,0,0,0
VIM,1.65718144932857,0,0,3.3438028106927,0,0.976629657206311,0,0,2.99712869856111,2.36966980268037,2.73213452422606,2.78451884443931,4.20485069748842,2.09011216738139
VMP1,0.677177854478991,0,1.06958932254818,1.29447698917411,1.25600447675107,0,0,1.3040302685843,0,1.14811454946147,0.852446211582331,0,0,0
VSTM2L,0,0,0,0,0,0,1.94466593138562,0,0,0,0,0,0,0
VWA1,0,0,0.635901554339933,0,1.17991214674018,0.821326019708315,1.4443660123609,1.26770589847323,2.24975936049632,0,0,0,0,0
WNT4,0,0,0,0,0,0,0,0.821609483142263,0,0,0,0,0,0
WSB1,0,0.69384866768035,0.561433338188129,1.23140553732727,1.2767387622556,0.941001254447536,1.4443660123609,1.19642863788672,0,0,1.37187790401919,0,0,0
XBP1,1.61831970411034,1.80689391244997,1.44159128121629,1.11233801248039,1.25570489719489,1.40733081153277,0.608677098619929,1.41039595708577,0,1.06336162972781,0,0,0,0
YBX3,1.55023696608695,0,0,1.02968831814838,1.37793687110488,0,0,0,1.27348934107904,1.51346102913004,0,0,0,0
ZFP36,0,0,0,0,1.66019960074821,1.56570458656605,0,0,1.11463890800622,0,2.06756958853489,0,3.54931043649785,0
ZFP36L1,2.3304982230462,0,0,2.09439766375541,2.91499821127764,0,0,0,0,2.1037907074687,1.89697642936128,1.32695739490203,1.761947882972,2.76659626620007
ZNF395,0,0.860985073362155,0,0,0,0,0,0,0,0,0,0,0,0
