,delta,alpha,gamma,ductal,acinar,beta,unclassified endocrine,co-expression,MHC class II,PSC,endothelial,epsilon,mast,unclassified
AACS,3.43537071881085,4.31968678702555,1.5793377733191,3.35995359750404,3.64641716989573,5.78118204337785,0,5.12457425734491,0,0.431547742036624,0,0,0,0
ABCC3,0,0,0,6.31687001888918,5.22327564913223,0,0,0,0,0,0,0,0,0
ABCC8,7.17722734394415,7.09375450010575,8.09777182389421,0,0,9.11406033671134,3.34779019661686,8.81696297130865,0,0,0,2.99232835428743,0,0.647559586290685
ABHD4,0,0,0,5.50519048489125,3.91288185731362,0,0,2.66009024976347,2.42638535967253,4.33280714157201,0,0,0,3.02417134224971
ABLIM1,3.49838476593241,5.57697254369894,1.27834005855407,5.49475798858775,3.98252926543955,4.22706416365455,0,5.13217903369981,0,0,0,4.67540674000042,0,3.56760874000281
ACAA1,3.11327287296207,2.80944972995639,2.58638287317079,5.86831636982411,5.3478085007538,2.52885517684134,0,4.04948156194169,5.60951696985389,4.17499062011782,0,4.66467562786577,5.54937855352647,2.82641630347354
ACTN1,4.54892496463964,5.29884594668531,4.70681600824427,5.97424769742097,5.82380919412164,1.12834986459834,0,4.38770113967245,6.73933872850826,7.48860395643643,1.17332162991663,0,0,2.61694062765526
ACTR1B,3.89977187493222,3.49377191017754,3.55607715377998,5.20322917231298,4.92969853323517,4.38686972375933,0,4.5756889403971,3.62949281768394,4.23797977583746,0,2.4243971403209,0,2.6563543095282
ADAMTSL2,1.83990947626473,3.89335217277544,5.40202706280548,0,0,2.00663098782345,0,2.74664728604003,0,0,0,0,0,0
AGPAT2,3.13737492627008,3.78677573585068,5.24134462961511,5.62925326783784,5.78043158566883,4.07448914648645,0,4.31732337092599,4.87192939316162,3.9404308625935,0,0.659739816903006,0,2.1866440942795
AGT,0,3.52596186832088,0,6.13048163163862,2.93644543565156,0,0,3.88210157758492,0,2.29843601112542,0,1.16916701888942,0,3.52427853114136
AGTRAP,0,2.86720652085643,0,5.04182488572686,4.81355178330879,3.26015301348706,0,3.49542163366498,4.06622851529581,4.94298166653201,0,0,0,2.75200605191543
AHCY,2.38472352554639,3.12599886024521,0,4.80559439497867,5.44486149920304,3.5867896561522,0,4.73856108077285,5.092075694322,4.63372455766427,0,0,0,2.63691662546088
AKAP13,3.15186695488433,2.15922435009456,4.30973244464941,5.51179489553525,5.38337251487178,0,0,3.27494844421622,5.662869933978,5.4089334022307,1.44731856381599,0,3.08228959537126,4.18414178756024
AKR1C3,0,0,0,6.12132612976524,7.51398455049804,0,0,0,0,0,0,6.57890418815962,0,0
ALDH2,5.27841134067993,4.62676178620311,5.06394908579113,5.99793246919536,6.30205269639909,3.22377354491447,0,4.61018923884795,5.91012216521831,4.34478690904578,4.72424974666575,5.31359248495373,0,3.28262738883632
ALDH3A2,2.04109603636689,0.369969694602897,0,6.74992448240196,5.58119273849996,0.716226424978416,0,2.31805141041034,0,0,0.254755522191811,3.73078945879724,0,2.73269890456645
ALG3,2.15847930955034,3.48592379549674,0.574066564642042,5.04700210361059,5.17208517061251,2.54883353891478,0,4.11537085064891,4.34436808974948,5.14881665805794,2.8282474348622,0,0,2.57524832177811
AMBP,0,0,0,6.71480990590228,5.73331217289663,0,0,0,0,0,0,0,0,0
AMPD2,5.09111915441592,4.5186031992241,5.24046162351915,1.06104522728409,3.00435879958161,5.82962527183725,0,5.28016097736465,0,4.52105869273662,0,0.699915003407945,0,0.217669779702545
ANKH,4.5103200170512,5.09468003019684,5.42819306215268,0,2.32632593450752,5.54552039797352,0,5.75192431282712,0.514512363888487,3.73867821826369,0.940339030452631,6.07771968646573,0,0.217669779702545
ANXA2,0,4.93546750233772,0.468773056398817,9.09181397820578,6.02430725777527,3.99404020238024,1.25014570490977,4.71701329619429,7.7768730294125,7.270665119156,7.94449299066494,2.85565924845005,0.97897595989246,10.0149472074351
ANXA2P2,0,3.70773237535649,0,8.13675745591614,5.00002442396114,3.02599377686949,0,3.65440355391344,6.88148313002329,6.47115128969666,6.9092371361338,0,0,9.10754664575139
ANXA3,0,0,0,6.68150969122929,2.19068239625313,0,0,0,0,0,0,0,0,0
ANXA4,0.742020397551401,4.11781436337657,1.90075244476518,9.86647132565144,7.52141519796077,0,1.48152501786876,3.38745118779735,4.93444175507253,4.2885901848618,2.57739895297686,1.62267143420738,2.4446489180307,0.217669779702545
ANXA6,5.51135049769528,5.24404395761173,5.05045529698915,0,3.02167748374865,5.42726883888355,0,5.35719259753588,6.56694462258659,6.06416948454038,0,0,0,0
APBB1,5.86682148619499,5.22965837804695,4.4920719478363,1.93438395005307,0,4.58744125679641,0,5.53921596207154,0,1.02230650149521,0,6.32399005954228,0,2.6563543095282
APH1A,0,2.38485712184803,0,5.6948850982263,4.73362410893471,3.58005335465845,0,3.92829151600525,5.7917858620939,5.04511857141071,0,0,0,0
APLP1,5.94278405615133,6.77046291293924,7.27695119708124,0,2.93644543565156,6.58300929728936,0,6.72404996441669,0,0,0,6.85274180829708,0,0
AQP3,4.89803823778548,0,5.11037833032643,0.554877213373317,4.0532101678579,0,0,0,0,0,0,1.89843417117857,0,0
ARRDC4,0,4.99639544461476,0,0.141440362952588,1.22009846939744,0,0,3.68408639325102,0,0,0,0.659739816903006,0,0
ARX,0,5.27389776279678,6.20091130998331,0,0,0,0,3.84751572159383,0,0,0,5.61704863892134,0,0
ASNS,5.08683908576987,3.78260252228276,3.08508308657973,3.43376658733906,4.78056743100714,5.64640208935313,0,5.60871787093041,0,6.02695654436167,0,4.85370024462057,0,3.22392281632865
ATP2A3,5.80491962096968,5.10175123452335,6.1871519573304,0,1.71530711239026,7.15120277005667,0,6.85713456721758,3.35006048711169,0,0,4.3724730764091,0,0
ATP6V0E2,5.29900629131363,5.99475448899324,6.65044813855425,4.87612299392529,2.97457910383662,6.96190064900643,0,6.86956306682997,1.26813251881773,0,0,5.70941595978233,0,3.3491848588687
BACE2,0,0,0,6.73857166294511,6.18881497360159,0,0,1.64132073854455,0,3.2187304087011,0,0,0,1.9462410810512
BAIAP3,6.51918874891664,3.57299146964193,4.93361875522009,0,0,2.42081164004263,0,4.18028865948258,0,0,0,0,0,0.217669779702545
BCKDK,0.366135303236935,2.09861027834892,0,4.97710642437064,4.91591318176364,3.41160301768424,0,3.84095956549275,1.50557721411344,4.87927475307481,0,5.37802040738574,0,2.54605152506959
BEX1,8.11253537154903,7.64186516822195,7.39889305453143,0,0.486042165727259,7.84106747871771,2.68045986293578,7.79987957235261,0,0,0,8.23077540572951,1.4113750339586,3.22392281632865
BHLHE40,0,0,0,5.34353888145925,4.49421764199534,4.14662511259028,0,3.32456362392971,4.71989134449041,6.47893638685767,6.14513254048946,0,7.59892066904038,2.88771270100799
BTG2,1.54885341240336,4.21992811829662,4.83609566773432,4.20622330471724,5.88615391510668,0,0,4.14709308076257,4.40102059304688,0,0,0,6.74767696049226,0
C10orf10,1.66506396081242,7.55548814594633,6.47231682801526,4.87192202592591,6.0281953610485,5.35277973329067,2.77285741657007,6.78843749991328,0,0,0,6.68118372791359,1.12111005493759,0.647559586290685
C12orf75,0,6.5849564450105,5.4178567224836,6.80867908568733,3.81021268586128,5.67112133056353,0,6.25495272195184,0,0,0,5.42073195412039,0,0
C14orf132,5.12607740014608,4.00911862442922,2.8075349921726,0,0,6.18687365764058,0,5.50898001990874,0,4.1809743513522,0.965176965680731,3.75806252578152,0,0
C15orf48,4.95042156471933,5.30644286820943,5.37469754317078,2.86468548859107,7.65939846275563,3.2291399355729,0,4.94126108484141,0,0,0,5.45835952888049,0,0
C16orf45,5.06274485961426,4.50889590559533,5.95484684661987,0,3.59734922406684,3.27377518357738,0,4.18067843716344,0,5.00735411917867,0,0,0,0.42988980658814
C1orf116,1.64789597565667,0,0,4.83509627862551,4.07394911300294,3.49219884080529,0,3.38656535854824,0,0,0,0,0,0
C3,0,0,0,7.34372189134567,7.4114862875594,0,0,0,0,0,0,0,0.871806429208249,0
CADM1,6.53804545568779,4.48050167408114,4.3758429444002,4.40264484817754,0,7.14432294004468,0,6.81596082893883,6.81099110066638,0,0.324589399577081,0.659739816903006,7.32204854611692,7.17318341645245
CADPS,5.89055208324994,4.98297312495452,5.88324960390212,0,0,5.06020493301756,0,5.50810436556321,0,0,0,3.08625880050794,0,0.384656577935218
CALD1,2.73779353174413,0,0,6.04714327238221,1.71465077533139,0,0,2.58092406143942,0,9.03277429592271,5.90105612010011,7.11471538518411,0,7.0402697681865
CALY,4.31923285492856,3.50513809555102,3.28844161348405,0,0,0,0,4.01906248086865,0,0,0,2.69154711623787,0,0
CAMK2B,4.9589966087859,4.48826429393883,4.81576055477175,0,0,4.83160037961078,0,4.72513661287665,0,0,0,4.17461445380469,0,0
CAPN2,5.45606762269265,4.30629251095755,3.94165283109518,7.40415728207518,6.00916319123665,5.02367046607378,0,5.10802234709072,0.653170269244622,6.26284175688615,5.77650610587478,2.14081279864741,0,5.46165907893771
CASR,6.21774023614402,0,0,0,0,6.2863993787649,0,5.39305619091923,0,0,0,0,0,0
CCND3,4.84906939329943,5.29697874381505,4.22194449472542,3.82961685344427,3.17198577885601,5.24671773602084,0,5.48906639784854,0,3.94821683734051,1.74458497551276,3.25237053217431,0,5.41558008038192
CD200,4.72385875390902,4.73223495789584,5.40399439476945,0,0,5.62951356083298,0,5.38509960917794,0,0,4.79663418381604,0,0,0.217669779702545
CD24,4.74391770130533,3.56275836129791,0.4771602305853,9.49864286270155,8.74848634452098,5.45558052147965,0,4.93625400923111,0,0,0.169402425754197,0.750195609383827,1.4113750339586,0
CD44,0,2.84149014859996,4.1311411672171,9.05504216548849,8.36217022264051,0,0,3.23778846585882,3.90702888846018,4.94336884746727,0,0,8.98240229426859,6.27050145130634
CD74,1.08854725492649,2.70960039387033,0,8.12403875063722,6.06361936419087,0,0,2.74664728604003,12.2179822269127,0,0.844214117545127,6.07771968646573,5.22610093559411,4.51344472658705
CD82,3.90487120385985,5.77353698454414,4.03198846814163,4.56613265675887,3.7373270370437,0,0,4.7443083085217,4.94374551049885,4.41611887258269,0,6.5373703387504,8.54874006448424,0
CD9,5.60869737837921,0,0,6.85132507039639,4.73430085564179,0,0,3.73197299499153,4.83216942190905,6.18788143975531,8.89566190839129,4.3012236794339,9.81122885198362,8.47376100298231
CD99L2,0,5.92295818082832,1.90156684649906,0.559673899414213,0.614078290476242,3.36790318219853,0,4.48131525308413,2.83301738964165,3.28599439591047,0,0,0,2.49911852713242
CDC42EP1,0,0,0,6.512923458318,6.12202849376415,0,0,0,0,4.94499867448078,3.81955172232282,0,0,5.11043306019125
CDC42EP3,4.44524684715755,5.39704058717134,4.81646402984108,1.22111541846527,1.48251891045019,5.87581811711541,0,6.13833924340191,3.06307663268082,0,0,4.05784339475114,0,0
CDCP1,5.18059617627187,2.12303854463974,5.50077057290435,4.92777752191947,5.16158718918893,5.15020927203592,0,5.01852549631415,0,0,0,4.92907426170039,0,0
CDKN1A,0,0,4.57274838973109,6.06701591516707,5.19656373750693,5.00035812855277,0,5.69678139444874,0,4.59029894756761,5.35861840318528,0,0,0
CECR1,5.43750041086159,4.92223505953083,4.96785176726226,0,0,4.05108865573216,0,5.19350580194085,5.49650006371199,0,0,0,0,0
CERCAM,3.43076638031447,4.60905549660836,0,0,2.17538380652731,0,0,3.54398370308122,0,6.22761268686257,0,4.3012236794339,0,0
CFB,0,0,0,8.48314365053126,9.05920438800359,0,1.11069314706506,0,0,0,0,0,1.4113750339586,0
CFI,0,0,0,5.88638682992211,5.23045075692375,0,0,1.62832988741369,0,0,0.632057338120511,0,0,0.217669779702545
CFTR,0,0,0,8.9481385668572,0,0,0,0,0,0,0,0,0,0
CHGA,8.37430318939531,9.71406991495879,7.89354405526752,0,0.463607382136942,8.97826161542943,4.67030445840352,8.84954087717857,0,0.315699685841836,0.169402425754197,5.13375850985196,1.87434802203907,0.634192118358588
CHGB,10.8190050058163,12.000326124173,11.6271680259273,1.79171599666519,1.93869316138565,9.71209559306622,8.69063810920935,10.8145359925329,1.94975935325047,2.52572809155903,2.85844404044884,10.9302440725453,3.66138363014064,2.64407874908705
CKB,4.88315578791578,5.41583045983108,5.12837552564051,4.56343228567663,3.14327589210422,4.28241319895647,0,5.01532286441735,0,0,0,4.34942027630533,0,0
CLDN1,0,0,0,7.64794739352021,5.90904972796733,0,0,0,0,0,0,0,0,0
CLDN10,0,0,0,7.48843376762801,4.56569811745384,0,0,0,0,0,0,0,0,0
CLDN3,3.84789918383861,4.50234238977595,3.32121576354133,6.22516875613322,5.20955583050297,4.60217913289617,0,4.65641476408413,0,0,0,0,0,0
CLDN4,4.87632454492127,3.94345216905015,0,8.46383081707727,8.0317166857241,4.65695308992053,0,4.42999905588819,0,0,0,0,0,0
CLDN7,5.28609977255438,6.11472447041041,4.42778044262839,8.17677183335251,7.64428941237536,6.32785085526218,0,6.3742482650914,2.83301738964165,0,0,5.03522950922612,0,0
CLMN,0,0,0,6.34264282825847,5.5548427948157,0,0,0,0,0,0,0,0,0
CLPTM1,4.62439506480665,4.65920498568107,3.76388330836819,6.06143888686612,5.29316758695086,5.22677234179354,0,5.53404029860341,6.3333016830366,6.02884355648067,0,0,0,2.36015270984582
CNDP2,4.66619696536059,4.83059584786835,2.45537018290433,6.6768715990456,5.89551119019083,4.33655592146971,0,4.9960374167369,6.56694462258659,4.28615173084382,4.704601596719,5.5609066637347,0,2.9513051755176
CNN3,3.57041795571865,2.69954377911762,0,7.34535469014672,6.09772131800065,0,0,2.70744108666886,0,8.18342068145181,8.17307539787199,3.28334291751679,0,8.9883526007896
CNTN1,4.32098488490791,5.95367465020231,5.47112148396653,0,0,5.30650688502942,0,5.34835394769704,0,0,0,0,0,0
COQ9,3.10154445201645,2.91144058735296,2.707203444481,5.3584020529015,3.83803678479147,2.84875755431195,0,3.84095956549275,0,3.92815140442442,1.93168005884164,3.37380636517243,0,3.34785700855781
COTL1,0,6.11637253227393,2.18029047283844,4.38289277902476,3.54789904186333,0.169469408687294,0,4.21250429306512,7.80573902777387,4.49666293062308,0,0,7.18674624703756,3.64796791209829
CPE,9.23194433308439,9.52493304441285,9.61118384119716,4.43903309074197,0.913195334789524,9.29475852065642,5.4030616227348,9.58014100593552,0,1.82025539828815,1.51508168038053,9.48998931501437,1.12111005493759,0.950050998267159
CPLX2,3.85480319072066,5.54690386633017,4.28720523259434,0,0,4.98599140480279,0,5.27372073163603,0,0,0,1.606945601103,0,0
CRAT,0,3.26668016981377,0,4.49113608705176,4.32909331149732,0,0,1.13292859081352,3.52369724268329,3.32570060538867,0,0,0,0
CRH,0,4.4701874158223,0,0,0,0,0,3.0414192190174,0,0,0,0,0,0
CRIP2,5.22066784443631,6.28563110839909,7.19110925689324,5.05289815119403,0,5.71120148959514,0,6.67527444542113,0.514512363888487,5.24974276218033,8.03286240392758,0.762218536446506,0,2.3306412278788
CRYBA2,2.98708775743507,8.61532318212616,5.2362557436518,0,0,4.20273490323618,2.72097845960279,7.10116381895705,0,0,0,0,0.565989864314855,0.384656577935218
CSRP1,5.70697394253509,5.3816877526627,6.21561926369273,6.5860442790614,6.09800282238329,5.32552015300566,0,5.52917782633997,4.22891297989265,5.68067699027497,0.4453852768625,5.82508831389031,0.917459484812929,7.3266033294857
CTSH,0,0,0,8.27744198530494,5.90822761722552,0,0,0,8.17862340877039,1.27446042778635,4.1873105584638,0,0,0.217669779702545
CTSS,0,0,0,5.85854584403692,4.38063611857876,0,0,0,9.20134644679935,0,0,0,2.24464503680908,3.35350459448428
CXADR,3.66317785871475,0,0,6.0357306408162,4.69197519074585,2.86184960417385,0,3.73106715264738,0,0,0,4.77417015796492,0,0
CXCL16,0,0,0,6.10444854920331,5.00403954884824,0,0,1.07483048371802,6.37952475774212,0,0,0,0.917459484812929,0
CYB5R1,4.89173283778315,2.64374276420294,1.38450085476086,4.50927894559906,4.04709738290724,5.03979213352305,0,4.96062634486237,3.28553519300319,3.88707680137843,0,3.89870605345556,0,3.20025434480353
CYBA,0,0,0,6.2446523273111,6.08101179435549,0,0,0,7.84550963383291,3.6362036467301,0,0,6.77773288465241,2.05615078485323
CYP3A5,0,0,0,5.32357031413214,5.45394729649334,0,0,0,0,0,0,0,0,0
DDIT4,3.50910598179412,0,0,6.30989296453998,5.87018987976446,4.01822780191577,0,4.18879530081992,0.653170269244622,7.36141192217146,0,0,6.69774908188251,0
DHCR24,4.4752414882943,0,0,6.38067942370402,4.94658908998886,0,0,3.93236189133856,4.56999754028917,4.37311496025732,0,0,0,0
DHCR7,0,4.88908850123732,0,5.39966988546248,4.25597629084035,4.55110240342095,0,5.11723500101446,3.44088204011836,4.82278041027224,0,0.762218536446506,0,2.80839795559593
DHRS2,6.3049308243011,0,0,0,0,5.4948394128149,0,5.00538957733529,0,0,0,0,0,0
DHRS3,0,0,0,6.98173205628887,6.66879519028392,0,0,0,7.21812318916234,6.29610901074489,8.73041090476257,5.26416299415546,5.31396082644561,6.36530134701602
DNAJC12,5.47627482781824,4.88740339115789,5.24350637463542,0,3.36354175242755,5.79712302350601,0,5.71204702577654,0,0,0,4.54071537392113,0,0
DPAGT1,0,2.62517301790243,0,4.9685354904898,4.77836783776145,0.585769604210857,0,3.48012969447709,2.72987551938986,5.03746500568357,2.0994935059009,0,0,2.70576446575411
DPP6,3.92188949336247,5.0593023581505,5.67167003334757,0,0,6.2846579696836,0,5.77311435999091,0,0,0,0,0,0
DSG2,0,3.62885470785404,4.21304614350272,6.52492664407102,4.72833824097759,0,0,3.05588942697605,0,0,0,4.50531617239077,0,0
DUSP1,4.04772700853308,3.64622443898746,2.53587738381996,6.97218384361532,5.74777921928508,3.39166198824176,0,5.04108328610304,5.43648827606722,4.06687326877852,6.57673965740459,0,0,4.46133613503116
DUSP26,5.70364143553888,4.66625541636005,5.76491097083185,0,0,5.69250224854122,0,5.72764640103771,0,0,0,5.85350103365915,0,0
EBP,3.56935645103714,4.55697248154885,0.654457343125621,5.68272178488038,5.62445334276487,3.84457462680476,0,5.08181677183962,3.69554694138694,3.4558553578584,5.24045453154301,6.46494244091522,0,5.66803011956912
EDIL3,0,4.44712051883129,3.12206954118998,0,0,1.02063401145296,0,4.0382967596014,0,4.31035826976682,0,3.21998768599037,0,5.99278174136006
EFNA1,0,0.384954295872536,0,5.90161590516011,4.90217869653895,0,0,1.31844040595474,0,0,8.68444511081439,0,0,0
EGFL7,0,4.73753891211024,0,0,0,0,0,1.90187643686884,0,0,5.86828714842019,0,0,0
EGR1,5.07839632536259,3.42990674432543,5.81163132808842,6.71430763198661,6.82299328972424,4.17090195722153,0,5.16088641305,4.45957305435426,6.84397993404229,0,7.36952782095075,6.55799694400339,0.42988980658814
EHF,6.10150408088317,2.84364850332679,5.49672373584391,6.09476118545929,3.25333998753276,0,0,4.1055180682557,0,0,0,3.21998768599037,0,0
ELF3,1.66841240644071,4.31756025848918,2.14223711928019,8.39665589983237,7.49925010124646,0,0,3.78373079079472,0,0,0,4.40509434964359,0,0
ELMO1,0.272202473084278,0,5.48873475802976,0,0,6.3603263139563,0,5.48936726646733,0,0,4.26817236302755,2.36706196590254,1.28759563234303,0.217669779702545
ELOVL1,1.91915598007489,4.81252469677727,3.0396499226841,6.51202114991284,6.06361936419087,3.16218393901667,0,4.78246207662693,6.12880569397953,6.11235858645024,6.82388346097869,1.62267143420738,7.31007677195041,3.38962185011787
ENO2,6.24632393413789,5.50863285661339,6.00988483243449,0,0,7.16150275333702,0,6.74778717584787,0,4.01545485016667,0.254755522191811,0.699915003407945,0,2.87522767542655
ENPP2,7.06836432330358,7.49768724244244,7.1457758037658,0,0,7.57465217530515,2.81419223805361,7.66091127701284,0,0,0.636391640047814,9.54521709630895,1.12111005493759,3.25058364781199
ERCC_15000:mix1_22500:mix2,8.16449094427036,7.94646976061923,8.49541949885389,7.63454786354412,6.3818285748468,7.95532119271408,13.3181774229879,7.16897777189892,7.47978359258435,7.75564948360592,9.76477305012094,10.5058115011578,10.7301296105613,9.13133758714505
ERCC_15000:mix1_30000:mix2,8.43984492058801,8.45981421747071,8.81563602476487,8.1636225551173,7.0949329228544,8.58094304040678,12.830542245185,6.86117893726691,7.65458371221558,8.06000402158807,8.51399739290722,9.13237621180397,11.6576600766191,8.08906233021297
ERCC_30000:mix1_7500:mix2,8.23077648710414,8.50201283049531,8.82721156434607,8.01026033459451,7.09744283408352,8.51540297122352,13.4383412277148,7.17228522143698,8.33079252903065,8.23936604178345,9.1300601590564,9.81683897672329,12.5533306010018,8.62865465397094
ERCC_937.5:mix1_234.375:mix2,5.58307940437103,4.98535364625273,5.34074624662844,4.83859319851186,3.76478757676459,4.97052516798915,6.45880902565295,2.92094871385557,3.82031664338077,4.26999412151767,4.5446236260113,1.06489085021413,7.84481475845617,0
ERCC_937.5:mix1_937.5:mix2,3.95856183345619,4.19769100273738,2.11731935108395,4.33196171705064,3.37339760965327,4.78902496418871,3.81756741513763,2.52844963409773,4.74154006767413,4.11903458854255,2.15217432023236,0,7.43816427115511,0.217669779702545
ERO1LB,7.28676481386823,7.18591542327158,7.21311783779566,0.246377964713,4.78012420485492,8.73951354060415,3.31646260234792,8.35419837763987,1.19253105907491,0.598003580521086,0.315261615525287,0,0.871806429208249,5.41784013880629
F10,0,6.69417334556712,4.92803499506715,0,0,0,0,5.09822317058554,0,0,0,7.13868612096245,0,0.647559586290685
F11R,2.64327886037385,4.25732308003546,3.89287061631185,6.88645352447935,5.98718438439953,4.06273526660909,0,4.42055444001993,6.24127365431362,0,5.93618511825034,0.699915003407945,0,0
FAM102A,6.49555741429594,4.81844659258755,4.63186779715449,6.0146504980058,6.10647967800131,5.52813760231057,0,5.89733702935991,0,0,0,3.81804671155225,1.55686180754533,4.7737565059372
FAM159B,3.32403219645038,1.95984429356919,5.23339110199382,0,0,6.61201576468107,0,6.87630121417643,0,0,0,0.762218536446506,0,0
FAM174B,4.96054636795688,5.03186907692459,5.72339437063488,0,4.08513128829467,5.72266297163875,0,5.70935531284999,0,0,0,5.0086172795355,1.96834792052984,0.217669779702545
FAM3B,4.22937610130525,4.06770888159447,0,5.77770173476679,6.09266889418628,0,0,3.19629664805857,0,0,0,5.26416299415546,0,0
FAM46A,5.26421119683243,5.12153201801357,5.39447970910111,3.35449849999656,3.23306534319551,4.58889617498348,0,5.383487511439,4.04382180965007,1.76627464456188,0,2.85565924845005,0,0.217669779702545
FAM46C,3.09215529108203,4.78735588905511,2.81945628113101,0,1.92238983320605,4.65802542112359,0,4.66387792722812,0,0,0,1.89843417117857,0,0.42988980658814
FAP,0,6.24887525963434,0,0,0,0,0,4.58031731934731,0,7.77887897678253,0,0,0,0
FEV,0,4.88585881819459,4.65736300099104,0,0,0,0,3.46236379948222,0,0,0,0,0,0
FHL1,2.79088546334787,4.06217612952841,4.11732424521992,0,0,3.90394562138382,0,4.28481293873128,0,5.05040415441426,0,0,0,2.58941519831635
FKBP11,0,5.25913415696361,0,0,5.27552265009283,0,0,3.43676412054201,3.28553519300319,4.49051389882042,0,3.51619830537069,0,0
FLNA,0,0,0,6.3239508895366,2.61435447576723,0,0,0,6.46549570141141,7.27537767707606,2.60189481908693,0,0,2.95975003294589
FLOT2,2.484120938504,4.60907675946472,2.87469764531152,5.73012621919802,4.36439650576855,3.25386412952786,0,4.48547661302952,3.24046330988099,0,0,0.699915003407945,0,2.9513051755176
FOS,3.94873526572699,3.50851683452766,0.381740748293278,4.82885532833459,6.73090021683427,0,0,4.21946054824166,3.90702888846018,4.24788765959394,0,0,0,3.06020904097707
FUCA1,4.48639760052834,5.38284111538437,3.63374208056945,5.94948963137907,4.86618560303204,5.41710104015541,0,4.996511738938,6.94851420229067,0,0,6.66960566837264,0,0.217669779702545
FXYD3,0.964656485428453,6.48606666083093,4.96519284521046,0,4.62042053054562,0,0,5.17514650463569,0,0,0,6.67149210446701,0,0.42988980658814
FXYD5,0,7.03262875540744,2.45878405922195,3.42970699308706,3.64334103450007,0,0,4.66958615067922,5.94404617067739,4.87975096599388,6.27579702793588,0,8.1861650018229,2.63691662546088
FXYD6,5.96918154589309,6.98786456067338,6.30126710353967,0,0,4.11558958115919,0,6.31809326688259,0,4.64039527523444,3.755415471699,0,0,0.42988980658814
G6PC2,0,6.32286054652292,5.49697213183263,0,0,9.47949520320927,2.24370726055745,9.0175296653083,0,0,0,0,0.871806429208249,0.520161191679019
GABARAPL1,4.69683530573315,4.18176437260676,4.30475019300771,6.02673586551903,4.76860218166134,5.5104222638558,0,5.01672965566869,0.940874298674643,5.12780807281171,0,6.27674407194532,0,5.86646081940073
GABRB3,6.75519680204927,4.05039930741647,4.14139849198637,0,0,4.51351360961226,0,4.77049921100542,0,0,0,4.20728266691434,0,0
GAD2,6.5576684625519,4.72644183229101,6.57121296245917,0,0,7.27243156276698,0,6.89122779799676,0,0,0,0,0,0
GATM,0,0,0,6.59726785866582,8.43090831129883,0,0,0,0,0,0,2.68431103213681,1.47382462449728,2.4838540523793
GC,0,8.87038368495106,6.77745328115667,3.18109609036404,1.06870029608145,0,2.68045986293578,6.91984197340323,0,0,1.06988196382724,9.25121877294333,0.871806429208249,1.27675846260103
GCH1,5.85233157325956,5.74120945716814,4.70207848536445,0.232724298850863,0,4.08300828094487,0,5.4318685347256,0,0,0,0.828136857108187,0,0
GCNT3,0,0,5.00410872559423,4.99264235721526,1.4122914913321,0,0,0,0,0,0,0,0,0
GDE1,2.24640997235155,3.06387349550175,4.10644642882745,5.80304223357793,4.78056177462138,3.75154314366708,0,4.23922044747434,5.12117722393901,4.96093068839373,0,4.50531617239077,0,3.02417134224971
GDF15,0,0,0,7.21765214705218,9.19524911411288,0,0,0,0,3.53780349371723,0.701300982943892,0.699915003407945,0,0
GNAI1,5.26271869197844,5.85414983559097,6.304907780358,0.541260825417376,0,4.83304602102561,0,5.6717495306901,0,4.72837361093814,4.92809294001354,5.69529981301699,0,2.93770073243208
GNG12,4.36904972793557,3.54528686736142,4.918281912679,6.13552686664214,5.13975517839708,3.07772799366627,0,4.15776251724022,0,5.77998158503258,2.88105680309697,3.95941138673439,0,6.94064542284435
GNG2,5.27991633095649,4.86234785110377,4.44441364471874,0,0,5.09009562748902,0,4.99501559546811,5.96014772234612,3.37705230661726,0,3.51555583334809,0,6.84040564619502
GNG4,0,5.74958830837366,5.56651830079833,0,0,6.18945376222533,0,5.77311435999091,0,0,0,4.7788225153908,0,0
GNPDA1,4.38607193595268,3.99136058792994,2.56480735607795,4.23285846333771,2.60611538787464,5.33552521077831,0,5.21722000810634,5.01209943538874,0,0,0.699915003407945,0,6.44095052870659
GOLM1,0,2.8423523416052,1.71846800395016,6.74063792808327,5.1698877668291,1.43823337556713,0,3.84095956549275,0,3.5323268540353,0,0,0,2.68762994629436
GOT1,0.919579769964056,3.8798179194158,0,5.33264286579897,3.37503219271766,4.07802200554388,0,4.5615146343269,1.9324361513416,4.27716495693116,0,0,0,0
GPR108,4.07195901072695,4.22587128166543,3.84288769529866,5.75732914464542,5.08424207418735,4.14442780878106,0,4.71630012336238,4.85812405646182,4.63690795428767,2.4730853797659,0,0,0
GPR56,4.80510885338011,5.71838860509041,6.40256337716359,5.49175409097925,6.29179835511784,6.43206972141705,0,6.09972960451771,0,0,5.28524928799808,0,0,5.38931536077997
GPRC5B,0,0,0,6.37947541443033,5.6396744885466,0,0,0,0,0,5.84393043354213,0,0,0
GPX2,4.67460100323832,0,2.69429518422473,6.98536286560592,7.47976303099865,5.12771601484235,0,5.05613320772192,0,0,0,5.87715618221295,0,0
GPX3,8.27193715983889,9.67291511463172,5.84978236263022,1.39988073961413,3.55840201416361,6.62953661746558,4.80848453470146,8.66547896409053,2.42638535967253,4.52762353754132,1.27182271866687,6.7007494619298,0.971446652885509,3.13415616018089
GRIA3,0,5.10607003285319,5.41613461390202,0,0,0,0,4.15776251724022,0,0,0,0,0,0
GSN,0,0.599911106391997,4.16573394612925,7.42093672645317,5.28129872307972,7.97412474007976,0,7.14673231859006,6.82032582164465,6.4977648970227,4.75496773036145,0,7.64943051047494,5.87051023226144
GSS,3.72832292134901,4.3828784821194,2.35177528531745,5.01347655743866,4.32202364221215,4.38728227730716,0,4.28688747359539,4.46942358999506,4.55075314543116,0.330209594875961,0,0,0
GSTA1,0,0,0,3.98523333764131,7.79825992431087,0,0,0,0,0,0,0,0,0
HADH,8.05659454549737,0,0,4.98633452559794,4.59018822908154,8.71032730084926,0,8.10369456410758,0,3.48518424125603,0,4.54071537392113,0,2.6690277463152
HDHD3,2.07846106524127,0.475034830415267,0,5.42081548378073,5.60361140717455,1.24284748307881,0,3.69316699037342,0,0,0,0,0,2.41578326274593
HEPACAM2,6.9198703758056,5.46566476972378,6.13778600271837,0,0,6.1124310804635,0,6.26073361852303,0,0,0,10.4304189116741,0,0
HGD,1.8049460691461,0,5.36017262567817,3.87089426991262,4.35098290301071,0,0,0,0,0,0,2.37199954523895,0,0
HN1,0,2.78610232537176,0,6.28129006371355,5.6726341922824,0,0,2.72733519485723,4.37287855391467,4.09689633601049,0,3.43670879574308,0,4.17385927279646
HPN,5.07864396849341,4.45630805991684,0,0,5.60332783832858,0.587544035224712,0,4.60906506084849,0,0,0,6.53586844542113,0,0
HPS1,3.87730348848013,5.80379812731315,0,5.22757789294908,5.09279609147021,4.38458987784812,0,5.0660545903072,5.45547201377602,5.17029590755148,0,0.750195609383827,0.871806429208249,0
HSD17B14,4.43340141676349,5.37984362670543,4.21313400110904,0,0,4.63310521584983,0,5.31570004114107,5.36646679282122,0,0,1.67085084663399,0,0
ID1,0,0,5.21233288805921,3.29654032732064,0,1.35417376589132,0,5.22288405246744,0,0,5.94340720184955,0,0,2.05615078485323
ID2,4.50967535225523,1.55545784969322,7.42393468528658,6.37460921692701,4.20854717972053,2.41077541952869,0,4.08711612064838,5.91900895870592,0,7.44385853007441,4.14041698146306,3.47098721818722,1.27895822210151
ID3,0,0,0.969246572365456,1.53213921457032,5.13229011118132,0,0,4.99247771861136,0,5.93547610459827,8.12197571501851,0,0,5.74632904535194
IDH2,2.57350864283688,4.00277979324176,0.930438060366547,6.99655265337416,6.69610332665601,0,0,3.81539612339351,5.9471457089751,5.22742144512159,5.95900877056471,0,5.51949343161789,2.92536070160492
IER2,0.353352947140276,0,0,5.69749697500204,5.72520656735347,0,0,2.19118218832862,3.69554694138694,3.56162309353105,6.97098200556815,0,7.57257015391123,0
IER3,0,0,0,6.56748243682054,3.63004934063449,3.45573343430174,0,3.38745118779735,5.662869933978,6.82995966154628,0,0,0,3.31151970122231
IFI30,0.914968625622993,5.1548250019269,0,5.33538829905143,6.3920577877737,3.66468768295499,0,5.03530244787619,11.6367156586468,3.78175594519013,0,0.750195609383827,0.917459484812929,0
IFITM2,0,0,0,6.68503257076639,3.38834830582145,0,0,0,0,6.85617515386919,7.58052378061398,0,7.59229139060925,7.23391059083711
IFITM3,0,0,0,7.6182858512504,7.44465900495771,0,0,0,4.04095770690423,8.10449617597475,8.19860470948884,0,5.79128497976925,7.96896194059076
IGFBP2,0,5.58414278173476,0,0,7.58581129527532,0,0,3.46409675654538,0,0,0,4.02805017331962,0,0
IGFBP7,1.90423732025469,6.73938749477138,6.06042337228785,8.76301629823947,0,3.98948272845546,0,5.62507984622392,0.906959743691396,10.0514343031684,8.69745420752512,0,0,3.76424375982063
IL32,0,0,0,6.39875235723824,8.54355191186551,0,0,0,0,1.4956082631575,2.70565972700269,0,0,2.02134231394251
IMPA2,0,2.32380914391055,0,4.81311894718558,6.41422968761333,0,0,2.17333504105443,0,0,0,0,0,0
INA,5.29219138430703,5.21014508723401,5.91908880122963,0,0,5.58209893938661,0,5.73708619881636,0,0,0,4.84951339755542,0,0
INS,4.36126668536959,3.22340294009302,3.39130763050625,1.50938495170309,2.51982974729465,14.8287966816592,7.49207058280039,14.0586843518758,2.17004024640593,2.25643266736308,2.52038093533944,3.51619830537069,3.74945830606834,2.5653956110811
INSIG1,1.99412642653805,5.20509465718617,0.822007292394232,5.23891338350226,5.43087727509544,5.77588146663823,0,5.71320166337648,6.36968924172068,6.73130756060123,7.46435521910349,2.28598078470047,0.917459484812929,0.915070099333879
IRX2,0,5.02789946252836,0,0,0,0,0,2.38929852284339,0,0,0,0,0,0
ISL1,7.28815186418638,6.23290003420537,6.76841701239684,0,0,5.73329113549917,0,6.32455496903889,0,0,0,5.97307164871425,1.12111005493759,0.217669779702545
ISYNA1,5.39386956467913,4.96099868425571,5.14350082431655,5.18113745608014,1.19935961990338,5.04029712390915,0,4.95553599233976,0,2.96568819899257,0,1.67085084663399,0,0
ITPR3,5.22675839854891,0,0,5.11843156350494,4.56599834483498,5.20081352489409,0,5.36813311448341,0,0,0,0,0,0
IVNS1ABP,1.15517338693344,4.80510285220373,1.27548011770466,5.87894885534785,4.70714195193645,3.07814305961876,0,4.62764033851838,3.21369275255043,3.86551196649304,7.71170258245345,2.99612110986528,0,0.42988980658814
JUN,0,0.0516214866989546,1.88289358856498,5.35919275890711,5.85906601631309,0,0,2.74664728604003,4.46776463044952,0,0,4.17461445380469,0,4.24999226340356
JUNB,4.31203477845839,4.89339456521392,4.81989664167983,5.74718412902023,5.46978178653005,4.64618713027972,0,4.91621639331473,5.91065667289465,6.6973056442042,3.19283280259869,4.51350539803458,8.14788689853677,0
JUP,4.79958101846027,4.41393028845225,4.44003954074092,7.80509927037106,6.34936969261214,5.09244494180184,0,4.92518719422555,0.906959743691396,5.19739462676171,6.13086745117248,1.25833418886206,0,0
KCNH6,0,4.41188712646365,5.29225501066245,0,0,0,0,2.88522029822315,0,0,0,4.85019300186394,0,0
KCNJ6,1.54621084216941,4.35088792666883,0.487905128542838,0,0,2.87921818715875,0,3.78412421919399,0,0,0,0,0,0
KCNK16,5.77505807674643,5.45560055702894,0,0,0,6.52168840266001,0,5.93390959704837,0,0,0,0,0,0
KCNK3,4.07614400150977,4.76745852404031,3.96746369555842,0,5.30992543224123,4.40684327000201,0,4.9453014172733,0,0,0,0,0,0.384656577935218
KCNMB2,3.6802323296882,5.11804646823018,5.99733262320378,0,0,3.93438619445569,0,4.91831792875583,0,0,0,0,0,0
KCTD12,3.11738084098347,5.52174470372135,4.43001135428467,0,0,0,0,4.00129783571684,4.27626492854714,1.02574910726097,0,6.31576441169318,0,0
KIAA1244,6.95054953210014,7.25951817968542,6.6671775130786,3.48503564168736,4.11796922547309,5.32538471199751,2.42397737719072,6.39465718921444,0,0,0,6.75186474999067,0,0
KIAA1324,6.99272042331785,8.24672976149408,7.75084513552862,0,5.32648011436396,7.54476759540787,3.2614328943895,7.89523882728975,0,0,0,8.78058365687854,0.97897595989246,0.950050998267159
KIAA1377,3.73430005633005,4.87738041945549,5.66207631330572,0,0,0,0,4.44192271783273,0,0,0,4.45519958444065,0,0
KIF1A,5.78110276770594,6.06201600389668,6.05605996604375,0,5.00241899961157,6.15659929600876,0,6.28556804171381,0,0,0,5.25279387298061,0,0
KIF5C,3.95120281734581,4.27816790714223,4.06222907319835,0,0,4.78599262821459,0,5.11919851345723,0,0,0,5.93790863290681,0,0
KLF6,0,3.16096210270512,3.56276516781948,5.78451282263934,5.82312716868013,1.66617069518151,0,3.85374500106117,6.31968612155609,5.55468539155258,4.56451647925453,4.02805017331962,6.60823238000548,7.89428262680335
KRT19,1.51406775157516,0,0,9.40689565674552,3.00039615867896,0,0,0,0.514512363888487,0,0,5.76823686412227,0.565989864314855,0
KRT7,0,0,0,9.1209097232412,8.12595127190517,0,0,0,0,0,0,0,0,0
LAD1,0,0,0,6.87986384716415,5.11272986563301,0,0,0,0,0,0,0,0,0
LAMC1,0,0,0,5.60527668087677,4.31680450268676,0,0,1.9937057200458,0,5.89024473054053,4.34136842728651,0.762218536446506,0,5.47053398550984
LAMC2,0,0,0,6.10440059433993,2.41279042490143,0,0,0,0,0,0,0,0,0
LAPTM4B,0,5.31463293256229,3.7348244671585,7.02256731186827,5.90841908821832,4.49330704250469,0,4.82820661208114,0,5.21530460553739,5.78621277664513,3.51061214358155,0,3.14159919719916
LBH,0,3.30305777622139,0,4.87336263888024,0,0,0,0,0,3.71039888771061,1.26565830853869,0,0,0
LCN2,0,0,0,9.81135190525378,9.60282089653884,0,0,0,0.906959743691396,0,0,0,1.76638928444554,0
LDHA,4.69010383165686,4.90069888845142,0,7.40924519945134,6.82592365946063,0,0,1.94702199637435,7.40797656472588,7.59471840309403,6.50273563677436,3.75239362552244,7.30420624138838,7.12956609759239
LDHB,0,0,0,0,7.30788101463205,4.59413671900938,0,4.31681811675875,6.46005883879985,7.6273072478395,8.81096769091839,0,7.001497895266,5.91890073000646
LDLR,0,4.05104005249388,0,4.99500848735781,3.76189991522593,2.41421906534565,0,4.11265359932915,3.62949281768394,5.44492319641773,4.33680996330358,0,0,0
LDLRAP1,1.17775757345023,5.11478001890758,5.34367932498995,1.38938907617783,2.38229833408495,5.24157078548217,0,4.76322566675417,0,0,0,0,0,0
LGALS3,0,0,0,7.33319631592236,6.35263952512346,0,0,0,6.76335917323469,6.44051084594607,0,0,2.24464503680908,5.40773213077505
LGALS4,0,0,0,7.27765585641492,2.59463649317974,0,0,0,0,0,0,0,0,0
LITAF,0.820156731320301,0,0.360697605803508,7.21748045342453,4.71388746378779,0,0,0.644840464412814,7.69097862723633,6.97476840176877,0,0,7.63791347763924,3.43446288272657
LOC728392,5.83848807099936,3.51897960227647,5.60970334074807,0,0,4.86600198795218,0,5.39614051819376,0,0,0,0,0,0.42988980658814
LOXL4,0,7.84069268435918,0,0,0,0,0,3.32456362392971,0.514512363888487,0,0.288679888891724,0.659739816903006,0.971446652885509,0.217669779702545
LRP10,4.15999814220221,5.11806828246624,4.41199811361167,6.80995036525028,5.95635605280031,5.04551670329165,0,5.26471381053887,5.52559508026318,5.91156623964588,5.11434477943897,2.49884990932135,0,2.83644639035728
LSS,1.19232334232926,4.63712016266246,3.94838138280746,4.01181127396259,4.06434387995377,4.39817319501213,0,4.9591619075458,3.4746441946788,2.22676519268856,0,4.51350539803458,0,0
LTBR,4.47134822196125,4.50851580044503,4.9438131970112,5.48278599427572,5.75250371179676,4.64649498846926,0,4.81084497676901,5.60951696985389,6.1985822176475,0,5.47524142649546,0,1.78760175584611
LY6E,0,0.93244634634838,0,5.79150589152405,0.57134562029673,0,0,3.34831111862919,0,5.79813095906152,3.0737514460222,0,0,4.65503111533167
MAFB,5.53208682732631,7.76999651792996,0,0,0,7.60922914628194,0,7.6745972510326,4.6725677020593,3.88264580355266,0,0,0,0.384656577935218
MAL2,4.88963570263669,2.83590533953188,2.38021186280612,6.34098711029409,5.27137432990712,4.14907687826919,0,4.37544189670298,0,0,0,2.55401849187087,0,0
MAP1A,3.80802504924578,1.06968359480485,3.91762608209048,0,0,5.03029062564884,0,4.37003140477066,0,5.84405142436554,0,0,0,6.10415551268482
MAP1B,8.12816793226624,6.48739468402045,7.87245338574839,0.275697926393546,0,7.96130681597003,2.0868437274398,7.80483262718309,0,7.17547400840829,5.56286444956832,7.49659802254571,0,10.4370524270121
MARCKSL1,0,0,3.36070544171859,6.40295514199067,5.41143380482159,0,0,0,2.48502906900018,4.74052062732943,5.46639995295368,4.73269824080854,0,0
MAST1,0,0,0,0,0,0,0,2.11285145856089,0,0,0,0,0,0
MAT2A,4.55470602120067,3.24641779107875,3.57299354676559,6.03192054147519,5.22802427053693,4.74689904417241,0,4.60075591506384,5.35231866996804,5.40359678570976,2.07413951745301,1.45385628893919,6.18150078195012,2.90300389431044
MCL1,3.12595402862088,2.77859003358688,2.30815496690055,6.02558211997035,4.99402172968724,3.60298287284037,0,3.65440355391344,4.90101001895332,5.92278413351648,4.86746102927472,2.36706196590254,0,3.64207545746378
MEG3,0,0,0,0,4.28152226367019,7.30265770175177,0,6.07442992645975,0,4.38083265401404,0,4.35689815860567,0,0
MFSD5,0,0,0,4.61497169110371,3.93524746579297,0,0,2.67316493063808,4.79500965158858,5.10643289789103,0,0.659739816903006,0,0
MIR7-3HG,6.32089725649012,5.62097600725896,5.55028452276939,0,0,5.8290980986009,0,6.13621318011598,0,0,0,0,0,0
MLEC,4.82154529024476,4.36302595793502,4.32890426781896,6.10075094037267,6.42970501836442,3.7433360814912,0,4.62764033851838,5.34023439185827,5.15928761792554,6.14717753671354,4.89187943933529,0,2.52335126861253
MLLT11,0,4.42560184975803,2.34264028117205,0,0,4.07940870257646,0,4.55392886087445,0,2.76156034962042,0,0,0,2.60330919563345
MLXIPL,5.19726183701238,5.10898848588943,5.56521527633158,0,1.0156317906386,6.269451010787,0,6.30130702188228,0,0,0,4.89187943933529,0,0
MMP7,0,0,0,8.84127333084886,0,0,0,0,0,0,0.618889483767685,0,0,0
MSN,0,0,0,5.72598257407167,3.85952326253557,0,0,2.31805141041034,6.77509753969322,6.73071371216117,7.63000006171195,0,7.4211870391488,4.04895686599176
MT2A,2.82629540623806,0,1.20712462076908,3.44827625611732,6.50776527243877,3.02574580648437,0,3.99454677447091,4.77296920581698,5.62825620167249,0,5.09143249372999,0,6.75960830768837
MTUS1,4.31054094706239,0,1.97256887007665,4.97917475175498,6.21002835956966,0,0,3.02825224677577,0,2.73992084946391,0,2.85565924845005,0,0
MUC1,0,0,0,5.427512083124,7.81497766067271,0,0,0,0,0,0,0,0,0
MUC13,0,5.49144257233891,0.359687602395035,4.97937488337439,1.012728913019,0,0,1.93022884675646,0,0,0,4.36850358215637,0,0
MVP,4.49167483094866,3.98024507698652,2.78688829213596,6.69030657271868,6.38590929594183,3.27341278070355,0,4.37875359218355,4.76832705800508,5.89420735530603,5.32005904812643,2.84862367574139,0,7.329179311684
MYD88,0,0,0,4.97226619459798,4.00844509506697,0,0,0,5.69363226485253,4.07508793007962,1.68357984616054,0,0,0
MYO1C,0,2.08053043029939,0,5.48275004767971,5.14401598223023,0,0,2.8676610125449,0,4.94117092040986,0,0,0,2.23571690510533
MYRF,0.863885337114954,2.43124891324976,4.2913498541755,5.45574179600567,4.1121116425572,0,0,1.87420120476823,0,0,0,5.25620952003723,0,0
NCALD,3.04155104652089,4.01569229141784,4.11747078849051,0,0,3.65293313928288,0,4.32357970906676,0,0,0,3.51619830537069,0,0
NDN,3.80576012216022,3.52954367222204,2.39060315419319,2.65139120779184,2.73873794754211,4.90245904284868,0,4.67248208449687,0,5.5511516538848,0,0,0,0
NEAT1,4.38960406045674,4.35506562976982,4.61165086922462,5.8642991274077,6.0533564913945,0.699471656105361,0,4.66387792722812,4.40825042140571,4.30968753449636,4.65991345366963,6.16953930761024,0,3.43832497162383
NEURL1,4.59582600752031,5.36304582537815,6.11455878357502,1.97237808484012,0,4.88312384418479,0,5.31678782466219,0,0,0,2.71562427256182,0,0.217669779702545
NEUROD1,7.12817804314468,6.97421673441061,7.30675542456125,0,0,7.4507958729741,0,7.26462810982544,0,0,0,7.04445072514684,0,0.634192118358588
NFKBIA,1.7539360484316,2.24941676351295,4.23120410835487,6.09163084998746,5.34571335025786,4.16855974161746,0,4.60158811677525,7.55657810317608,5.14713760791151,7.47677503298177,1.73083154463424,6.95877032572508,3.30070951526478
NFKBIZ,0,0,0,5.71439828233964,5.69922165937072,0,0,0,3.26142590362114,0,0,0,0,2.73501093167686
NINJ1,0,0,0,5.48970655336599,4.47641039152499,0,0,1.93584331935921,6.60832996314345,4.46536521322543,0,0,0,2.86572606309415
NPNT,0,4.89058415887651,4.88030947517463,5.32534419878503,0,0,0,1.2708330256168,0,0,0,0,0,0
NPTX2,5.12487513103815,0,0,0,0.52767686613005,7.99940487937945,0,7.28508905880615,0,0,0,0,0,0
NRP1,0,1.30225855619187,0.4771602305853,6.01342290838911,0,0,0,2.52499824949774,5.61853065662413,7.09417825019231,8.3538424313566,0,0,4.03585537256259
NUPR1,0,0,0,4.36724072175761,6.55124146197206,0,0,0,3.00012964993679,7.45667040945725,0,0,0,6.14661421524575
ODC1,4.66821508590687,3.15777879391763,1.12168051293357,5.92363565355573,4.53175299507395,4.26427115574386,0,4.62221693692852,2.22612777209431,0.41860457659684,0.855329068457327,3.28334291751679,0,0
P2RX4,1.65779757740598,4.93009439440009,0.940104264151246,5.44908933463479,5.06849387915993,2.64265870632637,0,4.74905938906425,3.4746441946788,4.13516695569964,0,0,0,4.77018998870689
PACSIN2,1.00008897241653,2.17767071381096,1.63760948090183,5.67961322798704,6.25321076960739,2.12413052929111,0,3.2551580426641,4.62219397308577,3.69276008412299,0,0,0,0.384656577935218
PALLD,4.92620451994566,6.2304932184907,4.46632434739742,3.53986300665582,3.12840908177782,2.70391014906584,0,5.03530244787619,5.662869933978,5.83935128914777,0,6.29816139353538,0,0
PAM,6.61192945769393,7.77753866466696,8.98179625595233,1.87410593977942,5.21921331435339,8.28276973900855,3.31646260234792,8.14043848086362,1.50557721411344,6.1662399070645,3.03132655173269,8.123407771717,1.47382462449728,6.88227536292966
PAPSS2,3.77246910612488,6.62015827825232,4.93297611760927,3.63197830277407,4.58276728328717,6.89356179120152,2.42397737719072,6.85346414381112,1.10113929658449,5.15844704667002,0,7.25549744905728,0,0.647559586290685
PARM1,4.0526452189823,6.85109427977851,7.02682499116225,0,6.34098934778645,6.39177193505556,2.68045986293578,6.87205135520194,0,1.06538428307236,0,6.21266226874805,0,4.23499036136393
PARVA,0,0.970322134937633,0,5.30203922177589,5.2571463961709,0,0,3.72482150315312,0,6.25575923988517,0.43320145155153,0,0,3.39716077670144
PAX6,5.53897446223221,6.98541402766589,8.38800245470182,0,0,7.58586902663283,0,7.55160480824925,0,0,0,0,0.565989864314855,0
PCDH17,3.09799755841642,4.963446598676,4.99512505644443,0,0,2.08260348451217,0,4.55392886087445,0,0,0,0,0,0
PCK2,2.65724505183256,4.29677120212667,0,2.73868673756219,4.29727915765022,0.363998524424851,0,3.55230390537805,0,4.34268480330877,0,0,0,0
PCLO,6.09635804065909,4.7758079987313,6.52882491170778,0,0,5.42785240307045,0,5.33471810114284,0,0,0,5.18844386897481,0,0.217669779702545
PCP4,6.65470434315819,4.02908540705261,3.2889475905487,0,0,5.52253895126596,0,5.13994168833804,0,0,0,0.762218536446506,0,0.217669779702545
PCSK1,7.04207818956201,0,5.74086741393791,0,0,7.69233442410187,0,7.01364065566533,0,0,0,7.43910640539539,0,0
PCSK1N,8.81598105465897,9.39358992786695,10.0480852714352,0.457202145630247,0.984291730406317,8.84713890933269,6.02744187803812,9.66127528983575,0,0.437726636123098,0.254755522191811,9.11336150170559,1.76638928444554,0.814546384523358
PCSK2,7.6575404496743,9.69057582843573,8.03836032048989,0,0,7.4271877354749,4.58208609082675,8.3695075542323,0,0,0,5.26416299415546,0.565989864314855,0.634192118358588
PDK3,0,6.27522319127638,6.72680336066618,1.89391804727787,2.53927737617752,4.28687620352655,0,5.72083332566867,4.22891297989265,3.18911903586602,0,0.659739816903006,0,2.37917692548412
PDK4,1.6659833033845,6.06150366629874,4.5288003857771,3.35263435983266,3.9134386875059,0,0,4.14119125965731,4.86640950943765,1.72081638911535,0.659133296380345,0,0,3.04291968013443
PDLIM1,0.654570103067716,4.64066034214219,0,6.96992448371581,5.24296762618324,4.94217849013306,0,4.82820661208114,0,5.5661337895318,6.59048418270292,5.0086172795355,0,2.38850413421812
PDLIM3,0,0,0,6.73892772171905,1.2440674177398,0,0,0,0,4.4514229557755,0,0,0,0
PDX1,5.19519243617583,0,2.97317345600133,4.19382319030272,3.27563304854044,6.8075021144209,0,6.13570335723725,0,0,0,2.55401849187087,0,0
PDZK1IP1,0,0,0,6.221658705115,5.81582904842026,0,0,0,0,0,0,0,0,0
PEG10,5.39034737197728,4.80704575619248,6.86657263837386,0,0,4.34101450456526,0,4.68674484512704,0,0,0,6.3374485298974,0,0.217669779702545
PEMT,5.02237816392746,8.26673995564138,4.63260629861351,3.60010195729928,3.36950291121753,7.46780222181822,1.46351248026344,7.88281311389029,0.940874298674643,3.9159807247013,0.84854841947243,8.20066357685699,1.80316848758869,0.892101884665816
PFKFB2,3.55473070562388,0.697703739147169,0,1.92302735019179,0,7.47011936553362,0,6.77978985729237,0,0,0,0,0,0.217669779702545
PFKP,3.60106733469337,4.77039038779825,4.67951878996005,6.07686345052099,0,0.339593963671878,0,4.12379857082197,0.514512363888487,4.29882333735234,2.88893481652929,0,2.17805428020474,2.67528193313846
PGD,3.85919907913387,4.1289503636175,3.67239001244683,5.75718961318179,5.32415658559773,4.2944413289979,0,4.38916168011475,7.2451635337199,5.72841791506045,1.62362093009819,0,0,0.697400319631334
PGR,1.23842632017343,4.44458617352079,4.70264629577703,0,0,0,0,2.99186782294139,0,0,0,0,0,0.384656577935218
PHGDH,0,0,0,4.82814260091945,4.77985734291316,0,0,0.927387139244595,0,6.75356481099548,0,0,0,0
PIGR,0,0,0,7.24526584618123,4.98941445986687,0,0,0,0,0,0,0,0,0
PKIB,6.20277071757898,0,3.92340634179748,0,1.68305492754259,5.24652131232729,0,4.81654240076025,0,0,0,6.06411203596539,0,2.3205295258691
PLCE1,0,5.22986382458404,0,0,0,0,0,3.25059510853617,0,0,0,0,0,0.42988980658814
PLCXD3,3.83240199860474,4.12452246571765,5.07209848127089,0,0,6.22508853478627,0,5.66767306197024,0,0,0,0,0,0
PLEKHB1,5.75462163903531,0,5.85842123713761,4.56993458733188,2.35488163387062,0,0,3.10551191811467,0,0,0,5.13344202273233,0,2.9639356745396
PLIN2,0,2.53404353531825,0,2.36184227137756,4.17988624518679,0,0,0.593948614070891,6.22062597576973,8.58841690847353,4.71384859578821,0,6.60528247985147,4.3788172855008
PLIN3,1.77846791908891,5.53241249569522,2.84626901991761,5.01158942439674,3.83637853596817,0,0,3.45394827225678,6.09554302628142,5.3490364327631,0,5.53126585365231,0,0
PLK2,4.24738049213223,6.63695474757667,7.1900133843444,3.91504506284987,2.58174273957408,3.60121003995528,0,6.71871078128522,0,0.240235399150725,6.97424608163527,0,0,3.50057868437073
PLOD1,0,0,0,4.35435203501604,4.93221436031248,0,0,2.449259462433,3.61682438916551,6.71367186257433,6.36305507376032,0,0,6.46088591717962
PLS3,1.26747520371155,0,2.32227066741984,5.55212643059344,4.15226666159848,0,0,0,0,5.5033113772131,6.19986755629988,0,0,7.79410523433308
PLXNB2,6.06464280860528,5.35500043895952,6.94945350342149,7.01588142346905,5.14819962920294,5.73168267717911,0,6.0443589949568,2.70446200338171,5.71716240401716,3.32450690133363,6.56127816337208,0,4.81370757025656
PMEPA1,0,0,0,6.76426174905655,1.37993862877784,0,0,0,0,5.28261530339728,6.16941658120641,0,0,8.09750459151544
PNMA1,5.98870746863528,5.04097239318357,5.25412415654638,3.86606957778563,0,5.75728660026628,0,5.81670935330283,3.24046330988099,5.13201744200072,0,5.53126585365231,0,2.51562294557047
PNMA2,5.56252631116757,4.4973909839844,4.83817431097012,0,0,5.36710360165321,0,4.72801767253802,0,0,0,5.66978463236623,0,0
PNRC1,4.11581995896002,4.47687896926463,4.63225453390822,6.06577757610713,5.64438296395104,5.02589342834585,0,4.94126108484141,6.84659579494113,5.28327850309922,0.43320145155153,5.63526119914332,0,2.10905939791466
POLD4,0.550857350782778,0.287840098721251,0.546666085216593,5.4309075500406,5.50085505233213,0.299414927034821,0,3.61407679762325,3.97407587966352,5.81662481604604,4.92102346051339,0,0,0
POLDIP2,3.8833417367065,4.293686540877,2.83931061108683,5.65478443023973,5.57845032011715,4.7698724950364,0,5.08728225902025,5.4264094794568,5.61599760283056,1.20860657152113,5.44587407500171,0,5.81326988413718
PON2,3.70805635746348,1.146962254569,3.79141737540669,6.11521915475532,4.35606951665019,3.51462295693099,0,3.57869207459436,4.88903584051731,4.42717975694511,6.29937501946489,1.06489085021413,0,7.98022378091024
PPAP2C,0,0,0,6.91379657853417,0.768010491299873,0,0,0,0,0,0,0,0,0
PPIC,0,0,0,6.38920043134668,5.31550505134607,0,0,0,0.653170269244622,6.02062524136617,6.0174400115561,0,0,0
PPIF,0,3.1575218077126,0,5.2143152199426,5.26501670634038,0,0,3.05588942697605,6.57757544699727,4.16630939290245,0,0,0,0.217669779702545
PPL,5.84886082370005,5.49167956277002,6.1155603260638,3.72942950016556,1.33363334298201,6.27181390720576,0,5.91758908993128,0,0,0,5.7601578111394,0,0
PPP1R1A,4.91643550587401,6.29508513741395,0,0,0,5.02158779036149,0,6.08498105527994,0,0,0,0,0,0.217669779702545
PPY,2.61032388901306,2.35841125097733,15.5968269583647,0.763401274373563,2.19965635944867,2.52217728184172,4.61100269692435,1.99636591373025,0,0.57423093782467,2.59519162404337,4.69912757330749,1.4113750339586,3.71051933692088
PRAF2,4.7259027035855,5.08001564691688,4.16420229967021,3.72589946041608,1.93094107495975,4.8305497376922,0,5.18531631784937,0,5.53701449128519,4.03361732363803,0.762218536446506,0,5.16243455057712
PRSS1,0,0,0,1.72909961714135,13.0691076225536,0,1.48152501786876,0,0,0,0,2.42515408638882,0,0
PRSS23,6.06306110884677,0,6.31595264953099,5.66665973593807,2.79613510553508,6.86355116625601,0,6.06249906969464,0,5.39676677840495,7.89232696266134,3.21998768599037,0,0
PRSS3,0,0.943217191881438,0,0,9.9103603003993,0,0,0.567740497881926,0,0,0,0,0,0
PRSS8,0,0,0,7.6497626357691,7.0978311041388,0,0,0,0,0,0,0,0,0
PRUNE,2.02074473992838,4.3688680868021,3.76048729833061,2.61161699733129,1.83979184434537,4.6234162700254,0,4.82820661208114,0,0,0,0.762218536446506,0,3.29588514976515
PRUNE2,4.38764875317849,3.475300659209,4.92759458596269,0,0,5.30865097387376,0,5.05802923538991,0,0,0,1.2412555127549,0,0
PSMB8,3.04894817577576,3.44108346402475,0,5.90661809676828,5.31659493322066,3.05252780120586,0,4.18072956721286,6.18962462943378,4.75620449713,4.91577406082784,2.69154711623787,0,5.74470711090663
PTP4A3,0,4.69267719411689,4.91847356322744,0,4.33580225825636,0,0,2.52499824949774,0,0,5.47198146444363,0,0,0
PTPRN,8.95546528483684,8.83535416804128,8.6910469817115,0,0.19901427442516,9.13091362600681,4.69881890583365,9.27794172619052,0,0.466277873966297,0,8.02978533217746,0.565989864314855,0.814546384523358
PTPRN2,6.15414786176841,7.32818682982859,7.14562880003805,2.70658664430489,2.15393861750483,6.1964651369026,1.15292679042991,6.81541756406637,0,0,0.885095910737095,7.0277988795408,0,0.384656577935218
PTTG1IP,5.40510236540794,5.74583540381956,5.62696910199257,7.79462796659533,6.20184366151037,6.27905490839192,0,6.24652911539656,6.80162292660277,6.66938029924339,7.39114812930004,5.88812279610442,7.60171211380454,6.04374744754421
PYCR1,0,3.06616650657546,0,0,5.43311078744588,0,0,3.70161255728699,0,5.02156058817342,0,0,0,0
QARS,2.50572669571982,3.48847898024789,4.33926918625719,5.46504897422532,5.17231167739585,3.44529345298489,0,4.67854280137166,4.79500965158858,5.43840663334792,1.0668707137204,4.91227918358575,0,2.93844957434181
QPCT,7.56483827025158,7.89494499053479,8.0192534910223,3.77252787449477,0,7.59361706839729,3.37074859354529,7.68284617707762,0,0,0.80429283961946,6.65554460332642,4.95017159460121,5.33172596178218
QSOX1,3.23825502137429,5.13136783632288,0.904949342911869,6.66346550048662,5.55956673416463,2.82618818784899,0,4.15015985557875,5.87647606865672,5.24615777051689,0.654798994453042,0,0,4.4067336210182
RAB11FIP1,4.05907684909857,4.60307182016442,4.65840991404918,6.37501942873393,7.20696035077955,5.2275646238361,0,5.43929920644032,1.65193849073334,0,0,4.79028690744158,0,0.217669779702545
RAB25,3.82810341705741,4.7094035981086,3.52255189774429,5.95359868068307,5.14991418863131,3.54289383663628,0,4.4697715555241,0,0,0,0.762218536446506,0,0
RAB26,5.10590704470298,4.82200702806019,5.01148549329547,0,0,4.87649717915086,0,5.19221077425687,0,0,0,4.64599692214985,0,0
RAB3B,6.16979879632005,7.07547075295356,7.05955550223033,0,0.217102926638303,7.2510625418095,1.6170534739478,7.22072351467226,0,0,0.169402425754197,5.03759586330747,0,0
RAB5C,4.41609522938406,4.94979791515882,3.20890843634259,6.05982720864006,5.41500009843753,5.19571452183324,0,5.35365552154553,5.85849971706105,6.03429882983261,0.874288374145876,0,0,0
RAP1GAP,4.71216168360274,5.28584126034356,6.67556807300297,5.50027931451608,5.98793145632534,4.78322521856394,0,5.23795455664968,0,0,0,0.750195609383827,0,0
RASD1,3.42687396084748,4.40712354220142,6.25293386884224,0.482953398903846,0,7.27605323940979,0,6.91777048743362,0,0,0,6.45686858251122,0,0
RASSF7,3.61905045474506,4.29638788571169,4.79073703679798,5.02268512654944,4.09414606617157,0.159006151447196,0,3.56339511203337,2.89488347520863,0,0,0,0,0
RBPMS,1.78149477828495,0,0,5.94812936135516,4.9727900270125,0,0,0,0,5.19648098694195,0.645544614439277,0,0,0
RCAN2,3.29716082255798,4.53341244943928,4.96810293758849,0,0,4.2066875130998,0,5.02998411207128,0,0,0,0,0,0
REC8,3.92316120887711,4.38360336208881,3.11479062158169,0,0,3.10461611978349,0,4.31681811675875,0,0,0,6.26123587090896,0,1.98476862774117
REG1A,0,0.177878808495219,0.791125685172571,5.67989050119694,14.6943032101192,0.714859710453542,5.16162377402982,0,0.940874298674643,0.941104464862936,0,0.828136857108187,2.18749704622567,0
RFX6,5.41464616157459,5.71230257651932,4.59549463314384,0,0,3.99103892910351,0,5.49707839371072,0,0,0,7.18135634224295,0,0
RGS4,0,6.82078620537516,5.87591635334043,0,0,0,0,5.23055020580979,0.514512363888487,0.826822900531379,0,0.750195609383827,0,0.42988980658814
RHOC,3.02713306895833,2.74003537869314,0,7.8246215378917,7.10897009556421,0,0,0.169729923394248,5.94404617067739,7.46234549677326,8.01875592920923,5.16120504385525,0,7.6225944250902
RIMBP2,2.68828230339151,4.34747800475021,2.2111525342424,0,0,3.33513810231283,0,4.30917191536355,0,0,0,6.74823062955777,0,0
RNASE4,0,4.7710419042633,4.25882479221801,4.46952971129894,4.06256360188665,0,0,1.93022884675646,0,3.23253020309683,0,5.98603357111418,0,3.23290540547274
RPS4Y1,0.849058387158325,3.46407422161297,3.86381799446861,0,0,0,0,2.9543462104494,0,2.16631144894651,4.52506282568396,4.51350539803458,0,2.55226345806619
RTN1,4.76195355927551,4.56868443086438,5.61920072645646,0,0,3.63381886018757,0,4.53367779598835,0,0,0,0,0,0
S100A10,3.71475710142997,4.99580973003025,5.94334620379529,8.25031285373662,5.24747435871758,0,0,3.76824771812684,5.96853579749563,4.17529295283802,1.72600131986246,5.86902340241667,0,7.97096133322982
S100A16,0,0,0,6.25496868387818,4.47397745616414,0,0,0,0,5.84796926792753,7.43859768713252,0,0,7.56708898374046
SAT1,5.47098274751306,4.95037263291737,4.96862436609883,9.88009059075923,9.3169695001232,5.16631620212817,2.72097845960279,5.69897118896162,9.3732516901118,6.79966246889439,5.19587557540008,5.70530923000222,5.92664654919989,5.96532465388273
SCAMP5,4.4577390506546,4.81746596158876,4.83616801060716,2.35630823438263,4.83350538906317,5.02048240605131,0,5.25720230543856,0,0,0,5.19644927452706,0,0
SCD,5.22242118859753,6.6312361128293,5.54645685712873,3.33378427619738,2.05479627200254,7.05435027128483,0,6.84015748875441,5.54873296710446,6.3599774567832,0.87858672841403,0.659739816903006,4.04763027871183,5.6661245663741
SCD5,5.20896712581673,0,0.607753307817279,5.61188675065944,2.65875570687897,6.502543739215,0,5.83485803481025,0,0,0,0,0,0
SCG2,6.48791583116126,9.28100393606059,10.1817583546588,0,0,8.15589557632324,2.84285366633375,8.80037648923687,0,7.35545909133454,1.25734194458715,7.48387580528249,1.96834792052984,4.17594258154302
SCG3,7.39550716988149,7.95412243562584,8.27268211494887,0,0,8.99019046814111,3.85907167033141,8.63764114613132,0,0,0,8.39284573164362,0.565989864314855,0.814546384523358
SCG5,9.51681309971189,10.4961642806666,10.3554565945653,0.866822609717582,1.28618505869721,10.3403163511036,6.82528664530217,10.3771623204494,0.653170269244622,3.17197691899708,1.65215274438818,9.1011610796426,2.66062708780273,1.33159243798992
SCGB2A1,0.628065911258316,5.83725580758984,7.37443021835074,0,0,5.44969484309426,0,5.9737362251576,0,0,0,0,0,0
SCGN,8.72079632419319,8.28969273427223,8.13440092639897,0,0,9.44129914221374,4.15215053319805,9.07197710348968,0,0,0.71728671534776,7.98078577224622,0.917459484812929,0.520161191679019
SDC2,4.59144405375786,5.77487879440384,0,0.568522537332432,3.69149433192609,5.33491518588843,0,5.46357180897682,3.44088204011836,6.57903922560258,0,5.88812279610442,0.565989864314855,3.17266470862495
SDC4,1.62502536992459,0,0,7.48984895377099,7.44250100521076,0,0,1.26548144449334,4.13376427869005,0,0,1.16916701888942,0,0.819239533727281
SEL1L3,0,0,0,6.2947070339058,5.61854363939397,0,0,0,0,0,0,0,0,1.59669748129965
SERINC2,0,0,0,8.28702545511833,6.46325682801129,0,0,1.27970247041406,3.24046330988099,0,0,0.762218536446506,0,0
SERPINA1,8.19297796655043,7.81251852981024,6.47732123311911,9.08151717836171,1.07748047263001,0.578056082501301,3.2492625574015,6.62255466280646,1.45952591065589,0.623832258386924,0.590527632136273,11.1009416484682,1.96834792052984,0.384656577935218
SERPINA3,0,0,0,9.86708005842803,10.1082759402775,0,1.55778267773764,0,0,0.118208448869463,0,0,1.55686180754533,0
SERPINA5,0,0,0,8.43234835064208,4.39260116787291,0,0,0,0,0,0,0,0,0
SERPINA6,0,0.627854991208183,0,5.25311855999281,0,0,0,0.935331329098935,0,0,0,0,0,0
SERPINE2,0,5.86027795371169,2.05810013052687,0,0,0,0,4.10686969737658,0,6.82059632061592,0,5.20740315494231,0,6.64913596114051
SERPING1,0,0,0,8.98078223395862,5.40769170272152,0,0,0,0,6.77457089277461,0,0,0,6.07613092636723
SERPINI1,2.45551512399139,4.309388196407,1.1662868875339,0,0.645611069738376,0,0,4.09642779450314,0,0,0,1.62267143420738,0,0
SEZ6L,0,4.96346108817573,0,0,0,4.97242719930014,0,5.40038851556151,0,0,0,5.58365442757896,0,0
SH3GL2,4.30575169133201,4.84163139493608,3.55610573663865,0,0,5.85647026624537,0,5.09767697215619,0,0,0,1.06489085021413,0,0
SHMT2,3.25159875009375,0,0,4.4737740256761,4.88283002798129,2.31789817805517,0,3.70161255728699,5.4264094794568,7.05831997051878,2.69974478380729,0,0,4.76646698059288
SIGMAR1,1.28309385586982,3.81421360660561,0.488612788950081,5.2052678110867,5.45791144233777,3.86348702740998,0,4.08424949397089,6.17002321943022,5.24300263885165,4.13075661322911,0,0,4.45260816114888
SLC22A17,6.1317214508618,7.4054510927614,6.21270075953654,0,1.0156317906386,5.34574640548532,0,6.22451608509921,0,3.83664758476456,0,6.26123587090896,0,2.58043319940979
SLC25A1,5.13551919313491,6.06248724037686,4.77244118866711,6.00329151087077,5.61560637668708,5.65718842126682,0,6.01759502776779,6.43893831505401,5.91934666239369,0.30184774324455,4.54071537392113,0,0
SLC29A4,4.11293511592332,5.69344467686386,4.37709698058637,0,0,4.7229516043998,0,5.44499789020093,0,0,0,5.00070509619242,0,0
SLC30A8,6.6757937276325,8.10146024830914,4.36587476627838,0,0,8.87144968420681,3.31646260234792,8.52902195155152,0.514512363888487,0,0,0,0,0
SLC35A4,4.49047521631211,4.23192952225446,3.03205858007232,5.73328418840494,4.77985734291316,4.80385321976726,0,5.06175436676858,5.66903024237772,5.32135026553167,0.73504919479608,0,6.67757887203192,3.86749668020042
SLC35B2,3.89992688567474,4.83846558628172,3.05475357085993,6.05317393395267,5.39516056586001,4.05975348274478,0,5.04108328610304,4.6725677020593,5.79183648521539,1.27185193345273,5.04679578307275,0,0
SLC38A1,4.83124477477352,0,0,6.02194550601266,5.26522553097569,0,0,0,0,4.83471594054253,0,6.43536264764458,0,0
SLC38A2,4.17366228462594,2.7925297951201,4.93106778727389,5.32177840909046,5.50436802962089,4.00986044450572,0,4.26653135984739,5.74634115355625,6.90735514230187,6.12221349362156,5.61704863892134,0.97897595989246,2.90815624533997
SLC38A4,1.55772204822081,6.06759769682283,0,0,0,0,0,4.67226572246531,0,0,0,0,0,0
SLC40A1,0.993840010067913,4.85708977720154,5.80755125784642,5.5367220822807,3.99637726299049,0,0,3.46550416785515,0.653170269244622,0,0,0,0,0.42988980658814
SLC44A2,0,0,0,6.08483122710294,4.74042049370976,0,0,0,0,4.10114192300461,6.44698304437738,0,0,4.0433710521572
SLC44A4,0,0.905749022595949,0.810751116393267,6.74134453444687,5.16721191542245,0,0,0,0,0,0,0,0,0
SLC4A4,1.35232594266092,0,2.00656617707767,7.57661387275165,3.35374814205043,0,0,0,0,0,0,0,0,0
SLC7A2,4.25472369633171,7.06537411087787,5.44305946127012,0,4.63480672645479,4.58813627117068,0,5.91412043073454,0,0,0,0.762218536446506,0,0.217669779702545
SLC7A8,6.53869966510499,7.64651950462398,4.70369596755339,0,3.14810019249844,7.02688729518839,0.451243022881187,7.23438357879485,0.514512363888487,0.512849792603465,0,0,0,6.5334531281926
SLC9A3R1,3.38302187521768,5.60742478588678,5.99105283637669,7.42387942618292,6.10898545201284,5.1805089377647,0,5.09971984272682,1.9324361513416,0,1.72117134040099,7.01990106889124,0,1.28416284624721
SMIM24,0,6.5617076755301,0.75345785112556,0,2.57791432604525,0,0,4.89350745224461,0,0,0,0.762218536446506,0,0
SMOC1,0,4.84690050328665,3.8131595572413,0,0,0,0,3.04774977602446,0,0,0,0.762218536446506,0,0
SNAP25,6.5917026602956,5.76771930425998,6.47108078682468,0,0,6.67743812676751,0,6.33866187156335,0,0,0,6.1610457349682,0,0.217669779702545
SORL1,6.38815587141368,3.34206661195232,6.21680564380486,3.23446009822457,0,6.91595901299293,0,6.22488577202075,3.28553519300319,0,0,0,0,0
SOX4,1.34421248146473,0,3.82151984612409,8.10236212660012,6.97151439564937,3.20259920683423,0,3.22072042634832,0.940874298674643,7.37119295682772,8.91320234887857,4.04507785406189,2.24464503680908,7.46194882757131
SPATA20,0,2.9638358096052,0,4.98676458484716,4.93244390998928,0.641016965864149,0,2.49484779784419,3.9150389513299,0,0,0.699915003407945,0,0
SPATS2L,3.91316902817841,5.23992558469551,4.47319282230668,6.70074058752685,5.4073607574364,0,0,3.86070731866465,1.9324361513416,6.85809255476749,0.727241212573944,6.39536946992522,5.84101246343583,1.94068222229919
SPINK1,0,0.786544393626391,0,3.27931382320654,11.6793267406042,0,2.84285366633375,0.80203559564512,0,0,0,11.2413264026776,0,0.697400319631334
SPP1,0.360940873965295,0,0,11.1158525611956,1.01306953135011,0.778790646530121,2.77285741657007,1.27970247041406,1.45952591065589,1.43900872047018,2.053084251056,0,1.80316848758869,11.7884380047923
SPR,3.79639708919723,2.60852970830496,0,4.87155099201636,5.11551106868178,3.77688529745072,0,4.25208002639166,0,0,0,0,0,0
SPRYD3,5.42348946399138,5.10481118498612,6.08296749993522,4.73313030288047,3.97231257280008,5.8679136499532,0,5.89587089486811,0,4.42511514356194,0,0.762218536446506,0,2.74072057743094
SPTBN1,5.43604343913758,3.78257237237489,5.06282229368489,7.67988622549191,7.07371726662552,4.03466166805024,0,4.78972185428229,0,6.70232241684923,7.61112617441864,6.59297407829243,4.49940777571016,7.56759894787481
SPTSSB,0,4.58596778757622,3.9966152733911,0,0,0,0,3.34971585511308,0,0,0,7.38313135066845,0,0
SQLE,0.895800830109491,4.56073531083194,0,4.66118571514164,3.52784185374504,3.88099303375828,0,3.94269688031382,4.37287855391467,5.55652692040356,6.07676573200857,0,0,3.91144982093262
SQRDL,0,3.85997134957535,0.345630618285272,4.97501369686421,4.15010680596595,0,0,2.80584935067666,4.20959352721215,0.551530396252511,0.324589399577081,0,0,7.9465684951951
SSTR2,5.01808817723154,5.34992418747899,2.90033026014817,0,0,4.76513174523893,0,4.75159968702422,0.653170269244622,0,0,6.25453358243548,0,0
SSX2IP,3.08639382147193,5.28537069113607,4.83208873875374,0,0,0.316878174391191,0,4.42934955740338,0,0,0,0,0,2.06689542767181
ST14,1.22364579929054,3.24941182767279,4.01809889732513,6.31759144713023,5.49910518545615,3.229899123665,0,3.99147818804171,1.9324361513416,0,0,1.80638029989494,0,0
STMN2,4.75757808157167,5.54715552354206,7.43582004348211,0,0,5.64862203196808,0,5.80258774946787,0,0,0,5.20740315494231,0,0.384656577935218
STOM,0,0,0,5.48890389420679,0.739809748526719,0,0,1.1324967844019,5.74634115355625,5.4471134549697,7.0002764634534,0,0,2.64993310328379
STX1A,5.18872370111906,5.28247679538488,5.83386239873492,0,0,6.65627708878919,0,6.50182824328345,0,0,0,4.42362026873143,0,0
STXBP1,6.43208451712277,6.58326778807753,6.50299535700672,3.57684015129884,1.92238983320605,7.57785619345617,0,7.15956505708708,2.70446200338171,2.45710773005361,0.324589399577081,6.40500930898182,0,1.28416284624721
SUMF1,2.90108172266348,4.24825402147926,3.82313755788949,5.32242829199366,4.18207230259056,4.60939227955464,0,4.57910806531766,5.09817592743822,4.28527543556225,0.681377204662403,0,0,7.06495864997265
SYNE2,5.7582010768639,0,5.63827491788566,6.13123708950704,4.85757268262337,6.10858003885795,0,5.64374556816973,0,0,0,0,0,0
SYPL1,3.68526562455401,3.64622791938588,1.13475838944232,6.51189047484245,5.06446893543683,4.50259899404517,0,4.32023412808876,5.69225576333572,5.38911119781898,5.69946910096484,4.64599692214985,1.4113750339586,2.15150693569682
SYT11,4.80012106034982,4.09012549157862,4.83667897569273,0,0,5.46986139694562,0,4.95033129269453,0,4.42627384224878,5.37442061897391,0,0,6.71529666769644
SYT13,5.97347693777732,1.46810182991815,4.67005138808148,0,0,7.20048667779381,0,6.51152182210032,0,0,0,0,0,0
SYT4,5.28037059605392,4.38845465281649,4.79115643608039,0,0,5.21366366865039,0,4.75319594876464,0,0,0,4.62804712724704,0,0
SYT7,4.53301807327057,4.88410174730948,5.46097930769936,0,0,5.66327690742499,0,5.46219920766927,0,0,0,3.4256413267039,0,0
TACSTD2,0,0,0,9.13803715671329,8.53664028858118,0,0,0,0,0,0,0,0,0.217669779702545
TAF10,3.60667867238005,4.15572609681768,2.8067428580319,4.96260190456545,5.07618719000982,3.82759026292646,0,4.42055444001993,5.37387142320442,3.90506734287222,0,3.1117126228339,0,0
TCEAL2,4.63516885266785,4.44234385523998,4.50986698436567,0,0,3.39123459128868,0,4.76322566675417,0,0,0,2.36706196590254,0,2.64811434516463
TCTA,5.02172243607285,5.04314138841241,4.76358302744232,3.87652807754049,2.97438326252819,4.79156432509595,0,5.21068957433148,3.82031664338077,1.97222610013561,1.50892349682963,2.99612110986528,0,3.61880115103686
TESC,0,0,0,5.51461137819171,4.90737912105241,0,0,2.19861170860172,0,0,0,0,0.917459484812929,0
TFRC,2.19651930980974,3.99152716715261,2.83869717083058,5.87068353397158,4.44903852936263,4.70014042511928,0,5.49707839371072,5.1345702724621,4.02235077451146,1.84790375757909,5.68370825556538,0,4.33909187369182
TGM2,0,0,0,4.23247411704488,0.733026757745199,0,0,0,1.26813251881773,4.7253562702415,0,0,0,0
TIMP1,7.82729770852923,8.2321188097472,8.09360704940708,7.11303510187499,1.12849295393198,7.68396283132564,4.45120129953131,7.83623474439758,7.26037355277587,11.4316267449157,7.32238174277045,8.12985411917365,8.35864761623503,8.42285996457952
TIMP2,5.08658922525793,0,4.43464470742129,4.86970032300743,3.90365048129723,5.17127733371265,0,5.5019289408962,4.51584153161261,6.16852920770789,0.37109138806793,0,0,3.29561586968229
TINAGL1,0,0,0,7.24198390974809,0,0,0,0,0,0,5.91936103025646,0,0,0
TJP2,2.89829830363664,3.01266335427305,3.53486006195027,5.17283187661441,4.21944501618279,0,0,2.53285686821869,0,0,0,0,0,0
TKT,5.16216115298874,5.07508399969578,4.24717768122953,6.48088729512885,7.0524658109632,6.0637283473169,0,5.61092601537125,7.09923528838734,7.1540573714249,0.555877441158075,0,1.55686180754533,0
TM4SF1,0,0,0,8.01247418634013,7.67434499125956,0,0,0,0,0,7.29530831604553,0,0,0
TM4SF4,6.49097684428109,10.3976638539643,9.83761201221337,5.18682532714281,1.05403371850433,1.54493823506058,3.75735396225988,8.03845620674987,0,0.949794303729108,1.95304959408469,10.8107593714763,2.66062708780273,1.24912934031542
TM7SF2,2.74860807562713,4.11810324869045,2.36286908086692,4.52673592001558,5.79012996674498,3.13118769575324,0,4.18028865948258,0,0,0,0,0,2.43341258083256
TM7SF3,1.95309209587249,3.93819795121332,0.923601014689047,6.03810719774078,5.19704965154909,3.85445711093527,0,4.63920291678224,5.40015031415222,3.7398019092619,0,0.762218536446506,0,3.42316234032758
TMBIM1,5.16489527147046,5.53060372639737,5.20868326226956,8.13805003977967,7.84574846993537,4.95698636266827,0,5.50031000271635,5.85849971706105,6.45262012083363,3.83048583960382,5.58674794136302,7.1736012893263,3.5375900417326
TMED9,4.33972065389773,5.26514771346776,4.15579193564787,6.96294681561044,6.82523471560149,5.43726213813395,0,6.09792566453201,7.538056526785,7.32910762845951,5.81083926442767,5.63951113121908,0,0.819239533727281
TMEM109,5.00079350292136,4.37371699201534,3.70467189075556,5.41291080571359,4.52551999844968,5.96243342059446,0,5.85269448762997,4.45957305435426,5.98148266478664,3.54730160121294,0,3.08379369943034,2.79546108077127
TMEM125,0,2.96497729600218,0,4.37201407209597,4.62418118148325,0,0,1.41921512116576,0,0,0,0,0,0
TMEM176A,6.26923529160427,7.62905989047425,6.7412926878924,0.827776888505868,3.19513920554147,1.19816087069226,0,6.46398642553493,7.91798551010164,0,0,7.3012829162915,0,2.29987069088959
TMEM176B,6.64738902860773,8.68776175586769,7.7133894766248,3.71992135285103,3.91953020662019,4.16680448782643,1.6170534739478,7.35516824877533,9.11389006901254,0,0.626437142821631,8.73179053838484,0.871806429208249,6.45029080315845
TMEM37,4.03118616711738,0,0,5.6886085268832,2.32356591213825,6.34785648522194,0,5.64096015762557,0,0,0,0,0,0
TMEM45B,0,3.3328831291627,2.92803043211865,4.20952066399657,0,0,0,0.80203559564512,0,0,0,6.55530894617333,0,0
TMEM54,0,4.30794545199879,0,5.76068647685668,4.59743020126731,3.00770676402243,0,4.27568584198227,0,3.01668566414974,0,0,0,0.384656577935218
TMEM59L,3.35423693968599,4.27365793809852,5.09824633491409,0,0,0,0,3.47778019276082,0,2.71596334294843,0,4.92907426170039,0,2.42153657167525
TMOD1,5.91257165291271,5.20966558749697,6.21830701321652,0,0.273981538902483,6.24727162498122,0,6.23036332362548,0,0,0,1.06489085021413,0,0
TNFRSF12A,2.77492206730059,0,0,7.28366679955022,6.3228681787131,1.93944069439259,0,3.23778846585882,0,6.15563910130234,3.90670861962879,0,0,4.64402917555526
TNFSF10,1.47431490451736,3.7784546874936,0,6.80363646674915,4.39806380808109,0,0,2.58092406143942,0,0,0,0,5.88908287520755,0
TPGS2,2.18369429764553,0,0,6.19919831353738,5.24542433041989,0,0,3.35932076035984,2.70446200338171,5.05446753011171,2.27338182037359,0,0,0
TPM1,4.08996262851338,4.02734202084245,4.96321057284296,8.73391280548366,6.84258918443876,4.8240746731144,0,4.83710719128892,2.22612777209431,7.11456857674738,5.11172373418164,4.3012236794339,0.917459484812929,3.39423348636095
TPPP3,5.92218485137729,0.448176043667818,0,4.58009441478116,0,4.11922668173653,0,4.48077479356912,0,0,0,0,0,0
TRIB3,0,3.44504101916268,0,4.16337408390666,2.14490070799842,0.950483611521405,0,3.39602687987347,0,7.11888847978452,0,0,0,0
TSC22D3,0,2.51769669232818,0,3.90063550991552,1.98530755094217,4.38608417321307,0,4.82820661208114,4.86640950943765,4.40906189276731,4.92815059261527,0,0,0
TSPAN1,0,0,0,3.05564191012903,1.87266779432839,5.90979848461026,0,5.69460514999432,0,0,0,0,0,0
TSPAN15,0,0,0,6.6266859296632,5.57646434148025,0,0,0.639818614203264,0.906959743691396,0,6.55397540908073,0,0,6.63028363902336
TSPAN2,3.44257520220308,4.67412007147518,4.03966714364451,0,0,4.63159600027575,0,4.95045831311376,0,0,0,0,0,0.42988980658814
TSPAN6,0,0,0,6.00371368026886,4.20127843209994,0,0,0,0,2.340475242086,5.5480577989923,0,0,0.217669779702545
TSPAN7,6.51097965951048,7.19720729374327,7.30517936643627,0,0.361810389847054,7.05452973757974,1.44136241654514,6.93607748959834,0.89299124280449,0,0.86538180721289,6.3374485298974,0,0
TSPAN8,0,0,0,8.24988279410495,0.621208895557317,0,0,0,0,0,0,0,0,0
TSPO,0.370119230798924,0.116311633700466,0.969246572365456,6.27469391087658,5.73243538061202,0,0,0.927387139244595,5.68830132925694,4.9551754687793,5.03508572910595,0,8.0895540926748,2.1866440942795
TTC39A,5.44568432348165,5.22563679972234,4.62332058407933,4.21718232866346,3.85376762446798,4.75469150269034,0,5.15657990551839,0,0,0,0,0,0
TUBA1A,5.8960977605215,6.62039967500129,6.31971671919744,7.29891777534583,0.343675157410735,7.12650449706253,0,6.87887847156835,6.71738446711046,6.77003252451767,6.76073757162858,5.37804651126639,1.74428400326138,4.11202891593801
TUBA4A,5.69289248920919,6.19948909578128,4.68630502508107,4.68788256678995,3.6964964914698,6.3934707837521,0,6.22686899240373,0,0,0.763411046427491,5.39560190766985,0,3.01624791011864
TUBB4B,5.20282702271227,4.97942485585536,3.38388412128789,6.43472905796079,5.80425803813743,5.22286627714231,0,5.28830711928249,7.1905663327275,5.64184987052088,4.14079346594103,0,0,5.78465902776235
TXNIP,0,3.64787795568007,5.52470393006544,6.58035211787084,5.15146899248353,0,0,2.39473117360031,4.40825042140571,0.680475785972416,0,5.91453733688306,8.30349877792964,0.217669779702545
TXNRD1,4.56445262562663,2.80970456703951,4.14269611647265,5.59975229047979,5.20247237401125,5.66696741995466,0,5.37789701393118,5.55411491453757,5.48860256067419,5.67774086822529,5.90519978556625,0,8.43874892356421
UBE2L6,4.83245179039621,3.79721872774139,1.66636535961393,5.5316496945469,4.69699340410144,2.98860556425138,0,4.73078917755028,6.16756425484009,6.09651345193647,3.97226369780725,0,0,3.05884678911951
UBE2Z,3.96747398562167,3.5235671847202,3.53818384912106,5.30283946013089,4.06649677368196,2.96988069302034,0,3.90239500756852,5.96047368900224,5.14251846763338,0,5.37171319995484,0,5.18130496664596
UBL7,1.54055838558247,2.98384639420848,2.67543448074117,4.63500061142111,4.28890849077548,3.9306189341348,0,3.94337462184782,4.27130971515649,4.59967225237798,1.55807274647279,0,0,3.20025434480353
UCHL1,7.47586149688708,4.96140101122827,7.0795569669449,0,0,8.14337351682558,0,7.6107611867282,0,5.56702676201334,0,7.19536049651246,0.97897595989246,1.04526486166286
UCP2,6.38536135786201,3.78549456209264,1.48217088328422,0,3.24804094630728,0,0,4.16534724845896,8.52699407673793,0,0,4.46875579700018,0,0
USH1C,4.85912371934082,5.38414064571843,5.83293596700378,4.6284968993238,0,0,0,3.81539612339351,0,0,0,6.03260486043495,0,0
VGF,0.328135401176325,6.60615605838165,4.03258216141547,0,0,2.70243125342204,0,4.53523484817874,0,0,0,4.645255223645,0,0
VIM,0,4.5464669357085,0,4.82520194133088,5.87710407118266,0,0,0,7.59116894413183,8.78009068068848,7.04852433788744,0,8.84427809360161,6.51261608904026
VWA5B2,3.75012434452122,4.79407516496683,5.37596349941372,0,0,0,0,4.10671758548184,0,0,0,4.70687677806644,0,0.217669779702545
WARS,3.08639382147193,2.84199302590122,1.21527531828241,5.08222342913178,5.50650088246789,5.77171480428321,0,5.21068957433148,7.20441055523713,8.41707503365825,5.78637134823851,0,3.61089074300956,7.37623938654144
WDR1,4.85334152826416,4.66345879679738,4.56943878227322,6.85619986648826,5.40915374291186,4.50209536213608,0,4.9591619075458,7.5158471990563,6.49722955430849,6.35010360520713,4.40509434964359,4.95898372316849,3.02396957605258
WFS1,5.98106802817721,6.96062499290293,6.60958331813468,2.27379396292598,3.109361979073,7.06704913404265,1.6170534739478,6.80764569713929,0,3.39583836525486,0.664753491679226,6.26656780073886,0,1.4024288684565
WLS,1.01158611685088,0,4.13736272806981,6.12370251905611,4.9320524507797,5.93430619322468,0,4.84900493614787,0,5.36745180202497,0,0,0,6.18879798014872
WNT4,3.46619475424125,4.72092075874995,4.5750515930739,0,0,4.8337118229323,0,4.95731745970267,0,0,0,3.1117126228339,0,0
XIST,0,0,0,0,4.05923070138354,0,0,0,0,0,0,0,0,0
YARS,4.91549847896099,4.00053450319888,3.25168304286279,4.31907610367592,4.94665135946727,5.64770032617553,0,5.21220513464382,5.73102982316533,6.155128169337,4.91837235387481,3.2841775874889,0,3.23260203672244
ZFP36,0.136975979773789,3.13669165732671,1.79784619069538,4.98743150434614,4.19387498464331,0,0,2.79947936819709,5.61853065662413,2.35769592677699,0,0.750195609383827,7.95780891326093,0
ZFP36L1,0,0,0,7.45789751914605,8.11980062596838,0,0,0,6.10030085306441,7.75824835983658,0,0,6.1361384568659,6.66808693005956
ZYX,0,0,0,5.54652520171575,4.70593369621175,0,0,0,6.79912552819983,6.06806879291124,1.74457586190162,0,4.95017159460121,0
