,2cell,4cell,8cell,16cell,blast
1190002N15Rik,5.95165732845077,3.6430736444063,0,3.5563769043224,3.06351164728668
1500009L16Rik,0,1.91095291679052,5.43775652802912,7.6857146879937,7.98868535093188
1600025M17Rik,7.22494349389911,4.95885133351078,1.37842917136536,0,0
1700017B05Rik,7.81332745794417,6.56999121962285,2.21952110094528,4.98331099871249,2.55060474376066
1700034H15Rik,7.50634343147498,7.00805884492138,4.89363769365915,0.937391712293395,0
1700066M21Rik,5.76834245555258,5.01721296417073,3.1818336850018,3.2389406459395,3.9200223749065
1810013L24Rik,8.08289291953093,7.88680123212335,6.85970692754624,5.968952972644,6.5960832102291
1810019D21Rik,5.41499733576651,8.02137606866413,5.58166287594326,4.24191656207147,4.34236780325225
2310040G24Rik,6.28605953683619,8.44248233085165,6.52996118437317,1.11177194893837,6.52455431238859
3110001I22Rik,5.5510403544709,5.5204341443054,5.07824406018934,4.04343979516217,1.88807374790804
4930432K21Rik,6.12931313629725,6.46424443315858,4.24797629663397,3.94465983252334,0
4930522L14Rik,1.03688247846622,5.33407432213897,7.13535379159752,9.18534049667794,5.70069032728597
Abcb5,6.08156101965026,7.01062906706306,5.19606979110183,0,0
Acadl,2.83387086032154,7.32113585412287,8.30860354949414,9.03897685604009,9.65891188039611
Acbd5,7.73648296057976,7.25861402767868,6.07829896594535,6.27983639597309,4.31527493012248
Accsl,7.98737001086377,4.86575200436365,0.733847353869188,0,0
Acsl4,8.10420970872661,8.93254034322374,8.06925744544156,5.59473989283528,4.52803853718345
Ago4,2.297760784654,6.32152521031491,6.60808992814824,4.4471241334627,1.88807374790804
AI662270,2.63207101689813,3.41099278861403,0,6.53397457847039,7.51048659788544
AI987944,8.17348652496426,5.33959424634845,0,0,0
Akr1b8,0,0,5.22214715451757,8.14530212480939,7.98742450181706
Aloxe3,5.50249336756365,4.97233821422892,2.04303659380879,0,0
Amhr2,7.62443964929388,7.22596851193507,5.84976323779665,3.95951257814734,4.39627208843254
Amotl2,0,1.39529195422596,5.74680137728597,4.07862113367791,0
Angel2,8.59856574913123,6.13404153975264,3.65378083420077,4.17176625616551,3.83769404661602
Angptl4,1.49214719604681,4.09530811342944,4.59354403144732,5.52103086511175,5.74873222653606
Ankrd44,8.01090303890358,6.39380633018386,3.82010201543354,1.50789713409215,4.03273824109789
Ap1m1,7.02349029110554,6.25917914663088,4.67871319997844,4.30757720517149,3.50652476672965
Apela,9.63281071931834,7.27574516838143,3.24410759991504,2.12996843255398,2.83051524062218
Aqp11,6.81018686204309,6.27261900387055,3.26625040351511,2.6636469645462,1.62144924984929
Aqp3,0.543948419968676,5.53697509089423,6.94724790887985,8.57162530105856,8.05942182367415
Arap2,8.24431888556458,6.01510957563582,4.55604877793439,4.32828052073877,3.95798663378849
Arg1,5.70174007989867,6.74139909458266,5.59576262499315,2.29926943451707,0
Arhgap12,7.85491185247632,6.41800044648369,4.39913072454605,5.82224416950287,1.69134648434988
Arpc5l,7.82485547816976,7.42249143682014,7.18441514481288,7.0588231084302,7.21591058659702
Asb4,5.17835053301142,3.4944031721972,1.47687482586234,0,0
Atg3,9.27569944005069,9.43606707561629,7.74656026996397,5.90682904829239,5.50871172740325
Atl3,7.85013796841296,6.64545807007813,4.57033047914791,4.27786147422366,4.9133284733243
Atp11a,7.16225556531341,5.15425846428307,2.44392873823283,1.28419107183595,1.09703535442407
Atp6v0e,9.19053124710246,9.21381171552065,9.20664732240771,9.10616198411659,9.23675040653978
Atraid,7.35279311650858,7.05337981448115,6.57040669864506,5.73047029874857,5.69974750778453
AW209491,6.34010817471679,5.81731598398253,5.04000440927464,2.13720404638585,2.26189911682486
AY512915,6.61553097085517,3.96194117330474,0,0,0
B020004C17Rik,10.5474001123199,6.64364210585516,0,0,0
BC017643,6.31955507016275,4.45798019333678,1.98316077242385,3.83925966913755,0
Bex1,0,0,4.10989680893385,0,2.84610737016585
Bhlhb9,1.63877290011149,3.44188384213604,1.53626086328829,2.02282677694496,2.29976789580723
Bicral,7.23512004967645,6.16107151047812,4.83373518398565,0,4.40639511035191
Bmp15,7.96558983737403,4.39630177358721,2.33215694312391,0,0
Brdt,8.1157108920759,6.52218767089413,3.00836406921569,5.3433112409406,2.70841507103974
Bri3bp,8.66695173991099,8.79397698402556,7.90838454961605,7.20077502601133,6.87153489591285
Btg4,9.07979808712251,6.1121725449175,3.27985244748877,0,0
C130026I21Rik,6.60829819582346,6.89782582179578,4.35848405439689,0.751724341048606,0.517036858887395
C87499,6.01088411639016,3.85193113057654,0,0,0
Cbfb,6.39787945713713,6.66541371244008,3.60295871800813,5.73360362627941,4.6570134898303
Ccdc50,6.68863806938979,4.74041712719235,3.69245835480959,5.20344646231401,5.53567453449805
Ccdc88a,7.4179130901924,4.70764392988413,0.941877062568137,2.13006827315024,0
Ccng1,3.59232515803787,2.63748896677419,5.29584311558454,7.00772043704177,6.43756859401969
Ccser1,5.66570346087728,3.58384025965042,0,0,0
Cd55,5.78575129485497,4.58199396529192,2.28935111628151,4.00588249364929,2.58414251797395
Cdc25b,5.91074170176183,6.18669719811868,4.30533164130831,3.7615251192635,0
Cdc42ep2,6.52742074933113,5.56167671625078,0.773808656467081,2.49427209443703,1.49351483560124
Cdc42se2,10.4252116789602,7.98862921825014,5.33340718938442,5.99517912643715,5.69937606972933
Cdr2,7.34589084837604,4.01689370792616,0,0,0
Cebpa,1.51447176954938,5.85835040240459,5.35593242015326,5.05921320144291,0
Cep170,6.46518440111741,5.76597662441044,4.08838972891082,3.33900505099121,4.64508694621208
Chmp4c,0,4.10382292836333,5.8480816154162,5.76570564206021,5.51797801046766
Chrna10,6.53714737321167,4.20281075680889,0,0,0
Ckmt1,0.514107844376272,7.10816453323389,6.91773858210064,7.56037450892991,7.93922220517208
Cldn4,0,6.29037937713245,8.89841850353098,8.42560814967403,7.13063389612905
Cldn6,6.10667980979767,5.01598566132574,5.5843348613347,0.983307047463077,4.73450659138174
Cln5,1.04475399591986,3.95823591834591,2.26177547831075,5.43383739728986,5.35504562282859
Clp1,7.36708713883444,7.80614471767313,6.3431385683323,6.90370258987663,6.43600465653126
Cnot2,7.22413853018474,7.25501303379975,7.37903468927604,7.06034152502838,7.55868968334072
Cox7a2,8.37849659023377,8.96418040833129,8.98998009367216,8.85343601494794,9.11106775474587
Cpa1,6.8022475171877,3.82238314758002,0,0,0
Crb3,9.01326497044802,8.57146131901959,7.65777910672116,4.96406889855132,0.216087475196746
Crip2,2.60888841798238,5.0918353110203,8.16276957416872,9.51434354514799,9.36208338341677
Crnkl1,8.86362219651433,9.8030773507413,9.05077449266573,7.45163107631568,6.77915376466164
Cst7,6.88334848657009,6.26170051991539,5.86118100564464,0.953982667815981,0
Cthrc1,0.291186777783296,2.96877045479079,6.25034162789863,5.19234236078844,4.44134814472379
Ctsz,7.39690513972229,8.8676862814253,8.62036959752242,7.88037418564499,6.80918103017492
Cul4b,7.29584772882204,6.55713819101095,5.3906847581731,8.10765196130896,8.16705302662223
Cyb5b,7.12997132180429,6.06622513369523,5.50812881115658,3.42995092960735,3.68579603185874
Cyr61,1.43757547751409,5.91744428452886,5.19803052441654,6.25580115005832,2.516734250985
D16Ertd472e,8.34724657415894,7.12419918973798,4.78889983577076,3.00471252526821,2.76109868042177
D1Ertd622e,7.60032171823369,5.65150042095912,3.12434192177274,4.79954548101654,0.541175466282751
D6Ertd474e,6.94841922243567,3.90023859947449,0,0,0
D7Ertd443e,7.28657152542579,5.98488791361504,4.36828044608284,0,0
Dap,0,3.33567626967849,6.06140248105745,6.27132934456927,6.32834070826323
Dazl,6.17622633862244,3.58922154571218,2.08421657310587,0,0
Dcaf13,8.55560976433933,9.08746794432316,8.98950366996017,8.34792491929138,8.19069808691154
Ddah1,0.242993803252835,4.74644651875081,6.5387466227242,6.35036345278657,6.2165144865481
Ddit4l,6.40641925866901,5.93247465305369,5.25061259415594,4.47745213724025,6.09544652402628
Ddx3y,0.955154933020739,5.45099616854461,1.08334663533237,6.58311793718905,0
Ddx60,5.9643222802726,6.48730428865182,4.7854363286057,1.84625693346121,0
Dennd6a,7.06670839841161,5.18547696510835,2.86376871218935,5.30240932119345,3.67618155283712
Depdc7,8.82268922746693,8.92734319671811,7.60002206747445,7.841070165925,6.54805390364732
Desi2,7.83363956294312,5.35518228205901,4.19769340756111,4.43604936610409,1.03024281342248
Dis3l,6.35995342371654,4.62187678269281,2.25224544930748,1.05374741307832,2.73131739828066
Dnajb14,7.70058364921216,7.47598162756562,5.70994834098443,4.41312280217533,2.85645211585889
Dnajc12,5.99746369582362,4.65233624253378,2.80396018608143,1.09518772009509,4.22741964694368
Dpep2,6.70127542668005,5.96611049965095,2.42781114236515,0,0
Drc1,6.49742241478734,5.6194224805395,3.46311368395822,1.14314437543005,0.815108803043447
Dusp10,7.00762828161553,6.370647584277,4.02831797825005,4.52341918118949,3.32134240206485
Dusp26,4.57751637021023,5.27158757958088,3.87752666342589,1.46141045937183,0
Dynap,0,3.7053841207742,5.29817941155501,0,0
E2f5,7.80935383306502,6.1659015077986,4.06672598649795,4.47308337561985,0
E330009J07Rik,7.34732523516202,6.23205663517089,3.56522430232128,1.31280709867386,0
E330021D16Rik,7.11158777419768,4.80244890109975,2.23077602919579,0,0
E330034G19Rik,7.40176159100804,5.01036738798586,1.26217731266303,0,0.216087475196746
Eda,6.92299369138714,6.754672366394,5.67662804508004,5.61748988081795,1.91986657804636
Eea1,8.04722339371285,6.28705104473001,4.69418286547164,5.12561640301846,3.41750643976595
Efna1,4.36205155469127,5.66800152608641,5.84639691843647,4.29850319943312,0.216087475196746
Eif2s3y,4.78125509312013,6.05443834308832,0,6.52120616021559,0
Elavl2,8.33100615637809,5.49277619402654,2.68383274686382,1.92412678984482,0
Elf1,6.8009834887131,5.35334385172262,2.98006574231295,3.07105789985804,4.09883973915199
Elf3,3.4947988727878,0,4.51319391375783,8.4395228265535,8.95339690478504
Emc4,8.18995994510517,8.20790728043441,8.28849543337744,7.77683417314024,7.58157155351051
Enpp3,6.33451520355236,6.88894570406527,6.73864382892551,4.39023767425607,1.03024281342248
ENSMUSG00000079190,7.68543329646146,8.00031110149472,5.354396312554,2.10932673179096,1.80158964301419
Eogt,1.36866552175432,5.03541763494475,5.78161588402215,4.89421796884702,2.75305189345874
Epas1,1.42894432483747,3.9343928604805,7.00086949201988,7.31312995565936,5.40477461417287
Epm2a,5.50393482454979,6.23685785322765,6.02718256895827,2.80379569903314,0
Eps8,6.26636141477963,3.79083445028129,0,0,0
Errfi1,8.1851046699532,5.62039871690194,3.42817186073988,4.08211258879506,1.73810776451373
Fam174a,1.65928030066016,4.63859881495887,4.06669306882935,6.56386272482534,6.20879817892434
Fam199x,8.4372016407389,5.53404349922568,0.63154217460421,1.14314437543005,0
Fam212a,6.13632062544795,6.99699587449829,2.25977577514272,0,0
Fam83d,5.75662779979558,3.55329875445738,3.82212065757873,5.50613754517823,6.74662938510993
Fbp2,2.89349464458928,6.54072745281619,8.31637246006008,9.28193754196253,9.84014791520311
Fbxo30,5.56535456368717,5.58800311782453,5.10177620003714,6.27070455516377,5.95951354616101
Fbxo47,6.65706339157726,5.24017792140916,0.386949570693351,0,0
Fbxo8,6.74947636221681,6.64692392138891,6.08269684493805,5.59368903707694,4.45812743954741
Fbxw15,6.16354426408972,4.53457004771992,0,0,0
Fbxw19,6.59206207238924,4.58323160338895,0,0,0
Fbxw22,6.79330407191651,4.43443370852816,0,0,0
Fbxw24,7.74015326084626,5.44445349882693,1.52178279629811,0,0
Fbxw28,6.61277018467031,4.39292109535867,0,0.921134447428989,0
Fcgr3,8.79908759397011,8.15125846508906,6.75219159056637,2.4739440129035,2.18411919729424
Fgf1,6.51930045260456,5.32847389281723,3.02515733209416,0,0
Fgf4,6.66530108003944,5.92982624689215,2.26152919503236,1.33166447025161,0
Fhod3,6.62995461031071,4.43511792597668,0,0,0
Ficd,8.32815937053935,8.15535289870102,7.18658291420707,4.68863934386992,0
Fkbp10,4.69707592520497,5.3857571081424,4.37376411629952,3.20849866751535,0
Foxa1,4.8387018345184,7.21472516460019,6.38168889070391,0.751724341048606,0
Foxi3,3.60787758118984,5.57057538812848,3.89094841852141,4.23061119455597,0.613556477262176
Fundc1,5.98583361964004,5.59231521779936,5.73048815931673,7.16975396063007,7.22868710867562
G2e3,6.96850082469285,5.54601560592022,2.59635537097938,4.2726675788517,0.923319788745804
G3bp2,8.67644916397259,9.4799204206329,9.65744448341737,10.1994931238664,9.44943496758939
Gata1,8.17137289714458,6.91057173615988,6.7481825817702,4.85213213265427,0
Gata4,8.34996384618933,7.60214585939723,4.57833411599663,1.08096992294315,0
Gata6,2.704816971972,6.52295377696161,8.13667369618374,8.34546460202283,7.65610932822017
Gcm1,1.34380049434726,4.49067355539614,0,0,0
Gda,6.44636076356107,4.48285353402269,0,0,0
Gdap1,9.32033512251834,7.03387132434588,4.39641380270117,0,0
Gdf9,7.20598420494985,5.24809280581434,2.75274629946847,0,0
Gins3,7.11062410033198,6.44345126637264,5.68285982161751,4.85482944353859,5.97194030381092
Gja1,6.77728524888377,9.44901532348606,10.4100246821458,10.6539967789039,10.4415426225739
Gjb3,0,2.55418690920981,7.79951318780458,8.80091778001968,8.99186262650607
Gk,4.9794477012672,4.65798552418632,4.38272388065061,0.579446314732317,4.60292438142381
Gli3,7.57273219099983,4.09684745439505,0,0,0
Glul,9.05116928794152,8.7622606587325,8.035820019742,8.41815519793648,7.30109333781213
Gm10436,8.49631953448026,6.55859513461587,3.02570451969452,0,0
Gm11544,8.95456346736546,7.23190632244625,3.61869081802154,0,0
Gm13023,7.81175089297881,5.41004602460537,2.37355923613197,0,0
Gm13084,6.95053031612872,4.90761285509741,0,0,0
Gm13230,4.56696443326437,5.54833843149577,2.63576335033216,3.27769279645258,4.5188299407692
Gm14139,3.82327214327919,5.82573385321234,5.29725716165006,6.78022752259331,3.65653980164333
Gm14401,1.85562656407447,4.55320582363465,5.56963489780671,5.31146264704259,5.06171144370916
Gm15286,6.74498833414856,7.85756504754988,5.85950154227218,3.29322804072215,3.26568610023694
Gm15681,7.74796624546955,3.82667558560919,0,0,0.887172653131512
Gm17751,7.12907060121108,3.70274462937708,0,0,0
Gm1965,9.45471765649552,4.73250727532063,1.06539171008515,0,0
Gm2042,7.25128087683306,5.68577442292476,2.74882195297133,0,0
Gm20541,6.12478651458969,6.44601546371387,4.53373837445531,4.59761605745153,6.19750560210887
Gm20939,5.9338285987085,6.86573122009278,5.70712746253219,5.09806392392957,6.38732360206634
Gm22567,0.865767746943244,8.46373842874948,4.4073224030666,7.55994061762928,7.5189385174941
Gm22701,0.609666199359699,7.78513127713962,3.96581135021189,6.53592557574629,6.28714381877366
Gm23153,0.748130393167197,5.73298787618661,2.01785215276703,3.98852505905042,3.95008923071584
Gm24105,1.73086935306945,8.45911387545455,4.95577381534389,7.34075708442528,7.09929250079014
Gm24514,1.63670841773465,8.37599755901973,4.85860255783866,6.91976571669735,6.79042141247209
Gm26461,3.28595054181735,11.7603833712636,7.55834437266356,10.1613787019553,10.0842946851258
Gm26678,6.20250643203388,5.61052013411811,2.40805807309997,2.77103604320324,1.57699816505839
Gm28875,6.11418921657713,6.24675167959784,4.41534073684264,0.469650231772188,0
Gm29290,6.28882746152019,6.16671608122184,5.36314950155624,0,0
Gm2a,8.56207492794817,8.80845870372854,9.05274966230655,7.62591862251285,8.34506371612724
Gm3604,4.96903462066264,6.08614566576956,5.24357337173039,7.51042535400689,6.60867255390208
Gm364,1.54155439848903,0.55934088412192,0,0,7.33808556022381
Gm38706,6.48765247887855,4.65045964486817,0,0,0
Gm44527,6.73254277635992,4.49005135539164,0,0,0
Gm5773,4.23858833011177,4.53397890025835,2.97854972360845,0,0
Gm6871,7.38446912421948,9.1753593222627,7.35423918808219,7.4070834953041,6.35915622606308
Gm7327,8.32547472709399,9.10288304624311,8.16962255703252,6.96574910054334,5.87543297027952
Gnai1,7.06598738177263,4.72583956557449,2.64855716505678,1.56275336219539,0
Gng12,7.08838062263968,4.67644810585731,4.01358529897007,6.24097492302355,3.72065792431539
Gpr3,7.62834018705803,6.23843514591627,3.92042625675197,0.579446314732317,0
Gprc5a,2.20203927648689,6.38523053519308,6.46800074586452,7.53183257147141,7.05606339980534
Gpx3,6.76081745132901,4.80231340565654,2.13680628198885,0,1.08378517500115
Gsto1,5.00618972520318,6.27291292945525,8.2450490971877,9.99022238308496,11.0433599527162
Gt(ROSA)26Sor,5.5999515874646,5.81548265873961,4.1416107352095,6.13329852462332,4.19250295722754
H2-Q6,7.63360419711714,4.2576613658696,0.919070500363086,1.36660638902954,0
H2-Q7,6.50572511199404,5.94174930475085,4.25405827488451,4.92908690722044,4.02270711664975
Hand1,4.46039444725884,8.82875806245886,5.43098228678301,6.2200805086468,3.50871457807441
Hbp1,8.66370775866284,8.50426729990642,8.21206179405807,7.12603578069191,6.50097830777497
Hes1,2.14283406432443,8.38401340412607,6.97050835786709,7.18049542267202,4.4095715816126
Hist1h1c,0,5.3744648152772,3.61464698245848,4.75794706653663,7.04837617652342
Hist1h3i,0,4.13133132007077,2.51049434723741,5.47182052710112,6.52566957094359
Hmgcs1,7.55061500509238,6.86940205577164,6.04233787534969,6.85757992402446,6.6925439850511
Hmox1,1.9176909579971,3.85248710108054,0,5.70514801458579,7.33251676463159
Hook1,6.57720989038961,4.8151326763457,1.61283552144481,1.64088564300363,0
Hormad1,7.07832914054019,7.14582464518662,5.19652492851937,5.80819659443924,5.06894706212743
Hsd17b14,7.75116080123794,9.21727940022435,8.15881300495068,5.24463254010765,5.12083948066906
Ica1l,5.653681611271,4.80788715700938,1.80212683814155,0.488914396627672,0.613556477262176
Id3,2.13739156104366,6.69707246615849,8.29666617428494,8.04628359733379,3.26456737909974
Idh1,0.268598258060694,5.72278011653592,6.651177290959,8.31995650692372,8.20571498772371
Idua,4.84045207731033,5.04583241485948,3.8336307647433,4.59735432674705,0
Igbp1,3.20947781632319,6.46119903084901,7.35715139396617,6.72127226179598,7.11115676048744
Igf2bp3,7.69782784733651,5.33822041749089,3.50631832969787,5.2529320593651,5.96790080070483
Il7,6.83164921577725,4.15120974031897,0,0,0
Imp3,9.22876142047915,8.85308375554774,7.74509560171016,7.44399137951102,7.83686540927625
Impad1,0,3.59650136069782,4.99572989143956,7.37582957539511,7.02658349409828
Itgav,6.41345942468045,6.562961605664,5.88488900852237,4.61550784803714,3.96570279783076
Itm2a,0,4.32452420228591,3.79145842471154,6.19862703342218,1.69134648434988
Itpr1,6.60312968679524,4.62936696444816,0.552492036714523,0,0
Jak2,9.30804663482611,7.15325125592546,4.25902406220581,1.64830178396979,0.895065794945962
Kank4,7.17312925299852,6.65027838955277,5.99241914921578,1.67660496538901,1.46041329004951
Kbtbd7,7.08521071417385,4.99870857023702,3.62187691882225,0,3.97139425878724
Kbtbd8,8.56603739584466,6.95803996159515,5.60650035059507,5.70353147614686,4.36377043666089
Kdm4c,7.15977137409362,7.0946277813273,6.21657766937503,4.71248536168791,3.64287553550331
Kdm7a,8.31447197790859,7.41258470986989,6.39669667788263,6.64792889405922,0
Kif5c,6.68174742697936,4.97718282555807,1.8959657364515,0,0
Kit,7.10823870917,4.74380318081517,1.60458768639376,1.28419107183595,0
Klf10,2.71207409583131,2.8874052214881,5.25679295698616,6.24715365767797,5.79219375528744
Klf17,9.95290792866696,9.91350541800084,6.17635481478585,2.73540781681714,1.5270095944189
Klf2,6.34305843390397,8.688999711598,7.60648059959972,6.28692093013387,3.30593169528606
Klhl24,5.99283383080784,5.57368226410704,5.07681603633102,3.69820649996953,4.58558741271421
Klhl8,9.23826480236459,6.32978252980138,2.83037098820167,0,0.706991724886799
Krcc1,6.45639940010987,5.34734954868127,4.26844595283209,6.2837169110216,5.99628024241822
Krt28,4.56685214161289,4.81231750616202,0,0.953982667815981,0
Lats2,2.08017927068781,5.77710040029572,5.50791089055448,2.4739440129035,4.3682291196891
Lck,5.49189834547223,4.26475265442767,0,4.15928976405665,2.07068331974408
Ldhb,7.61476324581411,5.58605065490507,3.211753624185,1.11177194893837,0
Ldhc,5.72380178206444,4.40457871091444,0,0,0
Litaf,7.87270270938832,8.84237921846516,7.93505967887533,7.85516779176701,8.41383509004147
Lncenc1,5.21858690789032,4.20863648036761,0.678959226309263,4.98973635093951,6.65602379031704
Lonp2,7.46249588608958,6.0867318599183,5.88787446064641,5.63773625319068,5.70604483290596
Lonrf3,5.46358876676671,4.03350832364021,3.57026125499626,3.76814208215322,0
Lrp11,2.56626278277543,3.59937759838666,5.6152655872804,6.49253534611812,5.13787625176628
Lrrc15,5.62601212503784,5.83344385916227,2.03175182252577,0,0
Lrrfip1,7.56830620655327,4.87670785157686,2.27300594389215,4.8910297760124,4.89455793010835
Ly6a,0,4.61332236138898,7.48047023220651,6.87941184449907,7.2984501974265
Ly96,5.4487779851635,6.85761004166498,7.42175560262913,6.18888342206699,3.61918599161028
Lypla1,7.58235222474983,8.44578545864858,8.62522595354864,7.65789504891803,7.25882761536131
Mael,5.75048997131429,5.53242555110974,3.57639464635957,2.8519388565544,4.54794229694263
Magea5,0,4.15942458812295,0,0,4.75332235228912
Map7d1,3.70229002486988,6.23929110574775,4.68968373350854,2.06427882285904,1.03024281342248
Mbnl3,3.62045146572728,5.11691861191422,0,0,2.15204814284519
Mcu,7.99009515874361,5.03680233827761,1.75651100255536,0,1.22576187139757
Med31,8.93439749028463,9.32701428858537,8.18552211874052,7.46977540549766,6.61583133783306
Meis2,7.58331506880593,4.99057336978202,0,0,0
Mgll,6.55996424992903,3.4431735026364,3.34770802247029,5.54633260051647,3.18189756851962
Mir6240,3.68378738608912,4.52096628217272,5.27882719928991,5.41024550560165,5.66810407102476
Mixl1,5.31725408726725,4.83675086533758,2.41297704993179,1.24116485171866,0
Mllt3,8.10807925656064,5.18781106770729,1.33751743232066,0,0.517036858887395
Mlxip,7.92201042327213,5.96416874239312,4.32305774560322,2.77125261037187,0.815108803043447
Mpc2,8.28416973131394,9.4553102546883,9.13891136603486,8.40058015739821,7.23804205820362
Mpdz,6.09764650454261,4.5741531655006,0,0,0
Mpzl2,0,0,5.57091026486976,7.51924744325445,6.65227034464181
Msl2,6.3153495285543,5.52507687100485,4.03965635884464,4.35455221180552,3.93655282448501
Mtmr6,6.54917497145438,6.56241288804523,4.70097245471108,0.877691992401866,0
Mtus1,9.15496809085805,7.8147899217529,7.34207546668368,4.55391519752431,4.16158658422836
Myc,4.6364670797435,6.99831074156699,5.93159048832614,6.01330743536671,0
Naalad2,8.04209776380373,9.76102995463723,9.60204493824709,8.77762820636846,8.03637054846678
Necap2,6.94668682163029,5.76136934950399,4.11056359295497,4.45202590166504,4.9529161309836
Nemp1,8.15147580538996,8.06461403491398,6.37149294891528,5.10645283168586,1.1377907529432
Neto2,6.39097066171066,6.29844423331158,4.92480074054177,4.0143431902877,4.54645254271889
Nexn,9.67885058172768,7.47748997142543,5.47560240335315,3.48768794398997,0.76188936201494
Nlrp14,7.56536931534339,5.84709704778335,3.75980997532058,0,0
Nlrp4c,4.89765720415328,4.89575360652629,2.37297247988436,6.55522817486009,8.03412076685666
Nlrp9c,8.20601704088089,5.76926959667615,2.04136620333047,0,0
Nme5,6.04383469785828,6.61609286582229,5.06627890742844,0,0
Npc1l1,6.1853913885857,5.54612316759077,4.27945914355798,0,0
Npl,9.50899274899167,9.94150657139558,9.04108758815261,8.4236069702019,8.79063997118351
Npm2,7.15478793905017,5.90403790494218,4.49931694496055,0.877691992401866,0
Nr1d2,6.35270681369387,6.89116833627563,6.14540584875557,0,4.79191192805561
Nr1h3,6.48652848380044,6.08752604142546,4.2622075629423,2.86175611077131,0
Nt5c3b,6.50976925407523,7.56265499317666,7.67670854136988,7.58800410277211,6.8008717274176
Nupr1,4.87615602261006,6.63375118935024,4.06566431758929,0,1.83070570384666
Nxf2,0,0,0,0,0
Nxt2,4.95925608943474,5.75491437893313,4.81450479352478,3.6033889970365,3.18923638185503
Oas1d,6.98222793881789,3.78078170783309,0,0,0
Obox5,7.81261435634458,4.83707715564818,1.0876508823846,0,0
Obox8,9.80978428891038,10.0066155275793,5.07304484139483,0,0
Omt2a,10.3919353275655,7.2313798585477,4.12269754718314,0.921134447428989,0
Omt2b,10.2726178832991,7.31394589693298,4.34617111500318,0,0
Oog1,7.96129808648157,5.76701619936051,2.4965296062425,0,0
Oog2,6.46137232705045,4.30961417646012,0,0,0
Oog3,7.9820787322301,6.34663488025389,2.84777801550671,0.469650231772188,0
Oosp1,7.45139598103093,4.66730672258682,1.5338873019986,0,0
Ormdl1,0,3.80276068471574,5.43828284912787,6.48092011110572,6.03791992769346
Ovol1,4.36594202832178,4.95136804946156,5.15711431335591,1.8059978681693,0
Oxct1,2.70598217811932,5.65562689934663,4.31131931427474,4.62033970215551,5.73081990592937
Pacsin2,8.444449508316,6.54066363539352,4.20299325170069,5.9711421856712,6.85649398921372
Parp12,9.7011569146906,6.50489125576429,2.78941543172904,0,3.69477286795142
Parp8,5.33716785670173,5.7103927351411,7.76910143954163,7.42576800126798,7.52187827867085
Parp9,6.12503458091783,5.59032604550664,2.51534081317878,0,2.01639030875982
Pax6,2.83079147369557,4.5908622168318,5.08571488680063,2.57487948170684,0
Pcnx4,6.47784457228069,4.93056286422082,2.04987090291489,3.14242630141874,0
Pde3b,6.43560180712518,5.04100157722256,0,0,0
Pde4a,5.55760245587547,5.10331314945638,2.33660430577816,0,0
Pdgfa,2.61935230310576,2.0698007300596,5.73130683381642,7.15780532217085,6.90350839374495
Pdk1,6.28231148847625,3.8804608030421,0,0,0
Pdzd3,0,0,5.84254176236538,5.88221001752844,5.12083326038261
Perp,0,0,6.87677602812574,7.64727686629826,6.85760085270706
Pex12,5.52284786602655,6.29697882339718,5.71081572094122,5.15344032308858,5.94869391914673
Phc2,9.78799052394575,4.93199918868779,2.25224544930748,2.76873578288955,1.67265327348759
Phf1,9.11426133080104,4.05767715378956,1.34451355404439,0,0.706991724886799
Pik3r3,6.68809237415553,5.20478161580932,1.90447724771292,0.921134447428989,0
Plag1,6.77723519848462,4.02037799549739,0,0.953982667815981,0
Platr23,5.71362683680387,6.29823329367425,4.90061763757394,0,0.923079200083545
Plcd1,0,5.09499963791402,6.29935386069058,6.94968399888505,6.96834625485466
Pld1,7.7925930199931,4.80925558821945,2.06557218356958,0,0
Plekha8,8.61674344119986,6.4360424428774,4.21013355637803,4.19786426396248,1.40997153455241
Plin2,7.18532702085598,5.13503403060378,4.85087923815606,6.53885648207956,8.17101662021813
Pop4,6.1331143255819,7.15385509414012,4.77999823738021,7.28484928481297,7.00152767026395
Ppic,0,4.1529410252253,4.94835448909999,4.63782318991621,4.79442687134383
Ppp1r16b,7.25628407230757,6.30172368819382,1.91417439226872,0,0
Ppp2r2a,8.22294300939878,8.60123873937911,8.50176059535824,7.8780120710559,7.83564872368905
Ppp2r2b,3.82464981039254,5.46492135979032,4.40535618687807,4.67757084700524,2.22412687277814
Prdm4,7.91712413667377,6.83074428369678,5.27793170541374,4.51337616309611,5.06607379308782
Prickle1,9.11918919604986,7.43075622656457,4.39018391014172,0,0.960613943595004
Prkcd,9.11945748761988,8.51750182025651,5.77016929811769,4.20347603928016,1.94503657570846
Prl3b1,0.268598258060694,4.38028313219097,5.45418921334807,0,4.6413165416714
Prlr,6.990719693244,3.80917561603995,0,0,0
Prr11,8.16373196484074,7.30075194070168,5.30775413903056,5.51464484135462,3.96816630252744
Ptpn9,6.17858813023583,5.9310899561978,3.65557975178137,0.564833016450643,2.14950169072377
Rab2b,6.64744854109205,5.82269295711907,5.3262674589367,0,4.52464123993132
Rab34,6.33818112577675,5.39198215770978,4.00417022892829,0,0.706991724886799
Rab43,6.6969892200938,4.81105732429719,2.07214249283066,1.24116485171866,0
Rap2c,3.02733867147033,5.34548553292241,5.01583864941972,4.79954548101654,4.56824257091667
Rasa2,8.64411542794744,7.11377864787257,5.24101616504997,4.16373523833676,4.00121791827611
Rb1,7.12005454298088,5.38505105903675,0.491498986437174,0,0
Rbm18,7.03655757555206,6.67245653473235,6.48456037155461,7.34604110891456,5.75209410361479
Rcan3,7.86522335099622,5.98851919859913,3.26008816440848,2.35149250487956,1.66689350126444
Rchy1,7.69547555026155,6.9282159015174,6.54402355637897,6.55852542446737,6.20058065538904
Reep1,3.87817823139576,6.14206708482354,8.54527638127423,8.67652725863504,9.39977430804496
Relb,6.00164411137638,6.12119625351109,3.85694424379466,0.564833016450643,0.76188936201494
Rgn,5.36831039968371,5.36731500638645,4.20197325719598,1.46948762439072,1.62144924984929
Rgs17,7.27096188002993,3.46768584495809,0,0,0
Rhpn2,9.22153033665957,6.96635272735596,4.01318989087833,3.12984445892133,2.6602979722157
Rilpl2,7.41527636205449,4.63070449928069,2.31765997210666,0,0.820017869532102
Rimklb,8.79225950009132,8.87224822816039,7.66385950433934,4.69277740722688,1.82892468337465
Rnd3,1.89452868761624,1.93859214947744,4.23572495619714,5.67458204511067,5.15190205034329
Rnf103,5.32780902513417,3.60800524005696,0,1.31280709867386,0
Rnf122,8.08981267846485,7.04684476158948,6.10152044879119,2.4723915733503,2.64068601366107
Rnf141,9.43544329962892,7.43044759982691,5.0464736492329,1.72066723230169,0
Rpf2,7.98761797149688,8.55409095414515,8.02485208096869,8.41430231460326,7.72942412258334
Rps6ka6,6.58441993532914,5.66475394888897,3.79837776419566,2.99302622599722,3.30754939411562
Rragd,2.72680069780912,4.46065560098431,7.88318411655059,8.5410370245831,7.73254020401443
Rspo2,6.83703787693129,4.47399338969165,0,0,0
Rspry1,7.79739104531169,5.02664453007621,3.40106989712002,1.48901168357283,1.36410132776214
Rtn2,7.18268416778362,5.97335337423792,2.61579304727552,0,0
Sac3d1,8.19664733256588,7.00726776228537,5.56635649226244,5.62736379846341,6.25150408224806
Sall1,0,2.02114063283035,4.9871576714164,5.16533081394341,3.1294757998755
Sar1b,6.79894695085995,8.29432038010637,8.29773652895967,8.85200753324175,7.98582628828216
Sardh,6.43216073726685,6.22504059574734,4.10700783928473,0,0
Sat2,7.00139049574733,5.6485550788153,3.32277758052807,1.51881568426662,0
Scd1,6.62801177279554,5.58218860646508,5.53981905296845,6.32024666552746,6.71912855051124
Sdc4,0.372914323228781,0.429289955955746,3.94225028435665,7.32615218621096,9.04107082404393
Sec1,6.08029667425587,3.41707967003825,4.92586848564849,1.26207238303298,5.48740037698442
Selenof,7.00197496482312,7.93464614092372,8.27754323774282,9.54150815006185,9.26857653614897
Sesn2,8.26238660953354,6.69279399493846,4.65588776899026,4.70986329534794,5.41346192611671
Sfmbt1,8.03029618053295,5.9503634644102,3.40092528037365,4.30237490518149,1.59826537444216
Sfrp1,2.44291636033532,2.53088965544192,3.44630123489323,7.13023575670224,6.38444819402116
Sh2d3c,7.2960141950329,6.27407576906426,1.41100663508976,2.82720779913632,0
Shbg,5.97494291985694,5.11358121774569,3.70414207897006,0,0
Siah1a,6.4740771262884,8.13303688454065,5.82511642858005,4.27229238662466,4.39580959507875
Siah2,9.81311093344303,5.27694084411684,2.81164414152029,2.96073899484595,1.37544583927712
Slain1,8.82218802258001,6.697117332625,2.57432672855867,0.95856462839986,0
Slc16a1,6.79584285793023,7.19700384813697,5.00526961337521,8.18496653972942,7.31867935387652
Slc19a3,8.49623120772129,7.51471594667549,3.73426209359326,0,0
Slc1a5,7.52345263661616,6.14878847266738,3.26290651413851,3.02223881309567,4.79418778814521
Slc25a31,5.56302869135433,5.28770357588535,4.55090592487604,1.90721825611195,1.68766988190788
Slc25a36,8.26824671052244,8.32048161461372,8.48262585801656,6.63122732306042,6.58191948521193
Slc27a5,6.18212841675056,5.59746857696187,3.69710010760757,1.5300916405197,0
Slc30a2,1.32462516617962,3.63435212608101,0,0,5.7633612234439
Slc31a1,7.75524392253528,6.46701006948525,5.9530173332423,6.99134761801489,6.67801323030666
Slc39a4,8.62782821851586,8.64264658369366,8.36451537917952,7.58690943897484,7.53231562923363
Slc39a6,7.65069556201658,5.87512523788002,3.3742863505882,3.79970451018091,1.85402876815414
Slc45a3,9.32777730353333,6.1767796210293,3.02278361896163,3.62810107856068,1.19388405935566
Slc6a14,2.861211633249,2.06387049791407,4.58097233599426,2.68568791846631,3.58517994178507
Smarca2,7.14310017197186,5.15022958671953,4.93669209010865,3.72643456915061,3.33844867988227
Smim14,7.6758750461774,4.64433407875927,1.33050756824381,2.21669987949191,3.68687920031471
Smim15,6.61173853344181,6.52236384549732,5.83649424298045,6.65908881510284,6.25648406941446
Smpdl3a,3.33833363793447,7.80700548324192,8.45322460374712,7.9264869438726,7.89768475285512
Smurf2,7.79074097559602,6.64105802300052,5.43330591794638,4.96216521850045,4.10144298604711
Snai1,7.92337702154413,6.27552381486728,2.57539828970332,4.56760550670093,1.35994856156051
Snapc3,8.04561571895775,7.30809537938748,5.96931166959548,2.13975361898062,4.04740920946166
Socs3,7.63390783441343,8.04228429396478,7.42164054258915,4.08123568722456,0
Sox21,3.01090943426146,5.90725495374593,4.49268955961577,3.79531748485035,3.37408650677529
Spag1,6.38135061628659,5.05108492020357,2.56012293528292,2.36162347002221,0
Spata21,5.84258340284421,4.13017892444655,0,0,0
Specc1l,6.6572365755,4.3170791279855,0,3.30731732381103,2.67945290679655
Spi1,0,3.9524730872448,5.08774265136911,5.81761156825514,4.62686242935002
Spin1,11.4142568469625,9.127865977601,6.78012783490709,5.29430891587442,5.18629633228796
Spire1,7.41517547342632,4.88271247211134,1.5121908239851,1.24116485171866,3.09305042827386
Spred1,6.02147289582619,5.24059844303441,3.33166791446946,2.38890747149714,0
Spry4,9.07452341346653,5.21079130644334,1.27191524740288,2.51339868798277,0
Spsb4,4.82492530369723,6.60545704578613,4.5050025777663,2.20695966903346,0.820017869532102
Spz1,5.87300889507058,4.66840823887337,0,0,0
Srgn,5.59410631843757,4.87240463482637,1.46899774645144,2.30059911643806,0
Ssfa2,5.92495827420358,4.0802819575742,0.63154217460421,0,0
Steap3,2.69616913528423,3.21260661850665,6.78276051339106,7.04201741137011,7.46219742844814
Stk17b,4.57476176183179,4.04921879152149,4.5202784338567,3.27850538077933,5.27881248426521
Sycn,2.45068128433505,6.91643699711812,7.78040243092592,5.77856546239249,7.2495105629802
Sycp1,7.6135507351478,8.08815660398219,6.29568465906648,5.54958631090024,7.89439118121092
Sycp2,6.97455450752994,5.39418834236509,2.78344962851681,0,0
Syngr1,7.25548838477755,8.5654529573071,8.50430028758191,7.89955854234745,7.99023098434162
Tagln2,0.242993803252835,5.92025512360532,7.06826146161125,7.93064698450538,8.04203807899718
Tbc1d12,6.04046108423625,7.09304195765682,3.43497095570292,4.54284398233492,0
Tbx20,1.40760324891369,3.43532590165205,7.32463769724011,7.9745974018269,7.58933035371845
Tceal8,1.39619144812849,0,0,0,1.71873755380974
Tchh,4.61381918939018,3.96145040971409,1.85506034369469,0,1.17574795397403
Tcl1,8.48812315020811,4.30714216475877,1.56870320456341,0.983307047463077,0
Tdgf1,4.90417706011135,8.00017339831254,8.06741661440125,6.14873490127798,5.83464628414127
Tdpoz1,6.38123905996315,5.90843066892307,1.85402571338791,0.579446314732317,0.820017869532102
Tex11,5.65182643919316,4.40001185984711,0,0,0.706991724886799
Tex12,5.5299770941045,5.2037584160138,5.13402024590181,3.92783606729858,5.17722276509247
Tex15,5.54778443202063,5.83782717399868,3.03194731840007,2.34395450203818,0
Tfcp2,7.05091041155434,6.29966883683896,5.24167320398006,0,2.52678133109853
Tfcp2l1,3.08844470746506,3.0481782386378,7.9830918041806,9.10653518049018,9.7425942046898
Tfg,8.09318209724078,8.76173189420744,8.54453351553213,8.0206844757786,7.53503922785132
Tgfb2,6.8833563693704,3.88151163785449,0,0,0
Tiam2,7.33261313784907,5.22582009198941,2.66551644113995,0,0
Tiparp,9.70235709483151,8.80261922923107,5.59945379895945,6.9888886307154,3.56903463343791
Tmcc3,7.90786127436415,5.35808683803135,2.561210353429,0,0
Tmed6,7.14512113802,6.43086088512718,3.850900810166,2.16188306423781,0.76188936201494
Tmeff1,0,1.85843428744759,4.00718630671401,5.9192195822022,5.85923523281997
Tmem168,5.8102581675757,5.62809720117012,5.00009361256711,5.30379804669125,3.30125778706251
Tmem216,6.91741999521099,6.49212175049534,4.59683574120278,3.98601388403767,3.59110440756278
Tmem229b,8.05091240502363,9.0494430651655,7.4806006932778,5.41420701050511,3.29597032764842
Tmem251,7.22022788472104,6.83675685542118,5.58063196620668,4.74139640486031,5.85246402869342
Tmem37,3.89967120318301,7.6000444912955,4.79620210042309,5.24546390616355,3.52044704273416
Tmem47,3.91524110164225,3.75608120174865,0,0,0.820017869532102
Tmem64,1.90355564155309,5.07582836195101,7.46687771006897,5.15694078842471,5.71750441396499
Tmprss11a,6.7002952371383,3.95461631547936,0,0,0
Tnfaip8l2,6.3849693505502,5.4077762421347,0,0,0
Togaram1,7.9302274333701,7.03365257473172,5.51241067764258,5.53625568895151,6.017493546398
Tpm4,0,4.53040675982212,6.97510336223111,8.01992443987056,8.49986968101774
Trim44,7.00167202506938,4.95387956236874,3.92379368269577,4.01249495743412,3.30123562543012
Trip11,6.00447394425169,5.28307926345259,4.29814925214717,4.60569107109045,5.06772834372556
Trmt10c,7.31690084967222,6.95932713736837,6.52103734329356,6.42848744758976,6.97387852415936
Tspan1,0,3.00592725956295,6.43539545484465,5.91612261507419,4.68451706514832
Tuba3b,5.26678371076439,5.19639275779595,1.65130825687973,0,1.19015366377622
Tubb5,8.29984073359246,8.21836549126821,6.32573763059851,7.71000661895815,8.66050105729339
Txndc16,6.08629577219938,4.0751089907655,0,0.579446314732317,4.82576725573966
Ube3a,7.5521838810881,6.16714234938656,6.07101553009561,7.60154162725455,7.63413041292542
Ubl7,8.46650156893214,8.8958164914159,8.38139637267929,7.06029671228078,7.18401229860253
Ubtfl1,8.07364864456343,7.88046732024227,5.54811591944076,0.611319691170959,4.69097588913782
Ulk2,5.79662869001085,5.81470457423278,4.30472305089472,1.26207238303298,0
Unc13c,8.744395290256,5.51731986390742,1.18255411336683,0,0
Unc5c,6.26190749027263,4.04212983553225,0,0,0
Usp29,7.10824480134695,5.7564038482759,3.49002205794284,1.90721825611195,0
Vnn1,0,6.0769644318487,8.24867091992612,6.28860426052242,6.26124633595373
Vrk2,0.663968155237442,3.61214702930645,5.89376806613446,5.86937950555128,5.21026398441962
Wdr20,7.91698608332623,5.6028208640847,4.30106126112138,4.53024316344949,5.43526236329485
Xist,0.441333179041224,1.15367858864041,10.0648074467551,2.28206729697691,9.95166986088405
Xkr9,3.56152203853038,6.02589203916472,4.68656954169002,0,2.91449087884781
Zbed3,10.8705145975236,5.75286146035257,3.0627185538075,0,0
Zfp120,6.04864484867944,5.43079724539441,4.31086009590428,5.34276284672341,2.94048671290449
Zfp292,7.16866272691566,7.10112399069667,6.3009039796393,2.3935685817719,4.56961354727086
Zfp318,6.312789985598,4.72030796451745,2.41222084362429,2.42302192577089,0
Zfp345,4.96665654688235,6.37783768254101,4.99589783128182,6.08502185366209,6.120175830995
Zfp367,7.68051093555971,7.57033685549484,6.29889961741502,6.30992808590672,4.54240884561936
Zfp51,6.07992808680602,7.6760969770089,7.25784352122453,6.00982842443768,5.87427538259058
Zfp53,2.74722140896241,3.29764677148206,1.34983499392336,3.54187352553957,2.37918570363518
Zfp54,4.62709802222448,3.4703769011451,4.0399418041329,3.80152809803092,1.80342736272051
Zfp623,6.98997593514467,4.53252987291537,4.16127467449892,2.0573390897121,3.47568604172793
Zfp644,8.56045878612433,9.35596022738314,7.38395217871066,3.69820649996953,5.63834534386466
Zfp655,8.45001026260945,8.6684188559084,7.39302393658383,7.8316974625205,7.22746001317038
Zfp677,4.38861884441393,3.71798735673039,0,4.80961005209176,0
Zfp729a,2.22670654980482,5.11115003298071,3.28936271504246,5.85866436319227,5.24879888578132
Zfp758,6.15911020545324,7.15296002902229,4.95373486273924,4.82939732889167,3.42984782485148
Zfp775,7.81328955282493,6.75108065712818,5.25490657655355,1.89377454838233,5.86431453906944
Zfp800,5.19453507903365,5.11588800865882,4.78932013473801,5.88069423041304,5.85771092766768
Zfp873,4.50682237385662,4.04664121154286,4.6377227757392,2.0740689689985,5.26523397931375
Zfp874a,5.117409963904,6.68022702244101,5.12858869160035,6.56447958310272,3.75953981590639
Zfp930,4.09031544238655,4.89352320534391,4.89004599419415,7.15796790094696,6.00855369215881
Zfp934,3.86498322992317,4.56384484031835,5.64733133652167,6.81524084279769,2.79903369074989
Zfp936,7.2947917732851,8.30691272099238,7.60956263141983,8.41298121945198,6.91593327345675
Zfp943,5.51541894184501,5.03844971538746,3.4223084215946,3.20904122801788,3.3862804909064
Zfp944,6.36897617293507,6.38909162969862,4.13414323691617,6.01561826396067,2.17996643109262
Zfp947,3.64633133863522,6.56744524614953,5.44203926915524,4.0606952411092,6.22152163267943
Zfp948,6.27383471282191,6.22893528093914,4.32262819589442,0,0.706991724886799
Zfp974,5.29419223973044,5.73759059081174,3.09189141979382,0,0.216087475196746
Zfp977,6.60113328181404,6.51316633629349,5.48480285749244,7.3997052295666,5.58977679204122
Zp3,7.64828123087278,6.07489644228273,4.70271453869463,2.80824981205119,2.7595488990585
Zscan5b,9.63550899765075,8.80744541774429,6.3801123454204,3.87658274707245,1.4381390010478
Zswim5,5.42016086138468,6.84939496334499,5.36667468751198,3.64199632702081,4.14996684634217
