,alpha,ductal,endothelial,delta,acinar,beta,unclear,gamma,mesenchymal,epsilon
A1CF,2.00637582948719,0,0,1.00141187054396,1.00141187054396,1.00141187054396,0,1.00141187054396,0,2.3310113247995
ABCC3,0,2.5968095554523,0,0,2.3310113247995,0,3.2707107001219,0,0,0
ABCC8,2.5968095554523,0,0,3.01747376435913,0,4.64959141436424,0,3.48549800542213,0,2.00637582948719
ABLIM1,2.3310113247995,2.00637582948719,0,1.58873426750377,1.00141187054396,2.00637582948719,3.34511411240253,0,0,1.58873426750377
ACTN1,1.58873426750377,2.3310113247995,2.00637582948719,1.58873426750377,3.01747376435913,1.58873426750377,0.794367133751885,1.58873426750377,4.71153117401635,1.58873426750377
ADAM9,1.00141187054396,3.1902461228973,1.00141187054396,0,3.34511411240253,1.00141187054396,1.91170701304819,0,2.3310113247995,0
ADCYAP1,0,0,0,0,0,2.5968095554523,0.500705935271981,0,0,0
AGT,0,2.3310113247995,0,0,0,0,0,0,0,3.48549800542213
AHNAK,0,3.1902461228973,2.3310113247995,0,1.00141187054396,0,3.10385994362821,0,4.0858748075301,0
AKAP12,0,0,0,2.00637582948719,0,0,0,1.58873426750377,3.1902461228973,0
AKAP13,1.00141187054396,2.5968095554523,2.3310113247995,1.00141187054396,2.5968095554523,1.00141187054396,2.16869357714335,1.00141187054396,2.82200215555242,1.00141187054396
AKR1B10,0,1.00141187054396,0,0,3.01747376435913,0,2.75677838515357,0,0,0
AKR1C1,0,1.58873426750377,0,0,2.82200215555242,0,1.58873426750377,0,0.500705935271981,0
AKR1C3,0,1.58873426750377,0,0,4.04066547433843,0,2.80714165990571,0,0,0
ALB,0,0,0,0,5.35625168969217,0,0,0,0,0
ALCAM,2.3310113247995,2.00637582948719,0,3.01747376435913,2.00637582948719,3.34511411240253,2.5210386724412,2.00637582948719,0,1.58873426750377
ALDH1A1,5.91611103142193,2.3310113247995,0,2.3310113247995,4.297494697513,3.67311583401819,1.50389385001558,4.04066547433843,1.00141187054396,3.94461184479151
ALDH3A2,1.00141187054396,3.34511411240253,0,1.00141187054396,2.82200215555242,1.00141187054396,3.5674289838444,0,0,1.00141187054396
ALDOB,0,0,0,0,5.39693659585285,0,0,0,0,0
ALPK3,2.00637582948719,0,1.58873426750377,1.58873426750377,1.58873426750377,1.58873426750377,0.500705935271981,1.00141187054396,0,1.58873426750377
ANKH,2.00637582948719,0,1.00141187054396,1.58873426750377,1.00141187054396,2.3310113247995,0,1.58873426750377,1.58873426750377,1.58873426750377
ANPEP,0,0,0,0,4.5851560646606,0,0,0,0,0
ANXA2,2.00637582948719,6.24761289961758,4.13108414072177,1.00141187054396,4.4478756194429,2.00637582948719,3.61392337716269,1.00141187054396,5.55038033012969,2.00637582948719
ANXA2P2,0,3.34511411240253,2.00637582948719,0,1.58873426750377,0,0.794367133751885,0,2.82200215555242,0
ANXA4,1.00141187054396,6.14317989664918,1.00141187054396,0,5.13684910133584,0,2.16869357714335,1.00141187054396,1.58873426750377,0
APLP1,3.1902461228973,0,0,2.5968095554523,1.00141187054396,2.5968095554523,0.500705935271981,2.5968095554523,0,2.00637582948719
AQP1,0,3.34511411240253,0,0,0,0,0.500705935271981,0,0,0
AQP3,0,1.00141187054396,0,2.3310113247995,1.58873426750377,0,1.29507306902387,2.82200215555242,0,0
ARL4C,0,2.00637582948719,0,0,0,0,2.00944281745155,0,2.5968095554523,0
ARPC1B,1.58873426750377,2.82200215555242,2.5968095554523,1.00141187054396,2.5968095554523,1.00141187054396,0.500705935271981,1.00141187054396,3.48549800542213,1.58873426750377
ARRDC4,2.00637582948719,0,0,0,1.00141187054396,0,1.79911071299813,0,1.00141187054396,0
ARX,2.5968095554523,0,0,0,0,0,0,2.3310113247995,0,3.01747376435913
ASPH,2.82200215555242,2.3310113247995,1.00141187054396,2.00637582948719,3.48549800542213,2.5968095554523,1.00141187054396,1.58873426750377,4.17379885649663,0
ATP10B,0,1.00141187054396,0,0,3.34511411240253,0,0,0,0,0
ATP1B1,3.61392337716269,4.88423612140334,0,2.82200215555242,4.04066547433843,2.82200215555242,3.26768011764991,1.58873426750377,1.00141187054396,1.58873426750377
BACE2,1.00141187054396,3.73230829087369,2.00637582948719,0,4.21651357227149,0,3.65748423093606,0,1.58873426750377,0
BAZ1A,0,2.00637582948719,2.3310113247995,0,2.3310113247995,0,3.22712572446505,0,2.82200215555242,0
BCAT1,0,0,0,0,4.71153117401635,0,0,0,2.82200215555242,0
BEX1,4.5851560646606,1.00141187054396,0,4.64959141436424,1.00141187054396,4.4478756194429,1.74274900271107,3.73230829087369,1.00141187054396,4.13108414072177
BEX2,3.01747376435913,1.58873426750377,0,3.1902461228973,1.58873426750377,3.34511411240253,1.41100107777621,2.5968095554523,0,2.00637582948719
BHLHE40,0,2.00637582948719,1.58873426750377,0,2.00637582948719,1.00141187054396,2.47301185766773,0,2.91973795995578,0
BHLHE41,0,1.00141187054396,0,2.00637582948719,0,1.58873426750377,3.5674289838444,1.00141187054396,0,0
BIRC3,0,1.58873426750377,0,0,2.3310113247995,0,2.47301185766773,0,0,0
BTG2,2.5968095554523,2.00637582948719,0,2.00637582948719,3.34511411240253,1.00141187054396,2.30310401593145,3.01747376435913,0,2.3310113247995
C10orf10,2.82200215555242,1.00141187054396,0,1.00141187054396,2.00637582948719,1.58873426750377,0.794367133751885,2.00637582948719,0,1.58873426750377
C12orf75,2.5968095554523,3.01747376435913,0,0,1.58873426750377,2.00637582948719,1.29507306902387,1.58873426750377,1.00141187054396,2.3310113247995
C14orf132,1.00141187054396,0,1.00141187054396,2.3310113247995,0,2.3310113247995,0,1.00141187054396,1.00141187054396,0
C15orf48,1.58873426750377,0,0,0,4.98996647140356,0,1.29507306902387,1.00141187054396,0,0
C19orf77,2.00637582948719,0,0,0,0,0,1.16550566239975,1.00141187054396,0,0
C2CD4A,1.58873426750377,0,0,0,0,0,0.500705935271981,0,0,0
C2CD4B,1.00141187054396,0,0,0,1.00141187054396,0,0,0,0,0
C3,0,1.58873426750377,0,0,3.48549800542213,0,0.500705935271981,0,0,0
CACNA1A,2.00637582948719,0,0,1.58873426750377,0,1.00141187054396,0,2.3310113247995,0,0
CADM1,1.58873426750377,1.58873426750377,1.00141187054396,2.82200215555242,0,2.5968095554523,1.66621159767173,1.00141187054396,0,2.00637582948719
CADPS,2.00637582948719,0,0,2.5968095554523,0,2.5968095554523,0,1.58873426750377,0,0
CALD1,0,2.3310113247995,1.58873426750377,1.58873426750377,0,1.00141187054396,0.500705935271981,0,6.16910237608907,2.3310113247995
CALU,1.00141187054396,2.00637582948719,2.00637582948719,1.00141187054396,2.3310113247995,1.00141187054396,0.500705935271981,1.00141187054396,4.82868858074601,0
CAMK2N1,2.82200215555242,1.58873426750377,0,2.5968095554523,0,3.34511411240253,1.91170701304819,3.01747376435913,2.00637582948719,2.3310113247995
CAPN2,1.00141187054396,3.1902461228973,1.58873426750377,1.00141187054396,2.82200215555242,1.58873426750377,2.09277191147803,1.00141187054396,2.82200215555242,0
CASR,0,0,0,2.5968095554523,0,2.5968095554523,0,1.00141187054396,0,0
CAV2,0,3.61392337716269,1.58873426750377,0,2.3310113247995,0,0.500705935271981,0,2.5968095554523,0
CCND2,0,0,0,0,2.82200215555242,1.00141187054396,0,0,2.3310113247995,1.00141187054396
CD200,2.00637582948719,0,1.00141187054396,2.00637582948719,0,2.3310113247995,0,1.58873426750377,0,1.00141187054396
CD24,2.00637582948719,6.70458919676004,1.58873426750377,2.5968095554523,7.3647044617966,3.01747376435913,5.48593423869759,1.58873426750377,1.58873426750377,1.00141187054396
CD44,1.00141187054396,5.13684910133584,0,0,5.31457957999183,0,1.79755504849548,1.00141187054396,3.61392337716269,0
CD74,0,3.34511411240253,0,0,1.58873426750377,0,1.50389385001558,0,0,1.58873426750377
CD9,0,3.01747376435913,3.61392337716269,2.00637582948719,1.58873426750377,0,0.794367133751885,0,1.79755504849548,2.00637582948719
CD99L2,2.3310113247995,1.00141187054396,0,1.00141187054396,1.00141187054396,1.00141187054396,0,0,1.00141187054396,0
CDC42EP3,2.00637582948719,1.00141187054396,0,2.00637582948719,1.00141187054396,2.5968095554523,1.50389385001558,1.00141187054396,0,1.58873426750377
CDCP1,0,1.58873426750377,0,1.58873426750377,2.3310113247995,1.58873426750377,2.00944281745155,1.00141187054396,0,2.00637582948719
CDH1,2.3310113247995,3.73230829087369,0,2.00637582948719,4.21651357227149,2.00637582948719,3.73809912656215,1.58873426750377,0,2.00637582948719
CDKN1A,0,2.3310113247995,2.3310113247995,0,2.3310113247995,2.00637582948719,4.61973930657406,1.58873426750377,1.29507306902387,1.00141187054396
CDKN1C,1.00141187054396,1.00141187054396,1.00141187054396,0,0,2.5968095554523,1.00141187054396,0,0,1.00141187054396
CEBPD,0,1.00141187054396,0,0,3.1902461228973,0,1.00141187054396,0,1.58873426750377,0
CECR1,2.3310113247995,1.58873426750377,0,1.58873426750377,1.00141187054396,1.58873426750377,0.500705935271981,1.00141187054396,1.00141187054396,1.58873426750377
CEL,0,0,0,0,5.04038687174049,0,0,0,0,0
CELA2A,0,0,0,0,4.21651357227149,0,0,0,0,0
CELA3A,0,0,0,0,4.71153117401635,0,0,0,0,0
CFB,0,3.61392337716269,0,0,5.75904068485912,0,0,0,0,0
CFC1,2.00637582948719,0,0,1.00141187054396,0,1.00141187054396,0,0,0,1.58873426750377
CFTR,0,5.27186540239799,0,0,0,0,0.500705935271981,0,0,0
CHGA,6.24761289961758,2.00637582948719,1.58873426750377,4.82868858074601,2.3310113247995,5.01517667157202,2.00637582948719,3.94461184479151,2.3310113247995,2.00637582948719
CHGB,6.72520980641768,1.00141187054396,1.00141187054396,5.04038687174049,1.58873426750377,3.94461184479151,1.00141187054396,5.27186540239799,1.58873426750377,4.93795377263354
CLDN1,0,3.48549800542213,0,0,2.3310113247995,0,3.31425301115625,0,0,0
CLDN10,0,3.01747376435913,0,0,2.00637582948719,0,0,0,0,0
CLDN4,0,2.82200215555242,0,0,3.34511411240253,0,1.66621159767173,0,0,0
CLDN7,1.58873426750377,3.01747376435913,0,1.00141187054396,3.1902461228973,1.00141187054396,2.4639104401259,1.00141187054396,0,1.00141187054396
CLMN,0,2.5968095554523,0,0,2.3310113247995,0,1.00141187054396,0,0,0
CLU,5.51355677030713,4.21651357227149,1.00141187054396,4.51800216022477,4.37448516703409,3.48549800542213,2.41418899251981,4.64959141436424,1.00141187054396,6.00441554596575
CNIH2,3.01747376435913,0,0,2.00637582948719,0,1.58873426750377,0,1.58873426750377,0,2.3310113247995
CNTN1,2.5968095554523,0,0,1.00141187054396,0,1.58873426750377,0,1.58873426750377,0,0
COL1A1,1.00141187054396,1.00141187054396,0,1.00141187054396,1.00141187054396,1.00141187054396,0.794367133751885,0,9.44141461019171,0
COL1A2,0,0,0,0,0,0,0,0,8.00832755438492,0
COL3A1,0,0,0,0,0,0,0,0,7.87081887956606,0
COL4A1,0,1.00141187054396,5.43668500397911,0,0,0,0,0,6.69419081826437,0
COL4A2,0,2.00637582948719,5.43668500397911,0,0,0,0.500705935271981,0,6.59874517084375,0
CPA1,0,0,0,0,6.82582866944891,0,0,0,0,0
CPA2,0,0,0,0,5.79153838879139,0,0,0,0,0
CPB1,0,1.00141187054396,1.00141187054396,1.00141187054396,6.64165106554085,0,1.00141187054396,1.00141187054396,1.00141187054396,0
CPE,5.97543230476667,1.58873426750377,1.00141187054396,5.27186540239799,1.00141187054396,5.04038687174049,1.58873426750377,4.77117207565512,2.00637582948719,5.43668500397911
CPLX2,2.00637582948719,0,0,1.00141187054396,0,1.58873426750377,0,1.00141187054396,0,2.3310113247995
CPM,0,1.58873426750377,1.00141187054396,0,2.82200215555242,0,1.41100107777621,0,0,1.00141187054396
CREB3L1,0,1.00141187054396,0,0,2.5968095554523,0,1.29507306902387,0,3.67311583401819,0
CRYBA2,3.01747376435913,0,0,0,0,0,0,0,0,0
CSDA,0,1.58873426750377,1.00141187054396,0,2.82200215555242,0,1.29507306902387,0,2.00637582948719,0
CTRB1,0,0,0,0,5.51355677030713,0,0,0,0,0
CTRB2,0,1.00141187054396,0,0,8.22287509907976,1.00141187054396,0.794367133751885,0,1.00141187054396,0
CTRC,0,0,0,0,4.21651357227149,0,0,0,0,0
CTSD,0,2.82200215555242,1.00141187054396,0,2.5968095554523,1.00141187054396,1.79911071299813,0,1.58873426750377,0
CXADR,0,3.01747376435913,0,1.00141187054396,2.5968095554523,1.00141187054396,3.21796276635755,0,0,1.58873426750377
CXCL2,0,2.00637582948719,0,0,4.51800216022477,0,3.55880588696656,0,0,0
CYB5A,1.00141187054396,2.00637582948719,0,1.00141187054396,3.84214376653737,1.00141187054396,2.4639104401259,0,1.00141187054396,1.00141187054396
DHRS7,1.00141187054396,2.82200215555242,1.58873426750377,2.00637582948719,3.01747376435913,2.82200215555242,2.8935278391748,1.00141187054396,2.00637582948719,1.00141187054396
DLK1,0,0,0,0,0,1.00141187054396,0,0,0,0
DNAJB9,1.00141187054396,1.00141187054396,1.00141187054396,1.58873426750377,2.3310113247995,2.00637582948719,1.29507306902387,0,2.3310113247995,0
DNAJC12,1.58873426750377,0,0,2.00637582948719,1.58873426750377,2.00637582948719,0,1.00141187054396,0,1.00141187054396
DPP6,2.00637582948719,0,0,1.00141187054396,0,2.3310113247995,0,1.58873426750377,0,0
DSP,3.34511411240253,3.84214376653737,0,3.1902461228973,4.04066547433843,4.297494697513,3.55974842653271,2.82200215555242,1.00141187054396,4.4478756194429
DST,2.3310113247995,4.37448516703409,0,2.5968095554523,2.3310113247995,3.34511411240253,2.41418899251981,2.3310113247995,3.48549800542213,2.82200215555242
DUOX2,0,1.00141187054396,0,0,5.82347237337479,0,0.500705935271981,0,0,0
DUSP1,1.00141187054396,3.1902461228973,0,1.00141187054396,2.3310113247995,1.00141187054396,3.67388747618145,1.00141187054396,2.3310113247995,2.00637582948719
DUSP4,0,1.58873426750377,1.00141187054396,0,3.01747376435913,0,2.92425979801228,0,0.500705935271981,0
DZIP3,2.3310113247995,0,0,2.00637582948719,0,2.00637582948719,1.0031879147436,2.00637582948719,1.00141187054396,0
EGR1,1.58873426750377,3.1902461228973,1.00141187054396,3.1902461228973,2.82200215555242,2.00637582948719,4.83387854728131,3.01747376435913,2.82200215555242,2.00637582948719
EHF,1.00141187054396,2.5968095554523,0,2.00637582948719,2.00637582948719,0,3.10385994362821,1.58873426750377,0,0
ELF3,1.00141187054396,3.73230829087369,0,0,3.84214376653737,1.00141187054396,3.5674289838444,1.00141187054396,0,0
ELL2,3.1902461228973,1.58873426750377,0,2.00637582948719,2.5968095554523,1.58873426750377,1.67255705620126,2.00637582948719,1.79755504849548,2.00637582948719
ENAH,0,2.82200215555242,1.58873426750377,1.00141187054396,3.01747376435913,1.58873426750377,1.58873426750377,1.00141187054396,3.94461184479151,0
ENO2,1.58873426750377,0,0,2.00637582948719,0,2.82200215555242,0,1.00141187054396,0,1.00141187054396
ENPP2,3.48549800542213,0,0,2.3310113247995,0,2.00637582948719,0.500705935271981,1.58873426750377,0,3.01747376435913
EPCAM,3.73230829087369,4.5851560646606,0,3.34511411240253,4.13108414072177,3.61392337716269,3.61392337716269,2.82200215555242,0,4.297494697513
ERBB3,0,2.3310113247995,0,0,2.82200215555242,0,2.57650674017596,0,0,2.00637582948719
ERO1LB,2.82200215555242,0,0,2.3310113247995,1.58873426750377,4.4478756194429,1.29507306902387,2.3310113247995,0,1.00141187054396
EZR,1.58873426750377,2.5968095554523,0,1.00141187054396,2.5968095554523,1.00141187054396,3.52906961934878,1.00141187054396,0,1.58873426750377
FABP5,2.3310113247995,0,3.1902461228973,0,0,0,0,1.00141187054396,1.00141187054396,0
FAM102A,2.00637582948719,3.01747376435913,0,2.82200215555242,3.34511411240253,2.4639104401259,3.15375008048728,1.58873426750377,1.00141187054396,1.58873426750377
FAM105A,1.00141187054396,0,0,1.00141187054396,0,2.3310113247995,0,0,0,0
FAM107B,1.00141187054396,2.3310113247995,2.00637582948719,1.00141187054396,3.73230829087369,1.00141187054396,2.8935278391748,0,2.00637582948719,1.58873426750377
FAM129B,1.00141187054396,2.82200215555242,2.3310113247995,1.00141187054396,2.82200215555242,1.58873426750377,0.794367133751885,1.00141187054396,2.82200215555242,0
FAM134B,0,1.58873426750377,0,0,3.34511411240253,1.00141187054396,0.500705935271981,1.00141187054396,0,0
FAM46A,2.00637582948719,1.58873426750377,0,2.00637582948719,1.58873426750377,1.00141187054396,2.41418899251981,1.58873426750377,2.00637582948719,1.00141187054396
FAP,3.34511411240253,0,0,0,0,0,0,0,4.44624366362943,0
FAT1,0,2.00637582948719,0,1.00141187054396,2.00637582948719,1.00141187054396,1.50389385001558,0,3.1902461228973,0
FEV,2.00637582948719,0,0,0,0,0,0,1.58873426750377,0,0
FILIP1L,0,2.3310113247995,0,0,1.00141187054396,0,1.97230592239575,0,1.00141187054396,0
FKBP11,1.00141187054396,0,0,0,2.3310113247995,0,0,0,2.5968095554523,0
FLRT2,0,2.82200215555242,0,0,2.00637582948719,0,0,0,0,0
FN1,0,0,0,0,0,0,0,0,7.42232948293048,0
FNDC3B,1.00141187054396,2.5968095554523,2.5968095554523,1.58873426750377,2.82200215555242,1.58873426750377,2.97096183392741,2.00637582948719,3.73230829087369,0
FOS,2.5968095554523,2.5968095554523,2.3310113247995,3.01747376435913,3.48549800542213,2.3310113247995,5.33824086445861,3.1902461228973,1.58873426750377,2.82200215555242
FSTL1,0,1.58873426750377,2.5968095554523,0,0,0,0,0,4.71153117401635,0
FTH1P3,1.00141187054396,2.82200215555242,1.58873426750377,1.00141187054396,4.13108414072177,2.3310113247995,2.41418899251981,1.00141187054396,3.54971069129241,0
FXYD6,2.5968095554523,0,1.00141187054396,2.00637582948719,0,1.00141187054396,0,1.00141187054396,1.00141187054396,0
G6PC2,3.34511411240253,0,0,0,0,4.51800216022477,0,1.00141187054396,0,0
GABRB3,1.58873426750377,0,0,2.82200215555242,0,2.00637582948719,0.500705935271981,1.00141187054396,0,1.58873426750377
GAD2,2.00637582948719,0,0,3.48549800542213,0,3.34511411240253,0,3.01747376435913,0,0
GADD45A,1.00141187054396,2.00637582948719,0,0,1.58873426750377,1.00141187054396,3.91242961013608,0,1.58873426750377,1.00141187054396
GATM,0,2.00637582948719,0,0,3.84214376653737,0,1.00141187054396,0,0,0
GC,4.98996647140356,1.00141187054396,0,0,1.00141187054396,0,0.500705935271981,2.00637582948719,1.00141187054396,2.82200215555242
GCH1,3.34511411240253,1.00141187054396,0,3.01747376435913,1.00141187054396,2.00637582948719,0.794367133751885,1.58873426750377,0,1.00141187054396
GCNT1,2.00637582948719,0,0,0,0,1.00141187054396,0.500705935271981,1.00141187054396,0,0
GDA,1.58873426750377,0,0,1.00141187054396,0,1.58873426750377,0,1.00141187054396,0,0
GDF15,0,3.1902461228973,0,0,5.5507642035293,0,2.17326299147325,0,0,0
GLIS3,0,2.3310113247995,0,0,0,2.3310113247995,0.794367133751885,1.00141187054396,2.3310113247995,0
GLS,3.73230829087369,2.00637582948719,1.58873426750377,1.00141187054396,2.3310113247995,1.58873426750377,2.56624800563287,1.00141187054396,2.4639104401259,1.00141187054396
GLUL,1.00141187054396,2.5968095554523,1.00141187054396,1.00141187054396,3.01747376435913,1.00141187054396,2.38949019520053,0,2.3310113247995,2.00637582948719
GNG2,1.58873426750377,0,0,1.58873426750377,0,1.58873426750377,0,1.00141187054396,1.00141187054396,2.3310113247995
GNG4,2.00637582948719,0,0,0,0,2.16869357714335,0,1.58873426750377,0,0
GOLM1,1.00141187054396,3.61392337716269,1.00141187054396,1.00141187054396,3.34511411240253,1.00141187054396,3.73267469190101,0,2.00637582948719,0
GPR56,2.3310113247995,1.58873426750377,3.1902461228973,1.00141187054396,2.82200215555242,2.3310113247995,0,2.00637582948719,0,0
GPX2,0,1.58873426750377,0,0,3.84214376653737,1.00141187054396,2.30159269246974,0,0,0
GPX3,2.00637582948719,0,0,1.00141187054396,0,0,0,0,0,0
GSN,0,2.3310113247995,1.58873426750377,0,1.00141187054396,2.00637582948719,1.58873426750377,0,1.58873426750377,0
GSTA1,0,1.00141187054396,0,0,5.94600313665813,0,0.500705935271981,0,0,0
GSTA2,0,0,0,0,5.65791844639852,0,0,0,0,0
GSTP1,0,2.3310113247995,1.00141187054396,1.00141187054396,2.5968095554523,0,2.30159269246974,0,2.00637582948719,0
GULP1,0,2.00637582948719,1.00141187054396,0,2.3310113247995,0,2.85990920411277,0,1.00141187054396,0
HADH,0,1.58873426750377,1.00141187054396,3.1902461228973,1.58873426750377,4.13108414072177,0,1.00141187054396,1.00141187054396,1.58873426750377
HEPACAM2,1.58873426750377,0,0,2.3310113247995,0,1.00141187054396,0,1.00141187054396,0,4.4478756194429
HERPUD1,1.29507306902387,2.00637582948719,2.3310113247995,1.58873426750377,3.01747376435913,2.3310113247995,3.29576594707389,1.00141187054396,3.54971069129241,1.00141187054396
HES1,0,2.5968095554523,2.00637582948719,0,2.5968095554523,0,4.46728915809753,0,2.3310113247995,2.00637582948719
HIGD1A,2.82200215555242,2.3310113247995,1.58873426750377,1.00141187054396,2.5968095554523,1.58873426750377,2.80714165990571,0,2.3310113247995,1.00141187054396
HLA-B,3.61392337716269,5.65791844639852,4.98996647140356,2.3310113247995,5.35625168969217,2.3310113247995,5.71825111860823,1.00141187054396,4.13108414072177,3.48549800542213
HLA-E,2.3310113247995,3.01747376435913,3.73230829087369,1.00141187054396,3.34511411240253,1.58873426750377,3.10536646630749,1.00141187054396,2.5968095554523,2.82200215555242
HN1,1.00141187054396,2.82200215555242,1.00141187054396,0,3.01747376435913,1.00141187054396,3.27715522321306,0,2.00637582948719,1.00141187054396
HSPB1,2.00637582948719,3.61392337716269,3.01747376435913,1.58873426750377,4.297494697513,1.58873426750377,2.97096183392741,2.00637582948719,2.91973795995578,2.82200215555242
IAPP,1.58873426750377,1.00141187054396,1.00141187054396,1.58873426750377,1.58873426750377,5.87030160221745,2.16869357714335,1.58873426750377,1.00141187054396,1.58873426750377
ID1,0,2.00637582948719,4.297494697513,0,0,2.00637582948719,2.17326299147325,2.00637582948719,0,0
ID2,1.00141187054396,3.73230829087369,3.61392337716269,2.00637582948719,2.00637582948719,1.58873426750377,4.35812010269118,3.61392337716269,0,2.00637582948719
ID3,0,1.00141187054396,3.73230829087369,0,1.00141187054396,0,1.41100107777621,0,3.10385994362821,0
IER2,0,2.82200215555242,2.82200215555242,1.58873426750377,2.82200215555242,1.00141187054396,4.3705051632133,1.00141187054396,1.58873426750377,0
IER3,0,3.61392337716269,0,1.00141187054396,2.3310113247995,1.58873426750377,1.80696168858134,0,4.0858748075301,0
IFITM2,0,3.01747376435913,3.01747376435913,0,2.00637582948719,0,0,0,3.48549800542213,0
IFITM3,0,4.37448516703409,4.297494697513,0,4.71153117401635,0,1.0031879147436,0,5.51355677030713,0
IGFBP7,3.1902461228973,4.82868858074601,5.97543230476667,1.00141187054396,1.00141187054396,2.00637582948719,1.00141187054396,2.5968095554523,7.1600194684436,0
IL32,0,1.00141187054396,0,0,3.94461184479151,0,1.29840477772615,0,0,0
IMPA2,1.00141187054396,2.00637582948719,0,0,3.73230829087369,0,2.09582899672063,0,0.500705935271981,0
INA,2.3310113247995,0,0,2.3310113247995,0,2.5968095554523,0,2.3310113247995,0,2.00637582948719
INS,1.00141187054396,0,0,1.00141187054396,0,6.510463090192,0,0,0,0
INSIG1,1.00141187054396,1.58873426750377,2.00637582948719,1.00141187054396,1.58873426750377,1.58873426750377,1.29840477772615,1.00141187054396,2.16869357714335,0
INSM1,2.3310113247995,0,0,2.82200215555242,0,3.01747376435913,0,2.00637582948719,0,1.00141187054396
INSR,1.00141187054396,2.3310113247995,2.82200215555242,0,3.84214376653737,1.00141187054396,1.79911071299813,1.00141187054396,1.00141187054396,1.58873426750377
IQGAP2,0,2.3310113247995,0,0,2.3310113247995,0,0.794367133751885,0,0,0
IRX2,3.01747376435913,0,0,0,0,0,0,0,0,0
ISL1,2.82200215555242,0,0,3.61392337716269,0,2.00637582948719,0.500705935271981,3.01747376435913,0,2.00637582948719
ITGA2,0,2.00637582948719,1.58873426750377,0,1.58873426750377,0,0,0,2.00637582948719,0
ITGAV,1.00141187054396,3.01747376435913,3.01747376435913,1.00141187054396,2.82200215555242,1.58873426750377,2.41418899251981,1.00141187054396,3.99263865956497,0
ITGB5,1.00141187054396,2.3310113247995,2.00637582948719,0,1.00141187054396,0,1.79755504849548,0,3.54971069129241,0
ITPR3,0,1.58873426750377,0,1.00141187054396,1.58873426750377,2.3310113247995,1.29507306902387,0,0,0
ITPRIPL2,0,1.58873426750377,2.82200215555242,0,2.00637582948719,1.00141187054396,1.29840477772615,1.00141187054396,4.0858748075301,1.00141187054396
IVNS1ABP,1.58873426750377,2.00637582948719,2.00637582948719,1.00141187054396,2.00637582948719,0,1.58873426750377,0,1.58873426750377,1.00141187054396
JUN,1.00141187054396,2.5968095554523,1.00141187054396,2.00637582948719,3.1902461228973,1.58873426750377,4.8143769550907,1.58873426750377,1.29507306902387,1.58873426750377
JUNB,2.00637582948719,2.3310113247995,2.82200215555242,2.3310113247995,2.5968095554523,2.00637582948719,3.20871142412489,2.3310113247995,3.48549800542213,3.01747376435913
JUP,1.00141187054396,3.48549800542213,3.94461184479151,1.00141187054396,3.01747376435913,1.00141187054396,2.46692418995315,1.00141187054396,2.00637582948719,2.00637582948719
KCNMA1,2.00637582948719,0,0,1.58873426750377,0,2.00637582948719,0,1.00141187054396,0,1.58873426750377
KCTD12,3.73230829087369,1.00141187054396,0,1.58873426750377,0,0,0,1.58873426750377,2.3310113247995,2.5968095554523
KIAA1244,4.21651357227149,1.58873426750377,1.00141187054396,4.13108414072177,2.3310113247995,3.01747376435913,1.79755504849548,2.82200215555242,0,4.21651357227149
KIAA1324,3.61392337716269,1.00141187054396,0,2.5968095554523,2.3310113247995,3.01747376435913,1.00141187054396,2.5968095554523,1.00141187054396,3.01747376435913
KIAA1377,2.5968095554523,0,0,1.58873426750377,0,1.00141187054396,0.500705935271981,2.3310113247995,0,0
KIAA1522,0,2.82200215555242,0,0,3.01747376435913,0,2.82200215555242,0,0,0
KIF1A,2.3310113247995,0,0,2.3310113247995,2.00637582948719,2.82200215555242,0.500705935271981,1.58873426750377,0,1.00141187054396
KIF5C,1.58873426750377,0,0,1.58873426750377,0,2.5968095554523,0.500705935271981,1.00141187054396,0,1.58873426750377
KLF13,0,2.00637582948719,2.5968095554523,0,2.00637582948719,1.58873426750377,1.00141187054396,0,3.26768011764991,1.00141187054396
KLF6,1.58873426750377,3.94461184479151,2.5968095554523,0,4.13108414072177,1.00141187054396,3.82130440495776,1.00141187054396,3.67311583401819,1.58873426750377
KLHL41,2.3310113247995,0,0,0,0,0,0,0,0,0
KRT18,0,4.297494697513,0,1.00141187054396,3.48549800542213,1.00141187054396,2.8146998709211,0,0,2.3310113247995
KRT19,0,3.73230829087369,0,0,0,0,1.50873688217957,0,0,1.00141187054396
KRT7,0,4.297494697513,0,0,3.61392337716269,0,2.41418899251981,0,0,0
KRT8,1.00141187054396,4.37448516703409,0,1.00141187054396,3.61392337716269,1.00141187054396,3.51925786391195,1.00141187054396,0,2.3310113247995
LAD1,0,3.01747376435913,0,0,2.00637582948719,0,2.00637582948719,0,0,0
LAMB1,1.00141187054396,2.3310113247995,3.1902461228973,0,1.00141187054396,0,0,0,4.79993032820056,0
LAMC1,1.00141187054396,3.01747376435913,2.5968095554523,0,2.3310113247995,1.00141187054396,0,0,4.4478756194429,1.00141187054396
LAPTM4B,2.5968095554523,3.48549800542213,2.5968095554523,0,3.1902461228973,2.3310113247995,2.09277191147803,2.00637582948719,2.70940585550236,0
LCN2,0,2.00637582948719,0,0,3.1902461228973,0,1.50873688217957,0,0,0
LDHA,2.3310113247995,3.1902461228973,2.5968095554523,2.00637582948719,4.13108414072177,0,2.83806271860101,0,4.13108414072177,1.00141187054396
LDHB,0,0,3.01747376435913,0,3.48549800542213,1.00141187054396,0,0,3.73230829087369,0
LGALS3,0,2.82200215555242,0,0,2.3310113247995,0,2.67574497094486,0,2.3310113247995,0
LGALS9,0,2.5968095554523,1.00141187054396,0,1.58873426750377,0,1.00141187054396,0,1.00141187054396,0
LGR4,0,2.00637582948719,0,0,3.01747376435913,0,2.16869357714335,0,0,0
LIMA1,1.29507306902387,2.3310113247995,1.58873426750377,1.00141187054396,3.34511411240253,1.00141187054396,3.26768011764991,0,3.01747376435913,0
LIMCH1,2.00637582948719,1.58873426750377,1.58873426750377,1.58873426750377,0,2.00637582948719,0,2.00637582948719,0,1.00141187054396
LIMS1,0,2.00637582948719,2.82200215555242,1.58873426750377,2.3310113247995,1.00141187054396,1.66621159767173,1.00141187054396,4.297494697513,1.00141187054396
LINC00643,1.58873426750377,0,0,1.58873426750377,0,1.00141187054396,0,1.00141187054396,0,0
LITAF,0,3.61392337716269,0,1.00141187054396,2.00637582948719,0,2.7606287238484,0,3.10385994362821,1.58873426750377
LOC100216479,2.00637582948719,0,0,1.00141187054396,0,1.00141187054396,0.500705935271981,0,0,0
LOC728392,2.00637582948719,0,0,3.1902461228973,0,2.00637582948719,0,2.00637582948719,1.00141187054396,1.00141187054396
LOXL4,3.34511411240253,0,0,0,0,0,0,0,0,0
LYZ,0,2.00637582948719,0,0,5.47554387171546,0,3.11916284093401,0,1.00141187054396,0
MAFA,0,0,0,0,0,3.34511411240253,0.500705935271981,0,0,0
MAFB,4.297494697513,0,0,2.3310113247995,0,3.94461184479151,1.50873688217957,0,1.58873426750377,0
MAL2,1.00141187054396,3.1902461228973,0,1.58873426750377,3.1902461228973,1.58873426750377,4.35812010269118,1.00141187054396,0,0
MAP1B,2.82200215555242,1.00141187054396,3.34511411240253,4.04066547433843,0,3.94461184479151,0,3.1902461228973,4.85646235107468,2.00637582948719
MAP2,1.58873426750377,2.00637582948719,0,2.5968095554523,1.58873426750377,2.82200215555242,0,2.5968095554523,1.00141187054396,2.00637582948719
MARCKSL1,0,2.5968095554523,3.01747376435913,0,2.3310113247995,0,2.4639104401259,0,2.70940585550236,1.00141187054396
MDK,1.58873426750377,1.58873426750377,0,2.00637582948719,1.58873426750377,0,1.0031879147436,1.00141187054396,1.00141187054396,1.58873426750377
MEG3,0,0,0,0,1.00141187054396,3.01747376435913,0,0,1.58873426750377,0
MEIS2,1.29507306902387,1.00141187054396,1.00141187054396,2.3310113247995,0,2.82200215555242,1.00141187054396,3.34511411240253,1.00141187054396,2.3310113247995
MGST1,0,0,0,0,4.64959141436424,0,1.29840477772615,0,3.01747376435913,0
MICAL2,0,1.00141187054396,0,0,1.58873426750377,0,0.794367133751885,0,4.82868858074601,0
MIR7-3HG,2.3310113247995,0,0,3.01747376435913,0,2.5968095554523,0.794367133751885,2.5968095554523,0,0
MLXIPL,1.58873426750377,0,0,1.58873426750377,0,2.3310113247995,0,1.58873426750377,0,0
MMP7,0,3.48549800542213,0,0,0,0,1.00141187054396,0,0,0
MOB1B,2.82200215555242,1.00141187054396,1.00141187054396,1.00141187054396,1.00141187054396,2.00637582948719,1.50389385001558,1.00141187054396,1.29507306902387,1.00141187054396
MSN,0,2.00637582948719,3.34511411240253,0,1.58873426750377,0,0.500705935271981,0,3.1902461228973,0
MT2A,0,1.00141187054396,0,0,1.00141187054396,1.00141187054396,0,0,2.3310113247995,1.00141187054396
MTUS1,0,2.5968095554523,0,2.00637582948719,4.4478756194429,0,1.16550566239975,1.00141187054396,1.00141187054396,1.58873426750377
MUC1,0,1.00141187054396,0,0,4.21651357227149,0,3.01747376435913,0,0,0
MUC13,3.01747376435913,1.58873426750377,0,0,1.00141187054396,0,0.500705935271981,1.00141187054396,0,1.00141187054396
MUC20,0,2.5968095554523,0,0,1.58873426750377,0,1.58873426750377,0,0,0
MYH10,2.82200215555242,1.00141187054396,0,2.3310113247995,0,2.00637582948719,0,1.58873426750377,1.58873426750377,1.00141187054396
MYH14,1.00141187054396,2.3310113247995,0,0,1.58873426750377,2.00637582948719,2.30310401593145,0,0,1.00141187054396
MYH9,1.58873426750377,4.21651357227149,3.84214376653737,1.58873426750377,4.51800216022477,1.79755504849548,2.83806271860101,1.58873426750377,5.75904068485912,1.00141187054396
MYL12A,1.00141187054396,4.04066547433843,3.48549800542213,1.00141187054396,4.37448516703409,1.58873426750377,4.27593857489811,1.00141187054396,4.0858748075301,1.00141187054396
MYO10,1.58873426750377,2.00637582948719,2.5968095554523,1.00141187054396,2.00637582948719,0,2.16869357714335,1.00141187054396,3.01747376435913,1.00141187054396
MYOF,0,2.3310113247995,0,0,1.00141187054396,0,1.0031879147436,0,3.67311583401819,0
MYRF,1.00141187054396,2.82200215555242,0,0,2.00637582948719,0,1.29840477772615,0,0,1.58873426750377
NAMPT,1.00141187054396,3.1902461228973,2.00637582948719,1.00141187054396,3.34511411240253,1.58873426750377,4.58633075480568,0,1.58873426750377,0
NAV1,2.3310113247995,1.00141187054396,2.5968095554523,2.00637582948719,1.00141187054396,2.3310113247995,0,1.58873426750377,3.94461184479151,0
NCOA7,0,2.3310113247995,2.00637582948719,1.58873426750377,2.5968095554523,0,2.00944281745155,0,1.58873426750377,0
NDRG1,1.00141187054396,1.00141187054396,1.58873426750377,0,2.5968095554523,1.58873426750377,2.30159269246974,0,2.3310113247995,0
NDUFA4,1.00141187054396,4.04066547433843,2.82200215555242,1.00141187054396,3.1902461228973,1.58873426750377,2.57650674017596,1.00141187054396,3.41530605891233,1.00141187054396
NEAT1,2.5968095554523,3.94461184479151,3.1902461228973,3.01747376435913,5.35625168969217,1.58873426750377,4.41118039323849,2.00637582948719,3.61392337716269,0
NEUROD1,3.94461184479151,0,0,3.61392337716269,0,3.73230829087369,0,3.73230829087369,0,2.5968095554523
NFE2L2,1.00141187054396,2.3310113247995,2.00637582948719,1.58873426750377,2.82200215555242,2.00637582948719,3.15375008048728,1.00141187054396,3.1902461228973,1.58873426750377
NFIB,0,3.01747376435913,2.5968095554523,0,3.1902461228973,0,1.79755504849548,0,1.00141187054396,0
NFKBIA,0,2.3310113247995,2.00637582948719,0,2.82200215555242,1.00141187054396,4.78404955546333,0,2.00637582948719,0
NFKBIZ,0,3.01747376435913,0,0,3.61392337716269,0,2.4639104401259,1.00141187054396,1.00141187054396,0
NOL4,2.00637582948719,0,0,2.00637582948719,0,1.58873426750377,0,1.00141187054396,0,0
NPNT,1.00141187054396,1.58873426750377,0,0,0,0,0,1.00141187054396,0,0
NPTX2,0,0,0,1.00141187054396,0,3.54971069129241,0,0,0,0
NQO1,0,1.00141187054396,4.13108414072177,0,1.58873426750377,0,2.17326299147325,0,3.84214376653737,0
NR5A2,0,2.00637582948719,1.00141187054396,0,3.1902461228973,0,0,0,0,0
NRCAM,2.00637582948719,0,0,1.58873426750377,2.00637582948719,2.00637582948719,0,1.00141187054396,0,0
OCLN,1.00141187054396,3.01747376435913,0,1.00141187054396,3.84214376653737,1.00141187054396,3.73230829087369,1.00141187054396,0,2.3310113247995
OLFM4,0,2.00637582948719,1.00141187054396,0,7.43057725406696,0,2.00637582948719,0,1.00141187054396,0
ONECUT2,0,4.13108414072177,0,0,0,0,3.97441093157259,0,0,0
OSBPL8,1.00141187054396,1.58873426750377,1.58873426750377,1.00141187054396,1.58873426750377,2.00637582948719,1.79755504849548,1.00141187054396,3.01747376435913,0
PABPC3,1.00141187054396,2.3310113247995,1.58873426750377,1.00141187054396,3.61392337716269,1.58873426750377,2.09277191147803,1.00141187054396,3.61392337716269,0
PACSIN2,0,2.00637582948719,1.00141187054396,0,2.82200215555242,1.00141187054396,1.79911071299813,0,1.00141187054396,0
PAK3,2.3310113247995,0,0,2.5968095554523,0,1.58873426750377,0,2.00637582948719,0,2.00637582948719
PALLD,2.82200215555242,1.00141187054396,0,1.58873426750377,1.00141187054396,1.58873426750377,1.0031879147436,1.00141187054396,3.61392337716269,2.00637582948719
PAM,4.21651357227149,1.00141187054396,2.3310113247995,3.48549800542213,2.3310113247995,3.61392337716269,1.58873426750377,4.04066547433843,2.3310113247995,4.21651357227149
PAPSS2,3.34511411240253,1.00141187054396,0,1.58873426750377,3.1902461228973,3.61392337716269,1.50389385001558,2.00637582948719,2.82200215555242,3.73230829087369
PARM1,2.5968095554523,0,0,1.00141187054396,2.82200215555242,2.3310113247995,0,2.00637582948719,0,1.00141187054396
PARVA,1.00141187054396,2.00637582948719,2.00637582948719,0,2.5968095554523,1.00141187054396,1.00141187054396,0,3.54971069129241,0
PAX6,4.13108414072177,0,0,2.5968095554523,0,3.84214376653737,0.500705935271981,4.51800216022477,0,1.00141187054396
PCDH17,2.5968095554523,0,1.00141187054396,1.00141187054396,0,1.00141187054396,0.794367133751885,2.00637582948719,0,0
PCLO,2.3310113247995,1.00141187054396,0,3.1902461228973,1.00141187054396,3.01747376435913,0,2.82200215555242,0,2.3310113247995
PCP4,1.00141187054396,0,0,2.5968095554523,0,1.58873426750377,0,0,0,0
PCSK1,0,0,0,4.71153117401635,0,4.04066547433843,0.500705935271981,2.00637582948719,0,3.61392337716269
PCSK1N,2.3310113247995,0,0,2.5968095554523,0,2.3310113247995,0,3.01747376435913,0,2.00637582948719
PCSK2,6.06110795256511,1.58873426750377,1.00141187054396,4.4478756194429,1.58873426750377,3.34511411240253,1.66621159767173,4.4478756194429,1.58873426750377,1.58873426750377
PDE3B,2.3310113247995,0,0,0,1.00141187054396,1.00141187054396,0,0,0,1.00141187054396
PDK3,2.5968095554523,0,0,0,1.00141187054396,1.58873426750377,0,2.00637582948719,1.00141187054396,0
PDK4,3.61392337716269,1.00141187054396,0,1.58873426750377,1.58873426750377,1.00141187054396,1.29507306902387,2.5968095554523,1.00141187054396,0
PDLIM1,1.58873426750377,3.48549800542213,2.3310113247995,1.00141187054396,3.01747376435913,1.58873426750377,2.5968095554523,0,3.01747376435913,2.00637582948719
PDX1,0,1.00141187054396,0,2.00637582948719,1.00141187054396,3.34511411240253,1.00141187054396,0,0,0
PDZK1IP1,0,2.00637582948719,0,0,3.1902461228973,0,0.500705935271981,0,0,0
PEG10,3.34511411240253,1.58873426750377,0,3.1902461228973,1.00141187054396,2.5968095554523,2.06554207036088,4.297494697513,1.00141187054396,3.94461184479151
PEMT,1.58873426750377,0,0,0,0,1.00141187054396,0,0,0,0
PFKFB2,0,0,0,0,0,2.82200215555242,1.29507306902387,0,0,0
PFN2,3.48549800542213,2.00637582948719,1.00141187054396,3.34511411240253,2.00637582948719,3.84214376653737,1.95987279615163,2.00637582948719,3.1902461228973,1.58873426750377
PGR,2.00637582948719,0,0,1.00141187054396,0,1.00141187054396,0,2.00637582948719,0,0
PHLDA1,0,1.58873426750377,0,0,2.82200215555242,0,2.09582899672063,0,4.04066547433843,0
PLA2G1B,0,0,0,0,6.59874517084375,0,0,0,0,0
PLCE1,2.3310113247995,0,0,0,0,0,0.500705935271981,0,0,0
PLCXD3,2.00637582948719,0,0,1.00141187054396,0,3.01747376435913,0,1.58873426750377,0,0
PLIN3,2.00637582948719,1.58873426750377,1.00141187054396,0,1.58873426750377,0,1.79755504849548,1.00141187054396,2.3310113247995,1.00141187054396
PLK2,2.82200215555242,1.00141187054396,1.00141187054396,1.58873426750377,1.00141187054396,1.00141187054396,0.500705935271981,1.58873426750377,1.00141187054396,0
PLOD2,1.58873426750377,1.58873426750377,1.00141187054396,1.00141187054396,2.3310113247995,2.00637582948719,1.79911071299813,1.00141187054396,4.21651357227149,0
PLP2,2.3310113247995,1.58873426750377,0,1.58873426750377,2.3310113247995,1.58873426750377,1.58873426750377,1.00141187054396,1.00141187054396,1.00141187054396
PMEPA1,0,3.73230829087369,4.37448516703409,0,1.00141187054396,0,1.67255705620126,0,4.297494697513,0
PNLIP,0,0,0,0,7.05282144198586,0,0,0,0,0
PNLIPRP2,0,0,0,0,4.82868858074601,0,0,0,0,0
PNMA2,2.3310113247995,0,0,2.5968095554523,0,2.3310113247995,0,2.00637582948719,0,2.00637582948719
PPM1K,2.3310113247995,0,0,2.00637582948719,1.00141187054396,1.58873426750377,0,1.58873426750377,1.00141187054396,1.00141187054396
PPP1R1A,3.54971069129241,0,0,2.3310113247995,0,3.1902461228973,0,0,0,0
PPY,1.00141187054396,0,0,1.00141187054396,1.00141187054396,1.00141187054396,0,9.69888458788647,0,1.58873426750377
PRDX1,1.00141187054396,3.01747376435913,2.5968095554523,1.00141187054396,3.01747376435913,2.00637582948719,2.80714165990571,1.00141187054396,3.94461184479151,1.00141187054396
PRSS1,0,1.00141187054396,0,0,7.39776916080873,0,0.500705935271981,0,0,0
PRSS23,0,2.3310113247995,4.297494697513,1.58873426750377,1.00141187054396,2.3310113247995,1.95987279615163,1.58873426750377,1.79755504849548,1.00141187054396
PRSS3,0,0,0,0,4.21651357227149,0,0.500705935271981,0,0,0
PRSS3P2,0,0,0,0,6.19607068269581,0,0.500705935271981,0,0,0
PRUNE2,1.00141187054396,0,0,1.00141187054396,0,2.00637582948719,0,1.00141187054396,0,1.58873426750377
PTGR1,1.00141187054396,2.00637582948719,1.00141187054396,1.00141187054396,3.01747376435913,1.00141187054396,2.16869357714335,0,2.91973795995578,0
PTPRF,1.58873426750377,3.34511411240253,0,2.00637582948719,3.48549800542213,2.00637582948719,2.41418899251981,1.58873426750377,0,1.58873426750377
PTPRK,0,2.5968095554523,1.58873426750377,1.00141187054396,2.3310113247995,0,1.79755504849548,1.00141187054396,2.00637582948719,1.58873426750377
PTPRN,4.04066547433843,0,0,3.73230829087369,0,3.61392337716269,0,2.5968095554523,1.00141187054396,3.61392337716269
PTPRN2,3.1902461228973,0,0,2.3310113247995,1.00141187054396,2.00637582948719,0.500705935271981,2.00637582948719,0,1.58873426750377
QPCT,3.34511411240253,1.00141187054396,0,3.01747376435913,0,2.5968095554523,0.794367133751885,2.5968095554523,0,1.58873426750377
RAB11FIP1,2.00637582948719,3.34511411240253,0,2.00637582948719,4.4478756194429,2.82200215555242,4.40774842886888,1.00141187054396,0,2.5968095554523
RAB31,0,0,3.34511411240253,1.00141187054396,1.00141187054396,1.00141187054396,0.500705935271981,0,4.04066547433843,0
RAB3B,3.48549800542213,0,0,2.00637582948719,1.00141187054396,3.34511411240253,0.500705935271981,2.5968095554523,0,1.58873426750377
RAP1GAP2,3.01747376435913,1.00141187054396,0,2.3310113247995,1.58873426750377,3.48549800542213,0.500705935271981,2.5968095554523,0,3.1902461228973
RASD1,2.00637582948719,1.00141187054396,0,1.00141187054396,0,3.01747376435913,1.16550566239975,2.5968095554523,0,2.00637582948719
RASSF6,0,1.00141187054396,0,1.00141187054396,2.3310113247995,1.00141187054396,1.79755504849548,0,0,0
RBM47,2.00637582948719,3.1902461228973,0,1.00141187054396,3.61392337716269,2.00637582948719,3.21796276635755,1.58873426750377,0,1.58873426750377
RBP1,1.00141187054396,2.82200215555242,1.00141187054396,1.58873426750377,2.00637582948719,0,0.500705935271981,1.00141187054396,1.58873426750377,2.5968095554523
RBP4,1.00141187054396,1.00141187054396,0,6.510463090192,1.00141187054396,4.21651357227149,0.500705935271981,1.00141187054396,1.00141187054396,2.3310113247995
RBPMS,0,2.3310113247995,2.00637582948719,0,2.5968095554523,0,1.29507306902387,0,2.5968095554523,0
REG1A,2.3310113247995,3.34511411240253,2.5968095554523,2.00637582948719,10.6420617177369,2.3310113247995,2.30310401593145,1.58873426750377,2.5968095554523,1.58873426750377
REG1B,1.00141187054396,1.00141187054396,1.58873426750377,1.00141187054396,9.22045865834775,1.00141187054396,0,1.00141187054396,1.00141187054396,0
REG3A,2.00637582948719,2.5968095554523,2.5968095554523,1.58873426750377,9.41072747400806,2.00637582948719,1.66621159767173,0,2.82200215555242,0
REST,0,2.3310113247995,2.5968095554523,0,2.3310113247995,0,3.02352065191281,0,3.01747376435913,0
RFX6,2.5968095554523,0,0,2.00637582948719,0,1.58873426750377,0,1.00141187054396,0,1.00141187054396
RGS2,0,1.00141187054396,0,2.5968095554523,1.00141187054396,1.00141187054396,0,0,1.29507306902387,0
RGS4,3.73230829087369,0,0,1.00141187054396,0,1.00141187054396,0,2.00637582948719,1.00141187054396,0
RHOC,0,2.00637582948719,1.58873426750377,0,2.00637582948719,0,1.16550566239975,0,2.00637582948719,1.00141187054396
RHOQ,1.00141187054396,2.3310113247995,1.00141187054396,1.00141187054396,2.5968095554523,2.00637582948719,1.79911071299813,0,3.84214376653737,0
RIMBP2,2.00637582948719,0,0,1.58873426750377,0,1.58873426750377,0,1.00141187054396,0,1.00141187054396
RIN2,2.3310113247995,1.00141187054396,2.00637582948719,1.00141187054396,1.58873426750377,1.58873426750377,0,1.58873426750377,1.58873426750377,1.58873426750377
RNF213,1.00141187054396,2.5968095554523,1.00141187054396,1.00141187054396,2.82200215555242,1.00141187054396,0.500705935271981,1.00141187054396,2.00637582948719,1.00141187054396
RPL19P12,1.58873426750377,1.58873426750377,1.58873426750377,1.58873426750377,2.82200215555242,1.58873426750377,0.794367133751885,1.00141187054396,2.16869357714335,1.00141187054396
RPS4Y1,0,1.58873426750377,1.00141187054396,1.00141187054396,2.5968095554523,1.58873426750377,0,1.00141187054396,0,0
RRAGD,1.00141187054396,1.00141187054396,0,1.00141187054396,1.00141187054396,3.01747376435913,0.500705935271981,1.00141187054396,0,0
RSU1,0,2.00637582948719,2.3310113247995,0,2.82200215555242,1.00141187054396,1.0031879147436,0,3.48549800542213,0
RTN1,2.3310113247995,0,0,2.00637582948719,0,1.58873426750377,0,2.00637582948719,0,1.58873426750377
S100A10,0,3.1902461228973,1.00141187054396,0,1.00141187054396,0,1.00141187054396,1.00141187054396,0,1.00141187054396
S100A11,1.00141187054396,4.71153117401635,2.82200215555242,1.58873426750377,4.51800216022477,1.58873426750377,2.4639104401259,1.58873426750377,4.82868858074601,0
S100A6,1.00141187054396,4.21651357227149,1.00141187054396,2.00637582948719,1.58873426750377,1.00141187054396,3.55740585783853,1.00141187054396,2.3310113247995,2.82200215555242
SAT1,1.58873426750377,5.1830677105675,2.5968095554523,1.58873426750377,6.39496567775399,1.58873426750377,4.03784799275664,1.00141187054396,3.1902461228973,1.00141187054396
SCD,2.5968095554523,1.00141187054396,1.00141187054396,2.5968095554523,0,4.33598993227354,1.00141187054396,2.3310113247995,3.01747376435913,1.58873426750377
SCD5,0,2.5968095554523,0,2.3310113247995,1.00141187054396,3.48549800542213,0,1.00141187054396,1.00141187054396,0
SCG2,5.85486517074774,1.00141187054396,0,3.61392337716269,1.00141187054396,4.0858748075301,1.58873426750377,5.7259553443893,2.00637582948719,3.73230829087369
SCG3,3.48549800542213,0,0,3.1902461228973,0,3.73230829087369,0,3.01747376435913,0,2.82200215555242
SCG5,5.7259553443893,0,0,4.5851560646606,1.00141187054396,4.51800216022477,0.500705935271981,4.64959141436424,3.01747376435913,2.82200215555242
SCGN,4.13108414072177,0,0,3.94461184479151,1.00141187054396,5.27186540239799,0.500705935271981,3.01747376435913,1.00141187054396,2.00637582948719
SDC2,2.3310113247995,1.00141187054396,0,1.58873426750377,1.58873426750377,1.58873426750377,1.79911071299813,0,3.94461184479151,1.00141187054396
SDC4,0,2.3310113247995,0,0,3.48549800542213,0,3.21796276635755,0,0,0
SEC11C,3.34511411240253,2.3310113247995,1.00141187054396,5.27186540239799,3.1902461228973,4.04066547433843,1.95987279615163,3.61392337716269,1.00141187054396,3.1902461228973
SEL1L3,0,3.73230829087369,0,0,3.34511411240253,0,1.50389385001558,0,1.58873426750377,0
SEMA6A,0,2.82200215555242,0,0,1.00141187054396,0,1.79755504849548,0,0,0
SEPT9,1.00141187054396,2.5968095554523,1.58873426750377,0,1.00141187054396,0,1.79755504849548,0,2.70940585550236,1.00141187054396
SERPINA1,1.00141187054396,2.82200215555242,0,1.58873426750377,0,0,0.500705935271981,1.00141187054396,0,4.13108414072177
SERPINA3,0,4.297494697513,1.00141187054396,0,7.17754043654295,0,1.0031879147436,0,1.00141187054396,0
SERPINB1,1.00141187054396,2.00637582948719,1.00141187054396,1.00141187054396,3.34511411240253,1.00141187054396,1.95987279615163,1.00141187054396,0,1.00141187054396
SERPINE2,2.3310113247995,0,0,0,0,0,0,1.00141187054396,2.5968095554523,3.01747376435913
SERPING1,0,3.48549800542213,0,0,1.00141187054396,0,0,0,1.00141187054396,0
SETD7,0,2.00637582948719,2.3310113247995,1.00141187054396,2.3310113247995,1.58873426750377,0,0,2.5968095554523,0
SGK1,0,1.00141187054396,4.21651357227149,0,3.1902461228973,0,0,0,0,0
SH3BP4,0,2.82200215555242,1.58873426750377,0,3.1902461228973,0,1.79755504849548,0,2.82200215555242,2.00637582948719
SH3GL2,1.58873426750377,0,0,1.00141187054396,0,2.00637582948719,0.794367133751885,0,0,1.00141187054396
SLC12A2,0,2.3310113247995,1.00141187054396,0,2.5968095554523,0,2.09277191147803,0,1.00141187054396,0
SLC12A7,1.00141187054396,2.00637582948719,3.48549800542213,0,2.3310113247995,0,2.4639104401259,0,0,1.00141187054396
SLC16A7,0,2.82200215555242,0,0,2.5968095554523,0,1.00141187054396,0,1.00141187054396,0
SLC22A17,3.34511411240253,0,1.00141187054396,2.3310113247995,0,1.79755504849548,0.500705935271981,1.58873426750377,1.58873426750377,2.5968095554523
SLC29A4,2.00637582948719,0,0,1.00141187054396,0,1.58873426750377,0,1.00141187054396,0,1.58873426750377
SLC30A8,4.77117207565512,0,0,3.1902461228973,0,4.98996647140356,0,2.82200215555242,0,0
SLC38A1,0,2.5968095554523,0,1.00141187054396,2.3310113247995,0,0,0,1.79755504849548,0
SLC38A2,0,2.5968095554523,3.73230829087369,1.00141187054396,3.01747376435913,1.00141187054396,3.3894434721212,0,4.04066547433843,1.00141187054396
SLC38A4,2.5968095554523,0,0,1.00141187054396,0,0,0,0,0,1.58873426750377
SLC39A14,1.00141187054396,1.58873426750377,1.00141187054396,1.00141187054396,3.34511411240253,2.00637582948719,3.18129393838083,1.00141187054396,2.82200215555242,1.58873426750377
SLC4A4,0,4.37448516703409,0,1.00141187054396,1.00141187054396,0,2.3310113247995,0,0,0
SLC7A11,0,0,3.34511411240253,0,2.00637582948719,0,1.66621159767173,0,4.55157911244268,0
SLC7A2,4.88423612140334,1.00141187054396,0,2.5968095554523,3.61392337716269,3.34511411240253,0,2.3310113247995,0,1.00141187054396
SLC7A8,2.5968095554523,0,0,1.58873426750377,0,2.00637582948719,1.00141187054396,1.00141187054396,0,0
SLC9A3R1,1.00141187054396,2.82200215555242,1.00141187054396,0,2.5968095554523,1.58873426750377,2.80714165990571,1.00141187054396,0,0
SMARCA1,3.01747376435913,1.58873426750377,1.00141187054396,2.00637582948719,1.00141187054396,2.00637582948719,1.00141187054396,2.00637582948719,2.00637582948719,2.00637582948719
SMOC1,1.58873426750377,0,0,0,0,0,0,1.00141187054396,0,2.00637582948719
SNAP25,2.00637582948719,0,0,2.5968095554523,0,2.3310113247995,0.500705935271981,2.00637582948719,0,1.58873426750377
SNHG5,1.00141187054396,1.00141187054396,1.00141187054396,1.00141187054396,2.3310113247995,1.00141187054396,2.30310401593145,0,3.34511411240253,0
SOD2,1.00141187054396,3.61392337716269,1.00141187054396,1.00141187054396,5.13684910133584,1.00141187054396,1.66621159767173,1.00141187054396,1.58873426750377,1.00141187054396
SORBS2,1.00141187054396,3.1902461228973,0,1.58873426750377,3.34511411240253,1.58873426750377,0,1.58873426750377,0,2.00637582948719
SORL1,1.00141187054396,1.00141187054396,0,3.01747376435913,0,3.61392337716269,0,2.00637582948719,0,0
SOX4,0,4.64959141436424,4.21651357227149,0,4.13108414072177,0,2.32479570718212,1.00141187054396,4.17379885649663,1.00141187054396
SPARC,0,0,6.22200484878898,0,0,0,0.500705935271981,0,8.04648434873431,0
SPATS2L,1.58873426750377,2.82200215555242,1.58873426750377,1.00141187054396,2.3310113247995,0,3.25148588489063,1.00141187054396,3.89337780566444,2.3310113247995
SPINK1,1.00141187054396,2.00637582948719,1.00141187054396,0,8.33184764861332,0,5.06774984334376,0,1.00141187054396,5.79153838879139
SPINT2,5.04038687174049,4.64959141436424,1.00141187054396,3.94461184479151,4.88423612140334,3.84214376653737,4.11531649731889,3.61392337716269,1.58873426750377,4.04066547433843
SPP1,0,5.79153838879139,0,0,0,0,1.29840477772615,0,0,0
SPTBN1,1.00141187054396,4.13108414072177,3.1902461228973,1.58873426750377,3.73230829087369,1.00141187054396,3.6700021578886,1.00141187054396,3.41530605891233,1.58873426750377
SQSTM1,2.3310113247995,4.4478756194429,3.84214376653737,3.01747376435913,5.27186540239799,4.13108414072177,5.66591374913847,2.82200215555242,5.01517667157202,2.3310113247995
SRXN1,1.00141187054396,1.00141187054396,1.00141187054396,1.00141187054396,2.00637582948719,2.3310113247995,1.29507306902387,0,3.01747376435913,1.00141187054396
SST,6.32258226830496,5.94600313665813,4.71153117401635,10.6420617177369,6.08884697823076,6.37111060471498,5.98466153761266,6.297891862279,6.57699208983998,6.32258226830496
ST3GAL1,1.00141187054396,2.00637582948719,2.00637582948719,1.00141187054396,1.00141187054396,0,1.29507306902387,0,2.3310113247995,0
STAT6,0,2.3310113247995,0,1.00141187054396,2.3310113247995,0,1.29507306902387,0,2.16869357714335,0
STMN1,2.00637582948719,1.58873426750377,0,1.58873426750377,1.00141187054396,1.00141187054396,1.16550566239975,1.00141187054396,0,0
STMN2,2.00637582948719,0,0,1.00141187054396,0,1.58873426750377,0,2.5968095554523,0,2.00637582948719
STX1A,1.58873426750377,0,0,1.58873426750377,0,2.3310113247995,0.794367133751885,1.00141187054396,0,2.82200215555242
STXBP1,2.5968095554523,1.00141187054396,1.00141187054396,2.5968095554523,1.00141187054396,3.48549800542213,1.00141187054396,2.00637582948719,1.58873426750377,2.00637582948719
SYNE2,0,3.61392337716269,2.5968095554523,3.01747376435913,3.01747376435913,3.1902461228973,1.66621159767173,2.00637582948719,0,0
SYT11,1.58873426750377,0,1.00141187054396,2.00637582948719,0,2.00637582948719,0.500705935271981,1.58873426750377,1.58873426750377,1.00141187054396
SYT13,1.00141187054396,0,0,2.3310113247995,0,3.84214376653737,0,1.00141187054396,0,0
SYT4,1.58873426750377,0,0,2.00637582948719,0,1.58873426750377,0,1.00141187054396,0,2.00637582948719
SYT7,2.3310113247995,0,0,2.00637582948719,0,3.01747376435913,0,2.00637582948719,0,1.58873426750377
TACSTD2,0,5.04038687174049,0,0,5.27186540239799,0,4.72797796642916,0,0,0
TC2N,0,2.00637582948719,0,0,3.84214376653737,0,0.500705935271981,0,0,0
TCEAL2,1.58873426750377,0,0,1.58873426750377,0,1.00141187054396,0,1.00141187054396,0,2.00637582948719
TES,1.00141187054396,2.5968095554523,1.58873426750377,0,2.3310113247995,1.00141187054396,2.57650674017596,0,1.00141187054396,0
TFPI,0,2.00637582948719,0,0,1.58873426750377,0,0.500705935271981,0,3.1902461228973,0
TFRC,1.00141187054396,2.3310113247995,0,0,1.00141187054396,1.00141187054396,2.16869357714335,0,1.58873426750377,0
TGFBR3,0,0,1.00141187054396,1.00141187054396,0,2.3310113247995,0,0,0,0
TIMP1,2.00637582948719,2.00637582948719,2.00637582948719,2.3310113247995,0,2.00637582948719,1.79755504849548,2.3310113247995,7.15997225876412,1.58873426750377
TIMP2,0,3.61392337716269,2.5968095554523,2.00637582948719,3.01747376435913,3.61392337716269,2.70940585550236,1.00141187054396,4.91109494701844,0
TJP2,1.00141187054396,2.3310113247995,0,1.00141187054396,2.3310113247995,0,2.80714165990571,1.00141187054396,0,1.00141187054396
TKT,1.00141187054396,2.3310113247995,2.00637582948719,1.00141187054396,3.1902461228973,2.00637582948719,0.794367133751885,1.00141187054396,3.89337780566444,0
TM4SF1,0,4.4478756194429,3.94461184479151,0,4.37448516703409,0,2.09277191147803,0,0,0
TM4SF4,5.43668500397911,1.00141187054396,0,1.58873426750377,0,0,0,3.61392337716269,0,5.43668500397911
TMBIM1,1.58873426750377,3.34511411240253,1.00141187054396,1.00141187054396,3.94461184479151,1.00141187054396,3.36394684808703,1.00141187054396,2.5968095554523,2.00637582948719
TMC5,0,2.00637582948719,0,0,3.34511411240253,0,1.29840477772615,0,0,0
TMEM123,1.00141187054396,3.1902461228973,2.5968095554523,1.00141187054396,3.61392337716269,2.00637582948719,1.29507306902387,1.00141187054396,2.70940585550236,1.00141187054396
TMEM176A,3.01747376435913,0,0,1.58873426750377,0,0,0,2.00637582948719,0,3.48549800542213
TMEM176B,4.21651357227149,1.00141187054396,0,2.82200215555242,1.00141187054396,1.58873426750377,0,3.01747376435913,0,3.94461184479151
TMSB10,1.00141187054396,3.61392337716269,3.48549800542213,0,3.01747376435913,1.00141187054396,2.3310113247995,1.00141187054396,4.04066547433843,1.00141187054396
TMSB4X,3.01747376435913,6.44189792030718,5.08931690523061,3.34511411240253,6.66281472156364,2.00637582948719,5.01577946526595,1.58873426750377,5.82347237337479,1.00141187054396
TNFRSF12A,0,3.01747376435913,0,1.00141187054396,2.5968095554523,0,2.74593691745466,0,3.01747376435913,1.00141187054396
TNFSF10,0,2.5968095554523,0,0,2.00637582948719,0,1.50389385001558,0,0,0
TNS1,0,1.58873426750377,1.58873426750377,0,1.58873426750377,1.00141187054396,0,0,3.84214376653737,0
TPD52,3.48549800542213,2.00637582948719,0,3.84214376653737,2.5968095554523,3.48549800542213,2.16869357714335,2.5968095554523,0,2.3310113247995
TPM1,1.58873426750377,4.64959141436424,1.58873426750377,1.58873426750377,4.88423612140334,1.58873426750377,1.29840477772615,1.00141187054396,4.74135162483574,1.00141187054396
TPM4,2.00637582948719,4.04066547433843,3.48549800542213,2.00637582948719,3.01747376435913,2.00637582948719,2.59831097619224,1.00141187054396,6.01869226859752,1.58873426750377
TPPP3,1.00141187054396,1.00141187054396,0,2.3310113247995,0,1.00141187054396,1.50389385001558,0,0,0
TSPAN13,2.00637582948719,2.5968095554523,2.5968095554523,1.58873426750377,4.21651357227149,3.01747376435913,1.29507306902387,2.00637582948719,1.00141187054396,2.00637582948719
TSPAN2,2.00637582948719,0,0,1.00141187054396,0,1.58873426750377,0,1.00141187054396,0,0
TSPAN7,2.3310113247995,0,0,2.00637582948719,0,2.00637582948719,0,2.00637582948719,0,1.00141187054396
TSPAN8,0,3.61392337716269,0,0,0,0,3.65417036473432,0,0,0
TUBA1A,3.61392337716269,4.13108414072177,3.48549800542213,3.34511411240253,1.58873426750377,3.73230829087369,1.00141187054396,2.82200215555242,4.04066547433843,3.48549800542213
TUBA1C,0,2.3310113247995,2.00637582948719,0,2.82200215555242,1.00141187054396,3.00612413922486,0,3.34511411240253,0
TUBB2A,0,1.58873426750377,0,1.00141187054396,2.82200215555242,1.00141187054396,2.16869357714335,1.00141187054396,1.00141187054396,1.00141187054396
TUSC3,3.94461184479151,3.1902461228973,1.00141187054396,3.34511411240253,2.00637582948719,3.01747376435913,1.29507306902387,2.82200215555242,2.3310113247995,2.82200215555242
TXN,2.00637582948719,3.1902461228973,2.3310113247995,1.58873426750377,3.73230829087369,2.3310113247995,2.16869357714335,1.00141187054396,4.04066547433843,1.00141187054396
TXNIP,1.00141187054396,2.00637582948719,0,0,1.00141187054396,0,4.5851560646606,0,0,1.58873426750377
TXNRD1,1.00141187054396,2.3310113247995,3.01747376435913,1.00141187054396,3.34511411240253,2.3310113247995,2.67424254457932,1.00141187054396,4.04066547433843,0
UCHL1,1.00141187054396,0,0,3.73230829087369,0,4.297494697513,0.500705935271981,2.82200215555242,3.73230829087369,3.34511411240253
UGDH,1.00141187054396,1.58873426750377,0,1.00141187054396,4.5851560646606,2.00637582948719,1.95987279615163,1.58873426750377,2.3310113247995,1.00141187054396
UGT2B15,0,1.00141187054396,0,0,3.1902461228973,0,2.09277191147803,0,0,0
UNC13A,1.58873426750377,0,1.00141187054396,1.58873426750377,0,1.58873426750377,0,1.00141187054396,0,0
UNC5B,0,0,3.34511411240253,2.3310113247995,0,1.00141187054396,1.79755504849548,0,5.01517667157202,2.3310113247995
UNC80,1.58873426750377,0,0,1.58873426750377,0,1.58873426750377,0,1.58873426750377,0,0
UTRN,0,2.00637582948719,2.82200215555242,0,2.3310113247995,1.00141187054396,1.79755504849548,0,2.00637582948719,0
VGF,5.13684910133584,0,0,2.00637582948719,1.00141187054396,3.1902461228973,1.29507306902387,2.5968095554523,1.00141187054396,2.82200215555242
VIM,1.00141187054396,1.00141187054396,4.21651357227149,0,2.82200215555242,0,1.97230592239575,0,6.35904810182605,0
WLS,0,2.3310113247995,0,0,2.3310113247995,1.58873426750377,1.79755504849548,0,2.5968095554523,0
WNT4,1.00141187054396,0,0,1.00141187054396,0,2.00637582948719,0,1.00141187054396,0,0
WWC1,1.00141187054396,2.5968095554523,0,0,2.00637582948719,0,2.09277191147803,0,0,0
XBP1,2.00637582948719,2.00637582948719,1.00141187054396,2.3310113247995,4.93795377263354,2.3310113247995,2.16869357714335,1.58873426750377,2.82200215555242,1.00141187054396
XIST,0,0,0,0,0,0,0,0,1.58873426750377,0
ZFP36,1.00141187054396,2.00637582948719,1.58873426750377,1.00141187054396,1.58873426750377,0,2.83806271860101,1.00141187054396,1.00141187054396,1.58873426750377
ZFP36L1,0,4.13108414072177,0,0,5.08931690523061,0,3.37489102761641,0,5.20555868769368,0
ZFP36L2,0,2.3310113247995,2.82200215555242,0,2.00637582948719,1.00141187054396,2.53711613646295,0,0,0
